order_id,customer_id,order_date
1,142,2025-01-01
2,140,2025-01-01
3,123,2025-01-01
4,181,2025-01-01
5,178,2025-01-01
6,199,2025-01-01
7,192,2025-01-01
8,148,2025-01-01
9,173,2025-01-01
10,161,2025-01-01
11,159,2025-01-01
12,75,2025-01-01
13,114,2025-01-01
14,47,2025-01-01
15,92,2025-01-01
16,183,2025-01-01
17,53,2025-01-01
18,195,2025-01-01
19,197,2025-01-01
20,115,2025-01-02
21,126,2025-01-02
22,36,2025-01-02
23,100,2025-01-02
24,153,2025-01-02
25,107,2025-01-02
26,166,2025-01-02
27,193,2025-01-02
28,119,2025-01-02
29,200,2025-01-02
30,93,2025-01-02
31,138,2025-01-02
32,142,2025-01-02
33,3,2025-01-02
34,170,2025-01-02
35,50,2025-01-02
36,157,2025-01-02
37,134,2025-01-02
38,30,2025-01-02
39,161,2025-01-03
40,129,2025-01-03
41,139,2025-01-03
42,143,2025-01-03
43,25,2025-01-03
44,120,2025-01-03
45,157,2025-01-03
46,110,2025-01-03
47,139,2025-01-03
48,132,2025-01-03
49,100,2025-01-03
50,147,2025-01-03
51,177,2025-01-03
52,148,2025-01-03
53,106,2025-01-03
54,69,2025-01-03
55,136,2025-01-03
56,140,2025-01-04
57,83,2025-01-04
58,153,2025-01-04
59,46,2025-01-04
60,109,2025-01-04
61,77,2025-01-04
62,32,2025-01-04
63,63,2025-01-04
64,50,2025-01-04
65,165,2025-01-04
66,157,2025-01-04
67,97,2025-01-04
68,32,2025-01-04
69,192,2025-01-04
70,73,2025-01-04
71,191,2025-01-04
72,53,2025-01-04
73,90,2025-01-04
74,115,2025-01-05
75,172,2025-01-05
76,102,2025-01-05
77,97,2025-01-05
78,70,2025-01-05
79,4,2025-01-05
80,44,2025-01-05
81,159,2025-01-05
82,59,2025-01-05
83,49,2025-01-05
84,185,2025-01-05
85,137,2025-01-05
86,55,2025-01-05
87,46,2025-01-05
88,45,2025-01-05
89,11,2025-01-05
90,73,2025-01-05
91,92,2025-01-05
92,133,2025-01-05
93,77,2025-01-05
94,75,2025-01-06
95,158,2025-01-06
96,141,2025-01-06
97,185,2025-01-06
98,36,2025-01-06
99,142,2025-01-06
100,151,2025-01-06
101,132,2025-01-06
102,57,2025-01-06
103,5,2025-01-06
104,191,2025-01-06
105,171,2025-01-06
106,80,2025-01-06
107,153,2025-01-06
108,166,2025-01-06
109,51,2025-01-06
110,53,2025-01-06
111,29,2025-01-06
112,147,2025-01-06
113,105,2025-01-06
114,100,2025-01-06
115,158,2025-01-07
116,91,2025-01-07
117,7,2025-01-07
118,183,2025-01-07
119,32,2025-01-07
120,94,2025-01-07
121,200,2025-01-07
122,63,2025-01-07
123,176,2025-01-07
124,177,2025-01-07
125,193,2025-01-07
126,115,2025-01-07
127,27,2025-01-07
128,124,2025-01-07
129,66,2025-01-07
130,182,2025-01-07
131,124,2025-01-07
132,67,2025-01-08
133,86,2025-01-08
134,51,2025-01-08
135,32,2025-01-08
136,182,2025-01-08
137,159,2025-01-08
138,74,2025-01-08
139,149,2025-01-08
140,182,2025-01-08
141,139,2025-01-08
142,114,2025-01-08
143,76,2025-01-08
144,58,2025-01-08
145,151,2025-01-08
146,102,2025-01-08
147,91,2025-01-08
148,146,2025-01-08
149,41,2025-01-08
150,163,2025-01-08
151,168,2025-01-08
152,19,2025-01-08
153,54,2025-01-09
154,123,2025-01-09
155,130,2025-01-09
156,121,2025-01-09
157,165,2025-01-09
158,176,2025-01-09
159,180,2025-01-09
160,109,2025-01-09
161,180,2025-01-09
162,141,2025-01-09
163,81,2025-01-09
164,8,2025-01-09
165,95,2025-01-09
166,74,2025-01-09
167,6,2025-01-09
168,145,2025-01-09
169,113,2025-01-09
170,24,2025-01-09
171,114,2025-01-09
172,156,2025-01-09
173,160,2025-01-10
174,147,2025-01-10
175,9,2025-01-10
176,171,2025-01-10
177,83,2025-01-10
178,26,2025-01-10
179,19,2025-01-10
180,104,2025-01-10
181,111,2025-01-10
182,44,2025-01-10
183,30,2025-01-10
184,100,2025-01-10
185,134,2025-01-10
186,40,2025-01-10
187,100,2025-01-10
188,66,2025-01-10
189,148,2025-01-11
190,177,2025-01-11
191,45,2025-01-11
192,152,2025-01-11
193,115,2025-01-11
194,182,2025-01-11
195,165,2025-01-11
196,151,2025-01-11
197,22,2025-01-11
198,91,2025-01-11
199,91,2025-01-11
200,114,2025-01-11
201,10,2025-01-11
202,84,2025-01-11
203,171,2025-01-11
204,188,2025-01-11
205,141,2025-01-12
206,117,2025-01-12
207,146,2025-01-12
208,82,2025-01-12
209,94,2025-01-12
210,126,2025-01-12
211,130,2025-01-12
212,60,2025-01-12
213,47,2025-01-12
214,63,2025-01-12
215,65,2025-01-12
216,153,2025-01-12
217,51,2025-01-12
218,178,2025-01-12
219,175,2025-01-12
220,120,2025-01-12
221,199,2025-01-13
222,30,2025-01-13
223,161,2025-01-13
224,58,2025-01-13
225,173,2025-01-13
226,68,2025-01-13
227,9,2025-01-13
228,16,2025-01-13
229,8,2025-01-13
230,110,2025-01-13
231,39,2025-01-13
232,143,2025-01-13
233,185,2025-01-13
234,88,2025-01-13
235,195,2025-01-13
236,27,2025-01-13
237,31,2025-01-13
238,33,2025-01-13
239,7,2025-01-13
240,198,2025-01-14
241,60,2025-01-14
242,125,2025-01-14
243,8,2025-01-14
244,77,2025-01-14
245,97,2025-01-14
246,68,2025-01-14
247,49,2025-01-14
248,51,2025-01-14
249,24,2025-01-14
250,73,2025-01-14
251,1,2025-01-14
252,185,2025-01-14
253,54,2025-01-14
254,79,2025-01-14
255,176,2025-01-15
256,14,2025-01-15
257,90,2025-01-15
258,80,2025-01-15
259,22,2025-01-15
260,50,2025-01-15
261,172,2025-01-15
262,106,2025-01-15
263,104,2025-01-15
264,112,2025-01-15
265,78,2025-01-15
266,64,2025-01-15
267,77,2025-01-15
268,133,2025-01-15
269,135,2025-01-15
270,107,2025-01-15
271,44,2025-01-15
272,43,2025-01-15
273,114,2025-01-15
274,5,2025-01-15
275,122,2025-01-15
276,148,2025-01-16
277,160,2025-01-16
278,113,2025-01-16
279,166,2025-01-16
280,133,2025-01-16
281,117,2025-01-16
282,197,2025-01-16
283,68,2025-01-16
284,79,2025-01-16
285,79,2025-01-16
286,24,2025-01-16
287,142,2025-01-16
288,182,2025-01-16
289,120,2025-01-16
290,54,2025-01-16
291,21,2025-01-16
292,78,2025-01-16
293,4,2025-01-16
294,12,2025-01-16
295,30,2025-01-16
296,23,2025-01-16
297,67,2025-01-16
298,199,2025-01-17
299,120,2025-01-17
300,147,2025-01-17
301,3,2025-01-17
302,15,2025-01-17
303,126,2025-01-17
304,57,2025-01-17
305,39,2025-01-17
306,53,2025-01-17
307,95,2025-01-17
308,181,2025-01-17
309,56,2025-01-17
310,36,2025-01-17
311,79,2025-01-17
312,142,2025-01-17
313,197,2025-01-17
314,135,2025-01-17
315,72,2025-01-18
316,69,2025-01-18
317,193,2025-01-18
318,83,2025-01-18
319,32,2025-01-18
320,198,2025-01-18
321,121,2025-01-18
322,64,2025-01-18
323,44,2025-01-18
324,68,2025-01-18
325,33,2025-01-18
326,47,2025-01-18
327,48,2025-01-18
328,144,2025-01-18
329,94,2025-01-18
330,190,2025-01-18
331,82,2025-01-18
332,105,2025-01-18
333,52,2025-01-18
334,170,2025-01-18
335,176,2025-01-19
336,2,2025-01-19
337,176,2025-01-19
338,104,2025-01-19
339,175,2025-01-19
340,168,2025-01-19
341,3,2025-01-19
342,15,2025-01-19
343,147,2025-01-19
344,151,2025-01-19
345,116,2025-01-19
346,25,2025-01-19
347,8,2025-01-19
348,78,2025-01-19
349,182,2025-01-19
350,180,2025-01-19
351,124,2025-01-20
352,78,2025-01-20
353,90,2025-01-20
354,63,2025-01-20
355,38,2025-01-20
356,31,2025-01-20
357,134,2025-01-20
358,163,2025-01-20
359,177,2025-01-20
360,92,2025-01-20
361,172,2025-01-20
362,8,2025-01-20
363,106,2025-01-20
364,2,2025-01-20
365,155,2025-01-20
366,89,2025-01-20
367,5,2025-01-20
368,178,2025-01-20
369,67,2025-01-20
370,186,2025-01-20
371,180,2025-01-20
372,124,2025-01-20
373,188,2025-01-21
374,175,2025-01-21
375,173,2025-01-21
376,78,2025-01-21
377,91,2025-01-21
378,76,2025-01-21
379,132,2025-01-21
380,37,2025-01-21
381,59,2025-01-21
382,24,2025-01-21
383,24,2025-01-21
384,64,2025-01-21
385,5,2025-01-21
386,17,2025-01-21
387,179,2025-01-21
388,99,2025-01-21
389,46,2025-01-21
390,85,2025-01-22
391,86,2025-01-22
392,162,2025-01-22
393,173,2025-01-22
394,8,2025-01-22
395,102,2025-01-22
396,135,2025-01-22
397,25,2025-01-22
398,91,2025-01-22
399,151,2025-01-22
400,59,2025-01-22
401,119,2025-01-22
402,56,2025-01-22
403,154,2025-01-22
404,41,2025-01-22
405,4,2025-01-22
406,166,2025-01-22
407,1,2025-01-22
408,157,2025-01-22
409,170,2025-01-23
410,136,2025-01-23
411,54,2025-01-23
412,56,2025-01-23
413,77,2025-01-23
414,66,2025-01-23
415,100,2025-01-23
416,172,2025-01-23
417,166,2025-01-23
418,3,2025-01-23
419,16,2025-01-23
420,97,2025-01-23
421,141,2025-01-23
422,154,2025-01-23
423,138,2025-01-23
424,36,2025-01-23
425,128,2025-01-23
426,140,2025-01-23
427,153,2025-01-23
428,146,2025-01-23
429,127,2025-01-23
430,93,2025-01-23
431,36,2025-01-24
432,164,2025-01-24
433,57,2025-01-24
434,40,2025-01-24
435,158,2025-01-24
436,155,2025-01-24
437,64,2025-01-24
438,116,2025-01-24
439,19,2025-01-24
440,124,2025-01-24
441,51,2025-01-24
442,145,2025-01-24
443,43,2025-01-24
444,34,2025-01-24
445,77,2025-01-24
446,6,2025-01-24
447,119,2025-01-24
448,83,2025-01-24
449,89,2025-01-24
450,159,2025-01-24
451,35,2025-01-24
452,167,2025-01-24
453,50,2025-01-25
454,133,2025-01-25
455,172,2025-01-25
456,124,2025-01-25
457,27,2025-01-25
458,25,2025-01-25
459,90,2025-01-25
460,18,2025-01-25
461,68,2025-01-25
462,81,2025-01-25
463,185,2025-01-25
464,63,2025-01-25
465,180,2025-01-25
466,80,2025-01-25
467,79,2025-01-25
468,168,2025-01-25
469,159,2025-01-25
470,98,2025-01-25
471,111,2025-01-25
472,141,2025-01-25
473,87,2025-01-26
474,138,2025-01-26
475,194,2025-01-26
476,11,2025-01-26
477,199,2025-01-26
478,124,2025-01-26
479,199,2025-01-26
480,21,2025-01-26
481,119,2025-01-26
482,91,2025-01-26
483,38,2025-01-26
484,107,2025-01-26
485,163,2025-01-26
486,126,2025-01-26
487,23,2025-01-26
488,89,2025-01-26
489,91,2025-01-26
490,40,2025-01-27
491,115,2025-01-27
492,28,2025-01-27
493,160,2025-01-27
494,127,2025-01-27
495,6,2025-01-27
496,110,2025-01-27
497,103,2025-01-27
498,186,2025-01-27
499,126,2025-01-27
500,22,2025-01-27
501,63,2025-01-27
502,198,2025-01-27
503,45,2025-01-27
504,25,2025-01-27
505,173,2025-01-27
506,60,2025-01-27
507,119,2025-01-27
508,82,2025-01-27
509,16,2025-01-28
510,7,2025-01-28
511,91,2025-01-28
512,21,2025-01-28
513,18,2025-01-28
514,132,2025-01-28
515,110,2025-01-28
516,1,2025-01-28
517,8,2025-01-28
518,199,2025-01-28
519,104,2025-01-28
520,181,2025-01-28
521,36,2025-01-28
522,92,2025-01-28
523,32,2025-01-28
524,1,2025-01-28
525,153,2025-01-28
526,200,2025-01-28
527,123,2025-01-28
528,103,2025-01-28
529,122,2025-01-28
530,88,2025-01-28
531,186,2025-01-29
532,119,2025-01-29
533,191,2025-01-29
534,99,2025-01-29
535,123,2025-01-29
536,15,2025-01-29
537,115,2025-01-29
538,174,2025-01-29
539,5,2025-01-29
540,104,2025-01-29
541,15,2025-01-29
542,172,2025-01-29
543,144,2025-01-29
544,179,2025-01-29
545,195,2025-01-29
546,103,2025-01-29
547,31,2025-01-29
548,92,2025-01-29
549,114,2025-01-30
550,52,2025-01-30
551,19,2025-01-30
552,3,2025-01-30
553,66,2025-01-30
554,95,2025-01-30
555,121,2025-01-30
556,44,2025-01-30
557,187,2025-01-30
558,54,2025-01-30
559,53,2025-01-30
560,81,2025-01-30
561,158,2025-01-30
562,100,2025-01-30
563,20,2025-01-30
564,167,2025-01-30
565,175,2025-01-31
566,159,2025-01-31
567,86,2025-01-31
568,107,2025-01-31
569,34,2025-01-31
570,106,2025-01-31
571,9,2025-01-31
572,97,2025-01-31
573,141,2025-01-31
574,159,2025-01-31
575,15,2025-01-31
576,129,2025-01-31
577,58,2025-01-31
578,184,2025-01-31
579,22,2025-01-31
580,6,2025-01-31
581,189,2025-01-31
582,145,2025-02-01
583,83,2025-02-01
584,183,2025-02-01
585,65,2025-02-01
586,123,2025-02-01
587,188,2025-02-01
588,163,2025-02-01
589,108,2025-02-01
590,18,2025-02-01
591,44,2025-02-01
592,10,2025-02-01
593,39,2025-02-01
594,187,2025-02-01
595,192,2025-02-01
596,93,2025-02-01
597,159,2025-02-01
598,144,2025-02-01
599,57,2025-02-02
600,38,2025-02-02
601,93,2025-02-02
602,60,2025-02-02
603,17,2025-02-02
604,89,2025-02-02
605,10,2025-02-02
606,58,2025-02-02
607,80,2025-02-02
608,127,2025-02-02
609,11,2025-02-02
610,109,2025-02-02
611,114,2025-02-02
612,44,2025-02-02
613,143,2025-02-02
614,16,2025-02-02
615,64,2025-02-02
616,112,2025-02-02
617,150,2025-02-02
618,95,2025-02-02
619,21,2025-02-03
620,7,2025-02-03
621,95,2025-02-03
622,175,2025-02-03
623,20,2025-02-03
624,32,2025-02-03
625,65,2025-02-03
626,181,2025-02-03
627,136,2025-02-03
628,28,2025-02-03
629,83,2025-02-03
630,172,2025-02-03
631,118,2025-02-03
632,11,2025-02-03
633,4,2025-02-03
634,52,2025-02-03
635,77,2025-02-03
636,190,2025-02-04
637,80,2025-02-04
638,155,2025-02-04
639,184,2025-02-04
640,85,2025-02-04
641,189,2025-02-04
642,119,2025-02-04
643,33,2025-02-04
644,68,2025-02-04
645,131,2025-02-04
646,95,2025-02-04
647,164,2025-02-04
648,132,2025-02-04
649,29,2025-02-04
650,69,2025-02-04
651,193,2025-02-04
652,96,2025-02-04
653,101,2025-02-04
654,78,2025-02-04
655,191,2025-02-04
656,177,2025-02-05
657,122,2025-02-05
658,97,2025-02-05
659,67,2025-02-05
660,15,2025-02-05
661,12,2025-02-05
662,154,2025-02-05
663,179,2025-02-05
664,109,2025-02-05
665,129,2025-02-05
666,46,2025-02-05
667,157,2025-02-05
668,81,2025-02-05
669,86,2025-02-05
670,129,2025-02-05
671,64,2025-02-05
672,168,2025-02-06
673,35,2025-02-06
674,182,2025-02-06
675,150,2025-02-06
676,6,2025-02-06
677,62,2025-02-06
678,56,2025-02-06
679,66,2025-02-06
680,191,2025-02-06
681,17,2025-02-06
682,91,2025-02-06
683,93,2025-02-06
684,14,2025-02-06
685,26,2025-02-06
686,57,2025-02-06
687,70,2025-02-06
688,59,2025-02-06
689,145,2025-02-06
690,198,2025-02-07
691,166,2025-02-07
692,122,2025-02-07
693,10,2025-02-07
694,144,2025-02-07
695,4,2025-02-07
696,145,2025-02-07
697,133,2025-02-07
698,39,2025-02-07
699,129,2025-02-07
700,131,2025-02-07
701,200,2025-02-07
702,185,2025-02-07
703,60,2025-02-07
704,188,2025-02-07
705,116,2025-02-07
706,191,2025-02-07
707,82,2025-02-07
708,140,2025-02-08
709,19,2025-02-08
710,11,2025-02-08
711,76,2025-02-08
712,132,2025-02-08
713,135,2025-02-08
714,70,2025-02-08
715,195,2025-02-08
716,47,2025-02-08
717,158,2025-02-08
718,93,2025-02-08
719,70,2025-02-08
720,5,2025-02-08
721,35,2025-02-08
722,164,2025-02-08
723,139,2025-02-08
724,60,2025-02-08
725,20,2025-02-08
726,52,2025-02-08
727,117,2025-02-09
728,106,2025-02-09
729,21,2025-02-09
730,68,2025-02-09
731,153,2025-02-09
732,32,2025-02-09
733,52,2025-02-09
734,81,2025-02-09
735,198,2025-02-09
736,63,2025-02-09
737,166,2025-02-09
738,149,2025-02-09
739,17,2025-02-09
740,199,2025-02-09
741,102,2025-02-09
742,176,2025-02-10
743,118,2025-02-10
744,145,2025-02-10
745,51,2025-02-10
746,98,2025-02-10
747,170,2025-02-10
748,39,2025-02-10
749,149,2025-02-10
750,144,2025-02-10
751,125,2025-02-10
752,172,2025-02-10
753,179,2025-02-10
754,130,2025-02-10
755,40,2025-02-10
756,165,2025-02-10
757,36,2025-02-10
758,180,2025-02-10
759,130,2025-02-10
760,34,2025-02-10
761,163,2025-02-10
762,3,2025-02-10
763,138,2025-02-10
764,172,2025-02-10
765,41,2025-02-11
766,26,2025-02-11
767,26,2025-02-11
768,136,2025-02-11
769,42,2025-02-11
770,121,2025-02-11
771,5,2025-02-11
772,93,2025-02-11
773,63,2025-02-11
774,43,2025-02-11
775,65,2025-02-11
776,137,2025-02-11
777,178,2025-02-11
778,153,2025-02-11
779,173,2025-02-11
780,31,2025-02-11
781,180,2025-02-11
782,89,2025-02-12
783,109,2025-02-12
784,18,2025-02-12
785,19,2025-02-12
786,89,2025-02-12
787,47,2025-02-12
788,105,2025-02-12
789,170,2025-02-12
790,162,2025-02-12
791,96,2025-02-12
792,200,2025-02-12
793,68,2025-02-12
794,197,2025-02-12
795,86,2025-02-12
796,43,2025-02-12
797,121,2025-02-12
798,119,2025-02-12
799,88,2025-02-12
800,178,2025-02-13
801,125,2025-02-13
802,115,2025-02-13
803,186,2025-02-13
804,158,2025-02-13
805,154,2025-02-13
806,190,2025-02-13
807,173,2025-02-13
808,45,2025-02-13
809,17,2025-02-13
810,23,2025-02-13
811,193,2025-02-13
812,158,2025-02-13
813,140,2025-02-13
814,148,2025-02-13
815,121,2025-02-13
816,42,2025-02-13
817,54,2025-02-13
818,187,2025-02-14
819,194,2025-02-14
820,23,2025-02-14
821,40,2025-02-14
822,185,2025-02-14
823,6,2025-02-14
824,121,2025-02-14
825,122,2025-02-14
826,162,2025-02-14
827,194,2025-02-14
828,168,2025-02-14
829,157,2025-02-14
830,108,2025-02-14
831,70,2025-02-14
832,1,2025-02-14
833,133,2025-02-14
834,158,2025-02-14
835,162,2025-02-14
836,94,2025-02-14
837,97,2025-02-15
838,59,2025-02-15
839,8,2025-02-15
840,159,2025-02-15
841,184,2025-02-15
842,91,2025-02-15
843,198,2025-02-15
844,5,2025-02-15
845,193,2025-02-15
846,19,2025-02-15
847,115,2025-02-15
848,102,2025-02-15
849,160,2025-02-15
850,198,2025-02-15
851,72,2025-02-15
852,152,2025-02-15
853,179,2025-02-15
854,46,2025-02-15
855,157,2025-02-15
856,96,2025-02-15
857,129,2025-02-15
858,196,2025-02-16
859,160,2025-02-16
860,189,2025-02-16
861,152,2025-02-16
862,154,2025-02-16
863,42,2025-02-16
864,171,2025-02-16
865,114,2025-02-16
866,128,2025-02-16
867,196,2025-02-16
868,18,2025-02-16
869,72,2025-02-16
870,165,2025-02-16
871,119,2025-02-16
872,53,2025-02-16
873,159,2025-02-16
874,191,2025-02-16
875,41,2025-02-16
876,87,2025-02-16
877,43,2025-02-17
878,157,2025-02-17
879,93,2025-02-17
880,48,2025-02-17
881,12,2025-02-17
882,16,2025-02-17
883,75,2025-02-17
884,146,2025-02-17
885,169,2025-02-17
886,79,2025-02-17
887,50,2025-02-17
888,184,2025-02-17
889,195,2025-02-17
890,146,2025-02-17
891,147,2025-02-17
892,18,2025-02-17
893,4,2025-02-17
894,137,2025-02-17
895,24,2025-02-17
896,137,2025-02-17
897,72,2025-02-17
898,3,2025-02-17
899,117,2025-02-18
900,160,2025-02-18
901,98,2025-02-18
902,97,2025-02-18
903,158,2025-02-18
904,102,2025-02-18
905,8,2025-02-18
906,141,2025-02-18
907,43,2025-02-18
908,59,2025-02-18
909,105,2025-02-18
910,101,2025-02-18
911,81,2025-02-18
912,154,2025-02-18
913,127,2025-02-18
914,20,2025-02-18
915,130,2025-02-18
916,142,2025-02-18
917,192,2025-02-19
918,163,2025-02-19
919,125,2025-02-19
920,95,2025-02-19
921,179,2025-02-19
922,98,2025-02-19
923,176,2025-02-19
924,94,2025-02-19
925,59,2025-02-19
926,101,2025-02-19
927,170,2025-02-19
928,187,2025-02-19
929,19,2025-02-19
930,87,2025-02-19
931,94,2025-02-19
932,198,2025-02-19
933,185,2025-02-19
934,84,2025-02-19
935,173,2025-02-19
936,20,2025-02-19
937,130,2025-02-20
938,93,2025-02-20
939,24,2025-02-20
940,16,2025-02-20
941,178,2025-02-20
942,54,2025-02-20
943,14,2025-02-20
944,90,2025-02-20
945,187,2025-02-20
946,92,2025-02-20
947,99,2025-02-20
948,78,2025-02-20
949,170,2025-02-20
950,112,2025-02-20
951,96,2025-02-20
952,70,2025-02-20
953,87,2025-02-21
954,153,2025-02-21
955,69,2025-02-21
956,151,2025-02-21
957,186,2025-02-21
958,107,2025-02-21
959,60,2025-02-21
960,39,2025-02-21
961,171,2025-02-21
962,21,2025-02-21
963,153,2025-02-21
964,142,2025-02-21
965,133,2025-02-21
966,185,2025-02-21
967,31,2025-02-21
968,88,2025-02-21
969,23,2025-02-21
970,7,2025-02-21
971,184,2025-02-21
972,82,2025-02-21
973,187,2025-02-21
974,28,2025-02-22
975,48,2025-02-22
976,154,2025-02-22
977,67,2025-02-22
978,182,2025-02-22
979,127,2025-02-22
980,172,2025-02-22
981,115,2025-02-22
982,187,2025-02-22
983,55,2025-02-22
984,9,2025-02-22
985,152,2025-02-22
986,154,2025-02-22
987,146,2025-02-22
988,96,2025-02-22
989,83,2025-02-22
990,86,2025-02-22
991,52,2025-02-22
992,110,2025-02-22
993,58,2025-02-22
994,151,2025-02-22
995,120,2025-02-23
996,85,2025-02-23
997,179,2025-02-23
998,165,2025-02-23
999,163,2025-02-23
1000,128,2025-02-23
1001,45,2025-02-23
1002,170,2025-02-23
1003,4,2025-02-23
1004,17,2025-02-23
1005,42,2025-02-23
1006,105,2025-02-23
1007,52,2025-02-23
1008,19,2025-02-23
1009,72,2025-02-23
1010,187,2025-02-23
1011,137,2025-02-23
1012,29,2025-02-23
1013,59,2025-02-23
1014,17,2025-02-23
1015,45,2025-02-23
1016,75,2025-02-24
1017,48,2025-02-24
1018,76,2025-02-24
1019,181,2025-02-24
1020,92,2025-02-24
1021,84,2025-02-24
1022,53,2025-02-24
1023,82,2025-02-24
1024,132,2025-02-24
1025,101,2025-02-24
1026,181,2025-02-24
1027,155,2025-02-24
1028,64,2025-02-24
1029,92,2025-02-24
1030,174,2025-02-24
1031,197,2025-02-24
1032,89,2025-02-24
1033,197,2025-02-24
1034,169,2025-02-24
1035,146,2025-02-25
1036,170,2025-02-25
1037,165,2025-02-25
1038,192,2025-02-25
1039,139,2025-02-25
1040,177,2025-02-25
1041,71,2025-02-25
1042,138,2025-02-25
1043,152,2025-02-25
1044,37,2025-02-25
1045,23,2025-02-25
1046,5,2025-02-25
1047,190,2025-02-25
1048,170,2025-02-25
1049,22,2025-02-25
1050,184,2025-02-25
1051,89,2025-02-25
1052,28,2025-02-25
1053,126,2025-02-25
1054,126,2025-02-26
1055,8,2025-02-26
1056,164,2025-02-26
1057,3,2025-02-26
1058,117,2025-02-26
1059,132,2025-02-26
1060,101,2025-02-26
1061,200,2025-02-26
1062,140,2025-02-26
1063,74,2025-02-26
1064,149,2025-02-26
1065,75,2025-02-26
1066,141,2025-02-26
1067,157,2025-02-26
1068,193,2025-02-26
1069,126,2025-02-26
1070,18,2025-02-26
1071,22,2025-02-27
1072,73,2025-02-27
1073,114,2025-02-27
1074,178,2025-02-27
1075,58,2025-02-27
1076,142,2025-02-27
1077,70,2025-02-27
1078,139,2025-02-27
1079,95,2025-02-27
1080,71,2025-02-27
1081,190,2025-02-27
1082,198,2025-02-27
1083,114,2025-02-27
1084,99,2025-02-27
1085,59,2025-02-27
1086,16,2025-02-27
1087,179,2025-02-28
1088,24,2025-02-28
1089,199,2025-02-28
1090,99,2025-02-28
1091,68,2025-02-28
1092,70,2025-02-28
1093,154,2025-02-28
1094,98,2025-02-28
1095,105,2025-02-28
1096,139,2025-02-28
1097,182,2025-02-28
1098,148,2025-02-28
1099,197,2025-02-28
1100,19,2025-02-28
1101,5,2025-02-28
1102,137,2025-02-28
1103,160,2025-02-28
1104,57,2025-02-28
1105,83,2025-02-28
1106,134,2025-02-28
1107,152,2025-02-28
1108,159,2025-03-01
1109,198,2025-03-01
1110,200,2025-03-01
1111,76,2025-03-01
1112,55,2025-03-01
1113,137,2025-03-01
1114,142,2025-03-01
1115,192,2025-03-01
1116,9,2025-03-01
1117,12,2025-03-01
1118,160,2025-03-01
1119,142,2025-03-01
1120,187,2025-03-01
1121,46,2025-03-01
1122,160,2025-03-01
1123,37,2025-03-01
1124,7,2025-03-01
1125,133,2025-03-01
1126,5,2025-03-01
1127,100,2025-03-01
1128,59,2025-03-01
1129,173,2025-03-02
1130,160,2025-03-02
1131,106,2025-03-02
1132,28,2025-03-02
1133,159,2025-03-02
1134,155,2025-03-02
1135,64,2025-03-02
1136,181,2025-03-02
1137,36,2025-03-02
1138,133,2025-03-02
1139,134,2025-03-02
1140,11,2025-03-02
1141,10,2025-03-02
1142,87,2025-03-02
1143,191,2025-03-02
1144,39,2025-03-02
1145,178,2025-03-02
1146,197,2025-03-02
1147,160,2025-03-02
1148,187,2025-03-02
1149,50,2025-03-02
1150,57,2025-03-02
1151,185,2025-03-02
1152,139,2025-03-02
1153,144,2025-03-03
1154,72,2025-03-03
1155,43,2025-03-03
1156,10,2025-03-03
1157,12,2025-03-03
1158,192,2025-03-03
1159,21,2025-03-03
1160,36,2025-03-03
1161,137,2025-03-03
1162,189,2025-03-03
1163,179,2025-03-03
1164,151,2025-03-03
1165,14,2025-03-03
1166,59,2025-03-03
1167,119,2025-03-03
1168,15,2025-03-03
1169,89,2025-03-03
1170,58,2025-03-03
1171,104,2025-03-03
1172,73,2025-03-04
1173,135,2025-03-04
1174,108,2025-03-04
1175,162,2025-03-04
1176,78,2025-03-04
1177,164,2025-03-04
1178,141,2025-03-04
1179,136,2025-03-04
1180,105,2025-03-04
1181,198,2025-03-04
1182,181,2025-03-04
1183,85,2025-03-04
1184,12,2025-03-04
1185,199,2025-03-04
1186,181,2025-03-04
1187,61,2025-03-04
1188,183,2025-03-04
1189,44,2025-03-04
1190,129,2025-03-04
1191,166,2025-03-04
1192,181,2025-03-05
1193,66,2025-03-05
1194,63,2025-03-05
1195,47,2025-03-05
1196,142,2025-03-05
1197,195,2025-03-05
1198,24,2025-03-05
1199,42,2025-03-05
1200,38,2025-03-05
1201,39,2025-03-05
1202,121,2025-03-05
1203,2,2025-03-05
1204,20,2025-03-05
1205,136,2025-03-05
1206,186,2025-03-05
1207,21,2025-03-05
1208,122,2025-03-05
1209,189,2025-03-05
1210,38,2025-03-06
1211,104,2025-03-06
1212,115,2025-03-06
1213,25,2025-03-06
1214,121,2025-03-06
1215,196,2025-03-06
1216,160,2025-03-06
1217,100,2025-03-06
1218,110,2025-03-06
1219,102,2025-03-06
1220,148,2025-03-06
1221,64,2025-03-06
1222,81,2025-03-06
1223,105,2025-03-06
1224,13,2025-03-06
1225,125,2025-03-06
1226,157,2025-03-06
1227,8,2025-03-06
1228,182,2025-03-06
1229,185,2025-03-06
1230,94,2025-03-07
1231,120,2025-03-07
1232,133,2025-03-07
1233,190,2025-03-07
1234,191,2025-03-07
1235,58,2025-03-07
1236,155,2025-03-07
1237,93,2025-03-07
1238,51,2025-03-07
1239,168,2025-03-07
1240,194,2025-03-07
1241,174,2025-03-07
1242,21,2025-03-07
1243,157,2025-03-07
1244,119,2025-03-07
1245,51,2025-03-07
1246,168,2025-03-07
1247,42,2025-03-07
1248,147,2025-03-07
1249,92,2025-03-08
1250,96,2025-03-08
1251,127,2025-03-08
1252,69,2025-03-08
1253,74,2025-03-08
1254,114,2025-03-08
1255,156,2025-03-08
1256,200,2025-03-08
1257,6,2025-03-08
1258,197,2025-03-08
1259,32,2025-03-08
1260,56,2025-03-08
1261,78,2025-03-08
1262,145,2025-03-08
1263,135,2025-03-08
1264,120,2025-03-08
1265,27,2025-03-08
1266,42,2025-03-08
1267,27,2025-03-08
1268,158,2025-03-08
1269,11,2025-03-08
1270,101,2025-03-08
1271,189,2025-03-08
1272,114,2025-03-08
1273,117,2025-03-09
1274,84,2025-03-09
1275,195,2025-03-09
1276,2,2025-03-09
1277,122,2025-03-09
1278,78,2025-03-09
1279,36,2025-03-09
1280,172,2025-03-09
1281,141,2025-03-09
1282,128,2025-03-09
1283,81,2025-03-09
1284,175,2025-03-09
1285,19,2025-03-09
1286,122,2025-03-09
1287,150,2025-03-09
1288,154,2025-03-09
1289,102,2025-03-09
1290,96,2025-03-09
1291,185,2025-03-10
1292,114,2025-03-10
1293,138,2025-03-10
1294,155,2025-03-10
1295,153,2025-03-10
1296,5,2025-03-10
1297,109,2025-03-10
1298,199,2025-03-10
1299,73,2025-03-10
1300,147,2025-03-10
1301,121,2025-03-10
1302,171,2025-03-10
1303,193,2025-03-10
1304,172,2025-03-10
1305,24,2025-03-10
1306,151,2025-03-10
1307,119,2025-03-10
1308,122,2025-03-10
1309,126,2025-03-10
1310,180,2025-03-10
1311,134,2025-03-10
1312,100,2025-03-10
1313,170,2025-03-11
1314,44,2025-03-11
1315,178,2025-03-11
1316,111,2025-03-11
1317,180,2025-03-11
1318,190,2025-03-11
1319,40,2025-03-11
1320,177,2025-03-11
1321,175,2025-03-11
1322,36,2025-03-11
1323,122,2025-03-11
1324,156,2025-03-11
1325,168,2025-03-11
1326,94,2025-03-11
1327,193,2025-03-11
1328,123,2025-03-11
1329,26,2025-03-11
1330,111,2025-03-11
1331,98,2025-03-11
1332,159,2025-03-11
1333,107,2025-03-11
1334,69,2025-03-11
1335,81,2025-03-11
1336,76,2025-03-12
1337,56,2025-03-12
1338,97,2025-03-12
1339,59,2025-03-12
1340,97,2025-03-12
1341,81,2025-03-12
1342,200,2025-03-12
1343,23,2025-03-12
1344,168,2025-03-12
1345,100,2025-03-12
1346,7,2025-03-12
1347,152,2025-03-12
1348,191,2025-03-12
1349,136,2025-03-12
1350,155,2025-03-12
1351,116,2025-03-12
1352,111,2025-03-12
1353,75,2025-03-13
1354,175,2025-03-13
1355,30,2025-03-13
1356,2,2025-03-13
1357,116,2025-03-13
1358,48,2025-03-13
1359,39,2025-03-13
1360,151,2025-03-13
1361,196,2025-03-13
1362,6,2025-03-13
1363,15,2025-03-13
1364,176,2025-03-13
1365,119,2025-03-13
1366,165,2025-03-13
1367,191,2025-03-13
1368,45,2025-03-14
1369,190,2025-03-14
1370,80,2025-03-14
1371,127,2025-03-14
1372,45,2025-03-14
1373,167,2025-03-14
1374,154,2025-03-14
1375,48,2025-03-14
1376,8,2025-03-14
1377,188,2025-03-14
1378,175,2025-03-14
1379,133,2025-03-14
1380,9,2025-03-14
1381,103,2025-03-14
1382,65,2025-03-14
1383,98,2025-03-14
1384,153,2025-03-14
1385,191,2025-03-14
1386,27,2025-03-15
1387,71,2025-03-15
1388,91,2025-03-15
1389,22,2025-03-15
1390,82,2025-03-15
1391,51,2025-03-15
1392,130,2025-03-15
1393,84,2025-03-15
1394,32,2025-03-15
1395,74,2025-03-15
1396,153,2025-03-15
1397,158,2025-03-15
1398,157,2025-03-15
1399,191,2025-03-15
1400,50,2025-03-15
1401,5,2025-03-15
1402,184,2025-03-15
1403,184,2025-03-15
1404,97,2025-03-15
1405,41,2025-03-16
1406,127,2025-03-16
1407,30,2025-03-16
1408,101,2025-03-16
1409,171,2025-03-16
1410,5,2025-03-16
1411,151,2025-03-16
1412,119,2025-03-16
1413,77,2025-03-16
1414,69,2025-03-16
1415,145,2025-03-16
1416,86,2025-03-16
1417,186,2025-03-16
1418,135,2025-03-16
1419,151,2025-03-16
1420,67,2025-03-16
1421,145,2025-03-16
1422,64,2025-03-16
1423,14,2025-03-16
1424,7,2025-03-16
1425,142,2025-03-17
1426,163,2025-03-17
1427,149,2025-03-17
1428,94,2025-03-17
1429,25,2025-03-17
1430,23,2025-03-17
1431,90,2025-03-17
1432,59,2025-03-17
1433,63,2025-03-17
1434,23,2025-03-17
1435,25,2025-03-17
1436,116,2025-03-17
1437,143,2025-03-17
1438,68,2025-03-17
1439,35,2025-03-17
1440,81,2025-03-17
1441,108,2025-03-17
1442,72,2025-03-17
1443,136,2025-03-17
1444,175,2025-03-18
1445,92,2025-03-18
1446,12,2025-03-18
1447,51,2025-03-18
1448,138,2025-03-18
1449,137,2025-03-18
1450,57,2025-03-18
1451,87,2025-03-18
1452,11,2025-03-18
1453,155,2025-03-18
1454,150,2025-03-18
1455,36,2025-03-18
1456,143,2025-03-18
1457,48,2025-03-18
1458,10,2025-03-18
1459,9,2025-03-18
1460,69,2025-03-18
1461,20,2025-03-18
1462,105,2025-03-18
1463,27,2025-03-19
1464,39,2025-03-19
1465,82,2025-03-19
1466,18,2025-03-19
1467,88,2025-03-19
1468,86,2025-03-19
1469,185,2025-03-19
1470,120,2025-03-19
1471,134,2025-03-19
1472,129,2025-03-19
1473,110,2025-03-19
1474,92,2025-03-19
1475,119,2025-03-19
1476,105,2025-03-19
1477,194,2025-03-19
1478,140,2025-03-19
1479,64,2025-03-19
1480,148,2025-03-19
1481,82,2025-03-19
1482,66,2025-03-20
1483,171,2025-03-20
1484,70,2025-03-20
1485,189,2025-03-20
1486,29,2025-03-20
1487,1,2025-03-20
1488,116,2025-03-20
1489,4,2025-03-20
1490,199,2025-03-20
1491,59,2025-03-20
1492,19,2025-03-20
1493,124,2025-03-20
1494,22,2025-03-20
1495,16,2025-03-20
1496,105,2025-03-20
1497,44,2025-03-20
1498,123,2025-03-20
1499,121,2025-03-20
1500,86,2025-03-20
1501,126,2025-03-20
1502,129,2025-03-20
1503,53,2025-03-20
1504,72,2025-03-20
1505,35,2025-03-21
1506,62,2025-03-21
1507,31,2025-03-21
1508,80,2025-03-21
1509,6,2025-03-21
1510,2,2025-03-21
1511,14,2025-03-21
1512,199,2025-03-21
1513,77,2025-03-21
1514,76,2025-03-21
1515,114,2025-03-21
1516,144,2025-03-21
1517,12,2025-03-21
1518,35,2025-03-21
1519,28,2025-03-21
1520,76,2025-03-21
1521,142,2025-03-21
1522,105,2025-03-21
1523,12,2025-03-21
1524,83,2025-03-21
1525,101,2025-03-22
1526,59,2025-03-22
1527,42,2025-03-22
1528,11,2025-03-22
1529,65,2025-03-22
1530,15,2025-03-22
1531,54,2025-03-22
1532,3,2025-03-22
1533,56,2025-03-22
1534,42,2025-03-22
1535,113,2025-03-22
1536,136,2025-03-22
1537,6,2025-03-22
1538,53,2025-03-22
1539,158,2025-03-22
1540,48,2025-03-22
1541,89,2025-03-22
1542,192,2025-03-22
1543,197,2025-03-22
1544,37,2025-03-22
1545,174,2025-03-22
1546,187,2025-03-22
1547,97,2025-03-22
1548,30,2025-03-22
1549,29,2025-03-23
1550,170,2025-03-23
1551,4,2025-03-23
1552,67,2025-03-23
1553,157,2025-03-23
1554,48,2025-03-23
1555,169,2025-03-23
1556,191,2025-03-23
1557,34,2025-03-23
1558,118,2025-03-23
1559,28,2025-03-23
1560,171,2025-03-23
1561,10,2025-03-23
1562,178,2025-03-23
1563,172,2025-03-23
1564,57,2025-03-23
1565,119,2025-03-23
1566,27,2025-03-24
1567,108,2025-03-24
1568,139,2025-03-24
1569,175,2025-03-24
1570,31,2025-03-24
1571,144,2025-03-24
1572,174,2025-03-24
1573,35,2025-03-24
1574,28,2025-03-24
1575,5,2025-03-24
1576,146,2025-03-24
1577,155,2025-03-24
1578,172,2025-03-24
1579,51,2025-03-24
1580,190,2025-03-24
1581,171,2025-03-25
1582,182,2025-03-25
1583,194,2025-03-25
1584,2,2025-03-25
1585,181,2025-03-25
1586,107,2025-03-25
1587,192,2025-03-25
1588,30,2025-03-25
1589,11,2025-03-25
1590,174,2025-03-25
1591,178,2025-03-25
1592,59,2025-03-25
1593,96,2025-03-25
1594,160,2025-03-25
1595,49,2025-03-25
1596,75,2025-03-25
1597,161,2025-03-25
1598,47,2025-03-26
1599,27,2025-03-26
1600,49,2025-03-26
1601,95,2025-03-26
1602,137,2025-03-26
1603,71,2025-03-26
1604,20,2025-03-26
1605,148,2025-03-26
1606,160,2025-03-26
1607,164,2025-03-26
1608,109,2025-03-26
1609,102,2025-03-26
1610,86,2025-03-26
1611,83,2025-03-26
1612,2,2025-03-26
1613,81,2025-03-26
1614,125,2025-03-27
1615,192,2025-03-27
1616,78,2025-03-27
1617,104,2025-03-27
1618,131,2025-03-27
1619,8,2025-03-27
1620,189,2025-03-27
1621,89,2025-03-27
1622,104,2025-03-27
1623,25,2025-03-27
1624,185,2025-03-27
1625,120,2025-03-27
1626,101,2025-03-27
1627,4,2025-03-27
1628,140,2025-03-27
1629,155,2025-03-27
1630,164,2025-03-27
1631,184,2025-03-27
1632,107,2025-03-28
1633,18,2025-03-28
1634,42,2025-03-28
1635,140,2025-03-28
1636,109,2025-03-28
1637,102,2025-03-28
1638,140,2025-03-28
1639,55,2025-03-28
1640,78,2025-03-28
1641,109,2025-03-28
1642,98,2025-03-28
1643,25,2025-03-28
1644,175,2025-03-28
1645,136,2025-03-28
1646,44,2025-03-29
1647,65,2025-03-29
1648,58,2025-03-29
1649,141,2025-03-29
1650,55,2025-03-29
1651,194,2025-03-29
1652,89,2025-03-29
1653,170,2025-03-29
1654,30,2025-03-29
1655,70,2025-03-29
1656,49,2025-03-29
1657,6,2025-03-29
1658,82,2025-03-29
1659,193,2025-03-29
1660,35,2025-03-29
1661,33,2025-03-29
1662,134,2025-03-29
1663,68,2025-03-30
1664,24,2025-03-30
1665,124,2025-03-30
1666,117,2025-03-30
1667,122,2025-03-30
1668,89,2025-03-30
1669,4,2025-03-30
1670,95,2025-03-30
1671,61,2025-03-30
1672,99,2025-03-30
1673,1,2025-03-30
1674,109,2025-03-30
1675,75,2025-03-30
1676,101,2025-03-30
1677,149,2025-03-30
1678,200,2025-03-30
1679,153,2025-03-30
1680,197,2025-03-30
1681,154,2025-03-30
1682,195,2025-03-30
1683,134,2025-03-30
1684,119,2025-03-31
1685,197,2025-03-31
1686,159,2025-03-31
1687,150,2025-03-31
1688,166,2025-03-31
1689,12,2025-03-31
1690,14,2025-03-31
1691,101,2025-03-31
1692,141,2025-03-31
1693,191,2025-03-31
1694,162,2025-03-31
1695,65,2025-03-31
1696,75,2025-03-31
1697,83,2025-03-31
1698,168,2025-03-31
1699,48,2025-03-31
1700,16,2025-03-31
1701,156,2025-03-31
1702,18,2025-03-31
1703,159,2025-03-31
1704,143,2025-03-31
1705,46,2025-04-01
1706,76,2025-04-01
1707,78,2025-04-01
1708,152,2025-04-01
1709,39,2025-04-01
1710,28,2025-04-01
1711,82,2025-04-01
1712,161,2025-04-01
1713,115,2025-04-01
1714,194,2025-04-01
1715,89,2025-04-01
1716,134,2025-04-01
1717,13,2025-04-01
1718,32,2025-04-01
1719,96,2025-04-01
1720,191,2025-04-01
1721,158,2025-04-01
1722,149,2025-04-01
1723,149,2025-04-01
1724,102,2025-04-01
1725,101,2025-04-02
1726,82,2025-04-02
1727,84,2025-04-02
1728,108,2025-04-02
1729,109,2025-04-02
1730,70,2025-04-02
1731,147,2025-04-02
1732,186,2025-04-02
1733,39,2025-04-02
1734,50,2025-04-02
1735,101,2025-04-02
1736,42,2025-04-02
1737,174,2025-04-02
1738,188,2025-04-02
1739,199,2025-04-02
1740,11,2025-04-02
1741,82,2025-04-02
1742,12,2025-04-02
1743,179,2025-04-02
1744,90,2025-04-03
1745,156,2025-04-03
1746,50,2025-04-03
1747,162,2025-04-03
1748,182,2025-04-03
1749,104,2025-04-03
1750,67,2025-04-03
1751,192,2025-04-03
1752,124,2025-04-03
1753,164,2025-04-03
1754,152,2025-04-03
1755,26,2025-04-03
1756,193,2025-04-03
1757,140,2025-04-03
1758,176,2025-04-03
1759,89,2025-04-03
1760,144,2025-04-03
1761,35,2025-04-03
1762,144,2025-04-03
1763,107,2025-04-04
1764,41,2025-04-04
1765,90,2025-04-04
1766,32,2025-04-04
1767,43,2025-04-04
1768,151,2025-04-04
1769,183,2025-04-04
1770,102,2025-04-04
1771,54,2025-04-04
1772,88,2025-04-04
1773,69,2025-04-04
1774,178,2025-04-04
1775,180,2025-04-04
1776,117,2025-04-04
1777,31,2025-04-04
1778,14,2025-04-04
1779,186,2025-04-04
1780,120,2025-04-05
1781,37,2025-04-05
1782,65,2025-04-05
1783,53,2025-04-05
1784,122,2025-04-05
1785,183,2025-04-05
1786,71,2025-04-05
1787,160,2025-04-05
1788,30,2025-04-05
1789,21,2025-04-05
1790,45,2025-04-05
1791,94,2025-04-05
1792,177,2025-04-05
1793,195,2025-04-05
1794,6,2025-04-05
1795,75,2025-04-05
1796,167,2025-04-05
1797,3,2025-04-05
1798,136,2025-04-05
1799,67,2025-04-05
1800,76,2025-04-06
1801,154,2025-04-06
1802,48,2025-04-06
1803,181,2025-04-06
1804,58,2025-04-06
1805,196,2025-04-06
1806,44,2025-04-06
1807,146,2025-04-06
1808,106,2025-04-06
1809,48,2025-04-06
1810,98,2025-04-06
1811,146,2025-04-06
1812,125,2025-04-06
1813,33,2025-04-06
1814,58,2025-04-06
1815,155,2025-04-06
1816,199,2025-04-06
1817,26,2025-04-06
1818,167,2025-04-06
1819,190,2025-04-06
1820,55,2025-04-07
1821,82,2025-04-07
1822,93,2025-04-07
1823,113,2025-04-07
1824,184,2025-04-07
1825,29,2025-04-07
1826,7,2025-04-07
1827,56,2025-04-07
1828,11,2025-04-07
1829,41,2025-04-07
1830,197,2025-04-07
1831,48,2025-04-07
1832,61,2025-04-07
1833,53,2025-04-07
1834,97,2025-04-07
1835,160,2025-04-07
1836,127,2025-04-07
1837,115,2025-04-07
1838,174,2025-04-07
1839,154,2025-04-07
1840,74,2025-04-07
1841,106,2025-04-08
1842,9,2025-04-08
1843,121,2025-04-08
1844,104,2025-04-08
1845,30,2025-04-08
1846,58,2025-04-08
1847,80,2025-04-08
1848,88,2025-04-08
1849,164,2025-04-08
1850,188,2025-04-08
1851,26,2025-04-08
1852,167,2025-04-08
1853,26,2025-04-08
1854,178,2025-04-08
1855,60,2025-04-08
1856,105,2025-04-08
1857,68,2025-04-08
1858,175,2025-04-08
1859,168,2025-04-08
1860,91,2025-04-08
1861,126,2025-04-08
1862,61,2025-04-08
1863,69,2025-04-09
1864,35,2025-04-09
1865,103,2025-04-09
1866,171,2025-04-09
1867,187,2025-04-09
1868,173,2025-04-09
1869,178,2025-04-09
1870,119,2025-04-09
1871,20,2025-04-09
1872,12,2025-04-09
1873,13,2025-04-09
1874,116,2025-04-09
1875,173,2025-04-09
1876,169,2025-04-09
1877,190,2025-04-09
1878,74,2025-04-09
1879,159,2025-04-09
1880,56,2025-04-09
1881,148,2025-04-10
1882,197,2025-04-10
1883,178,2025-04-10
1884,12,2025-04-10
1885,142,2025-04-10
1886,61,2025-04-10
1887,18,2025-04-10
1888,28,2025-04-10
1889,3,2025-04-10
1890,138,2025-04-10
1891,111,2025-04-10
1892,81,2025-04-10
1893,107,2025-04-10
1894,111,2025-04-10
1895,98,2025-04-10
1896,113,2025-04-10
1897,165,2025-04-10
1898,135,2025-04-10
1899,89,2025-04-10
1900,36,2025-04-11
1901,107,2025-04-11
1902,48,2025-04-11
1903,96,2025-04-11
1904,70,2025-04-11
1905,54,2025-04-11
1906,17,2025-04-11
1907,51,2025-04-11
1908,55,2025-04-11
1909,43,2025-04-11
1910,183,2025-04-11
1911,82,2025-04-11
1912,131,2025-04-11
1913,74,2025-04-11
1914,172,2025-04-11
1915,106,2025-04-11
1916,112,2025-04-12
1917,157,2025-04-12
1918,23,2025-04-12
1919,6,2025-04-12
1920,106,2025-04-12
1921,73,2025-04-12
1922,184,2025-04-12
1923,159,2025-04-12
1924,157,2025-04-12
1925,127,2025-04-12
1926,175,2025-04-12
1927,80,2025-04-12
1928,162,2025-04-12
1929,27,2025-04-12
1930,174,2025-04-12
1931,7,2025-04-12
1932,168,2025-04-12
1933,70,2025-04-12
1934,194,2025-04-12
1935,188,2025-04-12
1936,31,2025-04-13
1937,19,2025-04-13
1938,129,2025-04-13
1939,138,2025-04-13
1940,65,2025-04-13
1941,177,2025-04-13
1942,102,2025-04-13
1943,58,2025-04-13
1944,156,2025-04-13
1945,199,2025-04-13
1946,45,2025-04-13
1947,197,2025-04-13
1948,187,2025-04-13
1949,95,2025-04-13
1950,178,2025-04-13
1951,188,2025-04-13
1952,18,2025-04-13
1953,20,2025-04-13
1954,33,2025-04-14
1955,120,2025-04-14
1956,176,2025-04-14
1957,111,2025-04-14
1958,132,2025-04-14
1959,16,2025-04-14
1960,189,2025-04-14
1961,64,2025-04-14
1962,163,2025-04-14
1963,104,2025-04-14
1964,48,2025-04-14
1965,83,2025-04-14
1966,26,2025-04-14
1967,6,2025-04-14
1968,164,2025-04-14
1969,124,2025-04-14
1970,45,2025-04-14
1971,49,2025-04-14
1972,1,2025-04-14
1973,148,2025-04-14
1974,190,2025-04-14
1975,54,2025-04-14
1976,116,2025-04-14
1977,87,2025-04-15
1978,26,2025-04-15
1979,67,2025-04-15
1980,188,2025-04-15
1981,119,2025-04-15
1982,159,2025-04-15
1983,101,2025-04-15
1984,181,2025-04-15
1985,73,2025-04-15
1986,196,2025-04-15
1987,109,2025-04-15
1988,27,2025-04-15
1989,42,2025-04-15
1990,13,2025-04-15
1991,81,2025-04-15
1992,54,2025-04-15
1993,31,2025-04-15
1994,127,2025-04-15
1995,7,2025-04-15
1996,40,2025-04-15
1997,83,2025-04-16
1998,197,2025-04-16
1999,124,2025-04-16
2000,166,2025-04-16
2001,48,2025-04-16
2002,34,2025-04-16
2003,139,2025-04-16
2004,186,2025-04-16
2005,126,2025-04-16
2006,113,2025-04-16
2007,66,2025-04-16
2008,130,2025-04-16
2009,172,2025-04-16
2010,76,2025-04-16
2011,148,2025-04-16
2012,141,2025-04-16
2013,37,2025-04-16
2014,90,2025-04-17
2015,9,2025-04-17
2016,151,2025-04-17
2017,31,2025-04-17
2018,152,2025-04-17
2019,76,2025-04-17
2020,194,2025-04-17
2021,26,2025-04-17
2022,148,2025-04-17
2023,166,2025-04-17
2024,6,2025-04-17
2025,157,2025-04-17
2026,167,2025-04-17
2027,179,2025-04-17
2028,1,2025-04-18
2029,52,2025-04-18
2030,101,2025-04-18
2031,142,2025-04-18
2032,137,2025-04-18
2033,97,2025-04-18
2034,72,2025-04-18
2035,150,2025-04-18
2036,104,2025-04-18
2037,148,2025-04-18
2038,72,2025-04-18
2039,67,2025-04-18
2040,2,2025-04-18
2041,123,2025-04-18
2042,133,2025-04-18
2043,84,2025-04-18
2044,94,2025-04-18
2045,74,2025-04-18
2046,138,2025-04-18
2047,73,2025-04-19
2048,184,2025-04-19
2049,126,2025-04-19
2050,39,2025-04-19
2051,33,2025-04-19
2052,28,2025-04-19
2053,58,2025-04-19
2054,150,2025-04-19
2055,107,2025-04-19
2056,155,2025-04-19
2057,46,2025-04-19
2058,134,2025-04-19
2059,116,2025-04-19
2060,17,2025-04-19
2061,133,2025-04-19
2062,175,2025-04-19
2063,9,2025-04-19
2064,108,2025-04-19
2065,176,2025-04-19
2066,63,2025-04-19
2067,8,2025-04-20
2068,151,2025-04-20
2069,141,2025-04-20
2070,42,2025-04-20
2071,90,2025-04-20
2072,102,2025-04-20
2073,21,2025-04-20
2074,15,2025-04-20
2075,9,2025-04-20
2076,131,2025-04-20
2077,114,2025-04-20
2078,181,2025-04-20
2079,142,2025-04-20
2080,20,2025-04-20
2081,61,2025-04-20
2082,167,2025-04-20
2083,175,2025-04-20
2084,111,2025-04-20
2085,29,2025-04-20
2086,135,2025-04-20
2087,145,2025-04-21
2088,114,2025-04-21
2089,32,2025-04-21
2090,59,2025-04-21
2091,186,2025-04-21
2092,127,2025-04-21
2093,92,2025-04-21
2094,135,2025-04-21
2095,41,2025-04-21
2096,35,2025-04-21
2097,169,2025-04-21
2098,157,2025-04-21
2099,10,2025-04-21
2100,52,2025-04-21
2101,197,2025-04-21
2102,162,2025-04-21
2103,113,2025-04-21
2104,185,2025-04-21
2105,1,2025-04-21
2106,73,2025-04-22
2107,153,2025-04-22
2108,65,2025-04-22
2109,60,2025-04-22
2110,125,2025-04-22
2111,69,2025-04-22
2112,14,2025-04-22
2113,30,2025-04-22
2114,157,2025-04-22
2115,46,2025-04-22
2116,184,2025-04-22
2117,190,2025-04-22
2118,80,2025-04-22
2119,189,2025-04-22
2120,125,2025-04-22
2121,71,2025-04-22
2122,113,2025-04-22
2123,135,2025-04-22
2124,183,2025-04-23
2125,42,2025-04-23
2126,53,2025-04-23
2127,135,2025-04-23
2128,2,2025-04-23
2129,143,2025-04-23
2130,48,2025-04-23
2131,94,2025-04-23
2132,175,2025-04-23
2133,95,2025-04-23
2134,172,2025-04-23
2135,77,2025-04-23
2136,185,2025-04-23
2137,52,2025-04-23
2138,58,2025-04-23
2139,11,2025-04-23
2140,19,2025-04-23
2141,124,2025-04-23
2142,55,2025-04-23
2143,18,2025-04-23
2144,188,2025-04-23
2145,173,2025-04-23
2146,49,2025-04-24
2147,145,2025-04-24
2148,105,2025-04-24
2149,27,2025-04-24
2150,182,2025-04-24
2151,197,2025-04-24
2152,52,2025-04-24
2153,75,2025-04-24
2154,14,2025-04-24
2155,165,2025-04-24
2156,77,2025-04-24
2157,35,2025-04-24
2158,26,2025-04-24
2159,11,2025-04-24
2160,82,2025-04-24
2161,64,2025-04-24
2162,51,2025-04-24
2163,100,2025-04-24
2164,114,2025-04-24
2165,81,2025-04-24
2166,13,2025-04-24
2167,188,2025-04-25
2168,34,2025-04-25
2169,197,2025-04-25
2170,157,2025-04-25
2171,104,2025-04-25
2172,172,2025-04-25
2173,140,2025-04-25
2174,75,2025-04-25
2175,165,2025-04-25
2176,130,2025-04-25
2177,27,2025-04-25
2178,42,2025-04-25
2179,64,2025-04-25
2180,157,2025-04-25
2181,172,2025-04-25
2182,116,2025-04-25
2183,131,2025-04-25
2184,130,2025-04-25
2185,138,2025-04-26
2186,39,2025-04-26
2187,185,2025-04-26
2188,17,2025-04-26
2189,164,2025-04-26
2190,136,2025-04-26
2191,190,2025-04-26
2192,122,2025-04-26
2193,167,2025-04-26
2194,73,2025-04-26
2195,11,2025-04-26
2196,197,2025-04-26
2197,37,2025-04-26
2198,182,2025-04-26
2199,122,2025-04-26
2200,86,2025-04-26
2201,108,2025-04-26
2202,86,2025-04-27
2203,30,2025-04-27
2204,84,2025-04-27
2205,68,2025-04-27
2206,144,2025-04-27
2207,21,2025-04-27
2208,67,2025-04-27
2209,23,2025-04-27
2210,172,2025-04-27
2211,82,2025-04-27
2212,170,2025-04-27
2213,145,2025-04-27
2214,17,2025-04-27
2215,141,2025-04-27
2216,5,2025-04-27
2217,163,2025-04-27
2218,52,2025-04-27
2219,179,2025-04-27
2220,168,2025-04-27
2221,74,2025-04-28
2222,41,2025-04-28
2223,120,2025-04-28
2224,36,2025-04-28
2225,61,2025-04-28
2226,186,2025-04-28
2227,12,2025-04-28
2228,188,2025-04-28
2229,14,2025-04-28
2230,14,2025-04-28
2231,17,2025-04-28
2232,5,2025-04-28
2233,124,2025-04-28
2234,98,2025-04-28
2235,172,2025-04-28
2236,134,2025-04-28
2237,117,2025-04-28
2238,49,2025-04-28
2239,164,2025-04-28
2240,116,2025-04-28
2241,187,2025-04-29
2242,158,2025-04-29
2243,126,2025-04-29
2244,170,2025-04-29
2245,46,2025-04-29
2246,65,2025-04-29
2247,153,2025-04-29
2248,90,2025-04-29
2249,182,2025-04-29
2250,106,2025-04-29
2251,131,2025-04-29
2252,50,2025-04-29
2253,191,2025-04-29
2254,61,2025-04-29
2255,75,2025-04-29
2256,102,2025-04-29
2257,14,2025-04-29
2258,140,2025-04-29
2259,69,2025-04-29
2260,62,2025-04-29
2261,117,2025-04-29
2262,9,2025-04-30
2263,138,2025-04-30
2264,13,2025-04-30
2265,143,2025-04-30
2266,26,2025-04-30
2267,169,2025-04-30
2268,92,2025-04-30
2269,187,2025-04-30
2270,55,2025-04-30
2271,76,2025-04-30
2272,30,2025-04-30
2273,37,2025-04-30
2274,95,2025-04-30
2275,120,2025-04-30
2276,104,2025-04-30
2277,128,2025-04-30
2278,86,2025-04-30
2279,17,2025-04-30
2280,107,2025-04-30
2281,121,2025-04-30
2282,99,2025-05-01
2283,75,2025-05-01
2284,174,2025-05-01
2285,170,2025-05-01
2286,79,2025-05-01
2287,194,2025-05-01
2288,168,2025-05-01
2289,5,2025-05-01
2290,185,2025-05-01
2291,95,2025-05-01
2292,145,2025-05-01
2293,147,2025-05-01
2294,154,2025-05-01
2295,87,2025-05-01
2296,85,2025-05-01
2297,28,2025-05-01
2298,121,2025-05-01
2299,58,2025-05-02
2300,134,2025-05-02
2301,176,2025-05-02
2302,134,2025-05-02
2303,103,2025-05-02
2304,171,2025-05-02
2305,80,2025-05-02
2306,159,2025-05-02
2307,172,2025-05-02
2308,84,2025-05-02
2309,144,2025-05-02
2310,42,2025-05-02
2311,20,2025-05-02
2312,108,2025-05-02
2313,75,2025-05-02
2314,12,2025-05-02
2315,51,2025-05-02
2316,170,2025-05-02
2317,172,2025-05-03
2318,82,2025-05-03
2319,114,2025-05-03
2320,6,2025-05-03
2321,63,2025-05-03
2322,196,2025-05-03
2323,137,2025-05-03
2324,140,2025-05-03
2325,164,2025-05-03
2326,139,2025-05-03
2327,165,2025-05-03
2328,9,2025-05-03
2329,69,2025-05-03
2330,121,2025-05-03
2331,111,2025-05-03
2332,84,2025-05-03
2333,105,2025-05-03
2334,160,2025-05-03
2335,133,2025-05-03
2336,87,2025-05-03
2337,43,2025-05-04
2338,96,2025-05-04
2339,199,2025-05-04
2340,103,2025-05-04
2341,8,2025-05-04
2342,92,2025-05-04
2343,197,2025-05-04
2344,16,2025-05-04
2345,42,2025-05-04
2346,111,2025-05-04
2347,84,2025-05-04
2348,183,2025-05-04
2349,61,2025-05-04
2350,182,2025-05-04
2351,6,2025-05-04
2352,180,2025-05-04
2353,140,2025-05-04
2354,121,2025-05-05
2355,61,2025-05-05
2356,195,2025-05-05
2357,10,2025-05-05
2358,105,2025-05-05
2359,37,2025-05-05
2360,175,2025-05-05
2361,93,2025-05-05
2362,85,2025-05-05
2363,139,2025-05-05
2364,153,2025-05-05
2365,96,2025-05-05
2366,88,2025-05-05
2367,92,2025-05-05
2368,130,2025-05-05
2369,78,2025-05-05
2370,41,2025-05-05
2371,123,2025-05-05
2372,17,2025-05-05
2373,12,2025-05-05
2374,176,2025-05-05
2375,116,2025-05-06
2376,155,2025-05-06
2377,160,2025-05-06
2378,196,2025-05-06
2379,44,2025-05-06
2380,79,2025-05-06
2381,104,2025-05-06
2382,178,2025-05-06
2383,7,2025-05-06
2384,30,2025-05-06
2385,79,2025-05-06
2386,101,2025-05-06
2387,74,2025-05-06
2388,173,2025-05-06
2389,35,2025-05-06
2390,128,2025-05-06
2391,2,2025-05-06
2392,174,2025-05-06
2393,69,2025-05-07
2394,79,2025-05-07
2395,187,2025-05-07
2396,149,2025-05-07
2397,75,2025-05-07
2398,145,2025-05-07
2399,146,2025-05-07
2400,146,2025-05-07
2401,35,2025-05-07
2402,53,2025-05-07
2403,189,2025-05-07
2404,7,2025-05-07
2405,63,2025-05-07
2406,116,2025-05-07
2407,91,2025-05-07
2408,13,2025-05-07
2409,56,2025-05-07
2410,165,2025-05-07
2411,64,2025-05-07
2412,168,2025-05-08
2413,104,2025-05-08
2414,3,2025-05-08
2415,24,2025-05-08
2416,174,2025-05-08
2417,139,2025-05-08
2418,117,2025-05-08
2419,50,2025-05-08
2420,165,2025-05-08
2421,92,2025-05-08
2422,68,2025-05-08
2423,63,2025-05-08
2424,121,2025-05-08
2425,181,2025-05-08
2426,137,2025-05-08
2427,75,2025-05-08
2428,131,2025-05-08
2429,131,2025-05-08
2430,129,2025-05-08
2431,107,2025-05-08
2432,95,2025-05-08
2433,177,2025-05-08
2434,104,2025-05-09
2435,50,2025-05-09
2436,123,2025-05-09
2437,105,2025-05-09
2438,94,2025-05-09
2439,80,2025-05-09
2440,147,2025-05-09
2441,170,2025-05-09
2442,171,2025-05-09
2443,57,2025-05-09
2444,163,2025-05-09
2445,30,2025-05-09
2446,104,2025-05-09
2447,139,2025-05-09
2448,12,2025-05-09
2449,198,2025-05-09
2450,157,2025-05-09
2451,61,2025-05-09
2452,99,2025-05-09
2453,136,2025-05-10
2454,143,2025-05-10
2455,172,2025-05-10
2456,126,2025-05-10
2457,91,2025-05-10
2458,175,2025-05-10
2459,29,2025-05-10
2460,109,2025-05-10
2461,28,2025-05-10
2462,6,2025-05-10
2463,144,2025-05-10
2464,85,2025-05-10
2465,104,2025-05-10
2466,86,2025-05-10
2467,35,2025-05-10
2468,63,2025-05-10
2469,56,2025-05-10
2470,83,2025-05-10
2471,143,2025-05-11
2472,53,2025-05-11
2473,123,2025-05-11
2474,3,2025-05-11
2475,163,2025-05-11
2476,15,2025-05-11
2477,123,2025-05-11
2478,23,2025-05-11
2479,152,2025-05-11
2480,158,2025-05-11
2481,66,2025-05-11
2482,101,2025-05-11
2483,164,2025-05-11
2484,157,2025-05-11
2485,50,2025-05-11
2486,199,2025-05-11
2487,1,2025-05-11
2488,37,2025-05-11
2489,146,2025-05-11
2490,188,2025-05-12
2491,64,2025-05-12
2492,124,2025-05-12
2493,38,2025-05-12
2494,126,2025-05-12
2495,181,2025-05-12
2496,14,2025-05-12
2497,33,2025-05-12
2498,98,2025-05-12
2499,42,2025-05-12
2500,60,2025-05-12
2501,68,2025-05-12
2502,50,2025-05-12
2503,78,2025-05-12
2504,104,2025-05-12
2505,49,2025-05-12
2506,70,2025-05-12
2507,20,2025-05-13
2508,119,2025-05-13
2509,27,2025-05-13
2510,122,2025-05-13
2511,48,2025-05-13
2512,90,2025-05-13
2513,162,2025-05-13
2514,187,2025-05-13
2515,184,2025-05-13
2516,93,2025-05-13
2517,163,2025-05-13
2518,149,2025-05-13
2519,186,2025-05-13
2520,58,2025-05-13
2521,59,2025-05-13
2522,146,2025-05-13
2523,141,2025-05-13
2524,194,2025-05-13
2525,17,2025-05-13
2526,31,2025-05-13
2527,139,2025-05-13
2528,107,2025-05-14
2529,10,2025-05-14
2530,69,2025-05-14
2531,32,2025-05-14
2532,2,2025-05-14
2533,74,2025-05-14
2534,98,2025-05-14
2535,94,2025-05-14
2536,68,2025-05-14
2537,120,2025-05-14
2538,50,2025-05-14
2539,194,2025-05-14
2540,147,2025-05-14
2541,2,2025-05-14
2542,67,2025-05-14
2543,60,2025-05-14
2544,29,2025-05-14
2545,35,2025-05-14
2546,108,2025-05-14
2547,107,2025-05-14
2548,75,2025-05-15
2549,179,2025-05-15
2550,174,2025-05-15
2551,39,2025-05-15
2552,56,2025-05-15
2553,109,2025-05-15
2554,91,2025-05-15
2555,6,2025-05-15
2556,4,2025-05-15
2557,147,2025-05-15
2558,1,2025-05-15
2559,36,2025-05-15
2560,131,2025-05-15
2561,170,2025-05-15
2562,34,2025-05-15
2563,95,2025-05-15
2564,191,2025-05-15
2565,159,2025-05-15
2566,40,2025-05-15
2567,174,2025-05-15
2568,173,2025-05-16
2569,2,2025-05-16
2570,141,2025-05-16
2571,161,2025-05-16
2572,67,2025-05-16
2573,63,2025-05-16
2574,60,2025-05-16
2575,175,2025-05-16
2576,189,2025-05-16
2577,5,2025-05-16
2578,156,2025-05-16
2579,158,2025-05-16
2580,183,2025-05-16
2581,198,2025-05-16
2582,189,2025-05-16
2583,43,2025-05-16
2584,15,2025-05-16
2585,33,2025-05-16
2586,5,2025-05-16
2587,29,2025-05-16
2588,159,2025-05-16
2589,50,2025-05-17
2590,17,2025-05-17
2591,146,2025-05-17
2592,45,2025-05-17
2593,23,2025-05-17
2594,133,2025-05-17
2595,134,2025-05-17
2596,116,2025-05-17
2597,114,2025-05-17
2598,35,2025-05-17
2599,144,2025-05-17
2600,39,2025-05-17
2601,37,2025-05-17
2602,53,2025-05-17
2603,140,2025-05-17
2604,11,2025-05-17
2605,18,2025-05-17
2606,71,2025-05-17
2607,9,2025-05-18
2608,16,2025-05-18
2609,17,2025-05-18
2610,199,2025-05-18
2611,78,2025-05-18
2612,85,2025-05-18
2613,100,2025-05-18
2614,79,2025-05-18
2615,122,2025-05-18
2616,97,2025-05-18
2617,47,2025-05-18
2618,53,2025-05-18
2619,65,2025-05-18
2620,7,2025-05-18
2621,9,2025-05-18
2622,46,2025-05-18
2623,161,2025-05-18
2624,16,2025-05-19
2625,54,2025-05-19
2626,13,2025-05-19
2627,52,2025-05-19
2628,47,2025-05-19
2629,100,2025-05-19
2630,9,2025-05-19
2631,178,2025-05-19
2632,195,2025-05-19
2633,84,2025-05-19
2634,20,2025-05-19
2635,173,2025-05-19
2636,6,2025-05-19
2637,154,2025-05-19
2638,165,2025-05-19
2639,2,2025-05-19
2640,165,2025-05-19
2641,24,2025-05-19
2642,153,2025-05-19
2643,53,2025-05-20
2644,90,2025-05-20
2645,90,2025-05-20
2646,90,2025-05-20
2647,115,2025-05-20
2648,22,2025-05-20
2649,141,2025-05-20
2650,175,2025-05-20
2651,147,2025-05-20
2652,71,2025-05-20
2653,123,2025-05-20
2654,143,2025-05-20
2655,60,2025-05-20
2656,17,2025-05-20
2657,11,2025-05-20
2658,78,2025-05-20
2659,108,2025-05-20
2660,28,2025-05-20
2661,86,2025-05-20
2662,197,2025-05-20
2663,149,2025-05-20
2664,75,2025-05-21
2665,133,2025-05-21
2666,97,2025-05-21
2667,196,2025-05-21
2668,91,2025-05-21
2669,162,2025-05-21
2670,19,2025-05-21
2671,69,2025-05-21
2672,8,2025-05-21
2673,118,2025-05-21
2674,105,2025-05-21
2675,45,2025-05-21
2676,129,2025-05-21
2677,30,2025-05-21
2678,98,2025-05-21
2679,166,2025-05-21
2680,59,2025-05-21
2681,67,2025-05-21
2682,16,2025-05-21
2683,29,2025-05-21
2684,189,2025-05-21
2685,187,2025-05-21
2686,198,2025-05-22
2687,52,2025-05-22
2688,80,2025-05-22
2689,5,2025-05-22
2690,194,2025-05-22
2691,108,2025-05-22
2692,61,2025-05-22
2693,132,2025-05-22
2694,123,2025-05-22
2695,143,2025-05-22
2696,9,2025-05-22
2697,44,2025-05-22
2698,23,2025-05-22
2699,182,2025-05-22
2700,5,2025-05-22
2701,136,2025-05-22
2702,41,2025-05-22
2703,187,2025-05-22
2704,10,2025-05-22
2705,75,2025-05-22
2706,60,2025-05-23
2707,11,2025-05-23
2708,151,2025-05-23
2709,129,2025-05-23
2710,107,2025-05-23
2711,43,2025-05-23
2712,49,2025-05-23
2713,85,2025-05-23
2714,76,2025-05-23
2715,66,2025-05-23
2716,70,2025-05-23
2717,72,2025-05-23
2718,55,2025-05-23
2719,28,2025-05-23
2720,166,2025-05-23
2721,88,2025-05-23
2722,34,2025-05-23
2723,153,2025-05-23
2724,195,2025-05-23
2725,57,2025-05-24
2726,174,2025-05-24
2727,194,2025-05-24
2728,132,2025-05-24
2729,156,2025-05-24
2730,101,2025-05-24
2731,102,2025-05-24
2732,103,2025-05-24
2733,91,2025-05-24
2734,180,2025-05-24
2735,46,2025-05-24
2736,44,2025-05-24
2737,190,2025-05-24
2738,4,2025-05-24
2739,178,2025-05-24
2740,82,2025-05-24
2741,96,2025-05-24
2742,2,2025-05-24
2743,153,2025-05-24
2744,95,2025-05-24
2745,77,2025-05-24
2746,181,2025-05-24
2747,156,2025-05-25
2748,74,2025-05-25
2749,101,2025-05-25
2750,26,2025-05-25
2751,105,2025-05-25
2752,50,2025-05-25
2753,199,2025-05-25
2754,128,2025-05-25
2755,37,2025-05-25
2756,124,2025-05-25
2757,140,2025-05-25
2758,135,2025-05-25
2759,31,2025-05-25
2760,158,2025-05-25
2761,59,2025-05-25
2762,76,2025-05-25
2763,169,2025-05-25
2764,195,2025-05-25
2765,116,2025-05-26
2766,77,2025-05-26
2767,130,2025-05-26
2768,78,2025-05-26
2769,145,2025-05-26
2770,26,2025-05-26
2771,169,2025-05-26
2772,10,2025-05-26
2773,200,2025-05-26
2774,41,2025-05-26
2775,189,2025-05-26
2776,65,2025-05-26
2777,28,2025-05-26
2778,196,2025-05-26
2779,30,2025-05-26
2780,176,2025-05-26
2781,168,2025-05-26
2782,196,2025-05-26
2783,115,2025-05-27
2784,24,2025-05-27
2785,185,2025-05-27
2786,141,2025-05-27
2787,135,2025-05-27
2788,102,2025-05-27
2789,90,2025-05-27
2790,7,2025-05-27
2791,45,2025-05-27
2792,198,2025-05-27
2793,200,2025-05-27
2794,13,2025-05-27
2795,74,2025-05-27
2796,107,2025-05-27
2797,77,2025-05-27
2798,33,2025-05-28
2799,24,2025-05-28
2800,9,2025-05-28
2801,35,2025-05-28
2802,14,2025-05-28
2803,18,2025-05-28
2804,147,2025-05-28
2805,188,2025-05-28
2806,171,2025-05-28
2807,184,2025-05-28
2808,61,2025-05-28
2809,140,2025-05-28
2810,183,2025-05-28
2811,92,2025-05-28
2812,134,2025-05-28
2813,138,2025-05-28
2814,71,2025-05-28
2815,35,2025-05-28
2816,94,2025-05-28
2817,120,2025-05-28
2818,82,2025-05-28
2819,158,2025-05-28
2820,80,2025-05-29
2821,87,2025-05-29
2822,8,2025-05-29
2823,30,2025-05-29
2824,46,2025-05-29
2825,99,2025-05-29
2826,179,2025-05-29
2827,36,2025-05-29
2828,72,2025-05-29
2829,64,2025-05-29
2830,79,2025-05-29
2831,131,2025-05-29
2832,46,2025-05-29
2833,130,2025-05-29
2834,56,2025-05-29
2835,52,2025-05-29
2836,85,2025-05-29
2837,67,2025-05-29
2838,2,2025-05-30
2839,59,2025-05-30
2840,87,2025-05-30
2841,90,2025-05-30
2842,166,2025-05-30
2843,101,2025-05-30
2844,140,2025-05-30
2845,10,2025-05-30
2846,83,2025-05-30
2847,188,2025-05-30
2848,144,2025-05-30
2849,119,2025-05-30
2850,23,2025-05-30
2851,72,2025-05-30
2852,127,2025-05-30
2853,157,2025-05-30
2854,200,2025-05-30
2855,196,2025-05-31
2856,104,2025-05-31
2857,116,2025-05-31
2858,21,2025-05-31
2859,4,2025-05-31
2860,196,2025-05-31
2861,149,2025-05-31
2862,82,2025-05-31
2863,104,2025-05-31
2864,1,2025-05-31
2865,143,2025-05-31
2866,143,2025-05-31
2867,51,2025-05-31
2868,12,2025-05-31
2869,28,2025-05-31
2870,103,2025-05-31
2871,64,2025-05-31
2872,42,2025-05-31
2873,33,2025-05-31
2874,135,2025-05-31
2875,6,2025-06-01
2876,144,2025-06-01
2877,180,2025-06-01
2878,167,2025-06-01
2879,34,2025-06-01
2880,74,2025-06-01
2881,42,2025-06-01
2882,128,2025-06-01
2883,149,2025-06-01
2884,110,2025-06-01
2885,99,2025-06-01
2886,181,2025-06-01
2887,180,2025-06-01
2888,50,2025-06-01
2889,188,2025-06-01
2890,163,2025-06-01
2891,13,2025-06-01
2892,84,2025-06-02
2893,172,2025-06-02
2894,1,2025-06-02
2895,175,2025-06-02
2896,38,2025-06-02
2897,163,2025-06-02
2898,67,2025-06-02
2899,73,2025-06-02
2900,142,2025-06-02
2901,125,2025-06-02
2902,182,2025-06-02
2903,71,2025-06-02
2904,138,2025-06-02
2905,22,2025-06-02
2906,1,2025-06-03
2907,35,2025-06-03
2908,66,2025-06-03
2909,140,2025-06-03
2910,77,2025-06-03
2911,82,2025-06-03
2912,163,2025-06-03
2913,67,2025-06-03
2914,135,2025-06-03
2915,121,2025-06-03
2916,153,2025-06-03
2917,26,2025-06-03
2918,107,2025-06-03
2919,43,2025-06-03
2920,158,2025-06-03
2921,168,2025-06-03
2922,18,2025-06-03
2923,26,2025-06-04
2924,30,2025-06-04
2925,32,2025-06-04
2926,133,2025-06-04
2927,120,2025-06-04
2928,198,2025-06-04
2929,20,2025-06-04
2930,160,2025-06-04
2931,46,2025-06-04
2932,11,2025-06-04
2933,165,2025-06-04
2934,121,2025-06-04
2935,176,2025-06-04
2936,135,2025-06-04
2937,127,2025-06-04
2938,15,2025-06-04
2939,27,2025-06-04
2940,182,2025-06-04
2941,78,2025-06-04
2942,87,2025-06-05
2943,168,2025-06-05
2944,46,2025-06-05
2945,134,2025-06-05
2946,50,2025-06-05
2947,127,2025-06-05
2948,85,2025-06-05
2949,82,2025-06-05
2950,97,2025-06-05
2951,193,2025-06-05
2952,106,2025-06-05
2953,83,2025-06-05
2954,145,2025-06-05
2955,127,2025-06-05
2956,189,2025-06-05
2957,178,2025-06-05
2958,6,2025-06-05
2959,164,2025-06-05
2960,198,2025-06-05
2961,136,2025-06-05
2962,11,2025-06-05
2963,12,2025-06-05
2964,111,2025-06-05
2965,84,2025-06-06
2966,121,2025-06-06
2967,154,2025-06-06
2968,170,2025-06-06
2969,81,2025-06-06
2970,130,2025-06-06
2971,46,2025-06-06
2972,73,2025-06-06
2973,178,2025-06-06
2974,34,2025-06-06
2975,147,2025-06-06
2976,98,2025-06-06
2977,57,2025-06-06
2978,98,2025-06-06
2979,55,2025-06-06
2980,28,2025-06-06
2981,59,2025-06-06
2982,98,2025-06-06
2983,84,2025-06-06
2984,55,2025-06-06
2985,62,2025-06-06
2986,137,2025-06-07
2987,165,2025-06-07
2988,3,2025-06-07
2989,133,2025-06-07
2990,126,2025-06-07
2991,192,2025-06-07
2992,42,2025-06-07
2993,185,2025-06-07
2994,118,2025-06-07
2995,2,2025-06-07
2996,163,2025-06-07
2997,172,2025-06-07
2998,40,2025-06-07
2999,60,2025-06-07
3000,168,2025-06-07
3001,154,2025-06-07
3002,76,2025-06-07
3003,12,2025-06-07
3004,97,2025-06-07
3005,179,2025-06-07
3006,173,2025-06-07
3007,158,2025-06-07
3008,159,2025-06-08
3009,96,2025-06-08
3010,141,2025-06-08
3011,153,2025-06-08
3012,24,2025-06-08
3013,67,2025-06-08
3014,6,2025-06-08
3015,111,2025-06-08
3016,97,2025-06-08
3017,152,2025-06-08
3018,25,2025-06-08
3019,7,2025-06-08
3020,60,2025-06-08
3021,110,2025-06-08
3022,116,2025-06-08
3023,6,2025-06-08
3024,19,2025-06-08
3025,162,2025-06-08
3026,48,2025-06-08
3027,44,2025-06-08
3028,77,2025-06-09
3029,29,2025-06-09
3030,109,2025-06-09
3031,71,2025-06-09
3032,7,2025-06-09
3033,191,2025-06-09
3034,172,2025-06-09
3035,156,2025-06-09
3036,101,2025-06-09
3037,187,2025-06-09
3038,27,2025-06-09
3039,175,2025-06-09
3040,142,2025-06-09
3041,5,2025-06-09
3042,159,2025-06-09
3043,114,2025-06-09
3044,62,2025-06-09
3045,67,2025-06-10
3046,176,2025-06-10
3047,105,2025-06-10
3048,132,2025-06-10
3049,125,2025-06-10
3050,64,2025-06-10
3051,37,2025-06-10
3052,35,2025-06-10
3053,19,2025-06-10
3054,37,2025-06-10
3055,102,2025-06-10
3056,49,2025-06-10
3057,35,2025-06-10
3058,30,2025-06-10
3059,19,2025-06-11
3060,161,2025-06-11
3061,30,2025-06-11
3062,147,2025-06-11
3063,3,2025-06-11
3064,86,2025-06-11
3065,38,2025-06-11
3066,123,2025-06-11
3067,75,2025-06-11
3068,32,2025-06-11
3069,27,2025-06-11
3070,128,2025-06-11
3071,104,2025-06-11
3072,25,2025-06-11
3073,95,2025-06-11
3074,151,2025-06-11
3075,148,2025-06-11
3076,38,2025-06-11
3077,118,2025-06-12
3078,133,2025-06-12
3079,48,2025-06-12
3080,185,2025-06-12
3081,63,2025-06-12
3082,11,2025-06-12
3083,182,2025-06-12
3084,110,2025-06-12
3085,105,2025-06-12
3086,35,2025-06-12
3087,159,2025-06-12
3088,196,2025-06-12
3089,187,2025-06-12
3090,6,2025-06-12
3091,61,2025-06-12
3092,166,2025-06-13
3093,96,2025-06-13
3094,159,2025-06-13
3095,65,2025-06-13
3096,104,2025-06-13
3097,195,2025-06-13
3098,49,2025-06-13
3099,87,2025-06-13
3100,61,2025-06-13
3101,179,2025-06-13
3102,13,2025-06-13
3103,175,2025-06-13
3104,134,2025-06-13
3105,138,2025-06-13
3106,170,2025-06-13
3107,77,2025-06-13
3108,72,2025-06-13
3109,150,2025-06-14
3110,197,2025-06-14
3111,198,2025-06-14
3112,65,2025-06-14
3113,196,2025-06-14
3114,118,2025-06-14
3115,194,2025-06-14
3116,149,2025-06-14
3117,22,2025-06-14
3118,30,2025-06-14
3119,184,2025-06-14
3120,182,2025-06-14
3121,178,2025-06-14
3122,38,2025-06-14
3123,76,2025-06-14
3124,20,2025-06-14
3125,105,2025-06-14
3126,24,2025-06-14
3127,156,2025-06-14
3128,74,2025-06-14
3129,74,2025-06-14
3130,47,2025-06-15
3131,102,2025-06-15
3132,174,2025-06-15
3133,73,2025-06-15
3134,129,2025-06-15
3135,129,2025-06-15
3136,30,2025-06-15
3137,12,2025-06-15
3138,116,2025-06-15
3139,151,2025-06-15
3140,170,2025-06-15
3141,11,2025-06-15
3142,139,2025-06-15
3143,21,2025-06-15
3144,40,2025-06-15
3145,124,2025-06-15
3146,173,2025-06-15
3147,146,2025-06-15
3148,57,2025-06-15
3149,110,2025-06-15
3150,163,2025-06-16
3151,186,2025-06-16
3152,89,2025-06-16
3153,180,2025-06-16
3154,31,2025-06-16
3155,52,2025-06-16
3156,69,2025-06-16
3157,191,2025-06-16
3158,67,2025-06-16
3159,84,2025-06-16
3160,103,2025-06-16
3161,16,2025-06-16
3162,143,2025-06-16
3163,89,2025-06-16
3164,91,2025-06-16
3165,131,2025-06-16
3166,195,2025-06-16
3167,123,2025-06-16
3168,59,2025-06-17
3169,113,2025-06-17
3170,64,2025-06-17
3171,41,2025-06-17
3172,189,2025-06-17
3173,78,2025-06-17
3174,148,2025-06-17
3175,25,2025-06-17
3176,29,2025-06-17
3177,179,2025-06-17
3178,97,2025-06-17
3179,29,2025-06-17
3180,90,2025-06-17
3181,120,2025-06-17
3182,19,2025-06-17
3183,51,2025-06-17
3184,198,2025-06-17
3185,28,2025-06-17
3186,107,2025-06-17
3187,129,2025-06-17
3188,48,2025-06-17
3189,161,2025-06-18
3190,93,2025-06-18
3191,133,2025-06-18
3192,173,2025-06-18
3193,71,2025-06-18
3194,131,2025-06-18
3195,158,2025-06-18
3196,76,2025-06-18
3197,33,2025-06-18
3198,178,2025-06-18
3199,158,2025-06-18
3200,110,2025-06-18
3201,123,2025-06-18
3202,123,2025-06-18
3203,101,2025-06-18
3204,25,2025-06-18
3205,78,2025-06-18
3206,153,2025-06-18
3207,150,2025-06-18
3208,56,2025-06-18
3209,122,2025-06-18
3210,130,2025-06-18
3211,158,2025-06-19
3212,87,2025-06-19
3213,100,2025-06-19
3214,99,2025-06-19
3215,69,2025-06-19
3216,76,2025-06-19
3217,139,2025-06-19
3218,156,2025-06-19
3219,182,2025-06-19
3220,103,2025-06-19
3221,192,2025-06-19
3222,155,2025-06-19
3223,88,2025-06-19
3224,176,2025-06-19
3225,118,2025-06-19
3226,148,2025-06-19
3227,74,2025-06-19
3228,35,2025-06-19
3229,71,2025-06-19
3230,178,2025-06-19
3231,117,2025-06-19
3232,177,2025-06-20
3233,49,2025-06-20
3234,131,2025-06-20
3235,158,2025-06-20
3236,179,2025-06-20
3237,143,2025-06-20
3238,85,2025-06-20
3239,75,2025-06-20
3240,115,2025-06-20
3241,84,2025-06-20
3242,176,2025-06-20
3243,140,2025-06-20
3244,200,2025-06-20
3245,17,2025-06-20
3246,187,2025-06-20
3247,121,2025-06-20
3248,114,2025-06-20
3249,21,2025-06-20
3250,68,2025-06-21
3251,176,2025-06-21
3252,179,2025-06-21
3253,136,2025-06-21
3254,18,2025-06-21
3255,62,2025-06-21
3256,14,2025-06-21
3257,19,2025-06-21
3258,55,2025-06-21
3259,166,2025-06-21
3260,77,2025-06-21
3261,160,2025-06-21
3262,164,2025-06-21
3263,139,2025-06-21
3264,102,2025-06-21
3265,191,2025-06-21
3266,86,2025-06-22
3267,190,2025-06-22
3268,43,2025-06-22
3269,125,2025-06-22
3270,115,2025-06-22
3271,38,2025-06-22
3272,132,2025-06-22
3273,95,2025-06-22
3274,63,2025-06-22
3275,82,2025-06-22
3276,96,2025-06-22
3277,169,2025-06-22
3278,3,2025-06-22
3279,20,2025-06-22
3280,13,2025-06-22
3281,115,2025-06-22
3282,34,2025-06-22
3283,141,2025-06-22
3284,134,2025-06-23
3285,140,2025-06-23
3286,59,2025-06-23
3287,29,2025-06-23
3288,179,2025-06-23
3289,147,2025-06-23
3290,43,2025-06-23
3291,128,2025-06-23
3292,145,2025-06-23
3293,122,2025-06-23
3294,29,2025-06-23
3295,162,2025-06-23
3296,186,2025-06-23
3297,147,2025-06-23
3298,67,2025-06-23
3299,137,2025-06-23
3300,85,2025-06-23
3301,29,2025-06-23
3302,72,2025-06-23
3303,13,2025-06-23
3304,115,2025-06-23
3305,32,2025-06-24
3306,70,2025-06-24
3307,74,2025-06-24
3308,73,2025-06-24
3309,43,2025-06-24
3310,189,2025-06-24
3311,34,2025-06-24
3312,3,2025-06-24
3313,95,2025-06-24
3314,159,2025-06-24
3315,28,2025-06-24
3316,168,2025-06-24
3317,115,2025-06-24
3318,159,2025-06-24
3319,120,2025-06-24
3320,5,2025-06-24
3321,147,2025-06-24
3322,154,2025-06-24
3323,163,2025-06-24
3324,196,2025-06-24
3325,114,2025-06-24
3326,102,2025-06-24
3327,11,2025-06-24
3328,20,2025-06-25
3329,183,2025-06-25
3330,162,2025-06-25
3331,35,2025-06-25
3332,172,2025-06-25
3333,166,2025-06-25
3334,190,2025-06-25
3335,118,2025-06-25
3336,39,2025-06-25
3337,107,2025-06-25
3338,24,2025-06-25
3339,64,2025-06-25
3340,165,2025-06-25
3341,129,2025-06-25
3342,58,2025-06-25
3343,1,2025-06-25
3344,62,2025-06-25
3345,123,2025-06-25
3346,110,2025-06-26
3347,195,2025-06-26
3348,115,2025-06-26
3349,7,2025-06-26
3350,160,2025-06-26
3351,73,2025-06-26
3352,157,2025-06-26
3353,187,2025-06-26
3354,26,2025-06-26
3355,189,2025-06-26
3356,21,2025-06-26
3357,90,2025-06-26
3358,152,2025-06-26
3359,192,2025-06-26
3360,160,2025-06-26
3361,96,2025-06-26
3362,91,2025-06-26
3363,144,2025-06-26
3364,112,2025-06-27
3365,118,2025-06-27
3366,111,2025-06-27
3367,197,2025-06-27
3368,64,2025-06-27
3369,116,2025-06-27
3370,181,2025-06-27
3371,101,2025-06-27
3372,126,2025-06-27
3373,161,2025-06-27
3374,89,2025-06-27
3375,73,2025-06-27
3376,166,2025-06-27
3377,169,2025-06-27
3378,24,2025-06-28
3379,75,2025-06-28
3380,55,2025-06-28
3381,183,2025-06-28
3382,88,2025-06-28
3383,127,2025-06-28
3384,134,2025-06-28
3385,120,2025-06-28
3386,57,2025-06-28
3387,133,2025-06-28
3388,91,2025-06-28
3389,9,2025-06-28
3390,32,2025-06-28
3391,114,2025-06-28
3392,35,2025-06-28
3393,129,2025-06-28
3394,184,2025-06-28
3395,5,2025-06-28
3396,78,2025-06-28
3397,57,2025-06-29
3398,168,2025-06-29
3399,49,2025-06-29
3400,55,2025-06-29
3401,159,2025-06-29
3402,84,2025-06-29
3403,160,2025-06-29
3404,30,2025-06-29
3405,19,2025-06-29
3406,65,2025-06-29
3407,154,2025-06-29
3408,24,2025-06-29
3409,48,2025-06-29
3410,99,2025-06-29
3411,15,2025-06-29
3412,56,2025-06-29
3413,125,2025-06-29
3414,163,2025-06-29
3415,86,2025-06-29
3416,52,2025-06-30
3417,110,2025-06-30
3418,134,2025-06-30
3419,143,2025-06-30
3420,79,2025-06-30
3421,104,2025-06-30
3422,168,2025-06-30
3423,192,2025-06-30
3424,186,2025-06-30
3425,62,2025-06-30
3426,30,2025-06-30
3427,17,2025-06-30
3428,79,2025-06-30
3429,199,2025-06-30
3430,77,2025-06-30
3431,149,2025-06-30
3432,107,2025-06-30
3433,90,2025-06-30
3434,156,2025-06-30
3435,52,2025-06-30
3436,55,2025-07-01
3437,161,2025-07-01
3438,94,2025-07-01
3439,150,2025-07-01
3440,23,2025-07-01
3441,189,2025-07-01
3442,143,2025-07-01
3443,197,2025-07-01
3444,22,2025-07-01
3445,83,2025-07-01
3446,66,2025-07-01
3447,92,2025-07-01
3448,175,2025-07-01
3449,98,2025-07-01
3450,26,2025-07-01
3451,48,2025-07-01
3452,193,2025-07-01
3453,189,2025-07-01
3454,183,2025-07-01
3455,100,2025-07-01
3456,6,2025-07-01
3457,19,2025-07-02
3458,77,2025-07-02
3459,42,2025-07-02
3460,160,2025-07-02
3461,161,2025-07-02
3462,118,2025-07-02
3463,184,2025-07-02
3464,45,2025-07-02
3465,17,2025-07-02
3466,102,2025-07-02
3467,167,2025-07-02
3468,121,2025-07-02
3469,98,2025-07-02
3470,184,2025-07-02
3471,26,2025-07-02
3472,56,2025-07-02
3473,110,2025-07-02
3474,171,2025-07-02
3475,134,2025-07-02
3476,109,2025-07-03
3477,146,2025-07-03
3478,24,2025-07-03
3479,103,2025-07-03
3480,28,2025-07-03
3481,92,2025-07-03
3482,132,2025-07-03
3483,172,2025-07-03
3484,196,2025-07-03
3485,98,2025-07-03
3486,142,2025-07-03
3487,64,2025-07-03
3488,105,2025-07-03
3489,144,2025-07-03
3490,129,2025-07-03
3491,130,2025-07-03
3492,194,2025-07-03
3493,141,2025-07-03
3494,190,2025-07-03
3495,86,2025-07-04
3496,34,2025-07-04
3497,80,2025-07-04
3498,136,2025-07-04
3499,25,2025-07-04
3500,55,2025-07-04
3501,91,2025-07-04
3502,89,2025-07-04
3503,12,2025-07-04
3504,194,2025-07-04
3505,136,2025-07-04
3506,41,2025-07-04
3507,65,2025-07-04
3508,36,2025-07-04
3509,75,2025-07-04
3510,114,2025-07-04
3511,192,2025-07-05
3512,46,2025-07-05
3513,115,2025-07-05
3514,175,2025-07-05
3515,9,2025-07-05
3516,186,2025-07-05
3517,42,2025-07-05
3518,4,2025-07-05
3519,106,2025-07-05
3520,17,2025-07-05
3521,116,2025-07-05
3522,122,2025-07-05
3523,122,2025-07-05
3524,185,2025-07-05
3525,70,2025-07-05
3526,26,2025-07-05
3527,159,2025-07-05
3528,89,2025-07-05
3529,57,2025-07-05
3530,14,2025-07-05
3531,98,2025-07-05
3532,81,2025-07-05
3533,44,2025-07-06
3534,109,2025-07-06
3535,95,2025-07-06
3536,140,2025-07-06
3537,9,2025-07-06
3538,114,2025-07-06
3539,42,2025-07-06
3540,31,2025-07-06
3541,47,2025-07-06
3542,115,2025-07-06
3543,74,2025-07-06
3544,109,2025-07-06
3545,137,2025-07-06
3546,16,2025-07-06
3547,186,2025-07-06
3548,110,2025-07-06
3549,99,2025-07-06
3550,101,2025-07-06
3551,65,2025-07-07
3552,136,2025-07-07
3553,176,2025-07-07
3554,168,2025-07-07
3555,111,2025-07-07
3556,127,2025-07-07
3557,4,2025-07-07
3558,182,2025-07-07
3559,165,2025-07-07
3560,26,2025-07-07
3561,192,2025-07-07
3562,83,2025-07-07
3563,79,2025-07-07
3564,117,2025-07-07
3565,132,2025-07-07
3566,122,2025-07-07
3567,167,2025-07-07
3568,56,2025-07-07
3569,186,2025-07-07
3570,2,2025-07-07
3571,127,2025-07-08
3572,18,2025-07-08
3573,21,2025-07-08
3574,27,2025-07-08
3575,169,2025-07-08
3576,127,2025-07-08
3577,55,2025-07-08
3578,163,2025-07-08
3579,120,2025-07-08
3580,147,2025-07-08
3581,84,2025-07-08
3582,58,2025-07-08
3583,68,2025-07-08
3584,106,2025-07-08
3585,137,2025-07-08
3586,185,2025-07-08
3587,35,2025-07-08
3588,184,2025-07-08
3589,48,2025-07-08
3590,172,2025-07-08
3591,97,2025-07-08
3592,194,2025-07-08
3593,182,2025-07-09
3594,142,2025-07-09
3595,142,2025-07-09
3596,57,2025-07-09
3597,114,2025-07-09
3598,160,2025-07-09
3599,81,2025-07-09
3600,146,2025-07-09
3601,143,2025-07-09
3602,115,2025-07-09
3603,182,2025-07-09
3604,95,2025-07-09
3605,111,2025-07-09
3606,199,2025-07-09
3607,172,2025-07-09
3608,23,2025-07-09
3609,135,2025-07-09
3610,189,2025-07-09
3611,101,2025-07-10
3612,88,2025-07-10
3613,176,2025-07-10
3614,143,2025-07-10
3615,89,2025-07-10
3616,74,2025-07-10
3617,160,2025-07-10
3618,100,2025-07-10
3619,117,2025-07-10
3620,137,2025-07-10
3621,16,2025-07-10
3622,59,2025-07-10
3623,29,2025-07-10
3624,3,2025-07-10
3625,182,2025-07-10
3626,30,2025-07-10
3627,35,2025-07-10
3628,59,2025-07-10
3629,52,2025-07-10
3630,17,2025-07-11
3631,107,2025-07-11
3632,12,2025-07-11
3633,180,2025-07-11
3634,79,2025-07-11
3635,40,2025-07-11
3636,75,2025-07-11
3637,18,2025-07-11
3638,68,2025-07-11
3639,65,2025-07-11
3640,86,2025-07-11
3641,169,2025-07-11
3642,22,2025-07-11
3643,16,2025-07-11
3644,168,2025-07-11
3645,156,2025-07-11
3646,186,2025-07-11
3647,137,2025-07-11
3648,77,2025-07-11
3649,24,2025-07-12
3650,160,2025-07-12
3651,133,2025-07-12
3652,158,2025-07-12
3653,15,2025-07-12
3654,77,2025-07-12
3655,2,2025-07-12
3656,108,2025-07-12
3657,94,2025-07-12
3658,176,2025-07-12
3659,97,2025-07-12
3660,107,2025-07-12
3661,160,2025-07-12
3662,152,2025-07-12
3663,145,2025-07-12
3664,36,2025-07-12
3665,179,2025-07-12
3666,108,2025-07-12
3667,15,2025-07-12
3668,200,2025-07-12
3669,150,2025-07-12
3670,157,2025-07-13
3671,2,2025-07-13
3672,173,2025-07-13
3673,194,2025-07-13
3674,126,2025-07-13
3675,187,2025-07-13
3676,156,2025-07-13
3677,124,2025-07-13
3678,46,2025-07-13
3679,181,2025-07-13
3680,195,2025-07-13
3681,39,2025-07-13
3682,154,2025-07-13
3683,188,2025-07-14
3684,20,2025-07-14
3685,79,2025-07-14
3686,69,2025-07-14
3687,69,2025-07-14
3688,104,2025-07-14
3689,20,2025-07-14
3690,20,2025-07-14
3691,8,2025-07-14
3692,149,2025-07-14
3693,37,2025-07-14
3694,15,2025-07-14
3695,37,2025-07-14
3696,149,2025-07-14
3697,9,2025-07-14
3698,52,2025-07-14
3699,109,2025-07-14
3700,2,2025-07-14
3701,77,2025-07-14
3702,50,2025-07-15
3703,160,2025-07-15
3704,16,2025-07-15
3705,175,2025-07-15
3706,58,2025-07-15
3707,88,2025-07-15
3708,36,2025-07-15
3709,85,2025-07-15
3710,152,2025-07-15
3711,197,2025-07-15
3712,102,2025-07-15
3713,21,2025-07-15
3714,100,2025-07-15
3715,21,2025-07-15
3716,37,2025-07-15
3717,90,2025-07-15
3718,3,2025-07-15
3719,69,2025-07-15
3720,151,2025-07-15
3721,16,2025-07-16
3722,195,2025-07-16
3723,6,2025-07-16
3724,48,2025-07-16
3725,101,2025-07-16
3726,4,2025-07-16
3727,184,2025-07-16
3728,117,2025-07-16
3729,57,2025-07-16
3730,104,2025-07-16
3731,55,2025-07-16
3732,102,2025-07-16
3733,109,2025-07-16
3734,21,2025-07-16
3735,100,2025-07-16
3736,175,2025-07-16
3737,171,2025-07-16
3738,7,2025-07-16
3739,172,2025-07-17
3740,139,2025-07-17
3741,58,2025-07-17
3742,95,2025-07-17
3743,147,2025-07-17
3744,127,2025-07-17
3745,74,2025-07-17
3746,174,2025-07-17
3747,49,2025-07-17
3748,74,2025-07-17
3749,33,2025-07-17
3750,176,2025-07-17
3751,149,2025-07-17
3752,84,2025-07-17
3753,4,2025-07-17
3754,200,2025-07-17
3755,98,2025-07-18
3756,105,2025-07-18
3757,59,2025-07-18
3758,108,2025-07-18
3759,132,2025-07-18
3760,1,2025-07-18
3761,72,2025-07-18
3762,71,2025-07-18
3763,39,2025-07-18
3764,170,2025-07-18
3765,26,2025-07-18
3766,180,2025-07-18
3767,200,2025-07-18
3768,8,2025-07-18
3769,141,2025-07-18
3770,154,2025-07-18
3771,92,2025-07-18
3772,45,2025-07-18
3773,128,2025-07-18
3774,161,2025-07-19
3775,187,2025-07-19
3776,108,2025-07-19
3777,7,2025-07-19
3778,175,2025-07-19
3779,91,2025-07-19
3780,38,2025-07-19
3781,14,2025-07-19
3782,169,2025-07-19
3783,41,2025-07-19
3784,161,2025-07-19
3785,166,2025-07-19
3786,177,2025-07-19
3787,90,2025-07-19
3788,172,2025-07-19
3789,187,2025-07-19
3790,66,2025-07-19
3791,111,2025-07-19
3792,79,2025-07-19
3793,97,2025-07-20
3794,162,2025-07-20
3795,157,2025-07-20
3796,96,2025-07-20
3797,23,2025-07-20
3798,196,2025-07-20
3799,32,2025-07-20
3800,79,2025-07-20
3801,156,2025-07-20
3802,37,2025-07-20
3803,112,2025-07-20
3804,136,2025-07-20
3805,104,2025-07-20
3806,133,2025-07-20
3807,158,2025-07-20
3808,26,2025-07-20
3809,185,2025-07-20
3810,19,2025-07-20
3811,35,2025-07-20
3812,182,2025-07-20
3813,194,2025-07-21
3814,154,2025-07-21
3815,11,2025-07-21
3816,24,2025-07-21
3817,132,2025-07-21
3818,74,2025-07-21
3819,154,2025-07-21
3820,150,2025-07-21
3821,173,2025-07-21
3822,4,2025-07-21
3823,99,2025-07-21
3824,131,2025-07-21
3825,185,2025-07-21
3826,20,2025-07-21
3827,20,2025-07-21
3828,121,2025-07-21
3829,119,2025-07-21
3830,157,2025-07-21
3831,76,2025-07-22
3832,8,2025-07-22
3833,89,2025-07-22
3834,173,2025-07-22
3835,163,2025-07-22
3836,128,2025-07-22
3837,160,2025-07-22
3838,119,2025-07-22
3839,53,2025-07-22
3840,190,2025-07-22
3841,129,2025-07-22
3842,32,2025-07-22
3843,84,2025-07-22
3844,189,2025-07-22
3845,39,2025-07-22
3846,21,2025-07-22
3847,167,2025-07-22
3848,196,2025-07-23
3849,28,2025-07-23
3850,109,2025-07-23
3851,38,2025-07-23
3852,117,2025-07-23
3853,86,2025-07-23
3854,50,2025-07-23
3855,46,2025-07-23
3856,62,2025-07-23
3857,157,2025-07-23
3858,125,2025-07-23
3859,84,2025-07-23
3860,87,2025-07-23
3861,12,2025-07-23
3862,16,2025-07-23
3863,169,2025-07-23
3864,98,2025-07-23
3865,82,2025-07-24
3866,148,2025-07-24
3867,21,2025-07-24
3868,77,2025-07-24
3869,152,2025-07-24
3870,24,2025-07-24
3871,98,2025-07-24
3872,51,2025-07-24
3873,32,2025-07-24
3874,120,2025-07-24
3875,61,2025-07-24
3876,27,2025-07-24
3877,71,2025-07-24
3878,194,2025-07-24
3879,9,2025-07-24
3880,65,2025-07-24
3881,99,2025-07-24
3882,125,2025-07-24
3883,127,2025-07-24
3884,149,2025-07-24
3885,150,2025-07-25
3886,15,2025-07-25
3887,31,2025-07-25
3888,30,2025-07-25
3889,156,2025-07-25
3890,135,2025-07-25
3891,35,2025-07-25
3892,102,2025-07-25
3893,139,2025-07-25
3894,170,2025-07-25
3895,175,2025-07-25
3896,13,2025-07-25
3897,25,2025-07-25
3898,23,2025-07-25
3899,11,2025-07-25
3900,20,2025-07-25
3901,133,2025-07-26
3902,142,2025-07-26
3903,146,2025-07-26
3904,4,2025-07-26
3905,200,2025-07-26
3906,1,2025-07-26
3907,148,2025-07-26
3908,67,2025-07-26
3909,152,2025-07-26
3910,43,2025-07-26
3911,150,2025-07-26
3912,149,2025-07-26
3913,73,2025-07-26
3914,77,2025-07-26
3915,103,2025-07-26
3916,143,2025-07-26
3917,181,2025-07-26
3918,46,2025-07-26
3919,90,2025-07-26
3920,15,2025-07-27
3921,43,2025-07-27
3922,169,2025-07-27
3923,133,2025-07-27
3924,32,2025-07-27
3925,169,2025-07-27
3926,35,2025-07-27
3927,9,2025-07-27
3928,27,2025-07-27
3929,118,2025-07-27
3930,8,2025-07-27
3931,88,2025-07-27
3932,6,2025-07-27
3933,199,2025-07-27
3934,38,2025-07-27
3935,19,2025-07-27
3936,162,2025-07-27
3937,83,2025-07-27
3938,142,2025-07-27
3939,56,2025-07-28
3940,151,2025-07-28
3941,9,2025-07-28
3942,119,2025-07-28
3943,54,2025-07-28
3944,97,2025-07-28
3945,186,2025-07-28
3946,125,2025-07-28
3947,101,2025-07-28
3948,65,2025-07-28
3949,129,2025-07-28
3950,43,2025-07-28
3951,134,2025-07-28
3952,42,2025-07-28
3953,175,2025-07-28
3954,161,2025-07-28
3955,94,2025-07-28
3956,9,2025-07-28
3957,156,2025-07-29
3958,85,2025-07-29
3959,129,2025-07-29
3960,91,2025-07-29
3961,43,2025-07-29
3962,97,2025-07-29
3963,170,2025-07-29
3964,188,2025-07-29
3965,128,2025-07-29
3966,120,2025-07-29
3967,144,2025-07-29
3968,130,2025-07-29
3969,22,2025-07-29
3970,11,2025-07-29
3971,132,2025-07-29
3972,133,2025-07-29
3973,54,2025-07-29
3974,9,2025-07-30
3975,19,2025-07-30
3976,192,2025-07-30
3977,163,2025-07-30
3978,190,2025-07-30
3979,140,2025-07-30
3980,95,2025-07-30
3981,8,2025-07-30
3982,133,2025-07-30
3983,160,2025-07-30
3984,194,2025-07-30
3985,109,2025-07-30
3986,78,2025-07-30
3987,33,2025-07-30
3988,47,2025-07-30
3989,44,2025-07-30
3990,66,2025-07-30
3991,45,2025-07-30
3992,51,2025-07-30
3993,15,2025-07-30
3994,146,2025-07-30
3995,100,2025-07-31
3996,90,2025-07-31
3997,29,2025-07-31
3998,167,2025-07-31
3999,43,2025-07-31
4000,109,2025-07-31
4001,179,2025-07-31
4002,108,2025-07-31
4003,54,2025-07-31
4004,191,2025-07-31
4005,16,2025-07-31
4006,133,2025-07-31
4007,48,2025-07-31
4008,173,2025-07-31
4009,168,2025-07-31
4010,194,2025-07-31
4011,54,2025-07-31
4012,71,2025-07-31
4013,15,2025-07-31
4014,198,2025-07-31
4015,152,2025-07-31
4016,159,2025-07-31
4017,110,2025-08-01
4018,109,2025-08-01
4019,15,2025-08-01
4020,175,2025-08-01
4021,53,2025-08-01
4022,17,2025-08-01
4023,50,2025-08-01
4024,27,2025-08-01
4025,10,2025-08-01
4026,170,2025-08-01
4027,128,2025-08-01
4028,178,2025-08-01
4029,71,2025-08-01
4030,110,2025-08-01
4031,138,2025-08-01
4032,110,2025-08-01
4033,187,2025-08-01
4034,31,2025-08-01
4035,161,2025-08-01
4036,144,2025-08-01
4037,36,2025-08-01
4038,115,2025-08-02
4039,88,2025-08-02
4040,16,2025-08-02
4041,16,2025-08-02
4042,56,2025-08-02
4043,18,2025-08-02
4044,191,2025-08-02
4045,52,2025-08-02
4046,175,2025-08-02
4047,153,2025-08-02
4048,46,2025-08-02
4049,8,2025-08-02
4050,106,2025-08-02
4051,78,2025-08-02
4052,100,2025-08-02
4053,148,2025-08-02
4054,143,2025-08-02
4055,103,2025-08-02
4056,10,2025-08-02
4057,100,2025-08-03
4058,3,2025-08-03
4059,15,2025-08-03
4060,186,2025-08-03
4061,131,2025-08-03
4062,60,2025-08-03
4063,102,2025-08-03
4064,126,2025-08-03
4065,199,2025-08-03
4066,124,2025-08-03
4067,45,2025-08-03
4068,159,2025-08-03
4069,40,2025-08-03
4070,171,2025-08-03
4071,150,2025-08-03
4072,149,2025-08-03
4073,151,2025-08-03
4074,33,2025-08-03
4075,36,2025-08-03
4076,178,2025-08-04
4077,51,2025-08-04
4078,171,2025-08-04
4079,184,2025-08-04
4080,19,2025-08-04
4081,136,2025-08-04
4082,7,2025-08-04
4083,178,2025-08-04
4084,5,2025-08-04
4085,154,2025-08-04
4086,93,2025-08-04
4087,2,2025-08-04
4088,5,2025-08-04
4089,161,2025-08-04
4090,145,2025-08-04
4091,58,2025-08-04
4092,140,2025-08-04
4093,64,2025-08-04
4094,54,2025-08-04
4095,19,2025-08-04
4096,53,2025-08-04
4097,142,2025-08-04
4098,184,2025-08-04
4099,195,2025-08-04
4100,85,2025-08-04
4101,98,2025-08-05
4102,20,2025-08-05
4103,163,2025-08-05
4104,179,2025-08-05
4105,165,2025-08-05
4106,180,2025-08-05
4107,119,2025-08-05
4108,151,2025-08-05
4109,116,2025-08-05
4110,97,2025-08-05
4111,85,2025-08-05
4112,135,2025-08-05
4113,182,2025-08-05
4114,132,2025-08-05
4115,183,2025-08-05
4116,85,2025-08-05
4117,41,2025-08-05
4118,97,2025-08-05
4119,76,2025-08-05
4120,174,2025-08-05
4121,178,2025-08-05
4122,110,2025-08-06
4123,35,2025-08-06
4124,96,2025-08-06
4125,46,2025-08-06
4126,34,2025-08-06
4127,57,2025-08-06
4128,77,2025-08-06
4129,155,2025-08-06
4130,30,2025-08-06
4131,73,2025-08-06
4132,11,2025-08-06
4133,56,2025-08-06
4134,185,2025-08-06
4135,59,2025-08-06
4136,72,2025-08-06
4137,81,2025-08-06
4138,153,2025-08-06
4139,166,2025-08-07
4140,197,2025-08-07
4141,132,2025-08-07
4142,73,2025-08-07
4143,129,2025-08-07
4144,161,2025-08-07
4145,88,2025-08-07
4146,173,2025-08-07
4147,26,2025-08-07
4148,12,2025-08-07
4149,128,2025-08-07
4150,36,2025-08-07
4151,1,2025-08-07
4152,8,2025-08-07
4153,11,2025-08-07
4154,49,2025-08-07
4155,137,2025-08-07
4156,74,2025-08-07
4157,181,2025-08-07
4158,81,2025-08-07
4159,152,2025-08-07
4160,40,2025-08-08
4161,5,2025-08-08
4162,168,2025-08-08
4163,187,2025-08-08
4164,185,2025-08-08
4165,67,2025-08-08
4166,53,2025-08-08
4167,144,2025-08-08
4168,43,2025-08-08
4169,140,2025-08-08
4170,127,2025-08-08
4171,27,2025-08-08
4172,102,2025-08-08
4173,168,2025-08-08
4174,199,2025-08-08
4175,129,2025-08-08
4176,108,2025-08-08
4177,144,2025-08-09
4178,160,2025-08-09
4179,175,2025-08-09
4180,142,2025-08-09
4181,124,2025-08-09
4182,8,2025-08-09
4183,108,2025-08-09
4184,131,2025-08-09
4185,12,2025-08-09
4186,75,2025-08-09
4187,75,2025-08-09
4188,39,2025-08-09
4189,39,2025-08-09
4190,154,2025-08-09
4191,172,2025-08-09
4192,173,2025-08-09
4193,133,2025-08-09
4194,69,2025-08-09
4195,79,2025-08-09
4196,149,2025-08-09
4197,167,2025-08-10
4198,87,2025-08-10
4199,188,2025-08-10
4200,34,2025-08-10
4201,170,2025-08-10
4202,156,2025-08-10
4203,146,2025-08-10
4204,80,2025-08-10
4205,70,2025-08-10
4206,194,2025-08-10
4207,165,2025-08-10
4208,177,2025-08-10
4209,64,2025-08-10
4210,181,2025-08-10
4211,111,2025-08-10
4212,182,2025-08-10
4213,96,2025-08-10
4214,52,2025-08-10
4215,125,2025-08-10
4216,191,2025-08-10
4217,1,2025-08-10
4218,84,2025-08-10
4219,167,2025-08-10
4220,195,2025-08-11
4221,177,2025-08-11
4222,170,2025-08-11
4223,25,2025-08-11
4224,7,2025-08-11
4225,41,2025-08-11
4226,142,2025-08-11
4227,160,2025-08-11
4228,53,2025-08-11
4229,73,2025-08-11
4230,99,2025-08-11
4231,73,2025-08-11
4232,85,2025-08-11
4233,55,2025-08-11
4234,9,2025-08-11
4235,49,2025-08-11
4236,54,2025-08-11
4237,76,2025-08-11
4238,107,2025-08-11
4239,169,2025-08-12
4240,157,2025-08-12
4241,88,2025-08-12
4242,22,2025-08-12
4243,184,2025-08-12
4244,13,2025-08-12
4245,106,2025-08-12
4246,98,2025-08-12
4247,64,2025-08-12
4248,113,2025-08-12
4249,56,2025-08-12
4250,195,2025-08-12
4251,25,2025-08-12
4252,68,2025-08-12
4253,178,2025-08-12
4254,70,2025-08-12
4255,15,2025-08-13
4256,183,2025-08-13
4257,43,2025-08-13
4258,38,2025-08-13
4259,50,2025-08-13
4260,117,2025-08-13
4261,92,2025-08-13
4262,132,2025-08-13
4263,87,2025-08-13
4264,143,2025-08-13
4265,115,2025-08-13
4266,80,2025-08-13
4267,190,2025-08-13
4268,6,2025-08-13
4269,51,2025-08-13
4270,102,2025-08-13
4271,112,2025-08-13
4272,107,2025-08-13
4273,126,2025-08-13
4274,28,2025-08-13
4275,166,2025-08-13
4276,23,2025-08-13
4277,76,2025-08-14
4278,127,2025-08-14
4279,101,2025-08-14
4280,91,2025-08-14
4281,171,2025-08-14
4282,147,2025-08-14
4283,7,2025-08-14
4284,115,2025-08-14
4285,131,2025-08-14
4286,189,2025-08-14
4287,151,2025-08-14
4288,37,2025-08-14
4289,197,2025-08-14
4290,128,2025-08-14
4291,84,2025-08-14
4292,85,2025-08-14
4293,45,2025-08-14
4294,134,2025-08-14
4295,8,2025-08-14
4296,72,2025-08-15
4297,49,2025-08-15
4298,59,2025-08-15
4299,107,2025-08-15
4300,69,2025-08-15
4301,63,2025-08-15
4302,57,2025-08-15
4303,157,2025-08-15
4304,23,2025-08-15
4305,25,2025-08-15
4306,179,2025-08-15
4307,32,2025-08-15
4308,106,2025-08-15
4309,96,2025-08-15
4310,162,2025-08-15
4311,136,2025-08-15
4312,115,2025-08-15
4313,77,2025-08-16
4314,81,2025-08-16
4315,150,2025-08-16
4316,9,2025-08-16
4317,38,2025-08-16
4318,32,2025-08-16
4319,5,2025-08-16
4320,184,2025-08-16
4321,32,2025-08-16
4322,15,2025-08-16
4323,15,2025-08-16
4324,154,2025-08-16
4325,43,2025-08-16
4326,22,2025-08-16
4327,95,2025-08-16
4328,81,2025-08-16
4329,67,2025-08-16
4330,45,2025-08-16
4331,16,2025-08-16
4332,8,2025-08-17
4333,60,2025-08-17
4334,64,2025-08-17
4335,150,2025-08-17
4336,22,2025-08-17
4337,26,2025-08-17
4338,43,2025-08-17
4339,79,2025-08-17
4340,35,2025-08-17
4341,58,2025-08-17
4342,23,2025-08-17
4343,75,2025-08-17
4344,115,2025-08-17
4345,5,2025-08-17
4346,124,2025-08-17
4347,187,2025-08-17
4348,69,2025-08-17
4349,63,2025-08-18
4350,150,2025-08-18
4351,98,2025-08-18
4352,3,2025-08-18
4353,167,2025-08-18
4354,7,2025-08-18
4355,27,2025-08-18
4356,184,2025-08-18
4357,24,2025-08-18
4358,192,2025-08-18
4359,167,2025-08-18
4360,138,2025-08-18
4361,171,2025-08-18
4362,26,2025-08-18
4363,173,2025-08-18
4364,197,2025-08-18
4365,134,2025-08-18
4366,27,2025-08-19
4367,106,2025-08-19
4368,166,2025-08-19
4369,200,2025-08-19
4370,164,2025-08-19
4371,82,2025-08-19
4372,40,2025-08-19
4373,6,2025-08-19
4374,78,2025-08-19
4375,134,2025-08-19
4376,125,2025-08-19
4377,148,2025-08-19
4378,61,2025-08-19
4379,146,2025-08-19
4380,18,2025-08-19
4381,195,2025-08-19
4382,148,2025-08-19
4383,86,2025-08-19
4384,82,2025-08-19
4385,95,2025-08-19
4386,92,2025-08-19
4387,199,2025-08-19
4388,17,2025-08-20
4389,16,2025-08-20
4390,54,2025-08-20
4391,174,2025-08-20
4392,58,2025-08-20
4393,179,2025-08-20
4394,10,2025-08-20
4395,116,2025-08-20
4396,132,2025-08-20
4397,99,2025-08-20
4398,169,2025-08-20
4399,95,2025-08-20
4400,42,2025-08-20
4401,138,2025-08-20
4402,36,2025-08-20
4403,144,2025-08-20
4404,54,2025-08-20
4405,40,2025-08-20
4406,187,2025-08-20
4407,47,2025-08-20
4408,92,2025-08-20
4409,9,2025-08-21
4410,112,2025-08-21
4411,129,2025-08-21
4412,154,2025-08-21
4413,165,2025-08-21
4414,95,2025-08-21
4415,185,2025-08-21
4416,125,2025-08-21
4417,144,2025-08-21
4418,126,2025-08-21
4419,85,2025-08-21
4420,26,2025-08-21
4421,73,2025-08-21
4422,163,2025-08-21
4423,54,2025-08-21
4424,78,2025-08-22
4425,40,2025-08-22
4426,188,2025-08-22
4427,42,2025-08-22
4428,198,2025-08-22
4429,76,2025-08-22
4430,166,2025-08-22
4431,116,2025-08-22
4432,156,2025-08-22
4433,56,2025-08-22
4434,190,2025-08-22
4435,44,2025-08-22
4436,86,2025-08-22
4437,196,2025-08-22
4438,164,2025-08-22
4439,112,2025-08-22
4440,171,2025-08-22
4441,179,2025-08-22
4442,18,2025-08-22
4443,61,2025-08-23
4444,158,2025-08-23
4445,36,2025-08-23
4446,122,2025-08-23
4447,70,2025-08-23
4448,42,2025-08-23
4449,152,2025-08-23
4450,90,2025-08-23
4451,37,2025-08-23
4452,2,2025-08-23
4453,182,2025-08-23
4454,171,2025-08-23
4455,64,2025-08-23
4456,149,2025-08-23
4457,83,2025-08-23
4458,8,2025-08-23
4459,129,2025-08-23
4460,198,2025-08-23
4461,3,2025-08-23
4462,95,2025-08-23
4463,111,2025-08-24
4464,161,2025-08-24
4465,197,2025-08-24
4466,147,2025-08-24
4467,70,2025-08-24
4468,39,2025-08-24
4469,124,2025-08-24
4470,76,2025-08-24
4471,104,2025-08-24
4472,42,2025-08-24
4473,42,2025-08-24
4474,101,2025-08-24
4475,163,2025-08-24
4476,84,2025-08-24
4477,111,2025-08-24
4478,133,2025-08-24
4479,104,2025-08-24
4480,159,2025-08-24
4481,46,2025-08-24
4482,152,2025-08-24
4483,125,2025-08-25
4484,190,2025-08-25
4485,24,2025-08-25
4486,126,2025-08-25
4487,101,2025-08-25
4488,179,2025-08-25
4489,96,2025-08-25
4490,132,2025-08-25
4491,121,2025-08-25
4492,132,2025-08-25
4493,153,2025-08-25
4494,37,2025-08-25
4495,85,2025-08-25
4496,9,2025-08-25
4497,61,2025-08-25
4498,145,2025-08-25
4499,5,2025-08-25
4500,140,2025-08-25
4501,10,2025-08-25
4502,72,2025-08-25
4503,68,2025-08-25
4504,101,2025-08-26
4505,6,2025-08-26
4506,150,2025-08-26
4507,23,2025-08-26
4508,109,2025-08-26
4509,58,2025-08-26
4510,105,2025-08-26
4511,74,2025-08-26
4512,61,2025-08-26
4513,125,2025-08-26
4514,122,2025-08-26
4515,96,2025-08-26
4516,123,2025-08-26
4517,152,2025-08-26
4518,69,2025-08-26
4519,27,2025-08-26
4520,14,2025-08-26
4521,190,2025-08-26
4522,149,2025-08-26
4523,134,2025-08-26
4524,38,2025-08-26
4525,82,2025-08-26
4526,46,2025-08-27
4527,99,2025-08-27
4528,186,2025-08-27
4529,180,2025-08-27
4530,184,2025-08-27
4531,127,2025-08-27
4532,84,2025-08-27
4533,125,2025-08-27
4534,148,2025-08-27
4535,179,2025-08-27
4536,118,2025-08-27
4537,150,2025-08-27
4538,179,2025-08-27
4539,182,2025-08-27
4540,48,2025-08-27
4541,151,2025-08-27
4542,97,2025-08-27
4543,68,2025-08-27
4544,50,2025-08-28
4545,154,2025-08-28
4546,56,2025-08-28
4547,7,2025-08-28
4548,181,2025-08-28
4549,92,2025-08-28
4550,81,2025-08-28
4551,146,2025-08-28
4552,56,2025-08-28
4553,113,2025-08-28
4554,114,2025-08-28
4555,15,2025-08-28
4556,40,2025-08-28
4557,115,2025-08-28
4558,31,2025-08-28
4559,103,2025-08-28
4560,97,2025-08-28
4561,164,2025-08-28
4562,38,2025-08-29
4563,44,2025-08-29
4564,167,2025-08-29
4565,47,2025-08-29
4566,106,2025-08-29
4567,5,2025-08-29
4568,40,2025-08-29
4569,123,2025-08-29
4570,30,2025-08-29
4571,98,2025-08-29
4572,139,2025-08-29
4573,139,2025-08-29
4574,191,2025-08-29
4575,197,2025-08-29
4576,195,2025-08-29
4577,196,2025-08-29
4578,169,2025-08-29
4579,169,2025-08-29
4580,103,2025-08-29
4581,23,2025-08-29
4582,177,2025-08-30
4583,143,2025-08-30
4584,54,2025-08-30
4585,122,2025-08-30
4586,108,2025-08-30
4587,143,2025-08-30
4588,186,2025-08-30
4589,71,2025-08-30
4590,193,2025-08-30
4591,150,2025-08-30
4592,135,2025-08-30
4593,174,2025-08-30
4594,61,2025-08-30
4595,168,2025-08-30
4596,27,2025-08-30
4597,62,2025-08-30
4598,83,2025-08-31
4599,129,2025-08-31
4600,198,2025-08-31
4601,148,2025-08-31
4602,198,2025-08-31
4603,79,2025-08-31
4604,86,2025-08-31
4605,182,2025-08-31
4606,143,2025-08-31
4607,66,2025-08-31
4608,19,2025-08-31
4609,193,2025-08-31
4610,75,2025-08-31
4611,100,2025-08-31
4612,145,2025-08-31
4613,153,2025-08-31
4614,30,2025-08-31
4615,44,2025-08-31
4616,163,2025-09-01
4617,145,2025-09-01
4618,55,2025-09-01
4619,5,2025-09-01
4620,122,2025-09-01
4621,165,2025-09-01
4622,158,2025-09-01
4623,63,2025-09-01
4624,106,2025-09-01
4625,11,2025-09-01
4626,186,2025-09-01
4627,100,2025-09-01
4628,193,2025-09-01
4629,8,2025-09-01
4630,5,2025-09-01
4631,93,2025-09-01
4632,26,2025-09-02
4633,50,2025-09-02
4634,48,2025-09-02
4635,55,2025-09-02
4636,161,2025-09-02
4637,37,2025-09-02
4638,56,2025-09-02
4639,138,2025-09-02
4640,110,2025-09-02
4641,68,2025-09-02
4642,34,2025-09-02
4643,112,2025-09-02
4644,88,2025-09-02
4645,192,2025-09-02
4646,31,2025-09-02
4647,25,2025-09-02
4648,157,2025-09-02
4649,97,2025-09-02
4650,157,2025-09-02
4651,188,2025-09-02
4652,156,2025-09-02
4653,62,2025-09-03
4654,99,2025-09-03
4655,101,2025-09-03
4656,179,2025-09-03
4657,124,2025-09-03
4658,91,2025-09-03
4659,57,2025-09-03
4660,166,2025-09-03
4661,115,2025-09-03
4662,106,2025-09-03
4663,122,2025-09-03
4664,58,2025-09-03
4665,191,2025-09-03
4666,90,2025-09-03
4667,32,2025-09-03
4668,168,2025-09-03
4669,17,2025-09-03
4670,189,2025-09-03
4671,69,2025-09-04
4672,22,2025-09-04
4673,33,2025-09-04
4674,12,2025-09-04
4675,75,2025-09-04
4676,101,2025-09-04
4677,94,2025-09-04
4678,134,2025-09-04
4679,16,2025-09-04
4680,96,2025-09-04
4681,180,2025-09-04
4682,103,2025-09-04
4683,199,2025-09-04
4684,119,2025-09-04
4685,85,2025-09-04
4686,126,2025-09-04
4687,105,2025-09-05
4688,148,2025-09-05
4689,166,2025-09-05
4690,116,2025-09-05
4691,159,2025-09-05
4692,131,2025-09-05
4693,141,2025-09-05
4694,152,2025-09-05
4695,46,2025-09-05
4696,146,2025-09-05
4697,56,2025-09-05
4698,60,2025-09-05
4699,125,2025-09-05
4700,182,2025-09-05
4701,166,2025-09-05
4702,110,2025-09-05
4703,130,2025-09-05
4704,117,2025-09-05
4705,59,2025-09-05
4706,53,2025-09-05
4707,104,2025-09-05
4708,116,2025-09-06
4709,4,2025-09-06
4710,154,2025-09-06
4711,166,2025-09-06
4712,162,2025-09-06
4713,151,2025-09-06
4714,64,2025-09-06
4715,108,2025-09-06
4716,8,2025-09-06
4717,64,2025-09-06
4718,123,2025-09-06
4719,18,2025-09-06
4720,126,2025-09-06
4721,90,2025-09-06
4722,15,2025-09-06
4723,159,2025-09-06
4724,80,2025-09-06
4725,27,2025-09-06
4726,122,2025-09-06
4727,115,2025-09-07
4728,23,2025-09-07
4729,138,2025-09-07
4730,78,2025-09-07
4731,174,2025-09-07
4732,11,2025-09-07
4733,197,2025-09-07
4734,168,2025-09-07
4735,54,2025-09-07
4736,20,2025-09-07
4737,50,2025-09-07
4738,54,2025-09-07
4739,122,2025-09-07
4740,3,2025-09-07
4741,26,2025-09-07
4742,110,2025-09-07
4743,84,2025-09-07
4744,54,2025-09-08
4745,37,2025-09-08
4746,128,2025-09-08
4747,146,2025-09-08
4748,80,2025-09-08
4749,94,2025-09-08
4750,17,2025-09-08
4751,98,2025-09-08
4752,164,2025-09-08
4753,103,2025-09-08
4754,27,2025-09-08
4755,104,2025-09-08
4756,143,2025-09-08
4757,96,2025-09-08
4758,78,2025-09-08
4759,4,2025-09-08
4760,145,2025-09-08
4761,17,2025-09-08
4762,94,2025-09-09
4763,43,2025-09-09
4764,155,2025-09-09
4765,152,2025-09-09
4766,61,2025-09-09
4767,140,2025-09-09
4768,146,2025-09-09
4769,47,2025-09-09
4770,19,2025-09-09
4771,124,2025-09-09
4772,165,2025-09-09
4773,181,2025-09-09
4774,28,2025-09-09
4775,19,2025-09-09
4776,132,2025-09-09
4777,63,2025-09-10
4778,114,2025-09-10
4779,104,2025-09-10
4780,200,2025-09-10
4781,75,2025-09-10
4782,40,2025-09-10
4783,60,2025-09-10
4784,161,2025-09-10
4785,168,2025-09-10
4786,100,2025-09-10
4787,28,2025-09-10
4788,41,2025-09-10
4789,153,2025-09-10
4790,37,2025-09-10
4791,60,2025-09-10
4792,9,2025-09-10
4793,48,2025-09-10
4794,196,2025-09-10
4795,51,2025-09-10
4796,61,2025-09-10
4797,42,2025-09-10
4798,115,2025-09-11
4799,192,2025-09-11
4800,162,2025-09-11
4801,49,2025-09-11
4802,128,2025-09-11
4803,59,2025-09-11
4804,57,2025-09-11
4805,182,2025-09-11
4806,45,2025-09-11
4807,182,2025-09-11
4808,60,2025-09-11
4809,116,2025-09-11
4810,154,2025-09-11
4811,120,2025-09-11
4812,150,2025-09-11
4813,75,2025-09-11
4814,171,2025-09-11
4815,4,2025-09-12
4816,11,2025-09-12
4817,128,2025-09-12
4818,57,2025-09-12
4819,152,2025-09-12
4820,103,2025-09-12
4821,72,2025-09-12
4822,20,2025-09-12
4823,25,2025-09-12
4824,42,2025-09-12
4825,34,2025-09-12
4826,89,2025-09-12
4827,25,2025-09-12
4828,58,2025-09-12
4829,48,2025-09-12
4830,16,2025-09-12
4831,15,2025-09-12
4832,47,2025-09-12
4833,22,2025-09-12
4834,80,2025-09-12
4835,185,2025-09-12
4836,132,2025-09-13
4837,27,2025-09-13
4838,196,2025-09-13
4839,147,2025-09-13
4840,59,2025-09-13
4841,197,2025-09-13
4842,115,2025-09-13
4843,60,2025-09-13
4844,74,2025-09-13
4845,9,2025-09-13
4846,95,2025-09-13
4847,180,2025-09-13
4848,108,2025-09-13
4849,90,2025-09-13
4850,83,2025-09-13
4851,142,2025-09-13
4852,8,2025-09-13
4853,84,2025-09-13
4854,181,2025-09-13
4855,169,2025-09-13
4856,169,2025-09-14
4857,101,2025-09-14
4858,98,2025-09-14
4859,167,2025-09-14
4860,67,2025-09-14
4861,71,2025-09-14
4862,90,2025-09-14
4863,137,2025-09-14
4864,60,2025-09-14
4865,40,2025-09-14
4866,177,2025-09-14
4867,123,2025-09-14
4868,108,2025-09-14
4869,143,2025-09-14
4870,70,2025-09-14
4871,78,2025-09-14
4872,91,2025-09-14
4873,48,2025-09-14
4874,21,2025-09-14
4875,173,2025-09-14
4876,164,2025-09-14
4877,78,2025-09-14
4878,147,2025-09-15
4879,77,2025-09-15
4880,154,2025-09-15
4881,132,2025-09-15
4882,181,2025-09-15
4883,139,2025-09-15
4884,35,2025-09-15
4885,189,2025-09-15
4886,116,2025-09-15
4887,93,2025-09-15
4888,85,2025-09-15
4889,136,2025-09-15
4890,129,2025-09-15
4891,52,2025-09-15
4892,114,2025-09-15
4893,198,2025-09-15
4894,52,2025-09-15
4895,68,2025-09-15
4896,58,2025-09-16
4897,168,2025-09-16
4898,49,2025-09-16
4899,169,2025-09-16
4900,176,2025-09-16
4901,37,2025-09-16
4902,197,2025-09-16
4903,76,2025-09-16
4904,96,2025-09-16
4905,36,2025-09-16
4906,136,2025-09-16
4907,14,2025-09-16
4908,181,2025-09-16
4909,82,2025-09-16
4910,189,2025-09-16
4911,132,2025-09-16
4912,92,2025-09-16
4913,156,2025-09-16
4914,11,2025-09-17
4915,45,2025-09-17
4916,153,2025-09-17
4917,46,2025-09-17
4918,77,2025-09-17
4919,133,2025-09-17
4920,170,2025-09-17
4921,54,2025-09-17
4922,89,2025-09-17
4923,107,2025-09-17
4924,187,2025-09-17
4925,111,2025-09-17
4926,33,2025-09-17
4927,40,2025-09-17
4928,87,2025-09-17
4929,113,2025-09-17
4930,125,2025-09-18
4931,3,2025-09-18
4932,84,2025-09-18
4933,90,2025-09-18
4934,60,2025-09-18
4935,124,2025-09-18
4936,199,2025-09-18
4937,29,2025-09-18
4938,124,2025-09-18
4939,197,2025-09-18
4940,117,2025-09-18
4941,106,2025-09-18
4942,178,2025-09-18
4943,117,2025-09-18
4944,18,2025-09-18
4945,113,2025-09-18
4946,20,2025-09-18
4947,15,2025-09-18
4948,138,2025-09-18
4949,97,2025-09-18
4950,84,2025-09-19
4951,130,2025-09-19
4952,194,2025-09-19
4953,108,2025-09-19
4954,170,2025-09-19
4955,167,2025-09-19
4956,144,2025-09-19
4957,110,2025-09-19
4958,170,2025-09-19
4959,120,2025-09-19
4960,176,2025-09-19
4961,24,2025-09-19
4962,39,2025-09-19
4963,160,2025-09-19
4964,115,2025-09-19
4965,42,2025-09-19
4966,166,2025-09-19
4967,29,2025-09-20
4968,72,2025-09-20
4969,67,2025-09-20
4970,146,2025-09-20
4971,38,2025-09-20
4972,46,2025-09-20
4973,74,2025-09-20
4974,28,2025-09-20
4975,124,2025-09-20
4976,79,2025-09-20
4977,133,2025-09-20
4978,68,2025-09-20
4979,100,2025-09-20
4980,178,2025-09-20
4981,95,2025-09-20
4982,54,2025-09-20
4983,82,2025-09-20
4984,191,2025-09-20
4985,118,2025-09-20
4986,71,2025-09-20
4987,137,2025-09-20
4988,52,2025-09-20
4989,123,2025-09-21
4990,66,2025-09-21
4991,169,2025-09-21
4992,39,2025-09-21
4993,23,2025-09-21
4994,192,2025-09-21
4995,65,2025-09-21
4996,186,2025-09-21
4997,123,2025-09-21
4998,23,2025-09-21
4999,10,2025-09-21
5000,75,2025-09-21
5001,117,2025-09-21
5002,49,2025-09-21
5003,108,2025-09-21
5004,79,2025-09-21
5005,130,2025-09-21
5006,186,2025-09-21
5007,164,2025-09-21
5008,85,2025-09-22
5009,60,2025-09-22
5010,25,2025-09-22
5011,68,2025-09-22
5012,164,2025-09-22
5013,145,2025-09-22
5014,4,2025-09-22
5015,64,2025-09-22
5016,76,2025-09-22
5017,196,2025-09-22
5018,3,2025-09-22
5019,112,2025-09-22
5020,178,2025-09-22
5021,27,2025-09-22
5022,46,2025-09-22
5023,84,2025-09-22
5024,194,2025-09-22
5025,125,2025-09-22
5026,165,2025-09-22
5027,29,2025-09-23
5028,92,2025-09-23
5029,124,2025-09-23
5030,181,2025-09-23
5031,147,2025-09-23
5032,48,2025-09-23
5033,128,2025-09-23
5034,176,2025-09-23
5035,177,2025-09-23
5036,58,2025-09-23
5037,81,2025-09-23
5038,168,2025-09-23
5039,51,2025-09-23
5040,2,2025-09-23
5041,15,2025-09-23
5042,122,2025-09-23
5043,127,2025-09-23
5044,94,2025-09-23
5045,52,2025-09-23
5046,55,2025-09-23
5047,39,2025-09-23
5048,98,2025-09-24
5049,73,2025-09-24
5050,12,2025-09-24
5051,200,2025-09-24
5052,58,2025-09-24
5053,95,2025-09-24
5054,11,2025-09-24
5055,135,2025-09-24
5056,17,2025-09-24
5057,122,2025-09-24
5058,141,2025-09-24
5059,126,2025-09-24
5060,53,2025-09-24
5061,40,2025-09-24
5062,183,2025-09-24
5063,121,2025-09-24
5064,88,2025-09-24
5065,46,2025-09-24
5066,41,2025-09-25
5067,51,2025-09-25
5068,98,2025-09-25
5069,62,2025-09-25
5070,39,2025-09-25
5071,54,2025-09-25
5072,33,2025-09-25
5073,186,2025-09-25
5074,91,2025-09-25
5075,20,2025-09-25
5076,124,2025-09-25
5077,156,2025-09-25
5078,56,2025-09-25
5079,1,2025-09-25
5080,11,2025-09-25
5081,136,2025-09-25
5082,18,2025-09-25
5083,124,2025-09-25
5084,139,2025-09-25
5085,91,2025-09-25
5086,157,2025-09-25
5087,72,2025-09-25
5088,57,2025-09-25
5089,198,2025-09-25
5090,42,2025-09-25
5091,160,2025-09-25
5092,58,2025-09-26
5093,117,2025-09-26
5094,155,2025-09-26
5095,53,2025-09-26
5096,73,2025-09-26
5097,159,2025-09-26
5098,39,2025-09-26
5099,21,2025-09-26
5100,176,2025-09-26
5101,42,2025-09-26
5102,113,2025-09-26
5103,190,2025-09-26
5104,52,2025-09-26
5105,164,2025-09-26
5106,130,2025-09-26
5107,43,2025-09-26
5108,101,2025-09-26
5109,180,2025-09-26
5110,157,2025-09-26
5111,188,2025-09-26
5112,55,2025-09-26
5113,128,2025-09-27
5114,198,2025-09-27
5115,14,2025-09-27
5116,20,2025-09-27
5117,127,2025-09-27
5118,16,2025-09-27
5119,191,2025-09-27
5120,145,2025-09-27
5121,197,2025-09-27
5122,43,2025-09-27
5123,95,2025-09-27
5124,143,2025-09-27
5125,57,2025-09-27
5126,50,2025-09-27
5127,9,2025-09-28
5128,58,2025-09-28
5129,152,2025-09-28
5130,129,2025-09-28
5131,116,2025-09-28
5132,143,2025-09-28
5133,186,2025-09-28
5134,146,2025-09-28
5135,141,2025-09-28
5136,127,2025-09-28
5137,117,2025-09-28
5138,172,2025-09-28
5139,22,2025-09-28
5140,41,2025-09-28
5141,178,2025-09-28
5142,2,2025-09-28
5143,190,2025-09-28
5144,179,2025-09-29
5145,96,2025-09-29
5146,72,2025-09-29
5147,154,2025-09-29
5148,156,2025-09-29
5149,39,2025-09-29
5150,25,2025-09-29
5151,173,2025-09-29
5152,93,2025-09-29
5153,176,2025-09-29
5154,157,2025-09-29
5155,162,2025-09-29
5156,94,2025-09-29
5157,96,2025-09-29
5158,48,2025-09-29
5159,48,2025-09-29
5160,101,2025-09-29
5161,14,2025-09-29
5162,147,2025-09-29
5163,29,2025-09-30
5164,160,2025-09-30
5165,102,2025-09-30
5166,36,2025-09-30
5167,63,2025-09-30
5168,200,2025-09-30
5169,131,2025-09-30
5170,177,2025-09-30
5171,200,2025-09-30
5172,54,2025-09-30
5173,152,2025-09-30
5174,112,2025-09-30
5175,135,2025-09-30
5176,63,2025-09-30
5177,119,2025-09-30
5178,57,2025-09-30
5179,175,2025-09-30
5180,92,2025-09-30
5181,65,2025-10-01
5182,185,2025-10-01
5183,193,2025-10-01
5184,107,2025-10-01
5185,142,2025-10-01
5186,118,2025-10-01
5187,156,2025-10-01
5188,95,2025-10-01
5189,60,2025-10-01
5190,166,2025-10-01
5191,11,2025-10-01
5192,117,2025-10-01
5193,137,2025-10-01
5194,111,2025-10-01
5195,24,2025-10-01
5196,79,2025-10-01
5197,150,2025-10-01
5198,105,2025-10-01
5199,36,2025-10-01
5200,73,2025-10-01
5201,120,2025-10-01
5202,85,2025-10-01
5203,121,2025-10-01
5204,100,2025-10-02
5205,100,2025-10-02
5206,161,2025-10-02
5207,160,2025-10-02
5208,97,2025-10-02
5209,114,2025-10-02
5210,109,2025-10-02
5211,186,2025-10-02
5212,191,2025-10-02
5213,117,2025-10-02
5214,179,2025-10-02
5215,125,2025-10-02
5216,51,2025-10-02
5217,74,2025-10-02
5218,76,2025-10-02
5219,69,2025-10-02
5220,35,2025-10-02
5221,101,2025-10-02
5222,199,2025-10-02
5223,188,2025-10-03
5224,61,2025-10-03
5225,137,2025-10-03
5226,48,2025-10-03
5227,14,2025-10-03
5228,169,2025-10-03
5229,150,2025-10-03
5230,24,2025-10-03
5231,74,2025-10-03
5232,182,2025-10-03
5233,89,2025-10-03
5234,55,2025-10-03
5235,168,2025-10-03
5236,64,2025-10-03
5237,106,2025-10-03
5238,136,2025-10-03
5239,193,2025-10-03
5240,73,2025-10-03
5241,30,2025-10-03
5242,31,2025-10-03
5243,118,2025-10-03
5244,154,2025-10-03
5245,14,2025-10-04
5246,191,2025-10-04
5247,183,2025-10-04
5248,1,2025-10-04
5249,3,2025-10-04
5250,94,2025-10-04
5251,72,2025-10-04
5252,190,2025-10-04
5253,12,2025-10-04
5254,142,2025-10-04
5255,44,2025-10-04
5256,127,2025-10-04
5257,34,2025-10-04
5258,137,2025-10-04
5259,122,2025-10-04
5260,158,2025-10-04
5261,110,2025-10-04
5262,114,2025-10-04
5263,161,2025-10-04
5264,196,2025-10-04
5265,167,2025-10-05
5266,157,2025-10-05
5267,74,2025-10-05
5268,112,2025-10-05
5269,157,2025-10-05
5270,112,2025-10-05
5271,157,2025-10-05
5272,11,2025-10-05
5273,42,2025-10-05
5274,181,2025-10-05
5275,81,2025-10-05
5276,63,2025-10-05
5277,5,2025-10-05
5278,73,2025-10-05
5279,163,2025-10-05
5280,152,2025-10-05
5281,143,2025-10-05
5282,126,2025-10-05
5283,156,2025-10-05
5284,132,2025-10-05
5285,197,2025-10-05
5286,191,2025-10-05
5287,34,2025-10-05
5288,171,2025-10-06
5289,160,2025-10-06
5290,94,2025-10-06
5291,36,2025-10-06
5292,112,2025-10-06
5293,134,2025-10-06
5294,38,2025-10-06
5295,79,2025-10-06
5296,106,2025-10-06
5297,181,2025-10-06
5298,108,2025-10-06
5299,159,2025-10-06
5300,61,2025-10-06
5301,135,2025-10-06
5302,123,2025-10-06
5303,28,2025-10-06
5304,142,2025-10-07
5305,142,2025-10-07
5306,184,2025-10-07
5307,173,2025-10-07
5308,185,2025-10-07
5309,86,2025-10-07
5310,69,2025-10-07
5311,169,2025-10-07
5312,37,2025-10-07
5313,79,2025-10-07
5314,82,2025-10-07
5315,115,2025-10-07
5316,9,2025-10-07
5317,143,2025-10-07
5318,59,2025-10-07
5319,151,2025-10-07
5320,163,2025-10-07
5321,75,2025-10-07
5322,73,2025-10-08
5323,17,2025-10-08
5324,90,2025-10-08
5325,134,2025-10-08
5326,196,2025-10-08
5327,52,2025-10-08
5328,101,2025-10-08
5329,121,2025-10-08
5330,192,2025-10-08
5331,111,2025-10-08
5332,113,2025-10-08
5333,74,2025-10-08
5334,23,2025-10-08
5335,147,2025-10-08
5336,158,2025-10-08
5337,69,2025-10-08
5338,83,2025-10-08
5339,64,2025-10-08
5340,140,2025-10-09
5341,102,2025-10-09
5342,163,2025-10-09
5343,89,2025-10-09
5344,54,2025-10-09
5345,96,2025-10-09
5346,4,2025-10-09
5347,72,2025-10-09
5348,43,2025-10-09
5349,58,2025-10-09
5350,170,2025-10-09
5351,66,2025-10-09
5352,165,2025-10-09
5353,83,2025-10-09
5354,26,2025-10-09
5355,84,2025-10-09
5356,159,2025-10-09
5357,68,2025-10-09
5358,169,2025-10-09
5359,86,2025-10-09
5360,102,2025-10-10
5361,196,2025-10-10
5362,79,2025-10-10
5363,102,2025-10-10
5364,83,2025-10-10
5365,117,2025-10-10
5366,92,2025-10-10
5367,170,2025-10-10
5368,124,2025-10-10
5369,128,2025-10-10
5370,22,2025-10-10
5371,56,2025-10-10
5372,21,2025-10-10
5373,197,2025-10-10
5374,151,2025-10-10
5375,149,2025-10-11
5376,167,2025-10-11
5377,101,2025-10-11
5378,124,2025-10-11
5379,52,2025-10-11
5380,87,2025-10-11
5381,23,2025-10-11
5382,75,2025-10-11
5383,81,2025-10-11
5384,23,2025-10-11
5385,46,2025-10-11
5386,157,2025-10-11
5387,65,2025-10-11
5388,44,2025-10-11
5389,135,2025-10-11
5390,197,2025-10-11
5391,155,2025-10-11
5392,43,2025-10-11
5393,123,2025-10-11
5394,16,2025-10-11
5395,96,2025-10-12
5396,1,2025-10-12
5397,158,2025-10-12
5398,165,2025-10-12
5399,49,2025-10-12
5400,167,2025-10-12
5401,107,2025-10-12
5402,195,2025-10-12
5403,78,2025-10-12
5404,194,2025-10-12
5405,7,2025-10-12
5406,159,2025-10-12
5407,90,2025-10-12
5408,125,2025-10-12
5409,176,2025-10-12
5410,182,2025-10-13
5411,124,2025-10-13
5412,186,2025-10-13
5413,135,2025-10-13
5414,142,2025-10-13
5415,184,2025-10-13
5416,80,2025-10-13
5417,17,2025-10-13
5418,122,2025-10-13
5419,9,2025-10-13
5420,22,2025-10-13
5421,57,2025-10-13
5422,72,2025-10-13
5423,63,2025-10-13
5424,22,2025-10-13
5425,165,2025-10-13
5426,99,2025-10-13
5427,33,2025-10-13
5428,141,2025-10-14
5429,122,2025-10-14
5430,65,2025-10-14
5431,118,2025-10-14
5432,192,2025-10-14
5433,60,2025-10-14
5434,184,2025-10-14
5435,110,2025-10-14
5436,122,2025-10-14
5437,182,2025-10-14
5438,14,2025-10-14
5439,108,2025-10-14
5440,93,2025-10-14
5441,153,2025-10-14
5442,86,2025-10-14
5443,6,2025-10-14
5444,108,2025-10-14
5445,123,2025-10-14
5446,107,2025-10-14
5447,30,2025-10-14
5448,131,2025-10-14
5449,23,2025-10-15
5450,59,2025-10-15
5451,42,2025-10-15
5452,108,2025-10-15
5453,174,2025-10-15
5454,84,2025-10-15
5455,121,2025-10-15
5456,4,2025-10-15
5457,50,2025-10-15
5458,43,2025-10-15
5459,70,2025-10-15
5460,20,2025-10-15
5461,8,2025-10-15
5462,82,2025-10-15
5463,63,2025-10-15
5464,44,2025-10-15
5465,54,2025-10-15
5466,191,2025-10-15
5467,37,2025-10-15
5468,145,2025-10-15
5469,12,2025-10-15
5470,27,2025-10-16
5471,78,2025-10-16
5472,36,2025-10-16
5473,47,2025-10-16
5474,156,2025-10-16
5475,84,2025-10-16
5476,82,2025-10-16
5477,134,2025-10-16
5478,86,2025-10-16
5479,31,2025-10-16
5480,147,2025-10-16
5481,56,2025-10-16
5482,103,2025-10-16
5483,197,2025-10-16
5484,187,2025-10-16
5485,194,2025-10-16
5486,78,2025-10-16
5487,16,2025-10-16
5488,107,2025-10-16
5489,179,2025-10-17
5490,186,2025-10-17
5491,2,2025-10-17
5492,6,2025-10-17
5493,9,2025-10-17
5494,34,2025-10-17
5495,145,2025-10-17
5496,158,2025-10-17
5497,185,2025-10-17
5498,187,2025-10-17
5499,123,2025-10-17
5500,164,2025-10-17
5501,68,2025-10-17
5502,80,2025-10-17
5503,17,2025-10-17
5504,4,2025-10-17
5505,145,2025-10-17
5506,111,2025-10-17
5507,103,2025-10-17
5508,85,2025-10-18
5509,177,2025-10-18
5510,165,2025-10-18
5511,72,2025-10-18
5512,6,2025-10-18
5513,162,2025-10-18
5514,83,2025-10-18
5515,58,2025-10-18
5516,180,2025-10-18
5517,52,2025-10-18
5518,110,2025-10-18
5519,12,2025-10-18
5520,153,2025-10-18
5521,19,2025-10-18
5522,119,2025-10-18
5523,73,2025-10-18
5524,45,2025-10-18
5525,105,2025-10-18
5526,130,2025-10-18
5527,12,2025-10-18
5528,110,2025-10-18
5529,8,2025-10-19
5530,80,2025-10-19
5531,122,2025-10-19
5532,94,2025-10-19
5533,15,2025-10-19
5534,181,2025-10-19
5535,147,2025-10-19
5536,4,2025-10-19
5537,156,2025-10-19
5538,8,2025-10-19
5539,198,2025-10-19
5540,180,2025-10-19
5541,198,2025-10-19
5542,164,2025-10-19
5543,174,2025-10-19
5544,104,2025-10-19
5545,144,2025-10-19
5546,68,2025-10-19
5547,124,2025-10-19
5548,79,2025-10-20
5549,27,2025-10-20
5550,42,2025-10-20
5551,86,2025-10-20
5552,46,2025-10-20
5553,19,2025-10-20
5554,129,2025-10-20
5555,61,2025-10-20
5556,155,2025-10-20
5557,120,2025-10-20
5558,67,2025-10-20
5559,155,2025-10-20
5560,114,2025-10-20
5561,122,2025-10-20
5562,124,2025-10-20
5563,101,2025-10-20
5564,64,2025-10-20
5565,38,2025-10-20
5566,191,2025-10-20
5567,168,2025-10-20
5568,156,2025-10-20
5569,40,2025-10-20
5570,32,2025-10-21
5571,82,2025-10-21
5572,24,2025-10-21
5573,52,2025-10-21
5574,59,2025-10-21
5575,103,2025-10-21
5576,45,2025-10-21
5577,172,2025-10-21
5578,126,2025-10-21
5579,141,2025-10-21
5580,165,2025-10-21
5581,126,2025-10-21
5582,149,2025-10-21
5583,126,2025-10-21
5584,181,2025-10-21
5585,19,2025-10-21
5586,170,2025-10-21
5587,40,2025-10-21
5588,35,2025-10-21
5589,63,2025-10-22
5590,119,2025-10-22
5591,176,2025-10-22
5592,51,2025-10-22
5593,26,2025-10-22
5594,102,2025-10-22
5595,199,2025-10-22
5596,200,2025-10-22
5597,61,2025-10-22
5598,177,2025-10-22
5599,161,2025-10-22
5600,142,2025-10-22
5601,118,2025-10-22
5602,24,2025-10-22
5603,140,2025-10-23
5604,98,2025-10-23
5605,41,2025-10-23
5606,176,2025-10-23
5607,155,2025-10-23
5608,56,2025-10-23
5609,88,2025-10-23
5610,143,2025-10-23
5611,91,2025-10-23
5612,52,2025-10-23
5613,42,2025-10-23
5614,123,2025-10-23
5615,2,2025-10-23
5616,182,2025-10-23
5617,18,2025-10-23
5618,114,2025-10-23
5619,154,2025-10-23
5620,90,2025-10-23
5621,183,2025-10-23
5622,27,2025-10-23
5623,150,2025-10-23
5624,189,2025-10-24
5625,124,2025-10-24
5626,163,2025-10-24
5627,4,2025-10-24
5628,107,2025-10-24
5629,192,2025-10-24
5630,19,2025-10-24
5631,196,2025-10-24
5632,60,2025-10-24
5633,116,2025-10-24
5634,108,2025-10-24
5635,65,2025-10-24
5636,126,2025-10-24
5637,78,2025-10-24
5638,28,2025-10-24
5639,48,2025-10-24
5640,139,2025-10-24
5641,103,2025-10-24
5642,41,2025-10-24
5643,92,2025-10-24
5644,124,2025-10-24
5645,43,2025-10-24
5646,187,2025-10-24
5647,119,2025-10-24
5648,66,2025-10-25
5649,196,2025-10-25
5650,65,2025-10-25
5651,93,2025-10-25
5652,68,2025-10-25
5653,125,2025-10-25
5654,27,2025-10-25
5655,55,2025-10-25
5656,176,2025-10-25
5657,2,2025-10-25
5658,56,2025-10-25
5659,107,2025-10-25
5660,91,2025-10-25
5661,200,2025-10-25
5662,131,2025-10-25
5663,66,2025-10-25
5664,190,2025-10-25
5665,160,2025-10-25
5666,110,2025-10-25
5667,23,2025-10-25
5668,54,2025-10-25
5669,187,2025-10-25
5670,116,2025-10-25
5671,25,2025-10-25
5672,129,2025-10-25
5673,116,2025-10-26
5674,47,2025-10-26
5675,129,2025-10-26
5676,21,2025-10-26
5677,51,2025-10-26
5678,144,2025-10-26
5679,50,2025-10-26
5680,97,2025-10-26
5681,115,2025-10-26
5682,76,2025-10-26
5683,26,2025-10-26
5684,137,2025-10-26
5685,80,2025-10-26
5686,133,2025-10-26
5687,40,2025-10-26
5688,75,2025-10-26
5689,121,2025-10-26
5690,11,2025-10-26
5691,32,2025-10-26
5692,168,2025-10-26
5693,113,2025-10-26
5694,111,2025-10-27
5695,150,2025-10-27
5696,24,2025-10-27
5697,44,2025-10-27
5698,81,2025-10-27
5699,90,2025-10-27
5700,46,2025-10-27
5701,42,2025-10-27
5702,166,2025-10-27
5703,141,2025-10-27
5704,199,2025-10-27
5705,78,2025-10-27
5706,178,2025-10-27
5707,8,2025-10-27
5708,61,2025-10-27
5709,130,2025-10-27
5710,3,2025-10-27
5711,181,2025-10-27
5712,114,2025-10-27
5713,95,2025-10-28
5714,6,2025-10-28
5715,115,2025-10-28
5716,152,2025-10-28
5717,152,2025-10-28
5718,33,2025-10-28
5719,166,2025-10-28
5720,25,2025-10-28
5721,1,2025-10-28
5722,171,2025-10-28
5723,50,2025-10-28
5724,156,2025-10-28
5725,41,2025-10-28
5726,31,2025-10-28
5727,11,2025-10-28
5728,139,2025-10-28
5729,79,2025-10-28
5730,80,2025-10-28
5731,4,2025-10-28
5732,18,2025-10-28
5733,144,2025-10-29
5734,28,2025-10-29
5735,5,2025-10-29
5736,153,2025-10-29
5737,124,2025-10-29
5738,163,2025-10-29
5739,2,2025-10-29
5740,93,2025-10-29
5741,69,2025-10-29
5742,127,2025-10-29
5743,19,2025-10-29
5744,17,2025-10-29
5745,177,2025-10-29
5746,117,2025-10-29
5747,151,2025-10-29
5748,133,2025-10-29
5749,123,2025-10-30
5750,57,2025-10-30
5751,108,2025-10-30
5752,61,2025-10-30
5753,166,2025-10-30
5754,193,2025-10-30
5755,198,2025-10-30
5756,96,2025-10-30
5757,70,2025-10-30
5758,53,2025-10-30
5759,113,2025-10-30
5760,24,2025-10-30
5761,150,2025-10-30
5762,34,2025-10-30
5763,81,2025-10-30
5764,191,2025-10-30
5765,172,2025-10-30
5766,196,2025-10-30
5767,138,2025-10-31
5768,77,2025-10-31
5769,146,2025-10-31
5770,9,2025-10-31
5771,58,2025-10-31
5772,49,2025-10-31
5773,103,2025-10-31
5774,45,2025-10-31
5775,36,2025-10-31
5776,53,2025-10-31
5777,43,2025-10-31
5778,115,2025-10-31
5779,156,2025-10-31
5780,159,2025-10-31
5781,99,2025-10-31
5782,152,2025-10-31
5783,41,2025-10-31
5784,4,2025-10-31
5785,140,2025-10-31
5786,83,2025-10-31
5787,7,2025-10-31
5788,68,2025-10-31
5789,11,2025-10-31
5790,118,2025-11-01
5791,69,2025-11-01
5792,190,2025-11-01
5793,180,2025-11-01
5794,143,2025-11-01
5795,123,2025-11-01
5796,132,2025-11-01
5797,37,2025-11-01
5798,198,2025-11-01
5799,58,2025-11-01
5800,149,2025-11-01
5801,58,2025-11-01
5802,105,2025-11-01
5803,80,2025-11-01
5804,98,2025-11-01
5805,19,2025-11-01
5806,110,2025-11-01
5807,195,2025-11-01
5808,174,2025-11-01
5809,113,2025-11-02
5810,53,2025-11-02
5811,152,2025-11-02
5812,43,2025-11-02
5813,139,2025-11-02
5814,190,2025-11-02
5815,185,2025-11-02
5816,162,2025-11-02
5817,182,2025-11-02
5818,161,2025-11-02
5819,113,2025-11-02
5820,156,2025-11-02
5821,195,2025-11-02
5822,22,2025-11-02
5823,97,2025-11-02
5824,40,2025-11-02
5825,41,2025-11-02
5826,40,2025-11-02
5827,30,2025-11-02
5828,73,2025-11-02
5829,67,2025-11-02
5830,135,2025-11-03
5831,81,2025-11-03
5832,47,2025-11-03
5833,34,2025-11-03
5834,117,2025-11-03
5835,80,2025-11-03
5836,7,2025-11-03
5837,200,2025-11-03
5838,196,2025-11-03
5839,75,2025-11-03
5840,162,2025-11-03
5841,83,2025-11-03
5842,16,2025-11-03
5843,158,2025-11-03
5844,105,2025-11-03
5845,55,2025-11-03
5846,19,2025-11-03
5847,132,2025-11-04
5848,135,2025-11-04
5849,180,2025-11-04
5850,200,2025-11-04
5851,100,2025-11-04
5852,144,2025-11-04
5853,45,2025-11-04
5854,178,2025-11-04
5855,162,2025-11-04
5856,140,2025-11-04
5857,62,2025-11-04
5858,122,2025-11-04
5859,153,2025-11-04
5860,102,2025-11-04
5861,188,2025-11-04
5862,150,2025-11-04
5863,187,2025-11-05
5864,152,2025-11-05
5865,37,2025-11-05
5866,10,2025-11-05
5867,94,2025-11-05
5868,63,2025-11-05
5869,199,2025-11-05
5870,16,2025-11-05
5871,37,2025-11-05
5872,37,2025-11-05
5873,168,2025-11-05
5874,164,2025-11-05
5875,53,2025-11-05
5876,54,2025-11-05
5877,153,2025-11-05
5878,129,2025-11-05
5879,97,2025-11-06
5880,36,2025-11-06
5881,103,2025-11-06
5882,75,2025-11-06
5883,151,2025-11-06
5884,85,2025-11-06
5885,103,2025-11-06
5886,93,2025-11-06
5887,109,2025-11-06
5888,107,2025-11-06
5889,15,2025-11-06
5890,161,2025-11-06
5891,24,2025-11-06
5892,39,2025-11-06
5893,179,2025-11-06
5894,165,2025-11-06
5895,150,2025-11-06
5896,5,2025-11-06
5897,134,2025-11-06
5898,72,2025-11-07
5899,135,2025-11-07
5900,98,2025-11-07
5901,113,2025-11-07
5902,43,2025-11-07
5903,23,2025-11-07
5904,76,2025-11-07
5905,71,2025-11-07
5906,9,2025-11-07
5907,156,2025-11-07
5908,151,2025-11-07
5909,183,2025-11-07
5910,137,2025-11-07
5911,14,2025-11-07
5912,108,2025-11-07
5913,29,2025-11-07
5914,124,2025-11-07
5915,159,2025-11-07
5916,100,2025-11-07
5917,97,2025-11-07
5918,16,2025-11-08
5919,197,2025-11-08
5920,140,2025-11-08
5921,137,2025-11-08
5922,182,2025-11-08
5923,63,2025-11-08
5924,131,2025-11-08
5925,41,2025-11-08
5926,157,2025-11-08
5927,69,2025-11-08
5928,116,2025-11-08
5929,51,2025-11-08
5930,104,2025-11-08
5931,163,2025-11-08
5932,104,2025-11-08
5933,134,2025-11-08
5934,89,2025-11-08
5935,94,2025-11-08
5936,41,2025-11-08
5937,98,2025-11-08
5938,81,2025-11-09
5939,192,2025-11-09
5940,141,2025-11-09
5941,94,2025-11-09
5942,23,2025-11-09
5943,95,2025-11-09
5944,13,2025-11-09
5945,171,2025-11-09
5946,61,2025-11-09
5947,152,2025-11-09
5948,126,2025-11-09
5949,20,2025-11-09
5950,9,2025-11-09
5951,185,2025-11-09
5952,51,2025-11-09
5953,77,2025-11-09
5954,166,2025-11-09
5955,73,2025-11-09
5956,166,2025-11-09
5957,86,2025-11-10
5958,63,2025-11-10
5959,74,2025-11-10
5960,93,2025-11-10
5961,105,2025-11-10
5962,8,2025-11-10
5963,186,2025-11-10
5964,3,2025-11-10
5965,82,2025-11-10
5966,154,2025-11-10
5967,92,2025-11-10
5968,17,2025-11-10
5969,45,2025-11-10
5970,68,2025-11-10
5971,62,2025-11-11
5972,168,2025-11-11
5973,75,2025-11-11
5974,6,2025-11-11
5975,19,2025-11-11
5976,35,2025-11-11
5977,105,2025-11-11
5978,170,2025-11-11
5979,27,2025-11-11
5980,175,2025-11-11
5981,13,2025-11-11
5982,145,2025-11-11
5983,38,2025-11-11
5984,193,2025-11-11
5985,157,2025-11-11
5986,178,2025-11-11
5987,97,2025-11-11
5988,11,2025-11-11
5989,189,2025-11-11
5990,146,2025-11-11
5991,3,2025-11-11
5992,184,2025-11-11
5993,95,2025-11-12
5994,23,2025-11-12
5995,114,2025-11-12
5996,157,2025-11-12
5997,120,2025-11-12
5998,146,2025-11-12
5999,168,2025-11-12
6000,164,2025-11-12
6001,4,2025-11-12
6002,142,2025-11-12
6003,21,2025-11-12
6004,120,2025-11-12
6005,162,2025-11-12
6006,70,2025-11-12
6007,70,2025-11-12
6008,83,2025-11-12
6009,139,2025-11-12
6010,87,2025-11-12
6011,155,2025-11-12
6012,170,2025-11-12
6013,128,2025-11-13
6014,197,2025-11-13
6015,150,2025-11-13
6016,72,2025-11-13
6017,116,2025-11-13
6018,100,2025-11-13
6019,113,2025-11-13
6020,14,2025-11-13
6021,66,2025-11-13
6022,186,2025-11-13
6023,59,2025-11-13
6024,153,2025-11-13
6025,97,2025-11-13
6026,30,2025-11-13
6027,130,2025-11-13
6028,121,2025-11-13
6029,43,2025-11-14
6030,74,2025-11-14
6031,104,2025-11-14
6032,15,2025-11-14
6033,18,2025-11-14
6034,101,2025-11-14
6035,168,2025-11-14
6036,124,2025-11-14
6037,153,2025-11-14
6038,95,2025-11-14
6039,174,2025-11-14
6040,123,2025-11-14
6041,93,2025-11-14
6042,34,2025-11-15
6043,11,2025-11-15
6044,191,2025-11-15
6045,88,2025-11-15
6046,95,2025-11-15
6047,179,2025-11-15
6048,140,2025-11-15
6049,51,2025-11-15
6050,111,2025-11-15
6051,133,2025-11-15
6052,107,2025-11-15
6053,97,2025-11-15
6054,86,2025-11-15
6055,36,2025-11-15
6056,196,2025-11-15
6057,92,2025-11-15
6058,158,2025-11-15
6059,39,2025-11-15
6060,16,2025-11-15
6061,163,2025-11-15
6062,104,2025-11-15
6063,193,2025-11-15
6064,14,2025-11-15
6065,173,2025-11-16
6066,10,2025-11-16
6067,77,2025-11-16
6068,134,2025-11-16
6069,18,2025-11-16
6070,28,2025-11-16
6071,125,2025-11-16
6072,157,2025-11-16
6073,113,2025-11-16
6074,199,2025-11-16
6075,8,2025-11-16
6076,154,2025-11-16
6077,180,2025-11-16
6078,177,2025-11-16
6079,174,2025-11-17
6080,23,2025-11-17
6081,29,2025-11-17
6082,172,2025-11-17
6083,192,2025-11-17
6084,171,2025-11-17
6085,185,2025-11-17
6086,42,2025-11-17
6087,195,2025-11-17
6088,137,2025-11-17
6089,50,2025-11-17
6090,79,2025-11-17
6091,24,2025-11-17
6092,128,2025-11-17
6093,61,2025-11-17
6094,95,2025-11-17
6095,60,2025-11-17
6096,191,2025-11-17
6097,21,2025-11-18
6098,168,2025-11-18
6099,144,2025-11-18
6100,192,2025-11-18
6101,23,2025-11-18
6102,63,2025-11-18
6103,62,2025-11-18
6104,1,2025-11-18
6105,95,2025-11-18
6106,191,2025-11-18
6107,27,2025-11-18
6108,117,2025-11-18
6109,27,2025-11-18
6110,127,2025-11-18
6111,88,2025-11-18
6112,116,2025-11-18
6113,2,2025-11-19
6114,88,2025-11-19
6115,21,2025-11-19
6116,22,2025-11-19
6117,53,2025-11-19
6118,69,2025-11-19
6119,85,2025-11-19
6120,191,2025-11-19
6121,49,2025-11-19
6122,104,2025-11-19
6123,96,2025-11-19
6124,188,2025-11-19
6125,69,2025-11-19
6126,90,2025-11-19
6127,180,2025-11-19
6128,17,2025-11-19
6129,6,2025-11-19
6130,163,2025-11-19
6131,87,2025-11-20
6132,11,2025-11-20
6133,55,2025-11-20
6134,190,2025-11-20
6135,72,2025-11-20
6136,5,2025-11-20
6137,13,2025-11-20
6138,27,2025-11-20
6139,83,2025-11-20
6140,7,2025-11-20
6141,22,2025-11-20
6142,52,2025-11-20
6143,60,2025-11-20
6144,172,2025-11-21
6145,25,2025-11-21
6146,179,2025-11-21
6147,134,2025-11-21
6148,56,2025-11-21
6149,173,2025-11-21
6150,63,2025-11-21
6151,105,2025-11-21
6152,112,2025-11-21
6153,67,2025-11-21
6154,111,2025-11-21
6155,176,2025-11-21
6156,47,2025-11-21
6157,121,2025-11-21
6158,118,2025-11-21
6159,120,2025-11-21
6160,164,2025-11-21
6161,164,2025-11-21
6162,149,2025-11-21
6163,113,2025-11-22
6164,43,2025-11-22
6165,133,2025-11-22
6166,141,2025-11-22
6167,20,2025-11-22
6168,79,2025-11-22
6169,149,2025-11-22
6170,20,2025-11-22
6171,180,2025-11-22
6172,90,2025-11-22
6173,133,2025-11-22
6174,56,2025-11-22
6175,94,2025-11-22
6176,153,2025-11-22
6177,176,2025-11-22
6178,182,2025-11-22
6179,30,2025-11-22
6180,144,2025-11-22
6181,139,2025-11-23
6182,64,2025-11-23
6183,136,2025-11-23
6184,116,2025-11-23
6185,60,2025-11-23
6186,89,2025-11-23
6187,24,2025-11-23
6188,40,2025-11-23
6189,50,2025-11-23
6190,168,2025-11-23
6191,167,2025-11-23
6192,154,2025-11-23
6193,61,2025-11-23
6194,157,2025-11-23
6195,9,2025-11-23
6196,122,2025-11-23
6197,16,2025-11-23
6198,52,2025-11-23
6199,77,2025-11-23
6200,156,2025-11-23
6201,71,2025-11-23
6202,54,2025-11-24
6203,80,2025-11-24
6204,73,2025-11-24
6205,9,2025-11-24
6206,9,2025-11-24
6207,182,2025-11-24
6208,173,2025-11-24
6209,14,2025-11-24
6210,96,2025-11-24
6211,176,2025-11-24
6212,148,2025-11-24
6213,52,2025-11-24
6214,166,2025-11-24
6215,42,2025-11-24
6216,152,2025-11-24
6217,186,2025-11-24
6218,134,2025-11-24
6219,17,2025-11-24
6220,79,2025-11-24
6221,2,2025-11-25
6222,31,2025-11-25
6223,68,2025-11-25
6224,127,2025-11-25
6225,190,2025-11-25
6226,24,2025-11-25
6227,9,2025-11-25
6228,87,2025-11-25
6229,175,2025-11-25
6230,94,2025-11-25
6231,109,2025-11-25
6232,52,2025-11-25
6233,76,2025-11-25
6234,110,2025-11-25
6235,55,2025-11-25
6236,170,2025-11-25
6237,71,2025-11-25
6238,183,2025-11-25
6239,179,2025-11-26
6240,22,2025-11-26
6241,27,2025-11-26
6242,21,2025-11-26
6243,193,2025-11-26
6244,167,2025-11-26
6245,71,2025-11-26
6246,59,2025-11-26
6247,149,2025-11-26
6248,20,2025-11-26
6249,31,2025-11-26
6250,83,2025-11-26
6251,125,2025-11-26
6252,117,2025-11-26
6253,43,2025-11-26
6254,35,2025-11-26
6255,91,2025-11-26
6256,82,2025-11-26
6257,21,2025-11-27
6258,148,2025-11-27
6259,77,2025-11-27
6260,61,2025-11-27
6261,117,2025-11-27
6262,153,2025-11-27
6263,56,2025-11-27
6264,137,2025-11-27
6265,8,2025-11-27
6266,158,2025-11-27
6267,154,2025-11-27
6268,37,2025-11-27
6269,4,2025-11-27
6270,169,2025-11-27
6271,154,2025-11-27
6272,141,2025-11-28
6273,96,2025-11-28
6274,11,2025-11-28
6275,55,2025-11-28
6276,131,2025-11-28
6277,8,2025-11-28
6278,96,2025-11-28
6279,42,2025-11-28
6280,1,2025-11-28
6281,171,2025-11-28
6282,63,2025-11-28
6283,123,2025-11-28
6284,25,2025-11-28
6285,48,2025-11-28
6286,74,2025-11-28
6287,126,2025-11-28
6288,75,2025-11-28
6289,156,2025-11-28
6290,67,2025-11-29
6291,48,2025-11-29
6292,14,2025-11-29
6293,165,2025-11-29
6294,21,2025-11-29
6295,87,2025-11-29
6296,102,2025-11-29
6297,10,2025-11-29
6298,11,2025-11-29
6299,159,2025-11-29
6300,5,2025-11-29
6301,83,2025-11-29
6302,6,2025-11-29
6303,157,2025-11-29
6304,31,2025-11-29
6305,14,2025-11-29
6306,185,2025-11-29
6307,176,2025-11-29
6308,37,2025-11-29
6309,77,2025-11-30
6310,138,2025-11-30
6311,28,2025-11-30
6312,149,2025-11-30
6313,163,2025-11-30
6314,32,2025-11-30
6315,57,2025-11-30
6316,98,2025-11-30
6317,22,2025-11-30
6318,170,2025-11-30
6319,4,2025-11-30
6320,129,2025-11-30
6321,118,2025-11-30
6322,49,2025-11-30
6323,195,2025-11-30
6324,57,2025-11-30
6325,68,2025-11-30
6326,148,2025-11-30
6327,198,2025-11-30
6328,144,2025-11-30
6329,77,2025-12-01
6330,162,2025-12-01
6331,41,2025-12-01
6332,143,2025-12-01
6333,27,2025-12-01
6334,163,2025-12-01
6335,139,2025-12-01
6336,173,2025-12-01
6337,60,2025-12-01
6338,4,2025-12-01
6339,112,2025-12-01
6340,86,2025-12-01
6341,188,2025-12-01
6342,55,2025-12-01
6343,41,2025-12-01
6344,160,2025-12-01
6345,53,2025-12-01
6346,92,2025-12-01
6347,100,2025-12-01
6348,18,2025-12-02
6349,183,2025-12-02
6350,59,2025-12-02
6351,50,2025-12-02
6352,145,2025-12-02
6353,37,2025-12-02
6354,17,2025-12-02
6355,19,2025-12-02
6356,125,2025-12-02
6357,53,2025-12-02
6358,40,2025-12-02
6359,7,2025-12-02
6360,181,2025-12-02
6361,188,2025-12-02
6362,120,2025-12-02
6363,136,2025-12-02
6364,95,2025-12-02
6365,1,2025-12-02
6366,66,2025-12-02
6367,33,2025-12-02
6368,99,2025-12-02
6369,66,2025-12-03
6370,157,2025-12-03
6371,122,2025-12-03
6372,174,2025-12-03
6373,167,2025-12-03
6374,96,2025-12-03
6375,1,2025-12-03
6376,153,2025-12-03
6377,111,2025-12-03
6378,66,2025-12-03
6379,192,2025-12-03
6380,43,2025-12-03
6381,199,2025-12-03
6382,105,2025-12-03
6383,35,2025-12-03
6384,139,2025-12-03
6385,160,2025-12-03
6386,131,2025-12-03
6387,30,2025-12-03
6388,140,2025-12-03
6389,37,2025-12-03
6390,138,2025-12-03
6391,36,2025-12-04
6392,153,2025-12-04
6393,134,2025-12-04
6394,65,2025-12-04
6395,193,2025-12-04
6396,186,2025-12-04
6397,143,2025-12-04
6398,182,2025-12-04
6399,88,2025-12-04
6400,1,2025-12-04
6401,116,2025-12-04
6402,53,2025-12-04
6403,52,2025-12-04
6404,38,2025-12-04
6405,109,2025-12-04
6406,170,2025-12-04
6407,137,2025-12-04
6408,171,2025-12-04
6409,55,2025-12-04
6410,13,2025-12-04
6411,180,2025-12-05
6412,173,2025-12-05
6413,199,2025-12-05
6414,30,2025-12-05
6415,189,2025-12-05
6416,169,2025-12-05
6417,153,2025-12-05
6418,168,2025-12-05
6419,188,2025-12-05
6420,171,2025-12-05
6421,113,2025-12-05
6422,66,2025-12-05
6423,153,2025-12-05
6424,114,2025-12-05
6425,73,2025-12-05
6426,200,2025-12-05
6427,65,2025-12-05
6428,122,2025-12-05
6429,67,2025-12-05
6430,60,2025-12-05
6431,62,2025-12-05
6432,29,2025-12-06
6433,179,2025-12-06
6434,153,2025-12-06
6435,25,2025-12-06
6436,186,2025-12-06
6437,44,2025-12-06
6438,140,2025-12-06
6439,165,2025-12-06
6440,84,2025-12-06
6441,18,2025-12-06
6442,184,2025-12-06
6443,106,2025-12-06
6444,15,2025-12-06
6445,21,2025-12-06
6446,167,2025-12-06
6447,184,2025-12-06
6448,187,2025-12-06
6449,44,2025-12-06
6450,3,2025-12-07
6451,198,2025-12-07
6452,134,2025-12-07
6453,178,2025-12-07
6454,65,2025-12-07
6455,36,2025-12-07
6456,82,2025-12-07
6457,28,2025-12-07
6458,138,2025-12-07
6459,85,2025-12-07
6460,5,2025-12-07
6461,78,2025-12-07
6462,135,2025-12-07
6463,110,2025-12-07
6464,103,2025-12-07
6465,66,2025-12-07
6466,61,2025-12-08
6467,14,2025-12-08
6468,200,2025-12-08
6469,200,2025-12-08
6470,128,2025-12-08
6471,160,2025-12-08
6472,32,2025-12-08
6473,65,2025-12-08
6474,117,2025-12-08
6475,200,2025-12-08
6476,162,2025-12-08
6477,130,2025-12-08
6478,122,2025-12-08
6479,44,2025-12-08
6480,131,2025-12-09
6481,23,2025-12-09
6482,107,2025-12-09
6483,65,2025-12-09
6484,88,2025-12-09
6485,56,2025-12-09
6486,56,2025-12-09
6487,183,2025-12-09
6488,52,2025-12-09
6489,31,2025-12-09
6490,187,2025-12-09
6491,115,2025-12-09
6492,8,2025-12-09
6493,41,2025-12-09
6494,26,2025-12-09
6495,161,2025-12-09
6496,112,2025-12-09
6497,89,2025-12-09
6498,53,2025-12-09
6499,119,2025-12-09
6500,154,2025-12-09
6501,64,2025-12-10
6502,183,2025-12-10
6503,69,2025-12-10
6504,104,2025-12-10
6505,40,2025-12-10
6506,12,2025-12-10
6507,170,2025-12-10
6508,81,2025-12-10
6509,136,2025-12-10
6510,175,2025-12-10
6511,37,2025-12-10
6512,114,2025-12-10
6513,43,2025-12-10
6514,116,2025-12-10
6515,159,2025-12-10
6516,102,2025-12-10
6517,121,2025-12-10
6518,176,2025-12-10
6519,74,2025-12-10
6520,194,2025-12-11
6521,183,2025-12-11
6522,139,2025-12-11
6523,178,2025-12-11
6524,115,2025-12-11
6525,64,2025-12-11
6526,164,2025-12-11
6527,42,2025-12-11
6528,58,2025-12-11
6529,122,2025-12-11
6530,65,2025-12-11
6531,14,2025-12-11
6532,31,2025-12-11
6533,191,2025-12-11
6534,47,2025-12-11
6535,171,2025-12-11
6536,27,2025-12-11
6537,159,2025-12-11
6538,148,2025-12-11
6539,127,2025-12-11
6540,30,2025-12-12
6541,81,2025-12-12
6542,189,2025-12-12
6543,61,2025-12-12
6544,134,2025-12-12
6545,57,2025-12-12
6546,185,2025-12-12
6547,69,2025-12-12
6548,110,2025-12-12
6549,56,2025-12-12
6550,127,2025-12-12
6551,132,2025-12-12
6552,138,2025-12-12
6553,125,2025-12-12
6554,98,2025-12-12
6555,33,2025-12-12
6556,17,2025-12-12
6557,70,2025-12-12
6558,77,2025-12-13
6559,11,2025-12-13
6560,37,2025-12-13
6561,58,2025-12-13
6562,20,2025-12-13
6563,20,2025-12-13
6564,126,2025-12-13
6565,196,2025-12-13
6566,136,2025-12-13
6567,44,2025-12-13
6568,188,2025-12-13
6569,50,2025-12-13
6570,122,2025-12-13
6571,159,2025-12-13
6572,86,2025-12-13
6573,97,2025-12-13
6574,38,2025-12-14
6575,115,2025-12-14
6576,103,2025-12-14
6577,48,2025-12-14
6578,147,2025-12-14
6579,177,2025-12-14
6580,191,2025-12-14
6581,77,2025-12-14
6582,160,2025-12-14
6583,55,2025-12-14
6584,77,2025-12-14
6585,140,2025-12-14
6586,79,2025-12-14
6587,105,2025-12-14
6588,64,2025-12-14
6589,168,2025-12-14
6590,91,2025-12-14
6591,106,2025-12-15
6592,184,2025-12-15
6593,13,2025-12-15
6594,103,2025-12-15
6595,146,2025-12-15
6596,164,2025-12-15
6597,168,2025-12-15
6598,9,2025-12-15
6599,124,2025-12-15
6600,167,2025-12-15
6601,187,2025-12-15
6602,39,2025-12-15
6603,2,2025-12-15
6604,187,2025-12-15
6605,166,2025-12-15
6606,85,2025-12-15
6607,52,2025-12-15
6608,117,2025-12-15
6609,116,2025-12-15
6610,199,2025-12-15
6611,72,2025-12-16
6612,38,2025-12-16
6613,121,2025-12-16
6614,53,2025-12-16
6615,150,2025-12-16
6616,151,2025-12-16
6617,5,2025-12-16
6618,63,2025-12-16
6619,95,2025-12-16
6620,46,2025-12-16
6621,187,2025-12-16
6622,175,2025-12-16
6623,120,2025-12-16
6624,195,2025-12-16
6625,193,2025-12-16
6626,131,2025-12-16
6627,53,2025-12-16
6628,166,2025-12-16
6629,87,2025-12-17
6630,89,2025-12-17
6631,102,2025-12-17
6632,84,2025-12-17
6633,24,2025-12-17
6634,43,2025-12-17
6635,125,2025-12-17
6636,8,2025-12-17
6637,124,2025-12-17
6638,190,2025-12-17
6639,140,2025-12-17
6640,176,2025-12-17
6641,127,2025-12-17
6642,181,2025-12-17
6643,101,2025-12-17
6644,98,2025-12-17
6645,45,2025-12-17
6646,163,2025-12-17
6647,125,2025-12-18
6648,196,2025-12-18
6649,180,2025-12-18
6650,117,2025-12-18
6651,111,2025-12-18
6652,194,2025-12-18
6653,129,2025-12-18
6654,174,2025-12-18
6655,124,2025-12-18
6656,99,2025-12-18
6657,173,2025-12-18
6658,10,2025-12-18
6659,92,2025-12-18
6660,61,2025-12-18
6661,116,2025-12-18
6662,109,2025-12-18
6663,61,2025-12-18
6664,157,2025-12-18
6665,41,2025-12-18
6666,13,2025-12-19
6667,21,2025-12-19
6668,97,2025-12-19
6669,189,2025-12-19
6670,75,2025-12-19
6671,171,2025-12-19
6672,171,2025-12-19
6673,45,2025-12-19
6674,95,2025-12-19
6675,50,2025-12-19
6676,66,2025-12-19
6677,122,2025-12-19
6678,106,2025-12-19
6679,47,2025-12-19
6680,118,2025-12-19
6681,121,2025-12-19
6682,46,2025-12-19
6683,168,2025-12-19
6684,176,2025-12-19
6685,6,2025-12-20
6686,29,2025-12-20
6687,35,2025-12-20
6688,75,2025-12-20
6689,168,2025-12-20
6690,53,2025-12-20
6691,198,2025-12-20
6692,110,2025-12-20
6693,82,2025-12-20
6694,160,2025-12-20
6695,38,2025-12-20
6696,25,2025-12-20
6697,156,2025-12-20
6698,104,2025-12-20
6699,107,2025-12-20
6700,128,2025-12-20
6701,57,2025-12-20
6702,186,2025-12-20
6703,13,2025-12-20
6704,12,2025-12-20
6705,49,2025-12-20
6706,97,2025-12-20
6707,55,2025-12-20
6708,41,2025-12-21
6709,10,2025-12-21
6710,141,2025-12-21
6711,141,2025-12-21
6712,131,2025-12-21
6713,83,2025-12-21
6714,122,2025-12-21
6715,8,2025-12-21
6716,179,2025-12-21
6717,39,2025-12-21
6718,77,2025-12-21
6719,93,2025-12-21
6720,42,2025-12-21
6721,129,2025-12-21
6722,88,2025-12-21
6723,24,2025-12-21
6724,52,2025-12-21
6725,129,2025-12-21
6726,165,2025-12-21
6727,25,2025-12-21
6728,114,2025-12-21
6729,71,2025-12-21
6730,166,2025-12-21
6731,114,2025-12-21
6732,48,2025-12-22
6733,63,2025-12-22
6734,83,2025-12-22
6735,120,2025-12-22
6736,61,2025-12-22
6737,102,2025-12-22
6738,86,2025-12-22
6739,147,2025-12-22
6740,57,2025-12-22
6741,193,2025-12-22
6742,177,2025-12-22
6743,125,2025-12-22
6744,126,2025-12-22
6745,195,2025-12-22
6746,180,2025-12-22
6747,95,2025-12-22
6748,45,2025-12-22
6749,99,2025-12-23
6750,104,2025-12-23
6751,49,2025-12-23
6752,135,2025-12-23
6753,147,2025-12-23
6754,88,2025-12-23
6755,139,2025-12-23
6756,167,2025-12-23
6757,8,2025-12-23
6758,114,2025-12-23
6759,49,2025-12-23
6760,58,2025-12-23
6761,186,2025-12-23
6762,12,2025-12-23
6763,85,2025-12-23
6764,164,2025-12-23
6765,38,2025-12-23
6766,89,2025-12-23
6767,44,2025-12-24
6768,127,2025-12-24
6769,90,2025-12-24
6770,43,2025-12-24
6771,28,2025-12-24
6772,51,2025-12-24
6773,156,2025-12-24
6774,54,2025-12-24
6775,110,2025-12-24
6776,98,2025-12-24
6777,62,2025-12-24
6778,44,2025-12-24
6779,27,2025-12-24
6780,127,2025-12-24
6781,156,2025-12-24
6782,110,2025-12-24
6783,117,2025-12-24
6784,152,2025-12-24
6785,65,2025-12-24
6786,51,2025-12-24
6787,185,2025-12-24
6788,128,2025-12-25
6789,100,2025-12-25
6790,119,2025-12-25
6791,2,2025-12-25
6792,125,2025-12-25
6793,190,2025-12-25
6794,56,2025-12-25
6795,48,2025-12-25
6796,128,2025-12-25
6797,150,2025-12-25
6798,15,2025-12-25
6799,49,2025-12-25
6800,193,2025-12-25
6801,64,2025-12-25
6802,130,2025-12-25
6803,34,2025-12-25
6804,109,2025-12-25
6805,43,2025-12-25
6806,184,2025-12-25
6807,77,2025-12-25
6808,148,2025-12-26
6809,151,2025-12-26
6810,22,2025-12-26
6811,71,2025-12-26
6812,24,2025-12-26
6813,1,2025-12-26
6814,44,2025-12-26
6815,147,2025-12-26
6816,75,2025-12-26
6817,87,2025-12-26
6818,154,2025-12-26
6819,182,2025-12-26
6820,20,2025-12-26
6821,174,2025-12-26
6822,95,2025-12-26
6823,135,2025-12-26
6824,55,2025-12-26
6825,151,2025-12-26
6826,175,2025-12-26
6827,20,2025-12-26
6828,183,2025-12-26
6829,189,2025-12-27
6830,131,2025-12-27
6831,188,2025-12-27
6832,56,2025-12-27
6833,177,2025-12-27
6834,79,2025-12-27
6835,104,2025-12-27
6836,21,2025-12-27
6837,180,2025-12-27
6838,78,2025-12-27
6839,31,2025-12-27
6840,73,2025-12-27
6841,26,2025-12-27
6842,140,2025-12-27
6843,99,2025-12-27
6844,32,2025-12-27
6845,58,2025-12-27
6846,179,2025-12-27
6847,181,2025-12-27
6848,158,2025-12-27
6849,26,2025-12-28
6850,188,2025-12-28
6851,1,2025-12-28
6852,62,2025-12-28
6853,130,2025-12-28
6854,34,2025-12-28
6855,103,2025-12-28
6856,103,2025-12-28
6857,133,2025-12-28
6858,101,2025-12-28
6859,200,2025-12-28
6860,24,2025-12-28
6861,16,2025-12-28
6862,122,2025-12-28
6863,3,2025-12-28
6864,94,2025-12-28
6865,99,2025-12-28
6866,148,2025-12-28
6867,180,2025-12-28
6868,131,2025-12-28
6869,163,2025-12-28
6870,136,2025-12-28
6871,95,2025-12-28
6872,1,2025-12-28
6873,80,2025-12-28
6874,78,2025-12-29
6875,109,2025-12-29
6876,89,2025-12-29
6877,88,2025-12-29
6878,176,2025-12-29
6879,159,2025-12-29
6880,195,2025-12-29
6881,34,2025-12-29
6882,54,2025-12-29
6883,61,2025-12-29
6884,63,2025-12-29
6885,198,2025-12-29
6886,141,2025-12-29
6887,191,2025-12-29
6888,87,2025-12-29
6889,53,2025-12-29
6890,101,2025-12-29
6891,114,2025-12-29
6892,86,2025-12-30
6893,28,2025-12-30
6894,72,2025-12-30
6895,139,2025-12-30
6896,55,2025-12-30
6897,136,2025-12-30
6898,45,2025-12-30
6899,158,2025-12-30
6900,6,2025-12-30
6901,46,2025-12-30
6902,56,2025-12-30
6903,72,2025-12-30
6904,37,2025-12-30
6905,122,2025-12-30
6906,103,2025-12-30
6907,22,2025-12-30
6908,175,2025-12-31
6909,184,2025-12-31
6910,80,2025-12-31
6911,22,2025-12-31
6912,143,2025-12-31
6913,67,2025-12-31
6914,92,2025-12-31
6915,71,2025-12-31
6916,2,2025-12-31
6917,41,2025-12-31
6918,39,2025-12-31
6919,195,2025-12-31
6920,181,2025-12-31
6921,56,2025-12-31
6922,169,2025-12-31
6923,52,2025-12-31
6924,25,2025-12-31
6925,34,2025-12-31
6926,113,2025-12-31
