order_item_id,order_id,product_name,quantity,unit_price_at_order
1,1,Sona Masoori Rice 5kg,4.73,350
2,1,Basmati Rice 5kg,6.44,550
3,1,Wheat Flour (Atta) 5kg,4.99,250
4,1,Toor Dal 1kg,4.01,140
5,2,Sona Masoori Rice 5kg,4.2,393.69
6,2,Basmati Rice 5kg,4.4,550
7,2,Wheat Flour (Atta) 5kg,2.17,250
8,2,Toor Dal 1kg,4.41,140
9,3,Sona Masoori Rice 5kg,3.35,350
10,3,Wheat Flour (Atta) 5kg,5.2,250
11,3,Moong Dal 1kg,5.03,130
12,3,Rajma (Kidney Beans) 1kg,2.81,160
13,4,Sona Masoori Rice 5kg,4.02,350
14,4,Moong Dal 1kg,2.42,130
15,4,Rajma (Kidney Beans) 1kg,2.24,160
16,4,Turmeric Powder 200g,0.64,60
17,5,Rajma (Kidney Beans) 1kg,2.82,160
18,5,Turmeric Powder 200g,1.23,60
19,5,Garam Masala 100g,2.26,80
20,5,Biryani Masala 100g,0.72,100
21,6,Turmeric Powder 200g,1.13,60
22,6,Garam Masala 100g,1.48,92.63
23,6,Biryani Masala 100g,1.06,100
24,6,Almonds (Badam) 500g,0.84,450
25,7,Turmeric Powder 200g,1.3,60
26,7,Biryani Masala 100g,1.45,100
27,7,Almonds (Badam) 500g,0.73,450
28,7,Cashew Nuts (Kaju) 500g,0.51,550
29,8,Turmeric Powder 200g,0.9,60
30,8,Almonds (Badam) 500g,0.35,450
31,8,Cashew Nuts (Kaju) 500g,0.4,550
32,8,Peanuts (Groundnut) 500g,1.12,90
33,9,Cashew Nuts (Kaju) 500g,0.3,550
34,9,Peanuts (Groundnut) 500g,0.61,90
35,9,Sunflower Oil 1L,1.64,180
36,9,Groundnut Oil 1L,6.32,220
37,10,Cashew Nuts (Kaju) 500g,0.51,550
38,10,Peanuts (Groundnut) 500g,1.42,90
39,10,Sunflower Oil 1L,1.8,180
40,10,Mustard Oil 1L,0.91,200
41,11,Cashew Nuts (Kaju) 500g,0.28,550
42,11,Peanuts (Groundnut) 500g,0.88,90
43,11,Sunflower Oil 1L,1.55,180
44,11,Mustard Oil 1L,1.01,200
45,12,Peanuts (Groundnut) 500g,0.65,90
46,12,Sunflower Oil 1L,2.34,180
47,12,Mustard Oil 1L,1.35,200
48,12,Pure Ghee 1L,1.96,600
49,13,Peanuts (Groundnut) 500g,0.81,90
50,13,Sunflower Oil 1L,1.3,180
51,13,Mustard Oil 1L,0.8,200
52,13,Pure Ghee 1L,1.21,600
53,14,Sunflower Oil 1L,1.5,180
54,14,Mustard Oil 1L,0.61,200
55,14,Sugar 1kg,1.86,45
56,14,Jaggery (Bella/Gud) 1kg,1.95,70
57,15,Mustard Oil 1L,0.63,200
58,15,Sugar 1kg,1.19,45
59,15,Jaggery (Bella/Gud) 1kg,2.17,70
60,15,Iodized Salt 1kg,4.48,25
61,16,Sugar 1kg,2.15,45
62,16,Jaggery (Bella/Gud) 1kg,2.3,70
63,16,Iodized Salt 1kg,4.17,25
64,16,Rock Salt (Sendha Namak) 500g,1.42,40
65,17,Sugar 1kg,2.52,45
66,17,Jaggery (Bella/Gud) 1kg,2.71,70
67,17,Rock Salt (Sendha Namak) 500g,0.75,40
68,18,Sugar 1kg,1.45,45
69,18,Jaggery (Bella/Gud) 1kg,1.2,70
70,19,Jaggery (Bella/Gud) 1kg,1.61,70
71,20,Sona Masoori Rice 5kg,2.46,350
72,20,Basmati Rice 5kg,10.5,550
73,20,Wheat Flour (Atta) 5kg,2.4,275.52
74,20,Toor Dal 1kg,2.14,140
75,21,Sona Masoori Rice 5kg,1.93,350
76,21,Wheat Flour (Atta) 5kg,1.2,250
77,21,Toor Dal 1kg,1.87,140
78,21,Moong Dal 1kg,0.86,130
79,22,Sona Masoori Rice 5kg,3.65,350
80,22,Wheat Flour (Atta) 5kg,2.12,250
81,22,Toor Dal 1kg,1.74,118.66
82,22,Moong Dal 1kg,1.28,130
83,23,Sona Masoori Rice 5kg,2.14,350
84,23,Wheat Flour (Atta) 5kg,2.01,250
85,23,Toor Dal 1kg,2.42,140
86,23,Moong Dal 1kg,0.6,115.71
87,24,Sona Masoori Rice 5kg,4.89,350
88,24,Wheat Flour (Atta) 5kg,2.09,250
89,24,Moong Dal 1kg,1.44,130
90,24,Rajma (Kidney Beans) 1kg,2.55,160
91,25,Wheat Flour (Atta) 5kg,2.33,250
92,25,Moong Dal 1kg,1.24,130
93,25,Rajma (Kidney Beans) 1kg,2.72,160
94,25,Turmeric Powder 200g,3.0,60
95,26,Moong Dal 1kg,1.0,130
96,26,Rajma (Kidney Beans) 1kg,3.15,160
97,26,Turmeric Powder 200g,1.92,60
98,26,Garam Masala 100g,0.39,80
99,27,Garam Masala 100g,0.38,80
100,27,Biryani Masala 100g,0.9,100
101,27,Almonds (Badam) 500g,1.8,450
102,27,Cashew Nuts (Kaju) 500g,0.28,550
103,28,Garam Masala 100g,0.34,80
104,28,Biryani Masala 100g,0.59,100
105,28,Cashew Nuts (Kaju) 500g,0.34,550
106,28,Peanuts (Groundnut) 500g,1.82,90
107,29,Garam Masala 100g,0.43,80
108,29,Biryani Masala 100g,0.74,100
109,29,Cashew Nuts (Kaju) 500g,0.25,550
110,29,Peanuts (Groundnut) 500g,1.24,90
111,30,Garam Masala 100g,0.25,80
112,30,Biryani Masala 100g,0.63,100
113,30,Cashew Nuts (Kaju) 500g,0.43,627.66
114,30,Peanuts (Groundnut) 500g,0.89,90
115,31,Garam Masala 100g,0.19,80
116,31,Cashew Nuts (Kaju) 500g,0.35,550
117,31,Peanuts (Groundnut) 500g,1.33,90
118,31,Sunflower Oil 1L,10.62,180
119,32,Cashew Nuts (Kaju) 500g,0.43,550
120,32,Groundnut Oil 1L,2.38,220
121,32,Mustard Oil 1L,5.0,200
122,32,Pure Ghee 1L,0.45,600
123,33,Groundnut Oil 1L,1.38,220
124,33,Pure Ghee 1L,0.61,600
125,33,Sugar 1kg,3.99,45
126,33,Jaggery (Bella/Gud) 1kg,11.57,70
127,34,Groundnut Oil 1L,1.73,220
128,34,Pure Ghee 1L,0.47,600
129,34,Sugar 1kg,5.23,45
130,34,Iodized Salt 1kg,8.18,20.99
131,35,Pure Ghee 1L,0.54,600
132,35,Rock Salt (Sendha Namak) 500g,0.65,40
133,36,Pure Ghee 1L,0.55,600
134,36,Rock Salt (Sendha Namak) 500g,0.35,40
135,37,Pure Ghee 1L,0.37,600
136,37,Rock Salt (Sendha Namak) 500g,0.38,40
137,38,Rock Salt (Sendha Namak) 500g,0.72,40
138,39,Sona Masoori Rice 5kg,3.18,350
139,39,Basmati Rice 5kg,2.8,550
140,39,Wheat Flour (Atta) 5kg,4.6,250
141,39,Toor Dal 1kg,7.27,140
142,40,Sona Masoori Rice 5kg,2.12,350
143,40,Basmati Rice 5kg,3.49,550
144,40,Wheat Flour (Atta) 5kg,2.47,250
145,40,Moong Dal 1kg,1.63,130
146,41,Sona Masoori Rice 5kg,2.7,311.35
147,41,Basmati Rice 5kg,3.23,550
148,41,Wheat Flour (Atta) 5kg,4.5,250
149,41,Moong Dal 1kg,2.03,130
150,42,Sona Masoori Rice 5kg,2.22,350
151,42,Moong Dal 1kg,2.72,130
152,42,Rajma (Kidney Beans) 1kg,2.63,160
153,42,Turmeric Powder 200g,2.57,60
154,43,Sona Masoori Rice 5kg,2.13,350
155,43,Rajma (Kidney Beans) 1kg,1.02,160
156,43,Turmeric Powder 200g,1.11,60
157,43,Garam Masala 100g,0.45,80
158,44,Sona Masoori Rice 5kg,1.72,350
159,44,Rajma (Kidney Beans) 1kg,2.65,160
160,44,Turmeric Powder 200g,1.6,60
161,44,Garam Masala 100g,1.18,70.89
162,45,Rajma (Kidney Beans) 1kg,1.69,160
163,45,Garam Masala 100g,0.78,80
164,45,Biryani Masala 100g,3.29,100
165,45,Almonds (Badam) 500g,1.87,450
166,46,Cashew Nuts (Kaju) 500g,0.35,550
167,46,Peanuts (Groundnut) 500g,0.8,90
168,46,Sunflower Oil 1L,10.99,180
169,46,Groundnut Oil 1L,2.79,220
170,47,Cashew Nuts (Kaju) 500g,0.38,550
171,47,Peanuts (Groundnut) 500g,1.06,90
172,47,Groundnut Oil 1L,1.2,220
173,47,Mustard Oil 1L,1.1,200
174,48,Cashew Nuts (Kaju) 500g,0.43,550
175,48,Peanuts (Groundnut) 500g,0.96,90
176,48,Groundnut Oil 1L,2.3,220
177,48,Mustard Oil 1L,1.08,200
178,49,Cashew Nuts (Kaju) 500g,0.4,550
179,49,Peanuts (Groundnut) 500g,1.77,90
180,49,Mustard Oil 1L,0.77,200
181,49,Pure Ghee 1L,0.79,600
182,50,Cashew Nuts (Kaju) 500g,0.33,550
183,50,Mustard Oil 1L,0.73,200
184,50,Pure Ghee 1L,1.21,600
185,50,Sugar 1kg,4.14,45
186,51,Mustard Oil 1L,0.89,200
187,51,Pure Ghee 1L,1.12,600
188,51,Sugar 1kg,6.02,45
189,51,Jaggery (Bella/Gud) 1kg,5.55,70
190,52,Mustard Oil 1L,0.65,200
191,52,Jaggery (Bella/Gud) 1kg,2.13,70
192,52,Iodized Salt 1kg,2.43,25
193,52,Rock Salt (Sendha Namak) 500g,0.53,40
194,53,Jaggery (Bella/Gud) 1kg,3.41,70
195,53,Iodized Salt 1kg,2.39,25
196,53,Rock Salt (Sendha Namak) 500g,0.59,40
197,54,Iodized Salt 1kg,2.36,25
198,54,Rock Salt (Sendha Namak) 500g,0.6,40
199,55,Iodized Salt 1kg,2.56,25
200,55,Rock Salt (Sendha Namak) 500g,0.57,40
201,56,Sona Masoori Rice 5kg,16.23,350
202,56,Basmati Rice 5kg,9.21,550
203,56,Wheat Flour (Atta) 5kg,5.36,250
204,56,Toor Dal 1kg,1.93,140
205,57,Wheat Flour (Atta) 5kg,3.79,250
206,57,Toor Dal 1kg,1.9,140
207,57,Moong Dal 1kg,1.15,130
208,57,Rajma (Kidney Beans) 1kg,2.38,160
209,58,Wheat Flour (Atta) 5kg,1.85,250
210,58,Toor Dal 1kg,4.12,140
211,58,Moong Dal 1kg,0.89,130
212,58,Rajma (Kidney Beans) 1kg,1.96,160
213,59,Moong Dal 1kg,1.04,130
214,59,Rajma (Kidney Beans) 1kg,4.28,160
215,59,Turmeric Powder 200g,1.6,60
216,59,Garam Masala 100g,0.94,80
217,60,Moong Dal 1kg,1.5,130
218,60,Turmeric Powder 200g,0.77,60
219,60,Garam Masala 100g,0.58,80
220,60,Biryani Masala 100g,0.63,100
221,61,Moong Dal 1kg,1.84,130
222,61,Turmeric Powder 200g,1.26,60
223,61,Biryani Masala 100g,1.08,100
224,61,Almonds (Badam) 500g,1.0,450
225,62,Moong Dal 1kg,0.72,130
226,62,Turmeric Powder 200g,1.37,60
227,62,Biryani Masala 100g,1.03,100
228,62,Almonds (Badam) 500g,0.59,450
229,63,Biryani Masala 100g,0.47,100
230,63,Almonds (Badam) 500g,0.53,450
231,63,Cashew Nuts (Kaju) 500g,1.94,550
232,63,Peanuts (Groundnut) 500g,5.5,90
233,64,Sunflower Oil 1L,2.11,180
234,64,Groundnut Oil 1L,1.94,220
235,64,Mustard Oil 1L,0.66,200
236,64,Pure Ghee 1L,0.98,600
237,65,Sunflower Oil 1L,1.15,180
238,65,Groundnut Oil 1L,1.56,220
239,65,Mustard Oil 1L,1.15,200
240,65,Pure Ghee 1L,0.84,600
241,66,Sunflower Oil 1L,1.67,180
242,66,Groundnut Oil 1L,2.09,220
243,66,Mustard Oil 1L,1.31,200
244,66,Pure Ghee 1L,1.01,600
245,67,Sunflower Oil 1L,1.9,180
246,67,Mustard Oil 1L,1.27,200
247,67,Pure Ghee 1L,0.46,600
248,67,Sugar 1kg,10.42,45
249,68,Sunflower Oil 1L,1.35,215.85
250,68,Mustard Oil 1L,1.07,200
251,68,Jaggery (Bella/Gud) 1kg,2.27,70
252,68,Iodized Salt 1kg,2.05,25
253,69,Sunflower Oil 1L,1.29,209.63
254,69,Jaggery (Bella/Gud) 1kg,2.6,70
255,69,Iodized Salt 1kg,2.34,25
256,70,Jaggery (Bella/Gud) 1kg,1.66,70
257,70,Iodized Salt 1kg,1.41,25
258,71,Jaggery (Bella/Gud) 1kg,2.56,70
259,71,Iodized Salt 1kg,1.17,25
260,72,Jaggery (Bella/Gud) 1kg,2.14,70
261,72,Iodized Salt 1kg,1.87,25
262,73,Iodized Salt 1kg,0.87,25
263,74,Sona Masoori Rice 5kg,2.21,350
264,74,Basmati Rice 5kg,1.93,550
265,74,Wheat Flour (Atta) 5kg,12.89,250
266,74,Toor Dal 1kg,2.64,140
267,75,Sona Masoori Rice 5kg,2.92,350
268,75,Basmati Rice 5kg,2.4,550
269,75,Toor Dal 1kg,1.28,140
270,75,Moong Dal 1kg,2.91,130
271,76,Sona Masoori Rice 5kg,1.93,350
272,76,Basmati Rice 5kg,3.59,550
273,76,Toor Dal 1kg,1.39,140
274,76,Moong Dal 1kg,1.94,130
275,77,Sona Masoori Rice 5kg,3.69,350
276,77,Basmati Rice 5kg,2.46,550
277,77,Toor Dal 1kg,2.93,140
278,77,Moong Dal 1kg,2.15,130
279,78,Sona Masoori Rice 5kg,3.61,350
280,78,Rajma (Kidney Beans) 1kg,2.41,160
281,78,Turmeric Powder 200g,1.75,60
282,78,Garam Masala 100g,0.73,80
283,79,Rajma (Kidney Beans) 1kg,1.31,181.27
284,79,Turmeric Powder 200g,1.76,60
285,79,Garam Masala 100g,0.65,80
286,79,Biryani Masala 100g,3.05,85.99
287,80,Rajma (Kidney Beans) 1kg,2.06,160
288,80,Turmeric Powder 200g,1.02,60
289,80,Garam Masala 100g,0.56,80
290,80,Almonds (Badam) 500g,0.39,450
291,81,Rajma (Kidney Beans) 1kg,2.19,160
292,81,Garam Masala 100g,0.4,80
293,81,Almonds (Badam) 500g,0.72,450
294,81,Cashew Nuts (Kaju) 500g,2.03,550
295,82,Garam Masala 100g,0.31,80
296,82,Almonds (Badam) 500g,0.62,450
297,82,Peanuts (Groundnut) 500g,1.86,90
298,82,Sunflower Oil 1L,1.5,180
299,83,Garam Masala 100g,0.7,80
300,83,Almonds (Badam) 500g,0.3,450
301,83,Peanuts (Groundnut) 500g,1.13,90
302,83,Sunflower Oil 1L,1.96,180
303,84,Peanuts (Groundnut) 500g,2.37,90
304,84,Sunflower Oil 1L,1.4,180
305,84,Groundnut Oil 1L,2.28,220
306,84,Mustard Oil 1L,2.01,200
307,85,Sunflower Oil 1L,2.08,180
308,85,Groundnut Oil 1L,1.62,220
309,85,Mustard Oil 1L,1.27,200
310,85,Pure Ghee 1L,0.36,600
311,86,Sunflower Oil 1L,1.4,180
312,86,Groundnut Oil 1L,1.56,180.48
313,86,Mustard Oil 1L,1.95,200
314,86,Pure Ghee 1L,0.71,504.8
315,87,Sunflower Oil 1L,0.9,180
316,87,Pure Ghee 1L,0.62,600
317,87,Sugar 1kg,1.39,45
318,87,Jaggery (Bella/Gud) 1kg,2.74,70
319,88,Pure Ghee 1L,0.35,600
320,88,Sugar 1kg,3.16,45
321,88,Jaggery (Bella/Gud) 1kg,3.89,70
322,88,Iodized Salt 1kg,1.3,25
323,89,Pure Ghee 1L,0.67,600
324,89,Sugar 1kg,2.84,45
325,89,Jaggery (Bella/Gud) 1kg,5.31,70
326,89,Iodized Salt 1kg,0.74,25
327,90,Sugar 1kg,1.77,52.64
328,90,Iodized Salt 1kg,2.05,25
329,90,Rock Salt (Sendha Namak) 500g,0.94,40
330,91,Iodized Salt 1kg,1.86,25
331,91,Rock Salt (Sendha Namak) 500g,1.83,40
332,92,Iodized Salt 1kg,1.59,25
333,93,Iodized Salt 1kg,0.87,25
334,94,Sona Masoori Rice 5kg,14.05,350
335,94,Basmati Rice 5kg,10.77,550
336,94,Wheat Flour (Atta) 5kg,2.24,217.2
337,94,Toor Dal 1kg,4.2,140
338,95,Wheat Flour (Atta) 5kg,5.44,250
339,95,Toor Dal 1kg,4.02,140
340,95,Moong Dal 1kg,1.45,130
341,95,Rajma (Kidney Beans) 1kg,2.1,160
342,96,Wheat Flour (Atta) 5kg,3.4,250
343,96,Moong Dal 1kg,1.37,130
344,96,Rajma (Kidney Beans) 1kg,3.12,160
345,96,Turmeric Powder 200g,1.09,60
346,97,Moong Dal 1kg,0.99,130
347,97,Rajma (Kidney Beans) 1kg,2.2,160
348,97,Turmeric Powder 200g,0.8,49.09
349,97,Garam Masala 100g,0.74,80
350,98,Moong Dal 1kg,1.08,130
351,98,Rajma (Kidney Beans) 1kg,2.8,160
352,98,Turmeric Powder 200g,0.87,60
353,98,Garam Masala 100g,0.67,80
354,99,Moong Dal 1kg,1.28,148.48
355,99,Turmeric Powder 200g,1.25,60
356,99,Garam Masala 100g,0.93,80
357,99,Biryani Masala 100g,2.89,100
358,100,Moong Dal 1kg,0.85,130
359,100,Turmeric Powder 200g,0.6,60
360,100,Garam Masala 100g,0.71,80
361,100,Almonds (Badam) 500g,0.37,450
362,101,Garam Masala 100g,1.12,80
363,101,Almonds (Badam) 500g,0.27,404.31
364,101,Cashew Nuts (Kaju) 500g,1.11,628.72
365,101,Peanuts (Groundnut) 500g,2.0,90
366,102,Almonds (Badam) 500g,0.4,450
367,102,Cashew Nuts (Kaju) 500g,0.98,550
368,102,Peanuts (Groundnut) 500g,1.73,90
369,102,Sunflower Oil 1L,2.25,180
370,103,Almonds (Badam) 500g,0.23,450
371,103,Peanuts (Groundnut) 500g,1.45,90
372,103,Sunflower Oil 1L,2.27,180
373,103,Groundnut Oil 1L,0.8,220
374,104,Almonds (Badam) 500g,0.29,450
375,104,Sunflower Oil 1L,2.34,180
376,104,Groundnut Oil 1L,1.56,220
377,104,Mustard Oil 1L,0.6,200
378,105,Almonds (Badam) 500g,0.35,450
379,105,Sunflower Oil 1L,3.03,180
380,105,Groundnut Oil 1L,1.2,220
381,105,Mustard Oil 1L,0.48,200
382,106,Groundnut Oil 1L,0.96,220
383,106,Mustard Oil 1L,0.9,200
384,106,Pure Ghee 1L,0.64,600
385,106,Sugar 1kg,1.25,45
386,107,Groundnut Oil 1L,0.88,220
387,107,Mustard Oil 1L,0.97,200
388,107,Pure Ghee 1L,0.36,600
389,107,Sugar 1kg,2.35,45
390,108,Mustard Oil 1L,1.12,200
391,108,Pure Ghee 1L,0.43,600
392,108,Sugar 1kg,1.34,45
393,108,Jaggery (Bella/Gud) 1kg,8.13,70
394,109,Mustard Oil 1L,0.69,200
395,109,Pure Ghee 1L,0.28,600
396,109,Sugar 1kg,1.82,45
397,109,Jaggery (Bella/Gud) 1kg,4.03,70
398,110,Pure Ghee 1L,0.73,600
399,110,Sugar 1kg,2.66,45
400,110,Iodized Salt 1kg,1.58,25
401,110,Rock Salt (Sendha Namak) 500g,0.44,40
402,111,Pure Ghee 1L,0.7,600
403,111,Iodized Salt 1kg,1.47,25
404,111,Rock Salt (Sendha Namak) 500g,0.9,40
405,112,Iodized Salt 1kg,1.52,25
406,112,Rock Salt (Sendha Namak) 500g,1.09,40
407,113,Iodized Salt 1kg,2.55,25
408,113,Rock Salt (Sendha Namak) 500g,0.59,40
409,114,Iodized Salt 1kg,2.04,25
410,115,Sona Masoori Rice 5kg,6.09,350
411,115,Basmati Rice 5kg,9.65,444.32
412,115,Wheat Flour (Atta) 5kg,11.12,250
413,115,Toor Dal 1kg,5.19,140
414,116,Sona Masoori Rice 5kg,3.1,350
415,116,Toor Dal 1kg,3.36,121.81
416,116,Moong Dal 1kg,2.62,130
417,116,Rajma (Kidney Beans) 1kg,1.67,160
418,117,Sona Masoori Rice 5kg,6.16,350
419,117,Moong Dal 1kg,2.4,130
420,117,Rajma (Kidney Beans) 1kg,1.28,160
421,117,Turmeric Powder 200g,5.39,60
422,118,Moong Dal 1kg,1.75,130
423,118,Rajma (Kidney Beans) 1kg,1.78,160
424,118,Garam Masala 100g,1.15,80
425,118,Biryani Masala 100g,0.36,100
426,119,Rajma (Kidney Beans) 1kg,1.05,160
427,119,Garam Masala 100g,1.52,80
428,119,Biryani Masala 100g,1.05,100
429,119,Almonds (Badam) 500g,0.46,450
430,120,Rajma (Kidney Beans) 1kg,0.99,160
431,120,Garam Masala 100g,1.4,80
432,120,Biryani Masala 100g,1.0,100
433,120,Almonds (Badam) 500g,0.63,450
434,121,Rajma (Kidney Beans) 1kg,1.78,160
435,121,Biryani Masala 100g,0.35,100
436,121,Almonds (Badam) 500g,1.01,450
437,121,Cashew Nuts (Kaju) 500g,0.77,550
438,122,Cashew Nuts (Kaju) 500g,1.2,550
439,122,Peanuts (Groundnut) 500g,0.71,90
440,122,Sunflower Oil 1L,2.39,180
441,122,Groundnut Oil 1L,1.39,220
442,123,Peanuts (Groundnut) 500g,0.68,90
443,123,Sunflower Oil 1L,2.42,180
444,123,Groundnut Oil 1L,0.73,220
445,123,Mustard Oil 1L,2.43,200
446,124,Peanuts (Groundnut) 500g,0.74,90
447,124,Sunflower Oil 1L,2.62,180
448,124,Groundnut Oil 1L,1.62,220
449,124,Mustard Oil 1L,1.03,200
450,125,Peanuts (Groundnut) 500g,0.87,90
451,125,Sunflower Oil 1L,0.92,180
452,125,Groundnut Oil 1L,0.99,220
453,125,Mustard Oil 1L,1.76,200
454,126,Peanuts (Groundnut) 500g,1.21,90
455,126,Sunflower Oil 1L,0.89,180
456,126,Groundnut Oil 1L,1.28,220
457,126,Pure Ghee 1L,1.22,600
458,127,Peanuts (Groundnut) 500g,1.01,90
459,127,Sunflower Oil 1L,1.28,180
460,127,Pure Ghee 1L,1.77,600
461,127,Sugar 1kg,1.96,45
462,128,Sugar 1kg,3.34,45
463,128,Jaggery (Bella/Gud) 1kg,12.13,70
464,128,Iodized Salt 1kg,1.73,25
465,128,Rock Salt (Sendha Namak) 500g,2.19,40
466,129,Sugar 1kg,2.74,45
467,129,Iodized Salt 1kg,2.96,25
468,130,Sugar 1kg,1.47,45
469,130,Iodized Salt 1kg,1.96,25
470,131,Iodized Salt 1kg,3.18,25
471,132,Sona Masoori Rice 5kg,16.43,350
472,132,Basmati Rice 5kg,1.53,550
473,132,Wheat Flour (Atta) 5kg,3.83,216.05
474,132,Toor Dal 1kg,1.3,140
475,133,Basmati Rice 5kg,2.07,550
476,133,Wheat Flour (Atta) 5kg,2.67,250
477,133,Toor Dal 1kg,1.08,140
478,133,Moong Dal 1kg,0.9,130
479,134,Basmati Rice 5kg,2.76,550
480,134,Wheat Flour (Atta) 5kg,4.61,250
481,134,Toor Dal 1kg,1.88,140
482,134,Moong Dal 1kg,1.89,130
483,135,Basmati Rice 5kg,3.84,550
484,135,Toor Dal 1kg,2.09,140
485,135,Moong Dal 1kg,2.27,130
486,135,Rajma (Kidney Beans) 1kg,2.37,160
487,136,Toor Dal 1kg,1.5,140
488,136,Moong Dal 1kg,2.43,130
489,136,Rajma (Kidney Beans) 1kg,2.19,160
490,136,Turmeric Powder 200g,0.51,60
491,137,Rajma (Kidney Beans) 1kg,1.25,160
492,137,Turmeric Powder 200g,0.67,60
493,137,Garam Masala 100g,1.44,80
494,137,Biryani Masala 100g,1.0,100
495,138,Rajma (Kidney Beans) 1kg,2.3,160
496,138,Turmeric Powder 200g,1.11,60
497,138,Garam Masala 100g,1.53,80
498,138,Biryani Masala 100g,1.16,100
499,139,Rajma (Kidney Beans) 1kg,1.98,160
500,139,Turmeric Powder 200g,0.64,60
501,139,Biryani Masala 100g,1.09,100
502,139,Almonds (Badam) 500g,0.68,450
503,140,Turmeric Powder 200g,1.09,60
504,140,Almonds (Badam) 500g,0.45,450
505,140,Cashew Nuts (Kaju) 500g,0.39,550
506,140,Peanuts (Groundnut) 500g,1.72,90
507,141,Turmeric Powder 200g,0.76,60
508,141,Almonds (Badam) 500g,0.41,450
509,141,Cashew Nuts (Kaju) 500g,0.25,550
510,141,Peanuts (Groundnut) 500g,1.08,90
511,142,Almonds (Badam) 500g,0.54,450
512,142,Cashew Nuts (Kaju) 500g,0.2,550
513,142,Peanuts (Groundnut) 500g,2.45,90
514,142,Sunflower Oil 1L,10.96,180
515,143,Cashew Nuts (Kaju) 500g,0.46,550
516,143,Groundnut Oil 1L,1.13,220
517,143,Mustard Oil 1L,1.15,200
518,143,Pure Ghee 1L,1.06,600
519,144,Cashew Nuts (Kaju) 500g,0.54,550
520,144,Groundnut Oil 1L,0.64,220
521,144,Mustard Oil 1L,1.03,200
522,144,Pure Ghee 1L,0.68,600
523,145,Groundnut Oil 1L,0.94,220
524,145,Mustard Oil 1L,0.53,200
525,145,Pure Ghee 1L,0.6,600
526,145,Sugar 1kg,1.63,45
527,146,Groundnut Oil 1L,0.9,220
528,146,Mustard Oil 1L,1.01,200
529,146,Pure Ghee 1L,0.85,600
530,146,Sugar 1kg,2.71,45
531,147,Groundnut Oil 1L,1.35,220
532,147,Mustard Oil 1L,1.2,200
533,147,Sugar 1kg,2.05,45
534,147,Jaggery (Bella/Gud) 1kg,1.64,70
535,148,Groundnut Oil 1L,0.84,220
536,148,Sugar 1kg,1.66,45
537,148,Jaggery (Bella/Gud) 1kg,2.06,70
538,148,Iodized Salt 1kg,2.37,25
539,149,Sugar 1kg,2.37,45
540,149,Jaggery (Bella/Gud) 1kg,2.51,61.43
541,149,Iodized Salt 1kg,2.41,25
542,149,Rock Salt (Sendha Namak) 500g,1.58,40
543,150,Jaggery (Bella/Gud) 1kg,1.62,70
544,150,Iodized Salt 1kg,2.09,25
545,150,Rock Salt (Sendha Namak) 500g,0.87,40
546,151,Jaggery (Bella/Gud) 1kg,2.45,70
547,151,Iodized Salt 1kg,2.32,25
548,152,Jaggery (Bella/Gud) 1kg,0.95,70
549,153,Sona Masoori Rice 5kg,3.22,350
550,153,Basmati Rice 5kg,2.17,550
551,153,Wheat Flour (Atta) 5kg,3.1,250
552,153,Toor Dal 1kg,1.89,140
553,154,Sona Masoori Rice 5kg,2.74,350
554,154,Basmati Rice 5kg,1.78,550
555,154,Wheat Flour (Atta) 5kg,5.34,250
556,154,Toor Dal 1kg,1.79,140
557,155,Sona Masoori Rice 5kg,3.24,350
558,155,Basmati Rice 5kg,1.16,550
559,155,Wheat Flour (Atta) 5kg,4.63,250
560,155,Toor Dal 1kg,1.29,140
561,156,Sona Masoori Rice 5kg,3.01,350
562,156,Basmati Rice 5kg,2.17,550
563,156,Toor Dal 1kg,1.43,140
564,156,Moong Dal 1kg,0.84,130
565,157,Sona Masoori Rice 5kg,2.0,350
566,157,Basmati Rice 5kg,1.95,550
567,157,Toor Dal 1kg,2.1,140
568,157,Moong Dal 1kg,1.38,130
569,158,Sona Masoori Rice 5kg,1.37,350
570,158,Moong Dal 1kg,1.91,130
571,158,Rajma (Kidney Beans) 1kg,7.67,160
572,158,Turmeric Powder 200g,0.91,60
573,159,Moong Dal 1kg,0.82,130
574,159,Turmeric Powder 200g,1.26,60
575,159,Garam Masala 100g,0.84,80
576,159,Biryani Masala 100g,0.72,100
577,160,Moong Dal 1kg,1.72,130
578,160,Turmeric Powder 200g,0.6,60
579,160,Garam Masala 100g,0.85,80
580,160,Biryani Masala 100g,0.32,100
581,161,Turmeric Powder 200g,1.08,60
582,161,Garam Masala 100g,0.94,80
583,161,Biryani Masala 100g,0.59,89.52
584,161,Almonds (Badam) 500g,0.28,450
585,162,Turmeric Powder 200g,1.04,60
586,162,Garam Masala 100g,0.77,80
587,162,Biryani Masala 100g,0.57,100
588,162,Almonds (Badam) 500g,0.34,450
589,163,Turmeric Powder 200g,0.53,60
590,163,Biryani Masala 100g,0.57,100
591,163,Almonds (Badam) 500g,0.3,450
592,163,Cashew Nuts (Kaju) 500g,0.29,550
593,164,Almonds (Badam) 500g,0.35,450
594,164,Cashew Nuts (Kaju) 500g,0.44,550
595,164,Peanuts (Groundnut) 500g,1.02,90
596,164,Sunflower Oil 1L,9.57,180
597,165,Almonds (Badam) 500g,0.3,450
598,165,Cashew Nuts (Kaju) 500g,0.48,550
599,165,Peanuts (Groundnut) 500g,1.65,90
600,165,Groundnut Oil 1L,1.46,220
601,166,Almonds (Badam) 500g,0.3,450
602,166,Cashew Nuts (Kaju) 500g,0.7,550
603,166,Peanuts (Groundnut) 500g,1.94,90
604,166,Groundnut Oil 1L,0.8,220
605,167,Groundnut Oil 1L,1.84,220
606,167,Mustard Oil 1L,0.9,200
607,167,Pure Ghee 1L,0.78,600
608,167,Sugar 1kg,2.62,45
609,168,Groundnut Oil 1L,0.82,220
610,168,Mustard Oil 1L,1.0,200
611,168,Pure Ghee 1L,2.08,600
612,168,Sugar 1kg,7.47,45
613,169,Groundnut Oil 1L,1.07,220
614,169,Mustard Oil 1L,0.96,200
615,169,Jaggery (Bella/Gud) 1kg,3.12,62.53
616,169,Iodized Salt 1kg,9.18,25
617,170,Mustard Oil 1L,0.84,200
618,170,Jaggery (Bella/Gud) 1kg,4.65,70
619,170,Rock Salt (Sendha Namak) 500g,2.27,40
620,171,Mustard Oil 1L,0.79,200
621,171,Jaggery (Bella/Gud) 1kg,4.5,70
622,172,Mustard Oil 1L,0.88,200
623,173,Sona Masoori Rice 5kg,13.99,350
624,173,Basmati Rice 5kg,2.68,550
625,173,Wheat Flour (Atta) 5kg,12.09,250
626,173,Toor Dal 1kg,4.44,140
627,174,Basmati Rice 5kg,2.09,550
628,174,Toor Dal 1kg,4.03,125.36
629,174,Moong Dal 1kg,1.92,130
630,174,Rajma (Kidney Beans) 1kg,1.13,160
631,175,Basmati Rice 5kg,2.64,550
632,175,Moong Dal 1kg,0.99,130
633,175,Rajma (Kidney Beans) 1kg,1.1,160
634,175,Turmeric Powder 200g,1.21,60
635,176,Basmati Rice 5kg,3.62,550
636,176,Moong Dal 1kg,2.29,130
637,176,Rajma (Kidney Beans) 1kg,1.74,160
638,176,Turmeric Powder 200g,1.8,60
639,177,Moong Dal 1kg,2.01,130
640,177,Rajma (Kidney Beans) 1kg,1.9,160
641,177,Turmeric Powder 200g,1.08,60
642,177,Garam Masala 100g,0.92,80
643,178,Rajma (Kidney Beans) 1kg,1.5,160
644,178,Turmeric Powder 200g,0.76,60
645,178,Garam Masala 100g,0.64,80
646,178,Biryani Masala 100g,1.06,100
647,179,Rajma (Kidney Beans) 1kg,1.3,160
648,179,Garam Masala 100g,0.77,67.04
649,179,Biryani Masala 100g,1.97,100
650,179,Almonds (Badam) 500g,0.47,450
651,180,Almonds (Badam) 500g,0.68,450
652,180,Cashew Nuts (Kaju) 500g,0.39,550
653,180,Peanuts (Groundnut) 500g,3.1,90
654,180,Sunflower Oil 1L,5.08,152.29
655,181,Almonds (Badam) 500g,0.7,450
656,181,Cashew Nuts (Kaju) 500g,0.41,550
657,181,Peanuts (Groundnut) 500g,1.79,90
658,181,Sunflower Oil 1L,2.62,180
659,182,Cashew Nuts (Kaju) 500g,0.4,550
660,182,Sunflower Oil 1L,2.25,180
661,182,Groundnut Oil 1L,3.1,220
662,182,Mustard Oil 1L,0.73,200
663,183,Cashew Nuts (Kaju) 500g,0.38,550
664,183,Groundnut Oil 1L,2.69,220
665,183,Mustard Oil 1L,0.6,200
666,183,Pure Ghee 1L,3.21,600
667,184,Cashew Nuts (Kaju) 500g,0.3,550
668,184,Mustard Oil 1L,0.9,200
669,184,Sugar 1kg,4.19,45
670,184,Jaggery (Bella/Gud) 1kg,3.61,70
671,185,Mustard Oil 1L,0.85,200
672,185,Sugar 1kg,5.99,52.67
673,185,Jaggery (Bella/Gud) 1kg,9.41,70
674,185,Iodized Salt 1kg,8.42,25
675,186,Mustard Oil 1L,0.87,200
676,186,Rock Salt (Sendha Namak) 500g,0.81,40
677,187,Mustard Oil 1L,0.81,200
678,187,Rock Salt (Sendha Namak) 500g,0.47,40
679,188,Rock Salt (Sendha Namak) 500g,0.69,40
680,189,Sona Masoori Rice 5kg,3.83,350
681,189,Basmati Rice 5kg,5.22,550
682,189,Wheat Flour (Atta) 5kg,13.0,250
683,189,Toor Dal 1kg,1.77,140
684,190,Sona Masoori Rice 5kg,2.85,350
685,190,Basmati Rice 5kg,5.85,550
686,190,Toor Dal 1kg,1.41,140
687,190,Moong Dal 1kg,1.72,130
688,191,Sona Masoori Rice 5kg,5.66,350
689,191,Toor Dal 1kg,0.98,140
690,191,Moong Dal 1kg,1.37,130
691,191,Rajma (Kidney Beans) 1kg,2.08,160
692,192,Sona Masoori Rice 5kg,2.07,350
693,192,Toor Dal 1kg,1.37,140
694,192,Moong Dal 1kg,2.06,130
695,192,Rajma (Kidney Beans) 1kg,2.8,160
696,193,Toor Dal 1kg,1.01,140
697,193,Moong Dal 1kg,1.9,130
698,193,Rajma (Kidney Beans) 1kg,1.8,160
699,193,Turmeric Powder 200g,4.63,60
700,194,Toor Dal 1kg,1.2,140
701,194,Rajma (Kidney Beans) 1kg,1.89,160
702,194,Garam Masala 100g,1.14,80
703,194,Biryani Masala 100g,0.82,100
704,195,Garam Masala 100g,0.56,80
705,195,Biryani Masala 100g,0.43,100
706,195,Almonds (Badam) 500g,2.03,450
707,195,Cashew Nuts (Kaju) 500g,0.58,550
708,196,Garam Masala 100g,0.69,80
709,196,Biryani Masala 100g,0.33,100
710,196,Cashew Nuts (Kaju) 500g,0.47,550
711,196,Peanuts (Groundnut) 500g,1.09,90
712,197,Biryani Masala 100g,0.58,100
713,197,Cashew Nuts (Kaju) 500g,0.54,550
714,197,Peanuts (Groundnut) 500g,1.33,90
715,197,Sunflower Oil 1L,2.55,180
716,198,Biryani Masala 100g,0.64,100
717,198,Cashew Nuts (Kaju) 500g,0.6,550
718,198,Peanuts (Groundnut) 500g,1.09,90
719,198,Sunflower Oil 1L,1.12,180
720,199,Biryani Masala 100g,0.35,100
721,199,Peanuts (Groundnut) 500g,1.12,90
722,199,Sunflower Oil 1L,2.8,158.98
723,199,Groundnut Oil 1L,1.49,220
724,200,Sunflower Oil 1L,2.94,180
725,200,Groundnut Oil 1L,1.19,220
726,200,Mustard Oil 1L,4.58,200
727,200,Pure Ghee 1L,2.9,600
728,201,Groundnut Oil 1L,1.16,220
729,201,Sugar 1kg,4.44,45
730,201,Jaggery (Bella/Gud) 1kg,2.15,70
731,201,Iodized Salt 1kg,4.91,25
732,202,Groundnut Oil 1L,0.98,220
733,202,Sugar 1kg,4.76,45
734,202,Jaggery (Bella/Gud) 1kg,3.04,79.22
735,202,Iodized Salt 1kg,4.5,25
736,203,Groundnut Oil 1L,0.93,220
737,203,Jaggery (Bella/Gud) 1kg,2.53,70
738,203,Rock Salt (Sendha Namak) 500g,2.58,40
739,204,Jaggery (Bella/Gud) 1kg,3.46,70
740,205,Sona Masoori Rice 5kg,4.35,350
741,205,Basmati Rice 5kg,4.1,550
742,205,Wheat Flour (Atta) 5kg,12.4,250
743,205,Toor Dal 1kg,7.89,140
744,206,Sona Masoori Rice 5kg,9.26,350
745,206,Basmati Rice 5kg,5.53,550
746,206,Moong Dal 1kg,0.97,130
747,206,Rajma (Kidney Beans) 1kg,2.27,160
748,207,Moong Dal 1kg,0.79,130
749,207,Rajma (Kidney Beans) 1kg,2.35,160
750,207,Turmeric Powder 200g,5.16,60
751,207,Garam Masala 100g,1.17,80
752,208,Moong Dal 1kg,2.03,130
753,208,Rajma (Kidney Beans) 1kg,2.45,160
754,208,Garam Masala 100g,0.99,80
755,208,Biryani Masala 100g,1.37,100
756,209,Moong Dal 1kg,1.97,130
757,209,Rajma (Kidney Beans) 1kg,2.36,160
758,209,Garam Masala 100g,0.7,80
759,209,Biryani Masala 100g,0.65,100
760,210,Moong Dal 1kg,1.18,130
761,210,Biryani Masala 100g,0.94,100
762,210,Almonds (Badam) 500g,0.58,450
763,210,Cashew Nuts (Kaju) 500g,0.56,550
764,211,Almonds (Badam) 500g,0.98,450
765,211,Cashew Nuts (Kaju) 500g,0.62,550
766,211,Peanuts (Groundnut) 500g,4.61,90
767,211,Sunflower Oil 1L,2.9,180
768,212,Almonds (Badam) 500g,0.58,450
769,212,Cashew Nuts (Kaju) 500g,0.79,550
770,212,Sunflower Oil 1L,2.13,180
771,212,Groundnut Oil 1L,1.06,220
772,213,Sunflower Oil 1L,3.0,180
773,213,Groundnut Oil 1L,1.13,220
774,213,Mustard Oil 1L,2.3,200
775,213,Pure Ghee 1L,0.79,600
776,214,Sunflower Oil 1L,1.46,180
777,214,Groundnut Oil 1L,1.07,220
778,214,Mustard Oil 1L,2.85,200
779,214,Pure Ghee 1L,0.42,600
780,215,Groundnut Oil 1L,1.04,220
781,215,Pure Ghee 1L,0.61,600
782,215,Sugar 1kg,1.56,45
783,215,Jaggery (Bella/Gud) 1kg,3.34,70
784,216,Groundnut Oil 1L,0.74,220
785,216,Pure Ghee 1L,0.76,600
786,216,Sugar 1kg,2.23,45
787,216,Jaggery (Bella/Gud) 1kg,2.97,70
788,217,Groundnut Oil 1L,1.09,220
789,217,Pure Ghee 1L,0.35,600
790,217,Sugar 1kg,1.83,45
791,217,Jaggery (Bella/Gud) 1kg,2.11,70
792,218,Sugar 1kg,2.37,45
793,218,Jaggery (Bella/Gud) 1kg,3.52,70
794,218,Iodized Salt 1kg,8.18,25
795,218,Rock Salt (Sendha Namak) 500g,0.66,40
796,219,Sugar 1kg,1.6,45
797,219,Rock Salt (Sendha Namak) 500g,0.87,40
798,220,Rock Salt (Sendha Namak) 500g,1.25,40
799,221,Sona Masoori Rice 5kg,14.31,350
800,221,Basmati Rice 5kg,1.05,550
801,221,Wheat Flour (Atta) 5kg,4.62,250
802,221,Toor Dal 1kg,0.89,140
803,222,Basmati Rice 5kg,2.72,550
804,222,Wheat Flour (Atta) 5kg,5.27,250
805,222,Toor Dal 1kg,1.47,140
806,222,Moong Dal 1kg,1.36,130
807,223,Basmati Rice 5kg,0.96,550
808,223,Wheat Flour (Atta) 5kg,2.98,250
809,223,Toor Dal 1kg,1.31,140
810,223,Moong Dal 1kg,1.38,130
811,224,Basmati Rice 5kg,2.09,550
812,224,Toor Dal 1kg,1.46,140
813,224,Moong Dal 1kg,1.4,130
814,224,Rajma (Kidney Beans) 1kg,1.19,160
815,225,Basmati Rice 5kg,2.52,550
816,225,Toor Dal 1kg,0.96,140
817,225,Moong Dal 1kg,1.42,130
818,225,Rajma (Kidney Beans) 1kg,2.38,160
819,226,Toor Dal 1kg,1.38,140
820,226,Moong Dal 1kg,0.61,130
821,226,Rajma (Kidney Beans) 1kg,1.92,132.88
822,226,Turmeric Powder 200g,0.83,60
823,227,Moong Dal 1kg,1.45,130
824,227,Rajma (Kidney Beans) 1kg,1.48,160
825,227,Turmeric Powder 200g,0.62,60
826,227,Garam Masala 100g,4.5,80
827,228,Rajma (Kidney Beans) 1kg,1.1,160
828,228,Turmeric Powder 200g,0.47,49.55
829,228,Biryani Masala 100g,0.49,100
830,228,Almonds (Badam) 500g,0.36,450
831,229,Turmeric Powder 200g,0.97,60
832,229,Biryani Masala 100g,0.72,100
833,229,Almonds (Badam) 500g,0.48,450
834,229,Cashew Nuts (Kaju) 500g,0.42,550
835,230,Turmeric Powder 200g,1.02,60
836,230,Biryani Masala 100g,1.25,100
837,230,Almonds (Badam) 500g,0.29,450
838,230,Cashew Nuts (Kaju) 500g,0.73,550
839,231,Turmeric Powder 200g,0.69,60
840,231,Biryani Masala 100g,0.67,100
841,231,Almonds (Badam) 500g,0.21,450
842,231,Cashew Nuts (Kaju) 500g,0.82,550
843,232,Almonds (Badam) 500g,0.52,450
844,232,Peanuts (Groundnut) 500g,2.75,90
845,232,Sunflower Oil 1L,2.19,180
846,232,Groundnut Oil 1L,1.21,220
847,233,Peanuts (Groundnut) 500g,1.82,90
848,233,Sunflower Oil 1L,2.28,180
849,233,Groundnut Oil 1L,2.59,220
850,233,Mustard Oil 1L,1.57,200
851,234,Sunflower Oil 1L,1.61,180
852,234,Groundnut Oil 1L,2.23,220
853,234,Mustard Oil 1L,0.82,200
854,234,Pure Ghee 1L,0.52,600
855,235,Sunflower Oil 1L,1.48,180
856,235,Mustard Oil 1L,1.4,200
857,235,Pure Ghee 1L,0.59,600
858,235,Sugar 1kg,3.2,45
859,236,Sunflower Oil 1L,2.36,180
860,236,Mustard Oil 1L,0.85,200
861,236,Pure Ghee 1L,0.58,600
862,236,Sugar 1kg,6.28,45
863,237,Pure Ghee 1L,0.44,600
864,237,Jaggery (Bella/Gud) 1kg,4.41,70
865,237,Iodized Salt 1kg,3.9,25
866,238,Pure Ghee 1L,0.78,600
867,238,Jaggery (Bella/Gud) 1kg,6.88,70
868,238,Iodized Salt 1kg,2.39,25
869,239,Iodized Salt 1kg,2.95,25
870,240,Sona Masoori Rice 5kg,13.6,350
871,240,Basmati Rice 5kg,2.82,550
872,240,Wheat Flour (Atta) 5kg,3.17,250
873,240,Toor Dal 1kg,2.3,113.08
874,241,Basmati Rice 5kg,3.8,550
875,241,Wheat Flour (Atta) 5kg,3.36,250
876,241,Toor Dal 1kg,1.63,140
877,241,Moong Dal 1kg,6.77,130
878,242,Basmati Rice 5kg,4.32,550
879,242,Wheat Flour (Atta) 5kg,1.43,250
880,242,Toor Dal 1kg,3.29,140
881,242,Rajma (Kidney Beans) 1kg,9.11,160
882,243,Wheat Flour (Atta) 5kg,3.46,250
883,243,Toor Dal 1kg,1.53,140
884,243,Turmeric Powder 200g,2.31,60
885,243,Biryani Masala 100g,0.63,100
886,244,Turmeric Powder 200g,1.33,60
887,244,Biryani Masala 100g,0.39,100
888,244,Almonds (Badam) 500g,2.14,450
889,244,Cashew Nuts (Kaju) 500g,0.83,550
890,245,Turmeric Powder 200g,1.41,60
891,245,Biryani Masala 100g,0.39,100
892,245,Cashew Nuts (Kaju) 500g,0.44,550
893,245,Peanuts (Groundnut) 500g,2.09,90
894,246,Biryani Masala 100g,0.77,86.29
895,246,Cashew Nuts (Kaju) 500g,0.89,550
896,246,Peanuts (Groundnut) 500g,1.19,90
897,246,Sunflower Oil 1L,1.63,180
898,247,Biryani Masala 100g,0.65,100
899,247,Peanuts (Groundnut) 500g,1.61,90
900,247,Sunflower Oil 1L,1.79,180
901,247,Groundnut Oil 1L,0.94,220
902,248,Sunflower Oil 1L,2.64,180
903,248,Groundnut Oil 1L,0.94,220
904,248,Mustard Oil 1L,1.9,200
905,248,Pure Ghee 1L,0.72,600
906,249,Sunflower Oil 1L,1.13,180
907,249,Groundnut Oil 1L,1.32,220
908,249,Mustard Oil 1L,0.85,200
909,249,Pure Ghee 1L,0.35,600
910,250,Sunflower Oil 1L,1.91,180
911,250,Groundnut Oil 1L,1.63,220
912,250,Mustard Oil 1L,1.83,200
913,250,Pure Ghee 1L,0.72,600
914,251,Groundnut Oil 1L,1.07,220
915,251,Pure Ghee 1L,0.51,600
916,251,Sugar 1kg,2.96,45
917,251,Jaggery (Bella/Gud) 1kg,11.18,70
918,252,Pure Ghee 1L,0.54,600
919,252,Sugar 1kg,2.09,45
920,252,Iodized Salt 1kg,9.46,25
921,252,Rock Salt (Sendha Namak) 500g,3.17,34.77
922,253,Pure Ghee 1L,0.38,600
923,253,Sugar 1kg,3.12,45
924,254,Sugar 1kg,2.45,45
925,255,Sona Masoori Rice 5kg,3.83,350
926,255,Basmati Rice 5kg,1.29,550
927,255,Wheat Flour (Atta) 5kg,12.79,250
928,255,Toor Dal 1kg,1.48,140
929,256,Sona Masoori Rice 5kg,3.13,350
930,256,Basmati Rice 5kg,2.61,550
931,256,Toor Dal 1kg,2.23,112.02
932,256,Moong Dal 1kg,3.76,154.71
933,257,Sona Masoori Rice 5kg,2.82,350
934,257,Basmati Rice 5kg,1.54,487.02
935,257,Toor Dal 1kg,1.24,140
936,257,Moong Dal 1kg,3.16,130
937,258,Sona Masoori Rice 5kg,3.13,350
938,258,Basmati Rice 5kg,1.7,550
939,258,Toor Dal 1kg,1.26,140
940,258,Rajma (Kidney Beans) 1kg,2.15,160
941,259,Sona Masoori Rice 5kg,2.19,350
942,259,Basmati Rice 5kg,1.65,550
943,259,Toor Dal 1kg,1.68,140
944,259,Rajma (Kidney Beans) 1kg,1.84,160
945,260,Basmati Rice 5kg,1.85,616.23
946,260,Rajma (Kidney Beans) 1kg,2.98,160
947,260,Turmeric Powder 200g,0.6,60
948,260,Garam Masala 100g,0.47,80
949,261,Rajma (Kidney Beans) 1kg,1.25,160
950,261,Turmeric Powder 200g,0.52,60
951,261,Garam Masala 100g,0.6,80
952,261,Biryani Masala 100g,0.5,100
953,262,Turmeric Powder 200g,0.5,60
954,262,Garam Masala 100g,0.5,80
955,262,Biryani Masala 100g,0.7,100
956,262,Almonds (Badam) 500g,0.43,450
957,263,Turmeric Powder 200g,1.04,52.98
958,263,Garam Masala 100g,0.45,80
959,263,Biryani Masala 100g,0.37,100
960,263,Almonds (Badam) 500g,0.45,450
961,264,Turmeric Powder 200g,1.07,60
962,264,Biryani Masala 100g,0.64,100
963,264,Almonds (Badam) 500g,0.21,450
964,264,Cashew Nuts (Kaju) 500g,0.3,550
965,265,Turmeric Powder 200g,1.21,60
966,265,Biryani Masala 100g,0.5,100
967,265,Almonds (Badam) 500g,0.31,450
968,265,Cashew Nuts (Kaju) 500g,0.31,550
969,266,Almonds (Badam) 500g,0.49,450
970,266,Cashew Nuts (Kaju) 500g,0.36,550
971,266,Peanuts (Groundnut) 500g,2.09,90
972,266,Sunflower Oil 1L,10.14,180
973,267,Cashew Nuts (Kaju) 500g,0.49,550
974,267,Peanuts (Groundnut) 500g,1.48,75.31
975,267,Groundnut Oil 1L,0.89,220
976,267,Mustard Oil 1L,2.03,200
977,268,Cashew Nuts (Kaju) 500g,0.39,550
978,268,Peanuts (Groundnut) 500g,1.16,90
979,268,Groundnut Oil 1L,1.38,220
980,268,Mustard Oil 1L,1.51,200
981,269,Groundnut Oil 1L,1.18,220
982,269,Mustard Oil 1L,1.21,200
983,269,Pure Ghee 1L,1.79,600
984,269,Sugar 1kg,1.7,45
985,270,Groundnut Oil 1L,0.68,220
986,270,Pure Ghee 1L,1.26,600
987,270,Sugar 1kg,1.54,45
988,270,Jaggery (Bella/Gud) 1kg,2.65,70
989,271,Groundnut Oil 1L,1.16,261.9
990,271,Sugar 1kg,1.3,45
991,271,Jaggery (Bella/Gud) 1kg,4.38,70
992,271,Iodized Salt 1kg,3.41,25
993,272,Groundnut Oil 1L,0.98,220
994,272,Sugar 1kg,1.75,45
995,272,Jaggery (Bella/Gud) 1kg,4.56,70
996,272,Iodized Salt 1kg,3.1,25
997,273,Sugar 1kg,1.47,45
998,273,Iodized Salt 1kg,2.9,20.35
999,273,Rock Salt (Sendha Namak) 500g,1.15,40
1000,274,Sugar 1kg,1.77,45
1001,274,Rock Salt (Sendha Namak) 500g,0.41,40
1002,275,Rock Salt (Sendha Namak) 500g,0.6,40
1003,276,Sona Masoori Rice 5kg,2.51,350
1004,276,Basmati Rice 5kg,2.78,550
1005,276,Wheat Flour (Atta) 5kg,3.98,250
1006,276,Toor Dal 1kg,4.74,140
1007,277,Sona Masoori Rice 5kg,2.81,350
1008,277,Basmati Rice 5kg,1.74,550
1009,277,Wheat Flour (Atta) 5kg,1.54,250
1010,277,Toor Dal 1kg,3.76,140
1011,278,Sona Masoori Rice 5kg,1.63,350
1012,278,Basmati Rice 5kg,2.1,550
1013,278,Wheat Flour (Atta) 5kg,2.22,250
1014,278,Moong Dal 1kg,1.84,130
1015,279,Sona Masoori Rice 5kg,2.14,350
1016,279,Basmati Rice 5kg,1.84,550
1017,279,Wheat Flour (Atta) 5kg,1.82,250
1018,279,Moong Dal 1kg,2.16,130
1019,280,Sona Masoori Rice 5kg,1.58,350
1020,280,Basmati Rice 5kg,2.19,550
1021,280,Wheat Flour (Atta) 5kg,1.63,250
1022,280,Moong Dal 1kg,3.2,130
1023,281,Sona Masoori Rice 5kg,3.72,350
1024,281,Rajma (Kidney Beans) 1kg,3.5,160
1025,281,Turmeric Powder 200g,0.78,60
1026,281,Garam Masala 100g,0.66,80
1027,282,Rajma (Kidney Beans) 1kg,2.8,160
1028,282,Turmeric Powder 200g,0.96,60
1029,282,Garam Masala 100g,0.81,80
1030,282,Biryani Masala 100g,2.89,100
1031,283,Rajma (Kidney Beans) 1kg,2.25,160
1032,283,Turmeric Powder 200g,0.73,60
1033,283,Garam Masala 100g,0.55,80
1034,283,Almonds (Badam) 500g,0.38,450
1035,284,Turmeric Powder 200g,0.54,60
1036,284,Garam Masala 100g,0.75,80
1037,284,Almonds (Badam) 500g,0.24,450
1038,284,Cashew Nuts (Kaju) 500g,0.38,550
1039,285,Turmeric Powder 200g,0.89,60
1040,285,Almonds (Badam) 500g,0.36,450
1041,285,Cashew Nuts (Kaju) 500g,0.26,550
1042,285,Peanuts (Groundnut) 500g,2.05,90
1043,286,Turmeric Powder 200g,0.78,60
1044,286,Almonds (Badam) 500g,0.25,450
1045,286,Cashew Nuts (Kaju) 500g,0.38,454.28
1046,286,Peanuts (Groundnut) 500g,2.62,90
1047,287,Almonds (Badam) 500g,0.25,450
1048,287,Cashew Nuts (Kaju) 500g,0.46,550
1049,287,Sunflower Oil 1L,1.12,180
1050,287,Groundnut Oil 1L,2.54,220
1051,288,Almonds (Badam) 500g,0.45,450
1052,288,Cashew Nuts (Kaju) 500g,0.39,550
1053,288,Sunflower Oil 1L,2.1,180
1054,288,Groundnut Oil 1L,3.14,220
1055,289,Sunflower Oil 1L,1.69,180
1056,289,Mustard Oil 1L,0.96,200
1057,289,Pure Ghee 1L,2.75,600
1058,289,Sugar 1kg,0.97,45
1059,290,Sunflower Oil 1L,1.44,180
1060,290,Mustard Oil 1L,1.01,200
1061,290,Sugar 1kg,1.46,45
1062,290,Jaggery (Bella/Gud) 1kg,1.48,70
1063,291,Sunflower Oil 1L,1.82,180
1064,291,Mustard Oil 1L,1.79,200
1065,291,Sugar 1kg,1.39,45
1066,291,Jaggery (Bella/Gud) 1kg,3.17,70
1067,292,Sunflower Oil 1L,1.15,180
1068,292,Mustard Oil 1L,1.22,200
1069,292,Sugar 1kg,2.24,45
1070,292,Jaggery (Bella/Gud) 1kg,3.34,70
1071,293,Sugar 1kg,1.69,45
1072,293,Jaggery (Bella/Gud) 1kg,1.22,70
1073,293,Iodized Salt 1kg,2.05,25
1074,293,Rock Salt (Sendha Namak) 500g,0.38,40
1075,294,Sugar 1kg,1.71,45
1076,294,Jaggery (Bella/Gud) 1kg,1.28,70
1077,294,Iodized Salt 1kg,1.1,25
1078,294,Rock Salt (Sendha Namak) 500g,0.29,40
1079,295,Jaggery (Bella/Gud) 1kg,2.53,70
1080,295,Iodized Salt 1kg,1.69,25
1081,295,Rock Salt (Sendha Namak) 500g,0.34,40
1082,296,Iodized Salt 1kg,1.71,25
1083,297,Iodized Salt 1kg,1.83,25
1084,298,Sona Masoori Rice 5kg,2.79,350
1085,298,Basmati Rice 5kg,2.09,550
1086,298,Wheat Flour (Atta) 5kg,2.03,250
1087,298,Toor Dal 1kg,1.21,140
1088,299,Sona Masoori Rice 5kg,2.68,350
1089,299,Basmati Rice 5kg,1.1,550
1090,299,Wheat Flour (Atta) 5kg,1.77,250
1091,299,Toor Dal 1kg,2.57,140
1092,300,Sona Masoori Rice 5kg,2.04,350
1093,300,Basmati Rice 5kg,2.62,440.32
1094,300,Wheat Flour (Atta) 5kg,3.29,250
1095,300,Toor Dal 1kg,3.42,140
1096,301,Sona Masoori Rice 5kg,3.44,350
1097,301,Basmati Rice 5kg,2.13,622.91
1098,301,Wheat Flour (Atta) 5kg,3.68,250
1099,301,Toor Dal 1kg,1.51,140
1100,302,Sona Masoori Rice 5kg,3.92,350
1101,302,Basmati Rice 5kg,1.49,550
1102,302,Wheat Flour (Atta) 5kg,2.25,250
1103,302,Moong Dal 1kg,2.57,130
1104,303,Basmati Rice 5kg,1.09,550
1105,303,Moong Dal 1kg,1.79,130
1106,303,Rajma (Kidney Beans) 1kg,9.64,160
1107,303,Turmeric Powder 200g,4.83,60
1108,304,Moong Dal 1kg,2.76,130
1109,304,Garam Masala 100g,2.35,80
1110,304,Biryani Masala 100g,0.45,100
1111,304,Almonds (Badam) 500g,0.6,450
1112,305,Garam Masala 100g,2.2,80
1113,305,Biryani Masala 100g,0.51,100
1114,305,Almonds (Badam) 500g,0.46,450
1115,305,Cashew Nuts (Kaju) 500g,1.01,550
1116,306,Biryani Masala 100g,0.37,100
1117,306,Almonds (Badam) 500g,0.48,450
1118,306,Cashew Nuts (Kaju) 500g,1.2,550
1119,306,Peanuts (Groundnut) 500g,0.99,90
1120,307,Biryani Masala 100g,0.72,100
1121,307,Almonds (Badam) 500g,0.38,450
1122,307,Peanuts (Groundnut) 500g,1.37,90
1123,307,Sunflower Oil 1L,4.34,180
1124,308,Biryani Masala 100g,0.5,100
1125,308,Peanuts (Groundnut) 500g,1.1,90
1126,308,Sunflower Oil 1L,5.85,180
1127,308,Groundnut Oil 1L,2.46,220
1128,309,Biryani Masala 100g,0.54,100
1129,309,Peanuts (Groundnut) 500g,0.92,90
1130,309,Groundnut Oil 1L,1.69,220
1131,309,Mustard Oil 1L,3.1,200
1132,310,Peanuts (Groundnut) 500g,0.8,90
1133,310,Groundnut Oil 1L,1.82,220
1134,310,Mustard Oil 1L,2.11,200
1135,310,Pure Ghee 1L,0.88,600
1136,311,Pure Ghee 1L,1.05,600
1137,311,Sugar 1kg,3.8,45
1138,311,Jaggery (Bella/Gud) 1kg,3.72,70
1139,311,Iodized Salt 1kg,9.57,25
1140,312,Pure Ghee 1L,0.94,600
1141,312,Sugar 1kg,2.42,45
1142,312,Jaggery (Bella/Gud) 1kg,5.04,70
1143,312,Rock Salt (Sendha Namak) 500g,0.85,40
1144,313,Sugar 1kg,2.83,45
1145,313,Jaggery (Bella/Gud) 1kg,3.27,70
1146,313,Rock Salt (Sendha Namak) 500g,0.88,40
1147,314,Rock Salt (Sendha Namak) 500g,0.55,40
1148,315,Sona Masoori Rice 5kg,16.31,350
1149,315,Basmati Rice 5kg,2.79,550
1150,315,Wheat Flour (Atta) 5kg,2.07,250
1151,315,Toor Dal 1kg,1.33,140
1152,316,Basmati Rice 5kg,3.27,550
1153,316,Wheat Flour (Atta) 5kg,1.17,250
1154,316,Toor Dal 1kg,0.89,140
1155,316,Moong Dal 1kg,3.38,130
1156,317,Basmati Rice 5kg,1.41,550
1157,317,Wheat Flour (Atta) 5kg,2.53,250
1158,317,Toor Dal 1kg,1.06,140
1159,317,Moong Dal 1kg,2.49,130
1160,318,Basmati Rice 5kg,3.01,550
1161,318,Wheat Flour (Atta) 5kg,2.17,250
1162,318,Toor Dal 1kg,1.64,140
1163,318,Moong Dal 1kg,1.47,130
1164,319,Wheat Flour (Atta) 5kg,1.15,250
1165,319,Toor Dal 1kg,2.29,140
1166,319,Rajma (Kidney Beans) 1kg,3.08,160
1167,319,Turmeric Powder 200g,1.45,60
1168,320,Wheat Flour (Atta) 5kg,1.75,250
1169,320,Rajma (Kidney Beans) 1kg,3.17,160
1170,320,Turmeric Powder 200g,1.07,60
1171,320,Garam Masala 100g,1.58,80
1172,321,Rajma (Kidney Beans) 1kg,2.48,177.41
1173,321,Turmeric Powder 200g,0.9,60
1174,321,Garam Masala 100g,0.96,80
1175,321,Biryani Masala 100g,0.65,100
1176,322,Turmeric Powder 200g,0.75,60
1177,322,Garam Masala 100g,1.17,80
1178,322,Biryani Masala 100g,0.77,100
1179,322,Almonds (Badam) 500g,0.32,522.66
1180,323,Turmeric Powder 200g,0.83,60
1181,323,Biryani Masala 100g,1.65,100
1182,323,Almonds (Badam) 500g,0.54,450
1183,323,Cashew Nuts (Kaju) 500g,0.94,550
1184,324,Almonds (Badam) 500g,0.49,450
1185,324,Cashew Nuts (Kaju) 500g,0.44,550
1186,324,Peanuts (Groundnut) 500g,1.26,90
1187,324,Sunflower Oil 1L,1.6,180
1188,325,Almonds (Badam) 500g,0.63,450
1189,325,Cashew Nuts (Kaju) 500g,0.61,550
1190,325,Peanuts (Groundnut) 500g,0.81,90
1191,325,Sunflower Oil 1L,2.48,180
1192,326,Peanuts (Groundnut) 500g,1.21,90
1193,326,Sunflower Oil 1L,2.39,180
1194,326,Groundnut Oil 1L,1.19,220
1195,326,Mustard Oil 1L,5.13,200
1196,327,Peanuts (Groundnut) 500g,1.33,90
1197,327,Sunflower Oil 1L,1.53,180
1198,327,Groundnut Oil 1L,2.12,220
1199,327,Pure Ghee 1L,1.04,600
1200,328,Peanuts (Groundnut) 500g,0.8,90
1201,328,Sunflower Oil 1L,2.38,180
1202,328,Groundnut Oil 1L,1.49,220
1203,328,Pure Ghee 1L,0.74,600
1204,329,Groundnut Oil 1L,1.59,220
1205,329,Pure Ghee 1L,0.92,600
1206,329,Sugar 1kg,5.76,45
1207,329,Jaggery (Bella/Gud) 1kg,2.7,70
1208,330,Sugar 1kg,3.66,45
1209,330,Jaggery (Bella/Gud) 1kg,2.54,70
1210,330,Iodized Salt 1kg,1.61,25
1211,331,Jaggery (Bella/Gud) 1kg,2.06,70
1212,331,Iodized Salt 1kg,1.94,25
1213,332,Jaggery (Bella/Gud) 1kg,2.88,70
1214,332,Iodized Salt 1kg,2.06,25
1215,333,Jaggery (Bella/Gud) 1kg,1.89,70
1216,333,Iodized Salt 1kg,1.08,25
1217,334,Iodized Salt 1kg,2.12,25
1218,335,Sona Masoori Rice 5kg,1.94,350
1219,335,Basmati Rice 5kg,9.5,550
1220,335,Wheat Flour (Atta) 5kg,4.27,250
1221,335,Toor Dal 1kg,7.91,140
1222,336,Sona Masoori Rice 5kg,1.82,391.48
1223,336,Wheat Flour (Atta) 5kg,3.48,250
1224,336,Moong Dal 1kg,7.17,130
1225,336,Rajma (Kidney Beans) 1kg,5.23,160
1226,337,Sona Masoori Rice 5kg,3.23,350
1227,337,Wheat Flour (Atta) 5kg,3.94,250
1228,337,Rajma (Kidney Beans) 1kg,4.68,160
1229,337,Turmeric Powder 200g,0.99,60
1230,338,Sona Masoori Rice 5kg,3.81,350
1231,338,Turmeric Powder 200g,0.68,60
1232,338,Garam Masala 100g,3.34,80
1233,338,Biryani Masala 100g,0.81,100
1234,339,Sona Masoori Rice 5kg,3.9,350
1235,339,Turmeric Powder 200g,1.08,60
1236,339,Biryani Masala 100g,1.35,100
1237,339,Almonds (Badam) 500g,0.62,450
1238,340,Turmeric Powder 200g,1.25,60
1239,340,Biryani Masala 100g,0.61,100
1240,340,Almonds (Badam) 500g,0.68,450
1241,340,Cashew Nuts (Kaju) 500g,1.11,550
1242,341,Turmeric Powder 200g,0.55,60
1243,341,Almonds (Badam) 500g,0.76,450
1244,341,Cashew Nuts (Kaju) 500g,0.99,550
1245,341,Peanuts (Groundnut) 500g,1.25,90
1246,342,Peanuts (Groundnut) 500g,0.68,90
1247,342,Sunflower Oil 1L,2.72,206.48
1248,342,Groundnut Oil 1L,3.51,182.71
1249,342,Mustard Oil 1L,5.19,200
1250,343,Peanuts (Groundnut) 500g,0.5,90
1251,343,Sunflower Oil 1L,1.07,180
1252,343,Groundnut Oil 1L,2.77,220
1253,343,Pure Ghee 1L,3.02,600
1254,344,Peanuts (Groundnut) 500g,0.78,90
1255,344,Sunflower Oil 1L,2.25,180
1256,344,Sugar 1kg,1.55,45
1257,344,Jaggery (Bella/Gud) 1kg,4.25,70
1258,345,Peanuts (Groundnut) 500g,1.25,90
1259,345,Sunflower Oil 1L,1.33,180
1260,345,Sugar 1kg,1.49,45
1261,345,Jaggery (Bella/Gud) 1kg,6.83,70
1262,346,Peanuts (Groundnut) 500g,0.64,90
1263,346,Sunflower Oil 1L,1.69,180
1264,346,Sugar 1kg,1.46,45
1265,346,Iodized Salt 1kg,2.12,25
1266,347,Sugar 1kg,1.51,45
1267,347,Iodized Salt 1kg,1.73,25
1268,347,Rock Salt (Sendha Namak) 500g,0.24,40
1269,348,Sugar 1kg,1.73,45
1270,348,Iodized Salt 1kg,2.55,25
1271,348,Rock Salt (Sendha Namak) 500g,0.25,40
1272,349,Sugar 1kg,1.86,45
1273,349,Iodized Salt 1kg,2.35,25
1274,349,Rock Salt (Sendha Namak) 500g,0.3,40
1275,350,Rock Salt (Sendha Namak) 500g,0.27,40
1276,351,Sona Masoori Rice 5kg,1.52,350
1277,351,Basmati Rice 5kg,10.71,550
1278,351,Wheat Flour (Atta) 5kg,2.26,250
1279,351,Toor Dal 1kg,2.91,140
1280,352,Sona Masoori Rice 5kg,4.39,350
1281,352,Wheat Flour (Atta) 5kg,1.45,250
1282,352,Toor Dal 1kg,2.2,140
1283,352,Moong Dal 1kg,1.44,130
1284,353,Sona Masoori Rice 5kg,2.07,350
1285,353,Wheat Flour (Atta) 5kg,2.4,250
1286,353,Toor Dal 1kg,2.61,140
1287,353,Moong Dal 1kg,1.09,130
1288,354,Sona Masoori Rice 5kg,3.33,350
1289,354,Wheat Flour (Atta) 5kg,3.58,250
1290,354,Moong Dal 1kg,0.55,130
1291,354,Rajma (Kidney Beans) 1kg,8.7,160
1292,355,Sona Masoori Rice 5kg,2.75,350
1293,355,Wheat Flour (Atta) 5kg,2.48,250
1294,355,Moong Dal 1kg,1.5,130
1295,355,Turmeric Powder 200g,1.43,60
1296,356,Moong Dal 1kg,1.55,130
1297,356,Turmeric Powder 200g,0.99,50.16
1298,356,Garam Masala 100g,0.62,80
1299,356,Biryani Masala 100g,1.27,100
1300,357,Moong Dal 1kg,1.3,130
1301,357,Turmeric Powder 200g,1.25,60
1302,357,Garam Masala 100g,0.57,80
1303,357,Biryani Masala 100g,0.68,100
1304,358,Turmeric Powder 200g,1.01,60
1305,358,Garam Masala 100g,0.5,80
1306,358,Biryani Masala 100g,1.34,100
1307,358,Almonds (Badam) 500g,2.15,450
1308,359,Garam Masala 100g,0.69,80
1309,359,Cashew Nuts (Kaju) 500g,0.39,550
1310,359,Peanuts (Groundnut) 500g,1.7,90
1311,359,Sunflower Oil 1L,1.35,180
1312,360,Garam Masala 100g,0.52,80
1313,360,Cashew Nuts (Kaju) 500g,0.48,550
1314,360,Peanuts (Groundnut) 500g,1.56,90
1315,360,Sunflower Oil 1L,1.38,180
1316,361,Cashew Nuts (Kaju) 500g,0.74,550
1317,361,Peanuts (Groundnut) 500g,0.64,90
1318,361,Sunflower Oil 1L,2.17,151.62
1319,361,Groundnut Oil 1L,0.56,220
1320,362,Cashew Nuts (Kaju) 500g,0.43,550
1321,362,Peanuts (Groundnut) 500g,1.23,90
1322,362,Sunflower Oil 1L,2.71,180
1323,362,Groundnut Oil 1L,1.32,220
1324,363,Sunflower Oil 1L,2.24,180
1325,363,Groundnut Oil 1L,0.91,220
1326,363,Mustard Oil 1L,0.96,200
1327,363,Pure Ghee 1L,0.45,600
1328,364,Groundnut Oil 1L,0.71,220
1329,364,Mustard Oil 1L,1.55,200
1330,364,Pure Ghee 1L,0.36,600
1331,364,Sugar 1kg,5.02,45
1332,365,Groundnut Oil 1L,1.58,220
1333,365,Mustard Oil 1L,0.95,200
1334,365,Pure Ghee 1L,0.67,600
1335,365,Sugar 1kg,4.96,53.86
1336,366,Groundnut Oil 1L,1.06,220
1337,366,Mustard Oil 1L,0.54,200
1338,366,Pure Ghee 1L,0.62,600
1339,366,Jaggery (Bella/Gud) 1kg,1.97,70
1340,367,Mustard Oil 1L,1.41,200
1341,367,Pure Ghee 1L,0.43,600
1342,367,Jaggery (Bella/Gud) 1kg,2.52,70
1343,367,Iodized Salt 1kg,0.8,25
1344,368,Pure Ghee 1L,0.64,600
1345,368,Jaggery (Bella/Gud) 1kg,2.72,70
1346,368,Iodized Salt 1kg,1.01,25
1347,368,Rock Salt (Sendha Namak) 500g,0.52,40
1348,369,Jaggery (Bella/Gud) 1kg,2.28,70
1349,369,Iodized Salt 1kg,1.56,25
1350,369,Rock Salt (Sendha Namak) 500g,0.37,40
1351,370,Jaggery (Bella/Gud) 1kg,2.71,70
1352,370,Iodized Salt 1kg,1.15,25
1353,370,Rock Salt (Sendha Namak) 500g,0.54,40
1354,371,Iodized Salt 1kg,1.91,25
1355,371,Rock Salt (Sendha Namak) 500g,0.38,40
1356,372,Iodized Salt 1kg,2.1,25
1357,373,Sona Masoori Rice 5kg,16.27,350
1358,373,Basmati Rice 5kg,0.96,550
1359,373,Wheat Flour (Atta) 5kg,2.1,250
1360,373,Toor Dal 1kg,1.06,140
1361,374,Basmati Rice 5kg,1.95,550
1362,374,Wheat Flour (Atta) 5kg,3.82,250
1363,374,Toor Dal 1kg,2.15,140
1364,374,Moong Dal 1kg,2.95,107.59
1365,375,Basmati Rice 5kg,1.7,550
1366,375,Wheat Flour (Atta) 5kg,1.55,250
1367,375,Toor Dal 1kg,1.75,140
1368,375,Moong Dal 1kg,2.84,130
1369,376,Basmati Rice 5kg,1.8,550
1370,376,Wheat Flour (Atta) 5kg,3.11,250
1371,376,Toor Dal 1kg,0.97,159.37
1372,376,Moong Dal 1kg,1.84,130
1373,377,Basmati Rice 5kg,1.39,550
1374,377,Wheat Flour (Atta) 5kg,2.05,250
1375,377,Toor Dal 1kg,1.42,140
1376,377,Rajma (Kidney Beans) 1kg,9.09,160
1377,378,Basmati Rice 5kg,2.27,550
1378,378,Toor Dal 1kg,1.15,140
1379,378,Turmeric Powder 200g,1.53,60
1380,378,Garam Masala 100g,1.02,80
1381,379,Turmeric Powder 200g,0.83,60
1382,379,Garam Masala 100g,0.77,80
1383,379,Biryani Masala 100g,1.02,100
1384,379,Almonds (Badam) 500g,1.46,450
1385,380,Turmeric Powder 200g,0.83,60
1386,380,Garam Masala 100g,0.49,80
1387,380,Biryani Masala 100g,1.08,100
1388,380,Almonds (Badam) 500g,0.71,450
1389,381,Turmeric Powder 200g,1.35,60
1390,381,Biryani Masala 100g,0.87,100
1391,381,Cashew Nuts (Kaju) 500g,0.18,550
1392,381,Peanuts (Groundnut) 500g,5.25,90
1393,382,Turmeric Powder 200g,0.58,60
1394,382,Cashew Nuts (Kaju) 500g,0.37,550
1395,382,Sunflower Oil 1L,2.85,180
1396,382,Groundnut Oil 1L,5.91,220
1397,383,Cashew Nuts (Kaju) 500g,0.36,550
1398,383,Sunflower Oil 1L,2.78,214.45
1399,383,Mustard Oil 1L,1.16,200
1400,383,Pure Ghee 1L,0.38,600
1401,384,Cashew Nuts (Kaju) 500g,0.54,550
1402,384,Sunflower Oil 1L,2.79,180
1403,384,Mustard Oil 1L,1.19,200
1404,384,Pure Ghee 1L,0.67,600
1405,385,Cashew Nuts (Kaju) 500g,0.53,550
1406,385,Sunflower Oil 1L,1.44,180
1407,385,Mustard Oil 1L,0.92,200
1408,385,Pure Ghee 1L,0.83,600
1409,386,Cashew Nuts (Kaju) 500g,0.25,550
1410,386,Mustard Oil 1L,0.73,200
1411,386,Pure Ghee 1L,0.7,600
1412,386,Sugar 1kg,4.77,45
1413,387,Mustard Oil 1L,1.18,200
1414,387,Pure Ghee 1L,0.37,600
1415,387,Sugar 1kg,1.76,45
1416,387,Jaggery (Bella/Gud) 1kg,11.43,70
1417,388,Sugar 1kg,4.26,45
1418,388,Iodized Salt 1kg,4.05,25
1419,388,Rock Salt (Sendha Namak) 500g,1.25,40
1420,389,Iodized Salt 1kg,5.02,25
1421,389,Rock Salt (Sendha Namak) 500g,0.66,40
1422,390,Sona Masoori Rice 5kg,4.5,350
1423,390,Basmati Rice 5kg,1.59,550
1424,390,Wheat Flour (Atta) 5kg,5.2,250
1425,390,Toor Dal 1kg,7.62,140
1426,391,Sona Masoori Rice 5kg,3.24,350
1427,391,Basmati Rice 5kg,2.61,550
1428,391,Wheat Flour (Atta) 5kg,3.3,250
1429,391,Moong Dal 1kg,1.13,130
1430,392,Sona Masoori Rice 5kg,7.16,350
1431,392,Basmati Rice 5kg,1.58,550
1432,392,Wheat Flour (Atta) 5kg,4.45,250
1433,392,Moong Dal 1kg,1.95,130
1434,393,Basmati Rice 5kg,2.76,550
1435,393,Moong Dal 1kg,0.88,130
1436,393,Rajma (Kidney Beans) 1kg,2.18,160
1437,393,Turmeric Powder 200g,5.36,60
1438,394,Basmati Rice 5kg,2.25,550
1439,394,Moong Dal 1kg,1.89,130
1440,394,Rajma (Kidney Beans) 1kg,2.06,160
1441,394,Garam Masala 100g,0.4,80
1442,395,Moong Dal 1kg,1.05,130
1443,395,Rajma (Kidney Beans) 1kg,1.53,160
1444,395,Garam Masala 100g,0.25,80
1445,395,Biryani Masala 100g,0.84,100
1446,396,Rajma (Kidney Beans) 1kg,2.06,160
1447,396,Garam Masala 100g,0.41,80
1448,396,Biryani Masala 100g,0.49,100
1449,396,Almonds (Badam) 500g,0.38,450
1450,397,Rajma (Kidney Beans) 1kg,0.83,160
1451,397,Garam Masala 100g,0.39,80
1452,397,Biryani Masala 100g,0.61,100
1453,397,Almonds (Badam) 500g,0.29,450
1454,398,Rajma (Kidney Beans) 1kg,1.42,160
1455,398,Garam Masala 100g,0.25,80
1456,398,Biryani Masala 100g,0.85,117.41
1457,398,Almonds (Badam) 500g,0.32,450
1458,399,Garam Masala 100g,0.2,80
1459,399,Almonds (Badam) 500g,0.4,450
1460,399,Cashew Nuts (Kaju) 500g,0.5,550
1461,399,Peanuts (Groundnut) 500g,1.2,90
1462,400,Almonds (Badam) 500g,0.39,450
1463,400,Cashew Nuts (Kaju) 500g,0.79,550
1464,400,Peanuts (Groundnut) 500g,1.26,90
1465,400,Sunflower Oil 1L,4.24,180
1466,401,Almonds (Badam) 500g,0.35,450
1467,401,Cashew Nuts (Kaju) 500g,0.64,550
1468,401,Peanuts (Groundnut) 500g,1.19,90
1469,401,Sunflower Oil 1L,5.61,180
1470,402,Peanuts (Groundnut) 500g,0.53,90
1471,402,Groundnut Oil 1L,2.4,220
1472,402,Mustard Oil 1L,0.86,200
1473,402,Pure Ghee 1L,1.68,600
1474,403,Peanuts (Groundnut) 500g,0.75,90
1475,403,Groundnut Oil 1L,2.52,220
1476,403,Mustard Oil 1L,1.01,200
1477,403,Pure Ghee 1L,1.62,600
1478,404,Groundnut Oil 1L,1.49,220
1479,404,Mustard Oil 1L,1.06,200
1480,404,Sugar 1kg,9.86,45
1481,404,Jaggery (Bella/Gud) 1kg,6.5,70
1482,405,Mustard Oil 1L,0.84,162.77
1483,405,Jaggery (Bella/Gud) 1kg,4.92,70
1484,405,Iodized Salt 1kg,3.62,25
1485,405,Rock Salt (Sendha Namak) 500g,0.41,40
1486,406,Mustard Oil 1L,1.05,200
1487,406,Iodized Salt 1kg,6.15,25
1488,406,Rock Salt (Sendha Namak) 500g,0.72,40
1489,407,Mustard Oil 1L,0.78,200
1490,407,Rock Salt (Sendha Namak) 500g,0.29,40
1491,408,Rock Salt (Sendha Namak) 500g,0.53,40
1492,409,Sona Masoori Rice 5kg,6.12,350
1493,409,Basmati Rice 5kg,1.33,550
1494,409,Wheat Flour (Atta) 5kg,1.88,250
1495,409,Toor Dal 1kg,4.16,140
1496,410,Sona Masoori Rice 5kg,3.98,350
1497,410,Basmati Rice 5kg,2.66,550
1498,410,Wheat Flour (Atta) 5kg,3.77,250
1499,410,Toor Dal 1kg,3.2,140
1500,411,Sona Masoori Rice 5kg,5.25,350
1501,411,Basmati Rice 5kg,2.43,550
1502,411,Wheat Flour (Atta) 5kg,1.99,250
1503,411,Moong Dal 1kg,2.38,130
1504,412,Basmati Rice 5kg,1.09,550
1505,412,Wheat Flour (Atta) 5kg,2.51,250
1506,412,Moong Dal 1kg,4.65,130
1507,412,Rajma (Kidney Beans) 1kg,1.57,160
1508,413,Basmati Rice 5kg,2.64,550
1509,413,Wheat Flour (Atta) 5kg,2.58,250
1510,413,Rajma (Kidney Beans) 1kg,2.4,160
1511,413,Turmeric Powder 200g,1.2,60
1512,414,Rajma (Kidney Beans) 1kg,1.75,160
1513,414,Turmeric Powder 200g,0.53,60
1514,414,Biryani Masala 100g,0.83,100
1515,414,Almonds (Badam) 500g,0.35,450
1516,415,Rajma (Kidney Beans) 1kg,1.64,160
1517,415,Turmeric Powder 200g,0.87,60
1518,415,Biryani Masala 100g,0.69,100
1519,415,Almonds (Badam) 500g,0.34,450
1520,416,Rajma (Kidney Beans) 1kg,0.84,160
1521,416,Turmeric Powder 200g,1.06,60
1522,416,Biryani Masala 100g,0.44,100
1523,416,Almonds (Badam) 500g,0.54,450
1524,417,Turmeric Powder 200g,0.58,60
1525,417,Biryani Masala 100g,0.5,100
1526,417,Almonds (Badam) 500g,0.81,450
1527,417,Cashew Nuts (Kaju) 500g,0.32,550
1528,418,Turmeric Powder 200g,1.03,60
1529,418,Biryani Masala 100g,0.79,100
1530,418,Cashew Nuts (Kaju) 500g,0.47,550
1531,418,Peanuts (Groundnut) 500g,1.44,90
1532,419,Cashew Nuts (Kaju) 500g,0.4,550
1533,419,Peanuts (Groundnut) 500g,1.81,90
1534,419,Sunflower Oil 1L,2.11,180
1535,419,Groundnut Oil 1L,5.89,220
1536,420,Cashew Nuts (Kaju) 500g,0.43,550
1537,420,Peanuts (Groundnut) 500g,1.67,90
1538,420,Sunflower Oil 1L,1.49,180
1539,420,Mustard Oil 1L,1.51,200
1540,421,Cashew Nuts (Kaju) 500g,0.26,550
1541,421,Sunflower Oil 1L,1.57,180
1542,421,Mustard Oil 1L,1.88,200
1543,421,Pure Ghee 1L,0.7,600
1544,422,Cashew Nuts (Kaju) 500g,0.27,550
1545,422,Sunflower Oil 1L,1.84,180
1546,422,Mustard Oil 1L,1.71,200
1547,422,Pure Ghee 1L,0.56,600
1548,423,Sunflower Oil 1L,1.21,214.6
1549,423,Pure Ghee 1L,0.81,600
1550,423,Sugar 1kg,3.53,45
1551,423,Jaggery (Bella/Gud) 1kg,6.15,70
1552,424,Sunflower Oil 1L,2.09,180
1553,424,Pure Ghee 1L,0.92,600
1554,424,Sugar 1kg,5.8,45
1555,424,Jaggery (Bella/Gud) 1kg,4.7,70
1556,425,Iodized Salt 1kg,1.66,25
1557,425,Rock Salt (Sendha Namak) 500g,0.12,40
1558,426,Iodized Salt 1kg,1.18,25
1559,426,Rock Salt (Sendha Namak) 500g,0.25,40
1560,427,Iodized Salt 1kg,1.35,25
1561,427,Rock Salt (Sendha Namak) 500g,0.24,40
1562,428,Iodized Salt 1kg,2.43,20.77
1563,428,Rock Salt (Sendha Namak) 500g,0.31,40
1564,429,Iodized Salt 1kg,1.04,25
1565,430,Iodized Salt 1kg,1.23,25
1566,431,Sona Masoori Rice 5kg,9.07,350
1567,431,Basmati Rice 5kg,3.22,550
1568,431,Wheat Flour (Atta) 5kg,1.01,250
1569,431,Toor Dal 1kg,3.24,140
1570,432,Sona Masoori Rice 5kg,5.23,350
1571,432,Basmati Rice 5kg,1.52,550
1572,432,Wheat Flour (Atta) 5kg,2.46,250
1573,432,Toor Dal 1kg,4.02,140
1574,433,Basmati Rice 5kg,2.61,550
1575,433,Wheat Flour (Atta) 5kg,2.49,250
1576,433,Moong Dal 1kg,1.15,130
1577,433,Rajma (Kidney Beans) 1kg,2.01,186.82
1578,434,Basmati Rice 5kg,3.67,550
1579,434,Wheat Flour (Atta) 5kg,2.45,250
1580,434,Moong Dal 1kg,0.6,130
1581,434,Rajma (Kidney Beans) 1kg,3.42,160
1582,435,Wheat Flour (Atta) 5kg,2.09,282.79
1583,435,Moong Dal 1kg,1.48,130
1584,435,Rajma (Kidney Beans) 1kg,2.68,160
1585,435,Turmeric Powder 200g,0.81,60
1586,436,Wheat Flour (Atta) 5kg,1.22,250
1587,436,Moong Dal 1kg,0.94,130
1588,436,Turmeric Powder 200g,1.36,60
1589,436,Garam Masala 100g,3.81,80
1590,437,Moong Dal 1kg,1.27,130
1591,437,Turmeric Powder 200g,0.99,60
1592,437,Biryani Masala 100g,0.68,100
1593,437,Almonds (Badam) 500g,0.95,450
1594,438,Moong Dal 1kg,0.95,130
1595,438,Turmeric Powder 200g,0.63,60
1596,438,Biryani Masala 100g,1.36,100
1597,438,Almonds (Badam) 500g,0.96,450
1598,439,Turmeric Powder 200g,0.89,60
1599,439,Biryani Masala 100g,0.92,100
1600,439,Cashew Nuts (Kaju) 500g,0.98,550
1601,439,Peanuts (Groundnut) 500g,0.96,90
1602,440,Cashew Nuts (Kaju) 500g,1.09,550
1603,440,Peanuts (Groundnut) 500g,0.74,90
1604,440,Sunflower Oil 1L,2.3,180
1605,440,Groundnut Oil 1L,1.01,220
1606,441,Peanuts (Groundnut) 500g,1.26,90
1607,441,Sunflower Oil 1L,2.55,180
1608,441,Groundnut Oil 1L,0.95,247.02
1609,441,Mustard Oil 1L,1.16,200
1610,442,Peanuts (Groundnut) 500g,0.9,90
1611,442,Sunflower Oil 1L,1.77,180
1612,442,Groundnut Oil 1L,2.47,220
1613,442,Mustard Oil 1L,0.83,200
1614,443,Peanuts (Groundnut) 500g,1.35,90
1615,443,Sunflower Oil 1L,4.14,180
1616,443,Groundnut Oil 1L,1.79,220
1617,443,Mustard Oil 1L,1.84,200
1618,444,Mustard Oil 1L,1.54,200
1619,444,Pure Ghee 1L,0.96,600
1620,444,Sugar 1kg,2.38,45
1621,444,Jaggery (Bella/Gud) 1kg,5.1,70
1622,445,Pure Ghee 1L,0.91,600
1623,445,Sugar 1kg,2.79,45
1624,445,Jaggery (Bella/Gud) 1kg,3.23,70
1625,445,Iodized Salt 1kg,2.84,25
1626,446,Pure Ghee 1L,0.85,600
1627,446,Sugar 1kg,1.57,45
1628,446,Jaggery (Bella/Gud) 1kg,4.65,70
1629,446,Iodized Salt 1kg,2.69,25
1630,447,Sugar 1kg,2.54,45
1631,447,Iodized Salt 1kg,3.06,25
1632,447,Rock Salt (Sendha Namak) 500g,0.17,40
1633,448,Sugar 1kg,1.16,45
1634,448,Rock Salt (Sendha Namak) 500g,0.25,34.04
1635,449,Rock Salt (Sendha Namak) 500g,0.32,40
1636,450,Rock Salt (Sendha Namak) 500g,0.2,40
1637,451,Rock Salt (Sendha Namak) 500g,0.22,40
1638,452,Rock Salt (Sendha Namak) 500g,0.33,45.01
1639,453,Sona Masoori Rice 5kg,4.24,350
1640,453,Basmati Rice 5kg,3.83,550
1641,453,Wheat Flour (Atta) 5kg,4.96,250
1642,453,Toor Dal 1kg,2.55,140
1643,454,Sona Masoori Rice 5kg,4.28,350
1644,454,Basmati Rice 5kg,2.33,550
1645,454,Wheat Flour (Atta) 5kg,7.31,285.74
1646,454,Toor Dal 1kg,3.3,140
1647,455,Sona Masoori Rice 5kg,1.62,350
1648,455,Basmati Rice 5kg,4.01,550
1649,455,Toor Dal 1kg,2.48,140
1650,455,Moong Dal 1kg,7.03,130
1651,456,Sona Masoori Rice 5kg,1.69,350
1652,456,Rajma (Kidney Beans) 1kg,1.48,160
1653,456,Turmeric Powder 200g,0.79,60
1654,456,Garam Masala 100g,3.95,80
1655,457,Sona Masoori Rice 5kg,2.09,350
1656,457,Rajma (Kidney Beans) 1kg,1.99,160
1657,457,Turmeric Powder 200g,0.65,60
1658,457,Biryani Masala 100g,1.28,100
1659,458,Sona Masoori Rice 5kg,1.9,350
1660,458,Rajma (Kidney Beans) 1kg,2.56,160
1661,458,Turmeric Powder 200g,0.86,60
1662,458,Biryani Masala 100g,0.71,100
1663,459,Rajma (Kidney Beans) 1kg,2.12,160
1664,459,Turmeric Powder 200g,1.15,60
1665,459,Biryani Masala 100g,0.99,100
1666,459,Almonds (Badam) 500g,0.29,450
1667,460,Rajma (Kidney Beans) 1kg,1.93,160
1668,460,Turmeric Powder 200g,0.79,60
1669,460,Almonds (Badam) 500g,0.74,450
1670,460,Cashew Nuts (Kaju) 500g,0.32,550
1671,461,Turmeric Powder 200g,1.04,60
1672,461,Almonds (Badam) 500g,0.54,450
1673,461,Cashew Nuts (Kaju) 500g,0.25,550
1674,461,Peanuts (Groundnut) 500g,0.94,90
1675,462,Almonds (Badam) 500g,0.46,450
1676,462,Cashew Nuts (Kaju) 500g,0.2,550
1677,462,Peanuts (Groundnut) 500g,1.26,90
1678,462,Sunflower Oil 1L,1.09,180
1679,463,Cashew Nuts (Kaju) 500g,0.33,550
1680,463,Peanuts (Groundnut) 500g,1.32,90
1681,463,Sunflower Oil 1L,2.42,180
1682,463,Groundnut Oil 1L,2.98,220
1683,464,Cashew Nuts (Kaju) 500g,0.33,550
1684,464,Peanuts (Groundnut) 500g,1.92,104.51
1685,464,Sunflower Oil 1L,1.41,180
1686,464,Groundnut Oil 1L,2.95,220
1687,465,Cashew Nuts (Kaju) 500g,0.46,550
1688,465,Sunflower Oil 1L,0.91,180
1689,465,Mustard Oil 1L,1.18,200
1690,465,Pure Ghee 1L,1.49,600
1691,466,Sunflower Oil 1L,2.25,180
1692,466,Mustard Oil 1L,0.51,200
1693,466,Pure Ghee 1L,1.77,600
1694,466,Sugar 1kg,1.24,45
1695,467,Sunflower Oil 1L,1.13,180
1696,467,Mustard Oil 1L,0.72,200
1697,467,Sugar 1kg,2.09,45
1698,467,Jaggery (Bella/Gud) 1kg,12.22,70
1699,468,Mustard Oil 1L,1.22,200
1700,468,Sugar 1kg,2.57,45
1701,468,Iodized Salt 1kg,2.58,25
1702,468,Rock Salt (Sendha Namak) 500g,2.11,40
1703,469,Mustard Oil 1L,0.91,200
1704,469,Sugar 1kg,2.4,45
1705,469,Iodized Salt 1kg,1.22,25
1706,470,Mustard Oil 1L,0.95,200
1707,470,Sugar 1kg,1.61,45
1708,470,Iodized Salt 1kg,1.42,25
1709,471,Iodized Salt 1kg,2.18,25
1710,472,Iodized Salt 1kg,1.54,25
1711,473,Sona Masoori Rice 5kg,1.94,350
1712,473,Basmati Rice 5kg,3.11,550
1713,473,Wheat Flour (Atta) 5kg,1.44,250
1714,473,Toor Dal 1kg,2.42,140
1715,474,Sona Masoori Rice 5kg,2.79,350
1716,474,Basmati Rice 5kg,4.13,550
1717,474,Wheat Flour (Atta) 5kg,2.56,250
1718,474,Toor Dal 1kg,1.32,140
1719,475,Sona Masoori Rice 5kg,1.65,350
1720,475,Basmati Rice 5kg,3.54,550
1721,475,Wheat Flour (Atta) 5kg,2.1,250
1722,475,Toor Dal 1kg,2.44,140
1723,476,Sona Masoori Rice 5kg,3.13,389.91
1724,476,Wheat Flour (Atta) 5kg,1.89,220.97
1725,476,Toor Dal 1kg,2.1,140
1726,476,Moong Dal 1kg,2.79,130
1727,477,Sona Masoori Rice 5kg,2.5,350
1728,477,Wheat Flour (Atta) 5kg,1.81,250
1729,477,Moong Dal 1kg,4.31,130
1730,477,Rajma (Kidney Beans) 1kg,4.48,160
1731,478,Sona Masoori Rice 5kg,1.55,350
1732,478,Wheat Flour (Atta) 5kg,1.59,250
1733,478,Rajma (Kidney Beans) 1kg,5.06,160
1734,478,Turmeric Powder 200g,0.77,60
1735,479,Turmeric Powder 200g,0.9,60
1736,479,Garam Masala 100g,0.28,80
1737,479,Biryani Masala 100g,1.27,100
1738,479,Almonds (Badam) 500g,2.11,450
1739,480,Turmeric Powder 200g,0.88,60
1740,480,Garam Masala 100g,0.35,80
1741,480,Biryani Masala 100g,1.13,100
1742,480,Cashew Nuts (Kaju) 500g,0.49,550
1743,481,Turmeric Powder 200g,1.52,60
1744,481,Garam Masala 100g,0.7,80
1745,481,Biryani Masala 100g,0.47,100
1746,481,Cashew Nuts (Kaju) 500g,0.6,550
1747,482,Turmeric Powder 200g,1.41,50.67
1748,482,Garam Masala 100g,0.28,80
1749,482,Cashew Nuts (Kaju) 500g,0.33,550
1750,482,Peanuts (Groundnut) 500g,4.86,90
1751,483,Cashew Nuts (Kaju) 500g,0.23,550
1752,483,Sunflower Oil 1L,4.01,180
1753,483,Groundnut Oil 1L,5.96,220
1754,483,Mustard Oil 1L,1.92,200
1755,484,Cashew Nuts (Kaju) 500g,0.44,550
1756,484,Sunflower Oil 1L,2.83,180
1757,484,Mustard Oil 1L,3.29,200
1758,484,Pure Ghee 1L,0.43,677.85
1759,485,Sunflower Oil 1L,2.96,180
1760,485,Pure Ghee 1L,0.39,600
1761,485,Sugar 1kg,5.45,45
1762,485,Jaggery (Bella/Gud) 1kg,12.62,70
1763,486,Pure Ghee 1L,0.54,600
1764,486,Sugar 1kg,5.34,45
1765,486,Iodized Salt 1kg,3.79,25
1766,486,Rock Salt (Sendha Namak) 500g,1.02,40
1767,487,Pure Ghee 1L,0.62,600
1768,487,Iodized Salt 1kg,4.36,25
1769,487,Rock Salt (Sendha Namak) 500g,0.77,40
1770,488,Pure Ghee 1L,0.59,600
1771,488,Rock Salt (Sendha Namak) 500g,0.43,40
1772,489,Pure Ghee 1L,0.25,600
1773,490,Sona Masoori Rice 5kg,2.58,350
1774,490,Basmati Rice 5kg,5.52,550
1775,490,Wheat Flour (Atta) 5kg,2.08,250
1776,490,Toor Dal 1kg,5.91,140
1777,491,Sona Masoori Rice 5kg,2.51,350
1778,491,Basmati Rice 5kg,4.78,550
1779,491,Wheat Flour (Atta) 5kg,3.56,250
1780,491,Toor Dal 1kg,2.83,140
1781,492,Sona Masoori Rice 5kg,2.7,350
1782,492,Wheat Flour (Atta) 5kg,1.41,250
1783,492,Moong Dal 1kg,7.49,130
1784,492,Rajma (Kidney Beans) 1kg,2.3,160
1785,493,Sona Masoori Rice 5kg,1.57,350
1786,493,Wheat Flour (Atta) 5kg,2.23,250
1787,493,Rajma (Kidney Beans) 1kg,1.45,160
1788,493,Turmeric Powder 200g,2.3,60
1789,494,Sona Masoori Rice 5kg,3.71,350
1790,494,Wheat Flour (Atta) 5kg,2.11,250
1791,494,Rajma (Kidney Beans) 1kg,1.22,160
1792,494,Turmeric Powder 200g,2.25,60
1793,495,Sona Masoori Rice 5kg,2.2,350
1794,495,Rajma (Kidney Beans) 1kg,1.7,160
1795,495,Garam Masala 100g,0.18,80
1796,495,Biryani Masala 100g,0.48,100
1797,496,Rajma (Kidney Beans) 1kg,2.18,160
1798,496,Garam Masala 100g,0.43,80
1799,496,Biryani Masala 100g,0.41,100
1800,496,Almonds (Badam) 500g,1.9,450
1801,497,Rajma (Kidney Beans) 1kg,1.41,160
1802,497,Garam Masala 100g,0.15,80
1803,497,Biryani Masala 100g,0.92,100
1804,497,Cashew Nuts (Kaju) 500g,0.48,550
1805,498,Garam Masala 100g,0.4,80
1806,498,Biryani Masala 100g,0.47,119.28
1807,498,Cashew Nuts (Kaju) 500g,0.93,550
1808,498,Peanuts (Groundnut) 500g,0.99,90
1809,499,Garam Masala 100g,0.31,80
1810,499,Biryani Masala 100g,0.51,100
1811,499,Cashew Nuts (Kaju) 500g,0.68,550
1812,499,Peanuts (Groundnut) 500g,1.72,90
1813,500,Garam Masala 100g,0.25,80
1814,500,Peanuts (Groundnut) 500g,2.49,90
1815,500,Sunflower Oil 1L,1.78,180
1816,500,Groundnut Oil 1L,6.06,220
1817,501,Sunflower Oil 1L,1.28,180
1818,501,Mustard Oil 1L,0.74,200
1819,501,Pure Ghee 1L,1.5,600
1820,501,Sugar 1kg,3.13,45
1821,502,Sunflower Oil 1L,2.28,180
1822,502,Mustard Oil 1L,1.22,233.53
1823,502,Pure Ghee 1L,1.26,600
1824,502,Sugar 1kg,3.3,45
1825,503,Sunflower Oil 1L,2.27,180
1826,503,Mustard Oil 1L,1.23,200
1827,503,Sugar 1kg,3.59,45
1828,503,Jaggery (Bella/Gud) 1kg,2.71,70
1829,504,Sunflower Oil 1L,2.54,180
1830,504,Mustard Oil 1L,1.23,200
1831,504,Jaggery (Bella/Gud) 1kg,3.48,70
1832,504,Iodized Salt 1kg,6.01,25
1833,505,Mustard Oil 1L,1.0,200
1834,505,Jaggery (Bella/Gud) 1kg,2.55,70
1835,505,Iodized Salt 1kg,3.5,25
1836,505,Rock Salt (Sendha Namak) 500g,0.16,40
1837,506,Jaggery (Bella/Gud) 1kg,4.01,70
1838,506,Rock Salt (Sendha Namak) 500g,0.34,40
1839,507,Rock Salt (Sendha Namak) 500g,0.24,40
1840,508,Rock Salt (Sendha Namak) 500g,0.31,40
1841,509,Sona Masoori Rice 5kg,5.22,350
1842,509,Basmati Rice 5kg,9.79,550
1843,509,Wheat Flour (Atta) 5kg,6.81,250
1844,509,Toor Dal 1kg,8.73,140
1845,510,Sona Masoori Rice 5kg,4.86,350
1846,510,Wheat Flour (Atta) 5kg,5.37,250
1847,510,Moong Dal 1kg,2.27,130
1848,510,Rajma (Kidney Beans) 1kg,2.26,160
1849,511,Sona Masoori Rice 5kg,3.95,350
1850,511,Moong Dal 1kg,1.82,130
1851,511,Rajma (Kidney Beans) 1kg,2.43,160
1852,511,Turmeric Powder 200g,0.82,60
1853,512,Moong Dal 1kg,3.49,130
1854,512,Rajma (Kidney Beans) 1kg,0.96,160
1855,512,Turmeric Powder 200g,1.21,60
1856,512,Garam Masala 100g,0.62,80
1857,513,Rajma (Kidney Beans) 1kg,2.76,160
1858,513,Turmeric Powder 200g,1.18,60
1859,513,Garam Masala 100g,0.91,80
1860,513,Biryani Masala 100g,0.37,100
1861,514,Turmeric Powder 200g,1.7,60
1862,514,Garam Masala 100g,0.72,80
1863,514,Biryani Masala 100g,1.02,100
1864,514,Almonds (Badam) 500g,0.69,450
1865,515,Garam Masala 100g,1.01,80
1866,515,Biryani Masala 100g,0.39,100
1867,515,Almonds (Badam) 500g,0.52,450
1868,515,Cashew Nuts (Kaju) 500g,0.31,550
1869,516,Garam Masala 100g,0.39,80
1870,516,Biryani Masala 100g,0.38,100
1871,516,Almonds (Badam) 500g,0.53,450
1872,516,Cashew Nuts (Kaju) 500g,0.25,550
1873,517,Biryani Masala 100g,0.54,100
1874,517,Almonds (Badam) 500g,0.33,450
1875,517,Cashew Nuts (Kaju) 500g,0.27,550
1876,517,Peanuts (Groundnut) 500g,0.95,90
1877,518,Cashew Nuts (Kaju) 500g,0.34,550
1878,518,Peanuts (Groundnut) 500g,1.23,90
1879,518,Sunflower Oil 1L,4.91,180
1880,518,Groundnut Oil 1L,1.61,220
1881,519,Cashew Nuts (Kaju) 500g,0.4,550
1882,519,Peanuts (Groundnut) 500g,2.1,90
1883,519,Sunflower Oil 1L,4.62,180
1884,519,Groundnut Oil 1L,1.39,220
1885,520,Cashew Nuts (Kaju) 500g,0.48,550
1886,520,Peanuts (Groundnut) 500g,1.17,90
1887,520,Groundnut Oil 1L,0.77,220
1888,520,Mustard Oil 1L,1.49,200
1889,521,Groundnut Oil 1L,0.93,220
1890,521,Mustard Oil 1L,1.64,200
1891,521,Pure Ghee 1L,0.45,600
1892,521,Sugar 1kg,2.11,45
1893,522,Groundnut Oil 1L,0.88,220
1894,522,Mustard Oil 1L,0.64,200
1895,522,Pure Ghee 1L,0.5,600
1896,522,Sugar 1kg,1.87,51.08
1897,523,Groundnut Oil 1L,0.69,220
1898,523,Mustard Oil 1L,1.57,200
1899,523,Pure Ghee 1L,0.35,600
1900,523,Sugar 1kg,1.34,45
1901,524,Pure Ghee 1L,0.38,600
1902,524,Sugar 1kg,1.29,45
1903,524,Jaggery (Bella/Gud) 1kg,11.45,70
1904,524,Iodized Salt 1kg,0.88,25
1905,525,Pure Ghee 1L,0.46,600
1906,525,Sugar 1kg,1.34,45
1907,525,Iodized Salt 1kg,1.54,25
1908,525,Rock Salt (Sendha Namak) 500g,0.12,40
1909,526,Pure Ghee 1L,0.58,600
1910,526,Sugar 1kg,1.73,45
1911,526,Iodized Salt 1kg,2.21,25
1912,526,Rock Salt (Sendha Namak) 500g,0.11,40
1913,527,Iodized Salt 1kg,2.17,25
1914,527,Rock Salt (Sendha Namak) 500g,0.23,33.2
1915,528,Iodized Salt 1kg,1.65,25
1916,528,Rock Salt (Sendha Namak) 500g,0.08,40
1917,529,Rock Salt (Sendha Namak) 500g,0.09,40
1918,530,Rock Salt (Sendha Namak) 500g,0.24,40
1919,531,Sona Masoori Rice 5kg,13.64,350
1920,531,Basmati Rice 5kg,2.39,550
1921,531,Wheat Flour (Atta) 5kg,8.06,250
1922,531,Toor Dal 1kg,1.57,140
1923,532,Basmati Rice 5kg,2.59,550
1924,532,Wheat Flour (Atta) 5kg,3.3,250
1925,532,Toor Dal 1kg,1.21,140
1926,532,Moong Dal 1kg,0.82,130
1927,533,Basmati Rice 5kg,4.43,550
1928,533,Toor Dal 1kg,1.18,140
1929,533,Moong Dal 1kg,1.45,130
1930,533,Rajma (Kidney Beans) 1kg,2.36,160
1931,534,Toor Dal 1kg,2.16,140
1932,534,Moong Dal 1kg,1.69,130
1933,534,Rajma (Kidney Beans) 1kg,2.58,160
1934,534,Turmeric Powder 200g,1.06,60
1935,535,Toor Dal 1kg,1.88,140
1936,535,Moong Dal 1kg,0.96,130
1937,535,Rajma (Kidney Beans) 1kg,2.95,160
1938,535,Turmeric Powder 200g,2.03,60
1939,536,Moong Dal 1kg,1.82,130
1940,536,Rajma (Kidney Beans) 1kg,1.37,160
1941,536,Turmeric Powder 200g,1.42,60
1942,536,Garam Masala 100g,0.87,80
1943,537,Garam Masala 100g,0.54,80
1944,537,Biryani Masala 100g,1.25,100
1945,537,Almonds (Badam) 500g,0.5,450
1946,537,Cashew Nuts (Kaju) 500g,0.66,550
1947,538,Garam Masala 100g,0.37,80
1948,538,Biryani Masala 100g,1.66,100
1949,538,Almonds (Badam) 500g,0.28,450
1950,538,Cashew Nuts (Kaju) 500g,0.72,550
1951,539,Garam Masala 100g,0.36,80
1952,539,Almonds (Badam) 500g,0.75,450
1953,539,Cashew Nuts (Kaju) 500g,0.61,550
1954,539,Peanuts (Groundnut) 500g,2.49,90
1955,540,Garam Masala 100g,0.86,80
1956,540,Almonds (Badam) 500g,0.29,450
1957,540,Peanuts (Groundnut) 500g,2.85,90
1958,540,Sunflower Oil 1L,10.67,180
1959,541,Groundnut Oil 1L,2.14,220
1960,541,Mustard Oil 1L,0.79,200
1961,541,Pure Ghee 1L,0.76,600
1962,541,Sugar 1kg,1.97,45
1963,542,Groundnut Oil 1L,1.73,220
1964,542,Mustard Oil 1L,1.23,200
1965,542,Pure Ghee 1L,0.73,600
1966,542,Sugar 1kg,2.19,45
1967,543,Groundnut Oil 1L,1.9,220
1968,543,Mustard Oil 1L,1.32,200
1969,543,Pure Ghee 1L,0.73,600
1970,543,Sugar 1kg,1.21,45
1971,544,Mustard Oil 1L,2.05,200
1972,544,Pure Ghee 1L,0.56,600
1973,544,Sugar 1kg,2.09,45
1974,544,Jaggery (Bella/Gud) 1kg,2.26,70
1975,545,Sugar 1kg,1.3,45
1976,545,Jaggery (Bella/Gud) 1kg,1.98,70
1977,545,Iodized Salt 1kg,3.86,25
1978,545,Rock Salt (Sendha Namak) 500g,0.61,40
1979,546,Sugar 1kg,1.27,45
1980,546,Jaggery (Bella/Gud) 1kg,2.51,70
1981,546,Iodized Salt 1kg,2.7,25
1982,546,Rock Salt (Sendha Namak) 500g,0.23,40
1983,547,Jaggery (Bella/Gud) 1kg,2.19,70
1984,547,Iodized Salt 1kg,2.27,25
1985,547,Rock Salt (Sendha Namak) 500g,0.37,40
1986,548,Jaggery (Bella/Gud) 1kg,1.97,77.64
1987,549,Sona Masoori Rice 5kg,3.15,350
1988,549,Basmati Rice 5kg,1.93,550
1989,549,Wheat Flour (Atta) 5kg,3.14,217.61
1990,549,Toor Dal 1kg,7.72,140
1991,550,Sona Masoori Rice 5kg,5.57,350
1992,550,Basmati Rice 5kg,2.31,550
1993,550,Wheat Flour (Atta) 5kg,2.97,250
1994,550,Moong Dal 1kg,2.41,130
1995,551,Sona Masoori Rice 5kg,2.78,350
1996,551,Basmati Rice 5kg,1.71,550
1997,551,Wheat Flour (Atta) 5kg,4.71,250
1998,551,Moong Dal 1kg,4.61,130
1999,552,Sona Masoori Rice 5kg,3.44,350
2000,552,Basmati Rice 5kg,1.87,550
2001,552,Rajma (Kidney Beans) 1kg,4.6,160
2002,552,Turmeric Powder 200g,1.09,60
2003,553,Basmati Rice 5kg,2.5,550
2004,553,Rajma (Kidney Beans) 1kg,5.53,160
2005,553,Turmeric Powder 200g,0.79,60
2006,553,Garam Masala 100g,0.82,80
2007,554,Turmeric Powder 200g,0.82,60
2008,554,Garam Masala 100g,0.64,80
2009,554,Biryani Masala 100g,2.98,100
2010,554,Almonds (Badam) 500g,0.42,450
2011,555,Turmeric Powder 200g,0.87,60
2012,555,Garam Masala 100g,1.16,80
2013,555,Almonds (Badam) 500g,0.32,450
2014,555,Cashew Nuts (Kaju) 500g,0.53,550
2015,556,Turmeric Powder 200g,1.13,60
2016,556,Garam Masala 100g,0.71,80
2017,556,Almonds (Badam) 500g,0.46,450
2018,556,Cashew Nuts (Kaju) 500g,0.77,550
2019,557,Almonds (Badam) 500g,0.38,450
2020,557,Cashew Nuts (Kaju) 500g,0.31,550
2021,557,Peanuts (Groundnut) 500g,5.44,90
2022,557,Sunflower Oil 1L,1.04,180
2023,558,Almonds (Badam) 500g,0.42,450
2024,558,Cashew Nuts (Kaju) 500g,0.6,550
2025,558,Sunflower Oil 1L,1.99,180
2026,558,Groundnut Oil 1L,2.83,220
2027,559,Almonds (Badam) 500g,0.16,450
2028,559,Sunflower Oil 1L,1.59,180
2029,559,Groundnut Oil 1L,1.99,220
2030,559,Mustard Oil 1L,0.85,200
2031,560,Sunflower Oil 1L,1.5,180
2032,560,Groundnut Oil 1L,1.54,220
2033,560,Mustard Oil 1L,0.71,200
2034,560,Pure Ghee 1L,0.66,600
2035,561,Sunflower Oil 1L,1.27,180
2036,561,Mustard Oil 1L,0.67,200
2037,561,Pure Ghee 1L,1.32,600
2038,561,Sugar 1kg,3.38,45
2039,562,Sunflower Oil 1L,1.91,180
2040,562,Mustard Oil 1L,1.1,200
2041,562,Pure Ghee 1L,1.29,600
2042,562,Sugar 1kg,1.92,45
2043,563,Mustard Oil 1L,0.69,200
2044,563,Sugar 1kg,1.28,45
2045,563,Jaggery (Bella/Gud) 1kg,5.23,70
2046,563,Iodized Salt 1kg,9.51,25
2047,564,Mustard Oil 1L,1.21,200
2048,564,Sugar 1kg,3.18,45
2049,564,Jaggery (Bella/Gud) 1kg,6.58,70
2050,564,Rock Salt (Sendha Namak) 500g,1.45,40
2051,565,Sona Masoori Rice 5kg,6.12,350
2052,565,Basmati Rice 5kg,2.09,489.95
2053,565,Wheat Flour (Atta) 5kg,10.81,250
2054,565,Toor Dal 1kg,0.73,140
2055,566,Sona Masoori Rice 5kg,3.91,350
2056,566,Basmati Rice 5kg,2.24,550
2057,566,Toor Dal 1kg,1.06,140
2058,566,Moong Dal 1kg,3.37,130
2059,567,Sona Masoori Rice 5kg,5.12,350
2060,567,Basmati Rice 5kg,1.48,550
2061,567,Toor Dal 1kg,1.48,140
2062,567,Moong Dal 1kg,4.18,130
2063,568,Basmati Rice 5kg,2.08,550
2064,568,Toor Dal 1kg,1.05,140
2065,568,Rajma (Kidney Beans) 1kg,2.8,160
2066,568,Turmeric Powder 200g,1.34,60
2067,569,Basmati Rice 5kg,1.5,550
2068,569,Toor Dal 1kg,1.51,140
2069,569,Rajma (Kidney Beans) 1kg,3.52,160
2070,569,Turmeric Powder 200g,1.1,60
2071,570,Toor Dal 1kg,1.41,140
2072,570,Rajma (Kidney Beans) 1kg,2.12,160
2073,570,Turmeric Powder 200g,1.28,60
2074,570,Garam Masala 100g,0.58,80
2075,571,Turmeric Powder 200g,1.25,60
2076,571,Garam Masala 100g,1.12,80
2077,571,Biryani Masala 100g,0.77,100
2078,571,Almonds (Badam) 500g,0.75,450
2079,572,Garam Masala 100g,0.87,80
2080,572,Biryani Masala 100g,2.01,100
2081,572,Almonds (Badam) 500g,0.58,450
2082,572,Cashew Nuts (Kaju) 500g,1.99,550
2083,573,Garam Masala 100g,0.79,80
2084,573,Almonds (Badam) 500g,0.73,507.53
2085,573,Peanuts (Groundnut) 500g,5.09,90
2086,573,Sunflower Oil 1L,2.87,180
2087,574,Sunflower Oil 1L,3.55,180
2088,574,Groundnut Oil 1L,6.39,220
2089,574,Mustard Oil 1L,0.6,200
2090,574,Pure Ghee 1L,0.83,600
2091,575,Sunflower Oil 1L,3.72,180
2092,575,Mustard Oil 1L,1.15,200
2093,575,Pure Ghee 1L,0.67,600
2094,575,Sugar 1kg,5.51,45
2095,576,Mustard Oil 1L,1.06,230.09
2096,576,Pure Ghee 1L,0.65,600
2097,576,Sugar 1kg,4.05,45
2098,576,Jaggery (Bella/Gud) 1kg,1.29,70
2099,577,Mustard Oil 1L,1.13,200
2100,577,Pure Ghee 1L,0.46,600
2101,577,Jaggery (Bella/Gud) 1kg,1.5,70
2102,577,Iodized Salt 1kg,1.21,20.56
2103,578,Mustard Oil 1L,1.23,200
2104,578,Pure Ghee 1L,0.66,600
2105,578,Jaggery (Bella/Gud) 1kg,1.05,70
2106,578,Iodized Salt 1kg,1.85,25
2107,579,Jaggery (Bella/Gud) 1kg,2.96,70
2108,579,Iodized Salt 1kg,2.61,25
2109,579,Rock Salt (Sendha Namak) 500g,0.71,40
2110,580,Jaggery (Bella/Gud) 1kg,2.3,70
2111,580,Iodized Salt 1kg,2.06,25
2112,580,Rock Salt (Sendha Namak) 500g,0.56,40
2113,581,Jaggery (Bella/Gud) 1kg,1.81,70
2114,581,Iodized Salt 1kg,1.35,25
2115,582,Sona Masoori Rice 5kg,14.85,350
2116,582,Basmati Rice 5kg,2.58,550
2117,582,Wheat Flour (Atta) 5kg,4.3,250
2118,582,Toor Dal 1kg,7.71,140
2119,583,Basmati Rice 5kg,3.02,490.74
2120,583,Wheat Flour (Atta) 5kg,4.65,250
2121,583,Moong Dal 1kg,2.36,130
2122,583,Rajma (Kidney Beans) 1kg,1.89,160
2123,584,Basmati Rice 5kg,5.04,550
2124,584,Wheat Flour (Atta) 5kg,3.58,250
2125,584,Moong Dal 1kg,2.03,144.98
2126,584,Rajma (Kidney Beans) 1kg,1.18,160
2127,585,Moong Dal 1kg,1.51,130
2128,585,Turmeric Powder 200g,4.68,60
2129,585,Garam Masala 100g,0.39,80
2130,585,Biryani Masala 100g,1.24,100
2131,586,Moong Dal 1kg,1.49,130
2132,586,Garam Masala 100g,0.18,80
2133,586,Biryani Masala 100g,1.88,100
2134,586,Almonds (Badam) 500g,0.68,450
2135,587,Garam Masala 100g,0.35,80
2136,587,Almonds (Badam) 500g,1.33,450
2137,587,Cashew Nuts (Kaju) 500g,2.0,550
2138,587,Peanuts (Groundnut) 500g,5.37,90
2139,588,Garam Masala 100g,0.43,80
2140,588,Sunflower Oil 1L,2.58,180
2141,588,Groundnut Oil 1L,0.88,220
2142,588,Mustard Oil 1L,1.52,200
2143,589,Garam Masala 100g,0.39,80
2144,589,Sunflower Oil 1L,2.3,180
2145,589,Groundnut Oil 1L,0.64,220
2146,589,Mustard Oil 1L,1.34,200
2147,590,Garam Masala 100g,0.33,80
2148,590,Sunflower Oil 1L,1.62,180
2149,590,Groundnut Oil 1L,1.2,220
2150,590,Mustard Oil 1L,0.94,200
2151,591,Sunflower Oil 1L,3.99,180
2152,591,Groundnut Oil 1L,1.38,220
2153,591,Mustard Oil 1L,0.91,200
2154,591,Pure Ghee 1L,0.82,600
2155,592,Groundnut Oil 1L,1.25,220
2156,592,Pure Ghee 1L,1.29,600
2157,592,Sugar 1kg,1.94,45
2158,592,Jaggery (Bella/Gud) 1kg,1.8,70
2159,593,Pure Ghee 1L,0.93,600
2160,593,Sugar 1kg,1.13,52.67
2161,593,Jaggery (Bella/Gud) 1kg,2.28,70
2162,593,Iodized Salt 1kg,1.54,25
2163,594,Sugar 1kg,2.11,45
2164,594,Iodized Salt 1kg,1.33,25
2165,594,Rock Salt (Sendha Namak) 500g,1.46,40
2166,595,Sugar 1kg,1.92,45
2167,595,Iodized Salt 1kg,1.63,25
2168,596,Sugar 1kg,1.14,45
2169,596,Iodized Salt 1kg,2.26,25
2170,597,Sugar 1kg,1.65,51.18
2171,597,Iodized Salt 1kg,1.33,25
2172,598,Iodized Salt 1kg,1.18,25
2173,599,Sona Masoori Rice 5kg,4.99,350
2174,599,Basmati Rice 5kg,1.85,550
2175,599,Wheat Flour (Atta) 5kg,5.32,250
2176,599,Toor Dal 1kg,0.7,140
2177,600,Sona Masoori Rice 5kg,2.43,350
2178,600,Basmati Rice 5kg,1.65,550
2179,600,Wheat Flour (Atta) 5kg,6.97,250
2180,600,Toor Dal 1kg,1.28,140
2181,601,Sona Masoori Rice 5kg,4.97,350
2182,601,Basmati Rice 5kg,1.42,550
2183,601,Toor Dal 1kg,1.57,140
2184,601,Moong Dal 1kg,2.88,130
2185,602,Sona Masoori Rice 5kg,3.24,350
2186,602,Basmati Rice 5kg,1.73,550
2187,602,Toor Dal 1kg,1.39,140
2188,602,Moong Dal 1kg,4.32,130
2189,603,Basmati Rice 5kg,1.91,550
2190,603,Toor Dal 1kg,1.51,140
2191,603,Rajma (Kidney Beans) 1kg,1.72,160
2192,603,Turmeric Powder 200g,0.83,60
2193,604,Basmati Rice 5kg,0.93,550
2194,604,Toor Dal 1kg,1.89,120.02
2195,604,Rajma (Kidney Beans) 1kg,0.9,160
2196,604,Turmeric Powder 200g,0.79,60
2197,605,Rajma (Kidney Beans) 1kg,0.78,160
2198,605,Turmeric Powder 200g,0.91,60
2199,605,Garam Masala 100g,0.82,80
2200,605,Biryani Masala 100g,1.09,100
2201,606,Turmeric Powder 200g,0.53,48.5
2202,606,Garam Masala 100g,0.53,80
2203,606,Biryani Masala 100g,1.21,100
2204,606,Almonds (Badam) 500g,0.85,450
2205,607,Turmeric Powder 200g,1.08,60
2206,607,Garam Masala 100g,1.01,80
2207,607,Biryani Masala 100g,0.51,100
2208,607,Almonds (Badam) 500g,0.43,450
2209,608,Turmeric Powder 200g,0.99,60
2210,608,Garam Masala 100g,0.83,80
2211,608,Almonds (Badam) 500g,0.58,450
2212,608,Cashew Nuts (Kaju) 500g,0.44,550
2213,609,Cashew Nuts (Kaju) 500g,0.45,550
2214,609,Peanuts (Groundnut) 500g,1.36,90
2215,609,Sunflower Oil 1L,2.4,180
2216,609,Groundnut Oil 1L,6.34,220
2217,610,Cashew Nuts (Kaju) 500g,0.45,550
2218,610,Peanuts (Groundnut) 500g,1.35,90
2219,610,Sunflower Oil 1L,3.27,180
2220,610,Mustard Oil 1L,5.1,200
2221,611,Cashew Nuts (Kaju) 500g,0.18,550
2222,611,Peanuts (Groundnut) 500g,0.64,90
2223,611,Sunflower Oil 1L,1.88,180
2224,611,Pure Ghee 1L,0.48,600
2225,612,Cashew Nuts (Kaju) 500g,0.28,550
2226,612,Peanuts (Groundnut) 500g,1.19,90
2227,612,Sunflower Oil 1L,1.73,180
2228,612,Pure Ghee 1L,0.82,600
2229,613,Cashew Nuts (Kaju) 500g,0.3,550
2230,613,Peanuts (Groundnut) 500g,0.63,90
2231,613,Pure Ghee 1L,0.33,600
2232,613,Sugar 1kg,4.2,45
2233,614,Pure Ghee 1L,0.62,600
2234,614,Sugar 1kg,3.06,45
2235,614,Jaggery (Bella/Gud) 1kg,1.02,70
2236,614,Iodized Salt 1kg,4.95,25
2237,615,Pure Ghee 1L,0.6,600
2238,615,Sugar 1kg,3.25,45
2239,615,Jaggery (Bella/Gud) 1kg,0.74,70
2240,615,Iodized Salt 1kg,4.55,25
2241,616,Jaggery (Bella/Gud) 1kg,1.2,70
2242,616,Rock Salt (Sendha Namak) 500g,0.42,40
2243,617,Jaggery (Bella/Gud) 1kg,1.14,70
2244,617,Rock Salt (Sendha Namak) 500g,0.59,40
2245,618,Rock Salt (Sendha Namak) 500g,0.83,40
2246,619,Sona Masoori Rice 5kg,2.92,350
2247,619,Basmati Rice 5kg,10.71,460.81
2248,619,Wheat Flour (Atta) 5kg,13.01,250
2249,619,Toor Dal 1kg,2.03,140
2250,620,Sona Masoori Rice 5kg,2.19,350
2251,620,Toor Dal 1kg,1.89,140
2252,620,Moong Dal 1kg,0.94,130
2253,620,Rajma (Kidney Beans) 1kg,0.82,160
2254,621,Sona Masoori Rice 5kg,1.65,350
2255,621,Toor Dal 1kg,1.34,140
2256,621,Moong Dal 1kg,1.23,130
2257,621,Rajma (Kidney Beans) 1kg,1.76,160
2258,622,Sona Masoori Rice 5kg,3.0,350
2259,622,Toor Dal 1kg,1.44,124.11
2260,622,Moong Dal 1kg,1.6,130
2261,622,Turmeric Powder 200g,5.02,60
2262,623,Sona Masoori Rice 5kg,2.59,350
2263,623,Toor Dal 1kg,1.54,140
2264,623,Moong Dal 1kg,0.8,130
2265,623,Garam Masala 100g,3.86,80
2266,624,Sona Masoori Rice 5kg,2.45,350
2267,624,Moong Dal 1kg,1.47,130
2268,624,Biryani Masala 100g,0.46,100
2269,624,Almonds (Badam) 500g,0.34,450
2270,625,Moong Dal 1kg,1.62,130
2271,625,Biryani Masala 100g,0.58,100
2272,625,Almonds (Badam) 500g,0.99,450
2273,625,Cashew Nuts (Kaju) 500g,0.62,550
2274,626,Biryani Masala 100g,0.37,100
2275,626,Almonds (Badam) 500g,0.75,450
2276,626,Cashew Nuts (Kaju) 500g,0.65,550
2277,626,Peanuts (Groundnut) 500g,1.2,75.24
2278,627,Biryani Masala 100g,0.65,100
2279,627,Cashew Nuts (Kaju) 500g,0.34,629.45
2280,627,Peanuts (Groundnut) 500g,1.23,90
2281,627,Sunflower Oil 1L,3.72,180
2282,628,Biryani Masala 100g,0.35,116.22
2283,628,Cashew Nuts (Kaju) 500g,0.38,550
2284,628,Peanuts (Groundnut) 500g,0.75,90
2285,628,Sunflower Oil 1L,6.11,180
2286,629,Biryani Masala 100g,0.45,100
2287,629,Peanuts (Groundnut) 500g,1.38,102.36
2288,629,Groundnut Oil 1L,1.72,220
2289,629,Mustard Oil 1L,4.79,200
2290,630,Peanuts (Groundnut) 500g,0.92,90
2291,630,Groundnut Oil 1L,0.93,220
2292,630,Pure Ghee 1L,3.0,600
2293,630,Sugar 1kg,1.4,45
2294,631,Groundnut Oil 1L,1.12,220
2295,631,Sugar 1kg,1.16,45
2296,631,Jaggery (Bella/Gud) 1kg,0.66,70
2297,631,Iodized Salt 1kg,2.57,25
2298,632,Groundnut Oil 1L,0.68,220
2299,632,Sugar 1kg,1.48,45
2300,632,Jaggery (Bella/Gud) 1kg,0.69,70
2301,632,Iodized Salt 1kg,2.72,25
2302,633,Groundnut Oil 1L,1.34,220
2303,633,Sugar 1kg,2.57,45
2304,633,Jaggery (Bella/Gud) 1kg,0.9,70
2305,633,Iodized Salt 1kg,3.1,25
2306,634,Sugar 1kg,1.75,45
2307,634,Jaggery (Bella/Gud) 1kg,0.61,70
2308,634,Rock Salt (Sendha Namak) 500g,2.27,40
2309,635,Sugar 1kg,2.49,45
2310,635,Jaggery (Bella/Gud) 1kg,0.76,70
2311,636,Sona Masoori Rice 5kg,1.78,350
2312,636,Basmati Rice 5kg,4.75,550
2313,636,Wheat Flour (Atta) 5kg,1.95,250
2314,636,Toor Dal 1kg,3.65,140
2315,637,Sona Masoori Rice 5kg,1.97,350
2316,637,Basmati Rice 5kg,6.37,550
2317,637,Wheat Flour (Atta) 5kg,2.38,250
2318,637,Toor Dal 1kg,5.0,140
2319,638,Sona Masoori Rice 5kg,3.26,350
2320,638,Wheat Flour (Atta) 5kg,1.59,250
2321,638,Moong Dal 1kg,1.92,130
2322,638,Rajma (Kidney Beans) 1kg,0.68,160
2323,639,Sona Masoori Rice 5kg,2.56,350
2324,639,Wheat Flour (Atta) 5kg,1.3,250
2325,639,Moong Dal 1kg,2.41,130
2326,639,Rajma (Kidney Beans) 1kg,0.94,160
2327,640,Sona Masoori Rice 5kg,1.86,387.01
2328,640,Wheat Flour (Atta) 5kg,2.38,250
2329,640,Moong Dal 1kg,2.3,130
2330,640,Rajma (Kidney Beans) 1kg,0.99,160
2331,641,Sona Masoori Rice 5kg,2.89,350
2332,641,Wheat Flour (Atta) 5kg,2.54,250
2333,641,Moong Dal 1kg,0.81,130
2334,641,Turmeric Powder 200g,1.48,53.17
2335,642,Turmeric Powder 200g,1.11,60
2336,642,Garam Masala 100g,0.56,80
2337,642,Biryani Masala 100g,0.62,100
2338,642,Almonds (Badam) 500g,0.16,450
2339,643,Turmeric Powder 200g,2.01,60
2340,643,Garam Masala 100g,0.35,80
2341,643,Biryani Masala 100g,0.77,100
2342,643,Almonds (Badam) 500g,0.33,450
2343,644,Garam Masala 100g,0.49,80
2344,644,Biryani Masala 100g,0.33,100
2345,644,Almonds (Badam) 500g,0.28,450
2346,644,Cashew Nuts (Kaju) 500g,0.69,550
2347,645,Biryani Masala 100g,0.36,100
2348,645,Almonds (Badam) 500g,0.39,450
2349,645,Cashew Nuts (Kaju) 500g,1.34,550
2350,645,Peanuts (Groundnut) 500g,1.16,90
2351,646,Biryani Masala 100g,0.85,100
2352,646,Almonds (Badam) 500g,0.44,450
2353,646,Peanuts (Groundnut) 500g,0.62,90
2354,646,Sunflower Oil 1L,3.38,180
2355,647,Almonds (Badam) 500g,0.42,450
2356,647,Peanuts (Groundnut) 500g,0.69,90
2357,647,Sunflower Oil 1L,6.47,180
2358,647,Groundnut Oil 1L,6.02,220
2359,648,Peanuts (Groundnut) 500g,1.02,90
2360,648,Mustard Oil 1L,2.73,200
2361,648,Pure Ghee 1L,1.02,600
2362,648,Sugar 1kg,2.58,45
2363,649,Peanuts (Groundnut) 500g,0.95,90
2364,649,Mustard Oil 1L,2.01,200
2365,649,Pure Ghee 1L,0.52,498.52
2366,649,Sugar 1kg,2.94,45
2367,650,Peanuts (Groundnut) 500g,0.74,90
2368,650,Pure Ghee 1L,0.92,600
2369,650,Sugar 1kg,1.83,51.15
2370,650,Jaggery (Bella/Gud) 1kg,3.78,70
2371,651,Pure Ghee 1L,0.77,600
2372,651,Sugar 1kg,3.21,45
2373,651,Iodized Salt 1kg,8.59,25
2374,651,Rock Salt (Sendha Namak) 500g,0.25,40
2375,652,Rock Salt (Sendha Namak) 500g,0.37,40
2376,653,Rock Salt (Sendha Namak) 500g,0.22,40
2377,654,Rock Salt (Sendha Namak) 500g,0.4,40
2378,655,Rock Salt (Sendha Namak) 500g,0.3,40
2379,656,Sona Masoori Rice 5kg,13.96,350
2380,656,Basmati Rice 5kg,1.5,550
2381,656,Wheat Flour (Atta) 5kg,2.43,250
2382,656,Toor Dal 1kg,0.73,140
2383,657,Basmati Rice 5kg,3.03,550
2384,657,Wheat Flour (Atta) 5kg,1.74,250
2385,657,Toor Dal 1kg,1.5,140
2386,657,Moong Dal 1kg,2.45,130
2387,658,Basmati Rice 5kg,3.56,550
2388,658,Wheat Flour (Atta) 5kg,2.4,286.61
2389,658,Toor Dal 1kg,1.35,140
2390,658,Moong Dal 1kg,1.06,130
2391,659,Basmati Rice 5kg,1.49,550
2392,659,Wheat Flour (Atta) 5kg,1.36,250
2393,659,Toor Dal 1kg,1.44,140
2394,659,Moong Dal 1kg,1.3,130
2395,660,Wheat Flour (Atta) 5kg,1.32,250
2396,660,Toor Dal 1kg,1.09,140
2397,660,Moong Dal 1kg,1.51,130
2398,660,Rajma (Kidney Beans) 1kg,1.44,160
2399,661,Wheat Flour (Atta) 5kg,1.83,250
2400,661,Toor Dal 1kg,1.34,140
2401,661,Moong Dal 1kg,1.1,130
2402,661,Rajma (Kidney Beans) 1kg,1.14,135.06
2403,662,Turmeric Powder 200g,1.94,60
2404,662,Biryani Masala 100g,0.32,100
2405,662,Almonds (Badam) 500g,1.13,450
2406,662,Cashew Nuts (Kaju) 500g,0.48,550
2407,663,Turmeric Powder 200g,0.91,60
2408,663,Biryani Masala 100g,0.38,100
2409,663,Almonds (Badam) 500g,0.85,450
2410,663,Cashew Nuts (Kaju) 500g,0.54,550
2411,664,Turmeric Powder 200g,1.46,60
2412,664,Biryani Masala 100g,0.54,100
2413,664,Cashew Nuts (Kaju) 500g,0.37,550
2414,664,Peanuts (Groundnut) 500g,4.6,90
2415,665,Turmeric Powder 200g,0.98,60
2416,665,Biryani Masala 100g,0.36,100
2417,665,Cashew Nuts (Kaju) 500g,0.46,550
2418,665,Sunflower Oil 1L,3.81,161.62
2419,666,Biryani Masala 100g,0.63,100
2420,666,Cashew Nuts (Kaju) 500g,0.31,550
2421,666,Sunflower Oil 1L,5.86,180
2422,666,Groundnut Oil 1L,6.38,220
2423,667,Biryani Masala 100g,0.63,100
2424,667,Mustard Oil 1L,1.49,200
2425,667,Pure Ghee 1L,0.45,600
2426,667,Sugar 1kg,4.19,40.04
2427,668,Mustard Oil 1L,1.0,200
2428,668,Pure Ghee 1L,0.38,600
2429,668,Sugar 1kg,2.65,50.94
2430,668,Jaggery (Bella/Gud) 1kg,1.27,70
2431,669,Mustard Oil 1L,2.19,200
2432,669,Pure Ghee 1L,0.75,600
2433,669,Sugar 1kg,4.07,45
2434,669,Jaggery (Bella/Gud) 1kg,0.83,70
2435,670,Pure Ghee 1L,0.75,600
2436,670,Jaggery (Bella/Gud) 1kg,0.79,70
2437,670,Iodized Salt 1kg,5.06,25
2438,670,Rock Salt (Sendha Namak) 500g,2.12,40
2439,671,Pure Ghee 1L,0.86,537.08
2440,671,Jaggery (Bella/Gud) 1kg,1.06,70
2441,671,Iodized Salt 1kg,4.43,25
2442,672,Sona Masoori Rice 5kg,15.82,350
2443,672,Basmati Rice 5kg,1.7,550
2444,672,Wheat Flour (Atta) 5kg,7.77,250
2445,672,Toor Dal 1kg,0.8,140
2446,673,Basmati Rice 5kg,4.02,550
2447,673,Wheat Flour (Atta) 5kg,4.04,250
2448,673,Toor Dal 1kg,1.28,140
2449,673,Moong Dal 1kg,2.86,130
2450,674,Basmati Rice 5kg,1.53,550
2451,674,Toor Dal 1kg,1.63,140
2452,674,Moong Dal 1kg,2.64,130
2453,674,Rajma (Kidney Beans) 1kg,2.78,160
2454,675,Basmati Rice 5kg,4.0,550
2455,675,Toor Dal 1kg,1.6,140
2456,675,Moong Dal 1kg,1.51,130
2457,675,Turmeric Powder 200g,2.24,60
2458,676,Toor Dal 1kg,1.52,155.78
2459,676,Turmeric Powder 200g,3.17,60
2460,676,Garam Masala 100g,0.64,80
2461,676,Biryani Masala 100g,0.67,100
2462,677,Toor Dal 1kg,1.15,156.85
2463,677,Garam Masala 100g,0.54,80
2464,677,Biryani Masala 100g,1.14,100
2465,677,Almonds (Badam) 500g,0.46,403.33
2466,678,Garam Masala 100g,0.77,80
2467,678,Biryani Masala 100g,1.22,100
2468,678,Almonds (Badam) 500g,0.62,450
2469,678,Cashew Nuts (Kaju) 500g,0.42,550
2470,679,Garam Masala 100g,0.66,80
2471,679,Almonds (Badam) 500g,0.47,450
2472,679,Cashew Nuts (Kaju) 500g,0.4,550
2473,679,Peanuts (Groundnut) 500g,1.96,90
2474,680,Garam Masala 100g,1.05,80
2475,680,Almonds (Badam) 500g,0.58,450
2476,680,Cashew Nuts (Kaju) 500g,0.43,550
2477,680,Peanuts (Groundnut) 500g,1.39,90
2478,681,Garam Masala 100g,0.97,80
2479,681,Cashew Nuts (Kaju) 500g,0.35,550
2480,681,Peanuts (Groundnut) 500g,2.09,90
2481,681,Sunflower Oil 1L,2.3,180
2482,682,Cashew Nuts (Kaju) 500g,0.48,550
2483,682,Sunflower Oil 1L,2.39,207.39
2484,682,Groundnut Oil 1L,3.21,220
2485,682,Mustard Oil 1L,1.33,200
2486,683,Sunflower Oil 1L,2.06,180
2487,683,Groundnut Oil 1L,3.08,220
2488,683,Mustard Oil 1L,1.04,200
2489,683,Pure Ghee 1L,1.75,600
2490,684,Sunflower Oil 1L,3.09,180
2491,684,Mustard Oil 1L,1.01,200
2492,684,Pure Ghee 1L,1.03,600
2493,684,Sugar 1kg,10.41,45
2494,685,Mustard Oil 1L,0.5,200
2495,685,Jaggery (Bella/Gud) 1kg,0.69,70
2496,685,Iodized Salt 1kg,3.28,25
2497,685,Rock Salt (Sendha Namak) 500g,1.81,40
2498,686,Mustard Oil 1L,1.32,200
2499,686,Jaggery (Bella/Gud) 1kg,0.91,70
2500,686,Iodized Salt 1kg,1.89,25
2501,687,Jaggery (Bella/Gud) 1kg,0.59,70
2502,687,Iodized Salt 1kg,3.84,25
2503,688,Jaggery (Bella/Gud) 1kg,0.75,70
2504,689,Jaggery (Bella/Gud) 1kg,0.72,70
2505,690,Sona Masoori Rice 5kg,4.39,350
2506,690,Basmati Rice 5kg,10.57,550
2507,690,Wheat Flour (Atta) 5kg,6.23,250
2508,690,Toor Dal 1kg,7.97,140
2509,691,Sona Masoori Rice 5kg,4.64,350
2510,691,Wheat Flour (Atta) 5kg,6.5,250
2511,691,Moong Dal 1kg,1.04,130
2512,691,Rajma (Kidney Beans) 1kg,0.3,160
2513,692,Sona Masoori Rice 5kg,3.49,350
2514,692,Moong Dal 1kg,1.3,130
2515,692,Rajma (Kidney Beans) 1kg,0.54,160
2516,692,Turmeric Powder 200g,1.03,60
2517,693,Sona Masoori Rice 5kg,3.0,350
2518,693,Moong Dal 1kg,0.99,130
2519,693,Rajma (Kidney Beans) 1kg,0.54,160
2520,693,Turmeric Powder 200g,1.04,60
2521,694,Moong Dal 1kg,1.84,130
2522,694,Rajma (Kidney Beans) 1kg,0.26,160
2523,694,Turmeric Powder 200g,1.41,60
2524,694,Garam Masala 100g,3.9,80
2525,695,Moong Dal 1kg,1.91,130
2526,695,Rajma (Kidney Beans) 1kg,0.75,160
2527,695,Turmeric Powder 200g,1.38,60
2528,695,Biryani Masala 100g,3.26,100
2529,696,Rajma (Kidney Beans) 1kg,0.77,160
2530,696,Almonds (Badam) 500g,0.55,450
2531,696,Cashew Nuts (Kaju) 500g,0.66,550
2532,696,Peanuts (Groundnut) 500g,1.69,90
2533,697,Almonds (Badam) 500g,1.29,450
2534,697,Cashew Nuts (Kaju) 500g,0.72,550
2535,697,Peanuts (Groundnut) 500g,2.25,90
2536,697,Sunflower Oil 1L,2.3,180
2537,698,Cashew Nuts (Kaju) 500g,0.62,550
2538,698,Peanuts (Groundnut) 500g,1.06,90
2539,698,Sunflower Oil 1L,2.82,180
2540,698,Groundnut Oil 1L,1.41,220
2541,699,Sunflower Oil 1L,3.28,180
2542,699,Groundnut Oil 1L,1.49,220
2543,699,Mustard Oil 1L,1.11,200
2544,699,Pure Ghee 1L,0.43,600
2545,700,Sunflower Oil 1L,2.56,180
2546,700,Groundnut Oil 1L,1.37,220
2547,700,Mustard Oil 1L,1.05,162.09
2548,700,Pure Ghee 1L,0.55,600
2549,701,Groundnut Oil 1L,1.18,220
2550,701,Mustard Oil 1L,1.31,200
2551,701,Pure Ghee 1L,0.46,600
2552,701,Sugar 1kg,4.72,45
2553,702,Mustard Oil 1L,1.45,200
2554,702,Pure Ghee 1L,0.56,600
2555,702,Sugar 1kg,2.63,45
2556,702,Jaggery (Bella/Gud) 1kg,0.32,70
2557,703,Pure Ghee 1L,0.35,600
2558,703,Sugar 1kg,3.13,45
2559,703,Jaggery (Bella/Gud) 1kg,0.56,70
2560,703,Iodized Salt 1kg,2.18,25
2561,704,Pure Ghee 1L,0.72,600
2562,704,Jaggery (Bella/Gud) 1kg,0.84,70
2563,704,Iodized Salt 1kg,1.92,25
2564,704,Rock Salt (Sendha Namak) 500g,2.83,34.46
2565,705,Jaggery (Bella/Gud) 1kg,0.4,70
2566,705,Iodized Salt 1kg,2.06,25
2567,706,Jaggery (Bella/Gud) 1kg,0.72,70
2568,706,Iodized Salt 1kg,1.9,25
2569,707,Jaggery (Bella/Gud) 1kg,0.84,80.52
2570,707,Iodized Salt 1kg,1.18,25
2571,708,Sona Masoori Rice 5kg,3.26,350
2572,708,Basmati Rice 5kg,6.57,550
2573,708,Wheat Flour (Atta) 5kg,1.22,250
2574,708,Toor Dal 1kg,1.38,140
2575,709,Sona Masoori Rice 5kg,5.2,350
2576,709,Basmati Rice 5kg,3.29,550
2577,709,Wheat Flour (Atta) 5kg,1.85,250
2578,709,Toor Dal 1kg,1.65,140
2579,710,Sona Masoori Rice 5kg,5.44,350
2580,710,Wheat Flour (Atta) 5kg,2.32,250
2581,710,Toor Dal 1kg,1.81,140
2582,710,Moong Dal 1kg,1.82,130
2583,711,Wheat Flour (Atta) 5kg,1.7,250
2584,711,Toor Dal 1kg,0.8,140
2585,711,Moong Dal 1kg,1.62,130
2586,711,Rajma (Kidney Beans) 1kg,1.03,160
2587,712,Wheat Flour (Atta) 5kg,2.41,250
2588,712,Toor Dal 1kg,2.1,140
2589,712,Moong Dal 1kg,1.35,130
2590,712,Rajma (Kidney Beans) 1kg,1.63,176.22
2591,713,Wheat Flour (Atta) 5kg,1.89,250
2592,713,Toor Dal 1kg,0.99,140
2593,713,Moong Dal 1kg,1.62,130
2594,713,Turmeric Powder 200g,1.86,60
2595,714,Turmeric Powder 200g,3.25,60
2596,714,Garam Masala 100g,4.13,80
2597,714,Biryani Masala 100g,1.08,100
2598,714,Almonds (Badam) 500g,0.54,450
2599,715,Biryani Masala 100g,1.14,100
2600,715,Almonds (Badam) 500g,1.34,450
2601,715,Cashew Nuts (Kaju) 500g,0.74,550
2602,715,Peanuts (Groundnut) 500g,1.07,90
2603,716,Biryani Masala 100g,0.48,100
2604,716,Cashew Nuts (Kaju) 500g,0.93,550
2605,716,Peanuts (Groundnut) 500g,0.92,90
2606,716,Sunflower Oil 1L,2.6,180
2607,717,Biryani Masala 100g,0.5,100
2608,717,Cashew Nuts (Kaju) 500g,0.57,550
2609,717,Peanuts (Groundnut) 500g,0.96,90
2610,717,Sunflower Oil 1L,2.06,180
2611,718,Peanuts (Groundnut) 500g,1.06,90
2612,718,Sunflower Oil 1L,2.09,180
2613,718,Groundnut Oil 1L,3.65,220
2614,718,Mustard Oil 1L,0.77,200
2615,719,Peanuts (Groundnut) 500g,0.81,90
2616,719,Sunflower Oil 1L,1.98,180
2617,719,Groundnut Oil 1L,2.58,220
2618,719,Mustard Oil 1L,1.01,230.48
2619,720,Sunflower Oil 1L,1.91,180
2620,720,Mustard Oil 1L,0.84,200
2621,720,Pure Ghee 1L,0.71,600
2622,720,Sugar 1kg,5.15,45
2623,721,Mustard Oil 1L,0.82,200
2624,721,Pure Ghee 1L,0.69,600
2625,721,Sugar 1kg,5.36,45
2626,721,Jaggery (Bella/Gud) 1kg,0.76,70
2627,722,Mustard Oil 1L,1.12,200
2628,722,Pure Ghee 1L,0.75,600
2629,722,Jaggery (Bella/Gud) 1kg,0.37,70
2630,722,Iodized Salt 1kg,9.67,25
2631,723,Mustard Oil 1L,0.69,200
2632,723,Pure Ghee 1L,0.5,600
2633,723,Jaggery (Bella/Gud) 1kg,0.72,70
2634,723,Rock Salt (Sendha Namak) 500g,1.27,40
2635,724,Pure Ghee 1L,0.46,600
2636,724,Jaggery (Bella/Gud) 1kg,0.55,62.86
2637,725,Jaggery (Bella/Gud) 1kg,0.5,70
2638,726,Jaggery (Bella/Gud) 1kg,0.85,70
2639,727,Sona Masoori Rice 5kg,15.68,350
2640,727,Basmati Rice 5kg,10.57,550
2641,727,Wheat Flour (Atta) 5kg,4.6,250
2642,727,Toor Dal 1kg,7.65,140
2643,728,Wheat Flour (Atta) 5kg,2.95,250
2644,728,Moong Dal 1kg,7.3,130
2645,728,Rajma (Kidney Beans) 1kg,1.2,160
2646,728,Turmeric Powder 200g,4.6,60
2647,729,Wheat Flour (Atta) 5kg,4.0,250
2648,729,Rajma (Kidney Beans) 1kg,1.87,160
2649,729,Garam Masala 100g,0.41,80
2650,729,Biryani Masala 100g,2.25,100
2651,730,Garam Masala 100g,0.31,80
2652,730,Biryani Masala 100g,0.95,100
2653,730,Almonds (Badam) 500g,0.57,450
2654,730,Cashew Nuts (Kaju) 500g,1.9,550
2655,731,Garam Masala 100g,0.58,80
2656,731,Almonds (Badam) 500g,0.42,450
2657,731,Peanuts (Groundnut) 500g,1.99,90
2658,731,Sunflower Oil 1L,9.37,180
2659,732,Garam Masala 100g,0.66,80
2660,732,Almonds (Badam) 500g,0.49,450
2661,732,Peanuts (Groundnut) 500g,2.59,90
2662,732,Groundnut Oil 1L,0.76,220
2663,733,Garam Masala 100g,0.59,80
2664,733,Almonds (Badam) 500g,0.49,450
2665,733,Groundnut Oil 1L,1.56,220
2666,733,Mustard Oil 1L,1.12,200
2667,734,Garam Masala 100g,0.63,80
2668,734,Groundnut Oil 1L,1.14,220
2669,734,Mustard Oil 1L,1.51,200
2670,734,Pure Ghee 1L,1.83,600
2671,735,Groundnut Oil 1L,1.34,220
2672,735,Mustard Oil 1L,2.95,174.23
2673,735,Pure Ghee 1L,1.26,600
2674,735,Sugar 1kg,2.05,45
2675,736,Groundnut Oil 1L,0.89,220
2676,736,Sugar 1kg,1.89,45
2677,736,Jaggery (Bella/Gud) 1kg,0.4,70
2678,736,Iodized Salt 1kg,4.82,25
2679,737,Groundnut Oil 1L,0.66,220
2680,737,Sugar 1kg,2.05,45
2681,737,Jaggery (Bella/Gud) 1kg,0.79,70
2682,737,Iodized Salt 1kg,3.84,25
2683,738,Sugar 1kg,1.13,45
2684,738,Jaggery (Bella/Gud) 1kg,0.59,61.64
2685,739,Sugar 1kg,1.8,45
2686,739,Jaggery (Bella/Gud) 1kg,0.78,70
2687,740,Sugar 1kg,1.17,45
2688,740,Jaggery (Bella/Gud) 1kg,0.77,70
2689,741,Jaggery (Bella/Gud) 1kg,0.33,79.19
2690,742,Sona Masoori Rice 5kg,16.39,350
2691,742,Basmati Rice 5kg,1.26,550
2692,742,Wheat Flour (Atta) 5kg,7.29,250
2693,742,Toor Dal 1kg,3.07,140
2694,743,Basmati Rice 5kg,2.09,550
2695,743,Wheat Flour (Atta) 5kg,5.62,250
2696,743,Toor Dal 1kg,1.61,166.73
2697,743,Moong Dal 1kg,1.78,130
2698,744,Basmati Rice 5kg,2.0,550
2699,744,Toor Dal 1kg,2.61,140
2700,744,Moong Dal 1kg,0.86,130
2701,744,Rajma (Kidney Beans) 1kg,0.32,160
2702,745,Basmati Rice 5kg,2.41,550
2703,745,Moong Dal 1kg,1.37,130
2704,745,Rajma (Kidney Beans) 1kg,0.32,160
2705,745,Turmeric Powder 200g,5.11,60
2706,746,Basmati Rice 5kg,1.61,550
2707,746,Moong Dal 1kg,0.92,130
2708,746,Rajma (Kidney Beans) 1kg,0.55,160
2709,746,Garam Masala 100g,0.92,80
2710,747,Basmati Rice 5kg,1.28,550
2711,747,Moong Dal 1kg,1.33,130
2712,747,Rajma (Kidney Beans) 1kg,0.94,160
2713,747,Garam Masala 100g,0.54,80
2714,748,Moong Dal 1kg,1.0,130
2715,748,Rajma (Kidney Beans) 1kg,0.59,160
2716,748,Garam Masala 100g,0.82,80
2717,748,Biryani Masala 100g,0.72,100
2718,749,Garam Masala 100g,0.76,80
2719,749,Biryani Masala 100g,0.34,100
2720,749,Almonds (Badam) 500g,0.37,450
2721,749,Cashew Nuts (Kaju) 500g,0.56,550
2722,750,Garam Masala 100g,0.91,80
2723,750,Biryani Masala 100g,0.5,100
2724,750,Almonds (Badam) 500g,0.38,450
2725,750,Cashew Nuts (Kaju) 500g,0.35,550
2726,751,Garam Masala 100g,0.47,80
2727,751,Biryani Masala 100g,0.29,100
2728,751,Almonds (Badam) 500g,0.46,450
2729,751,Cashew Nuts (Kaju) 500g,0.25,550
2730,752,Biryani Masala 100g,0.56,100
2731,752,Almonds (Badam) 500g,0.33,450
2732,752,Cashew Nuts (Kaju) 500g,0.49,550
2733,752,Peanuts (Groundnut) 500g,1.31,90
2734,753,Biryani Masala 100g,0.66,100
2735,753,Almonds (Badam) 500g,0.28,450
2736,753,Cashew Nuts (Kaju) 500g,0.26,550
2737,753,Peanuts (Groundnut) 500g,1.44,90
2738,754,Peanuts (Groundnut) 500g,1.82,90
2739,754,Sunflower Oil 1L,1.83,180
2740,754,Groundnut Oil 1L,1.53,220
2741,754,Mustard Oil 1L,5.54,200
2742,755,Sunflower Oil 1L,2.11,180
2743,755,Groundnut Oil 1L,1.35,220
2744,755,Pure Ghee 1L,0.64,600
2745,755,Sugar 1kg,1.35,45
2746,756,Sunflower Oil 1L,2.3,180
2747,756,Groundnut Oil 1L,1.42,220
2748,756,Pure Ghee 1L,0.29,600
2749,756,Sugar 1kg,2.4,45
2750,757,Sunflower Oil 1L,1.55,180
2751,757,Groundnut Oil 1L,0.87,220
2752,757,Pure Ghee 1L,0.59,600
2753,757,Sugar 1kg,2.94,45
2754,758,Sunflower Oil 1L,2.22,180
2755,758,Groundnut Oil 1L,1.13,220
2756,758,Pure Ghee 1L,0.37,600
2757,758,Sugar 1kg,1.18,45
2758,759,Pure Ghee 1L,0.41,600
2759,759,Sugar 1kg,1.55,45
2760,759,Jaggery (Bella/Gud) 1kg,0.58,82.81
2761,759,Iodized Salt 1kg,2.9,25
2762,760,Pure Ghee 1L,0.52,600
2763,760,Jaggery (Bella/Gud) 1kg,0.75,70
2764,760,Iodized Salt 1kg,3.29,25
2765,760,Rock Salt (Sendha Namak) 500g,0.24,40
2766,761,Jaggery (Bella/Gud) 1kg,0.94,70
2767,761,Iodized Salt 1kg,2.92,25
2768,761,Rock Salt (Sendha Namak) 500g,0.15,44.97
2769,762,Jaggery (Bella/Gud) 1kg,0.94,70
2770,762,Rock Salt (Sendha Namak) 500g,0.23,40
2771,763,Jaggery (Bella/Gud) 1kg,0.55,70
2772,763,Rock Salt (Sendha Namak) 500g,0.21,40
2773,764,Jaggery (Bella/Gud) 1kg,0.39,70
2774,765,Sona Masoori Rice 5kg,2.94,350
2775,765,Basmati Rice 5kg,11.47,550
2776,765,Wheat Flour (Atta) 5kg,4.95,250
2777,765,Toor Dal 1kg,2.11,140
2778,766,Sona Masoori Rice 5kg,2.93,350
2779,766,Wheat Flour (Atta) 5kg,3.04,280.61
2780,766,Toor Dal 1kg,2.79,140
2781,766,Moong Dal 1kg,1.44,130
2782,767,Sona Masoori Rice 5kg,1.57,350
2783,767,Wheat Flour (Atta) 5kg,3.42,250
2784,767,Toor Dal 1kg,2.54,140
2785,767,Moong Dal 1kg,1.13,130
2786,768,Sona Masoori Rice 5kg,2.86,350
2787,768,Moong Dal 1kg,1.77,130
2788,768,Rajma (Kidney Beans) 1kg,0.7,160
2789,768,Turmeric Powder 200g,1.05,60
2790,769,Sona Masoori Rice 5kg,2.35,350
2791,769,Moong Dal 1kg,1.97,130
2792,769,Rajma (Kidney Beans) 1kg,0.88,160
2793,769,Turmeric Powder 200g,0.47,60
2794,770,Sona Masoori Rice 5kg,1.47,350
2795,770,Rajma (Kidney Beans) 1kg,1.03,160
2796,770,Turmeric Powder 200g,0.85,60
2797,770,Biryani Masala 100g,1.27,100
2798,771,Turmeric Powder 200g,0.85,60
2799,771,Biryani Masala 100g,0.66,100
2800,771,Almonds (Badam) 500g,0.8,450
2801,771,Cashew Nuts (Kaju) 500g,2.27,550
2802,772,Turmeric Powder 200g,1.09,60
2803,772,Biryani Masala 100g,0.83,100
2804,772,Almonds (Badam) 500g,1.26,450
2805,772,Peanuts (Groundnut) 500g,1.39,90
2806,773,Turmeric Powder 200g,0.46,60
2807,773,Peanuts (Groundnut) 500g,3.69,90
2808,773,Sunflower Oil 1L,10.49,180
2809,773,Groundnut Oil 1L,1.32,220
2810,774,Groundnut Oil 1L,1.4,220
2811,774,Mustard Oil 1L,0.87,200
2812,774,Pure Ghee 1L,2.04,487.74
2813,774,Sugar 1kg,5.23,45
2814,775,Groundnut Oil 1L,3.07,220
2815,775,Mustard Oil 1L,1.89,200
2816,775,Pure Ghee 1L,1.16,600
2817,775,Sugar 1kg,3.11,45
2818,776,Mustard Oil 1L,0.78,200
2819,776,Sugar 1kg,2.17,45
2820,776,Jaggery (Bella/Gud) 1kg,0.91,70
2821,776,Iodized Salt 1kg,2.6,25
2822,777,Mustard Oil 1L,1.66,200
2823,777,Jaggery (Bella/Gud) 1kg,0.53,70
2824,777,Iodized Salt 1kg,1.61,25
2825,777,Rock Salt (Sendha Namak) 500g,0.24,40
2826,778,Jaggery (Bella/Gud) 1kg,0.89,70
2827,778,Iodized Salt 1kg,2.33,25
2828,778,Rock Salt (Sendha Namak) 500g,0.26,40
2829,779,Jaggery (Bella/Gud) 1kg,0.56,70
2830,779,Iodized Salt 1kg,1.62,25
2831,779,Rock Salt (Sendha Namak) 500g,0.25,40
2832,780,Jaggery (Bella/Gud) 1kg,0.83,70
2833,780,Iodized Salt 1kg,1.15,25
2834,780,Rock Salt (Sendha Namak) 500g,0.15,40
2835,781,Jaggery (Bella/Gud) 1kg,0.5,70
2836,781,Rock Salt (Sendha Namak) 500g,0.22,40
2837,782,Sona Masoori Rice 5kg,5.63,350
2838,782,Basmati Rice 5kg,3.09,550
2839,782,Wheat Flour (Atta) 5kg,1.49,250
2840,782,Toor Dal 1kg,2.6,140
2841,783,Sona Masoori Rice 5kg,5.38,350
2842,783,Basmati Rice 5kg,1.6,550
2843,783,Wheat Flour (Atta) 5kg,3.05,250
2844,783,Toor Dal 1kg,2.07,140
2845,784,Sona Masoori Rice 5kg,5.23,350
2846,784,Basmati Rice 5kg,3.05,550
2847,784,Wheat Flour (Atta) 5kg,1.7,250
2848,784,Toor Dal 1kg,2.77,140
2849,785,Basmati Rice 5kg,1.73,550
2850,785,Wheat Flour (Atta) 5kg,2.4,250
2851,785,Moong Dal 1kg,0.98,130
2852,785,Rajma (Kidney Beans) 1kg,2.7,160
2853,786,Basmati Rice 5kg,1.51,550
2854,786,Wheat Flour (Atta) 5kg,3.24,250
2855,786,Moong Dal 1kg,0.95,130
2856,786,Turmeric Powder 200g,1.04,60
2857,787,Moong Dal 1kg,2.33,130
2858,787,Turmeric Powder 200g,0.92,60
2859,787,Biryani Masala 100g,1.75,100
2860,787,Almonds (Badam) 500g,1.01,450
2861,788,Moong Dal 1kg,2.14,130
2862,788,Turmeric Powder 200g,1.35,60
2863,788,Biryani Masala 100g,1.09,100
2864,788,Almonds (Badam) 500g,0.88,450
2865,789,Turmeric Powder 200g,1.38,60
2866,789,Cashew Nuts (Kaju) 500g,0.36,550
2867,789,Peanuts (Groundnut) 500g,1.46,90
2868,789,Sunflower Oil 1L,1.72,180
2869,790,Cashew Nuts (Kaju) 500g,0.42,550
2870,790,Peanuts (Groundnut) 500g,2.13,90
2871,790,Sunflower Oil 1L,2.96,180
2872,790,Groundnut Oil 1L,5.38,220
2873,791,Cashew Nuts (Kaju) 500g,0.39,550
2874,791,Peanuts (Groundnut) 500g,1.81,90
2875,791,Sunflower Oil 1L,2.34,180
2876,791,Mustard Oil 1L,0.97,172.24
2877,792,Cashew Nuts (Kaju) 500g,0.52,550
2878,792,Sunflower Oil 1L,2.02,180
2879,792,Mustard Oil 1L,0.79,200
2880,792,Pure Ghee 1L,1.51,600
2881,793,Cashew Nuts (Kaju) 500g,0.42,550
2882,793,Mustard Oil 1L,1.05,200
2883,793,Pure Ghee 1L,1.66,600
2884,793,Sugar 1kg,4.67,45
2885,794,Mustard Oil 1L,0.51,200
2886,794,Sugar 1kg,4.98,45
2887,794,Jaggery (Bella/Gud) 1kg,0.85,70
2888,794,Iodized Salt 1kg,8.56,25
2889,795,Mustard Oil 1L,0.73,200
2890,795,Jaggery (Bella/Gud) 1kg,0.91,70
2891,795,Rock Salt (Sendha Namak) 500g,0.61,40
2892,796,Mustard Oil 1L,0.66,200
2893,796,Jaggery (Bella/Gud) 1kg,0.77,70
2894,796,Rock Salt (Sendha Namak) 500g,0.69,40
2895,797,Jaggery (Bella/Gud) 1kg,0.55,70
2896,797,Rock Salt (Sendha Namak) 500g,0.34,40
2897,798,Jaggery (Bella/Gud) 1kg,0.59,70
2898,798,Rock Salt (Sendha Namak) 500g,0.31,40
2899,799,Jaggery (Bella/Gud) 1kg,0.46,70
2900,799,Rock Salt (Sendha Namak) 500g,0.69,40
2901,800,Sona Masoori Rice 5kg,2.71,350
2902,800,Basmati Rice 5kg,3.38,550
2903,800,Wheat Flour (Atta) 5kg,2.21,250
2904,800,Toor Dal 1kg,1.79,140
2905,801,Sona Masoori Rice 5kg,3.96,350
2906,801,Basmati Rice 5kg,2.36,550
2907,801,Wheat Flour (Atta) 5kg,2.44,250
2908,801,Toor Dal 1kg,0.91,140
2909,802,Sona Masoori Rice 5kg,4.19,350
2910,802,Basmati Rice 5kg,3.03,550
2911,802,Wheat Flour (Atta) 5kg,2.33,275.42
2912,802,Toor Dal 1kg,0.73,140
2913,803,Sona Masoori Rice 5kg,3.8,350
2914,803,Basmati Rice 5kg,1.35,550
2915,803,Wheat Flour (Atta) 5kg,5.02,250
2916,803,Toor Dal 1kg,1.5,140
2917,804,Toor Dal 1kg,1.45,140
2918,804,Moong Dal 1kg,0.93,130
2919,804,Rajma (Kidney Beans) 1kg,1.77,160
2920,804,Turmeric Powder 200g,2.28,60
2921,805,Toor Dal 1kg,1.25,140
2922,805,Moong Dal 1kg,1.8,130
2923,805,Rajma (Kidney Beans) 1kg,1.63,160
2924,805,Turmeric Powder 200g,2.59,60
2925,806,Moong Dal 1kg,1.81,130
2926,806,Garam Masala 100g,0.91,80
2927,806,Biryani Masala 100g,1.07,100
2928,806,Almonds (Badam) 500g,0.38,450
2929,807,Moong Dal 1kg,0.75,130
2930,807,Garam Masala 100g,1.11,80
2931,807,Biryani Masala 100g,0.89,100
2932,807,Almonds (Badam) 500g,0.46,450
2933,808,Moong Dal 1kg,1.68,130
2934,808,Garam Masala 100g,0.74,80
2935,808,Biryani Masala 100g,0.6,100
2936,808,Almonds (Badam) 500g,0.24,450
2937,809,Biryani Masala 100g,0.64,100
2938,809,Almonds (Badam) 500g,0.24,450
2939,809,Cashew Nuts (Kaju) 500g,1.1,550
2940,809,Peanuts (Groundnut) 500g,0.91,90
2941,810,Almonds (Badam) 500g,0.58,450
2942,810,Cashew Nuts (Kaju) 500g,1.06,550
2943,810,Peanuts (Groundnut) 500g,2.45,90
2944,810,Sunflower Oil 1L,6.33,180
2945,811,Almonds (Badam) 500g,0.25,450
2946,811,Peanuts (Groundnut) 500g,1.22,90
2947,811,Sunflower Oil 1L,4.23,180
2948,811,Groundnut Oil 1L,1.53,220
2949,812,Groundnut Oil 1L,1.42,220
2950,812,Mustard Oil 1L,5.07,200
2951,812,Pure Ghee 1L,2.8,600
2952,812,Sugar 1kg,2.0,45
2953,813,Groundnut Oil 1L,1.3,220
2954,813,Sugar 1kg,1.69,45
2955,813,Jaggery (Bella/Gud) 1kg,0.48,70
2956,813,Iodized Salt 1kg,8.97,25
2957,814,Groundnut Oil 1L,1.6,220
2958,814,Sugar 1kg,2.56,50.8
2959,814,Jaggery (Bella/Gud) 1kg,0.59,70
2960,814,Rock Salt (Sendha Namak) 500g,1.36,46.21
2961,815,Sugar 1kg,1.74,45
2962,815,Jaggery (Bella/Gud) 1kg,0.5,70
2963,816,Sugar 1kg,2.32,45
2964,816,Jaggery (Bella/Gud) 1kg,1.12,70
2965,817,Jaggery (Bella/Gud) 1kg,1.17,70
2966,818,Sona Masoori Rice 5kg,3.22,350
2967,818,Basmati Rice 5kg,10.22,550
2968,818,Wheat Flour (Atta) 5kg,1.43,250
2969,818,Toor Dal 1kg,2.35,140
2970,819,Sona Masoori Rice 5kg,3.13,350
2971,819,Wheat Flour (Atta) 5kg,2.36,250
2972,819,Toor Dal 1kg,4.97,140
2973,819,Moong Dal 1kg,1.02,130
2974,820,Sona Masoori Rice 5kg,2.75,350
2975,820,Wheat Flour (Atta) 5kg,3.41,250
2976,820,Moong Dal 1kg,0.81,130
2977,820,Rajma (Kidney Beans) 1kg,0.7,160
2978,821,Sona Masoori Rice 5kg,3.22,350
2979,821,Wheat Flour (Atta) 5kg,2.23,250
2980,821,Moong Dal 1kg,0.85,130
2981,821,Rajma (Kidney Beans) 1kg,0.39,160
2982,822,Sona Masoori Rice 5kg,2.68,350
2983,822,Wheat Flour (Atta) 5kg,2.97,250
2984,822,Moong Dal 1kg,1.13,130
2985,822,Rajma (Kidney Beans) 1kg,0.69,160
2986,823,Moong Dal 1kg,0.99,130
2987,823,Rajma (Kidney Beans) 1kg,0.32,160
2988,823,Turmeric Powder 200g,5.11,60
2989,823,Garam Masala 100g,1.07,80
2990,824,Moong Dal 1kg,2.05,130
2991,824,Rajma (Kidney Beans) 1kg,0.47,160
2992,824,Garam Masala 100g,0.62,80
2993,824,Biryani Masala 100g,2.75,100
2994,825,Rajma (Kidney Beans) 1kg,0.28,160
2995,825,Garam Masala 100g,1.54,80
2996,825,Almonds (Badam) 500g,2.13,450
2997,825,Cashew Nuts (Kaju) 500g,0.87,550
2998,826,Garam Masala 100g,0.98,80
2999,826,Cashew Nuts (Kaju) 500g,0.8,550
3000,826,Peanuts (Groundnut) 500g,0.85,90
3001,826,Sunflower Oil 1L,9.26,201.04
3002,827,Cashew Nuts (Kaju) 500g,0.52,640.53
3003,827,Peanuts (Groundnut) 500g,1.65,90
3004,827,Groundnut Oil 1L,5.67,220
3005,827,Mustard Oil 1L,1.72,200
3006,828,Peanuts (Groundnut) 500g,1.31,90
3007,828,Mustard Oil 1L,1.02,200
3008,828,Pure Ghee 1L,0.79,600
3009,828,Sugar 1kg,2.7,37.86
3010,829,Peanuts (Groundnut) 500g,1.18,90
3011,829,Mustard Oil 1L,1.05,200
3012,829,Pure Ghee 1L,1.04,600
3013,829,Sugar 1kg,2.54,45
3014,830,Mustard Oil 1L,1.47,200
3015,830,Pure Ghee 1L,0.74,600
3016,830,Sugar 1kg,4.55,45
3017,830,Jaggery (Bella/Gud) 1kg,4.36,70
3018,831,Pure Ghee 1L,0.49,600
3019,831,Iodized Salt 1kg,1.73,25
3020,831,Rock Salt (Sendha Namak) 500g,2.92,40
3021,832,Iodized Salt 1kg,2.08,25
3022,833,Iodized Salt 1kg,0.78,25
3023,834,Iodized Salt 1kg,1.27,25
3024,835,Iodized Salt 1kg,2.02,20.95
3025,836,Iodized Salt 1kg,1.58,25
3026,837,Sona Masoori Rice 5kg,5.42,350
3027,837,Basmati Rice 5kg,4.35,550
3028,837,Wheat Flour (Atta) 5kg,2.24,250
3029,837,Toor Dal 1kg,1.15,140
3030,838,Sona Masoori Rice 5kg,2.72,350
3031,838,Basmati Rice 5kg,2.2,550
3032,838,Wheat Flour (Atta) 5kg,1.81,250
3033,838,Toor Dal 1kg,1.4,140
3034,839,Sona Masoori Rice 5kg,4.29,350
3035,839,Basmati Rice 5kg,3.93,550
3036,839,Wheat Flour (Atta) 5kg,1.77,250
3037,839,Toor Dal 1kg,1.73,140
3038,840,Sona Masoori Rice 5kg,3.12,350
3039,840,Wheat Flour (Atta) 5kg,3.7,250
3040,840,Toor Dal 1kg,1.64,140
3041,840,Moong Dal 1kg,1.48,130
3042,841,Wheat Flour (Atta) 5kg,2.81,250
3043,841,Toor Dal 1kg,1.25,140
3044,841,Moong Dal 1kg,1.75,130
3045,841,Rajma (Kidney Beans) 1kg,0.77,160
3046,842,Toor Dal 1kg,1.34,140
3047,842,Moong Dal 1kg,0.92,130
3048,842,Rajma (Kidney Beans) 1kg,1.04,160
3049,842,Turmeric Powder 200g,0.79,60
3050,843,Moong Dal 1kg,1.02,130
3051,843,Rajma (Kidney Beans) 1kg,0.47,160
3052,843,Turmeric Powder 200g,1.22,60
3053,843,Biryani Masala 100g,0.93,100
3054,844,Moong Dal 1kg,0.85,130
3055,844,Rajma (Kidney Beans) 1kg,0.89,160
3056,844,Turmeric Powder 200g,1.84,60
3057,844,Biryani Masala 100g,0.57,100
3058,845,Moong Dal 1kg,1.6,130
3059,845,Turmeric Powder 200g,0.84,60
3060,845,Biryani Masala 100g,0.75,100
3061,845,Almonds (Badam) 500g,0.83,450
3062,846,Biryani Masala 100g,0.51,100
3063,846,Almonds (Badam) 500g,0.79,450
3064,846,Cashew Nuts (Kaju) 500g,0.5,550
3065,846,Peanuts (Groundnut) 500g,1.91,90
3066,847,Almonds (Badam) 500g,0.57,450
3067,847,Cashew Nuts (Kaju) 500g,0.36,550
3068,847,Peanuts (Groundnut) 500g,1.81,90
3069,847,Sunflower Oil 1L,2.17,180
3070,848,Cashew Nuts (Kaju) 500g,0.46,550
3071,848,Peanuts (Groundnut) 500g,1.75,90
3072,848,Sunflower Oil 1L,2.55,180
3073,848,Groundnut Oil 1L,5.41,220
3074,849,Cashew Nuts (Kaju) 500g,0.53,550
3075,849,Sunflower Oil 1L,2.46,180
3076,849,Mustard Oil 1L,2.77,200
3077,849,Pure Ghee 1L,0.37,600
3078,850,Cashew Nuts (Kaju) 500g,0.39,550
3079,850,Sunflower Oil 1L,1.16,180
3080,850,Mustard Oil 1L,1.91,200
3081,850,Pure Ghee 1L,0.78,600
3082,851,Sunflower Oil 1L,1.91,180
3083,851,Pure Ghee 1L,0.63,600
3084,851,Sugar 1kg,2.56,45
3085,851,Jaggery (Bella/Gud) 1kg,1.3,70
3086,852,Pure Ghee 1L,0.42,600
3087,852,Sugar 1kg,1.92,45
3088,852,Jaggery (Bella/Gud) 1kg,0.85,70
3089,852,Iodized Salt 1kg,2.46,25
3090,853,Pure Ghee 1L,0.77,600
3091,853,Sugar 1kg,2.61,45
3092,853,Jaggery (Bella/Gud) 1kg,1.6,70
3093,853,Iodized Salt 1kg,1.67,25
3094,854,Sugar 1kg,1.93,45
3095,854,Iodized Salt 1kg,2.68,25
3096,854,Rock Salt (Sendha Namak) 500g,0.26,40
3097,855,Iodized Salt 1kg,2.72,25
3098,855,Rock Salt (Sendha Namak) 500g,0.42,40
3099,856,Rock Salt (Sendha Namak) 500g,0.21,40
3100,857,Rock Salt (Sendha Namak) 500g,0.39,40
3101,858,Sona Masoori Rice 5kg,3.1,350
3102,858,Basmati Rice 5kg,2.39,550
3103,858,Wheat Flour (Atta) 5kg,3.61,250
3104,858,Toor Dal 1kg,3.59,140
3105,859,Sona Masoori Rice 5kg,2.88,308.19
3106,859,Basmati Rice 5kg,1.85,550
3107,859,Wheat Flour (Atta) 5kg,1.69,250
3108,859,Toor Dal 1kg,4.31,140
3109,860,Sona Masoori Rice 5kg,2.75,350
3110,860,Basmati Rice 5kg,1.11,550
3111,860,Wheat Flour (Atta) 5kg,2.61,250
3112,860,Moong Dal 1kg,0.86,130
3113,861,Sona Masoori Rice 5kg,2.68,350
3114,861,Basmati Rice 5kg,2.3,550
3115,861,Wheat Flour (Atta) 5kg,2.27,250
3116,861,Moong Dal 1kg,1.28,130
3117,862,Sona Masoori Rice 5kg,3.16,350
3118,862,Basmati Rice 5kg,1.83,550
3119,862,Wheat Flour (Atta) 5kg,1.73,250
3120,862,Moong Dal 1kg,1.48,130
3121,863,Moong Dal 1kg,0.87,130
3122,863,Rajma (Kidney Beans) 1kg,0.68,160
3123,863,Turmeric Powder 200g,1.38,60
3124,863,Biryani Masala 100g,2.74,100
3125,864,Moong Dal 1kg,0.79,130
3126,864,Rajma (Kidney Beans) 1kg,1.36,160
3127,864,Turmeric Powder 200g,1.14,60
3128,864,Almonds (Badam) 500g,0.51,450
3129,865,Moong Dal 1kg,1.04,130
3130,865,Rajma (Kidney Beans) 1kg,0.87,160
3131,865,Turmeric Powder 200g,1.35,70.1
3132,865,Almonds (Badam) 500g,0.7,450
3133,866,Turmeric Powder 200g,0.54,60
3134,866,Almonds (Badam) 500g,0.61,450
3135,866,Cashew Nuts (Kaju) 500g,0.49,550
3136,866,Peanuts (Groundnut) 500g,1.96,90
3137,867,Turmeric Powder 200g,0.75,60
3138,867,Cashew Nuts (Kaju) 500g,0.54,550
3139,867,Peanuts (Groundnut) 500g,0.85,90
3140,867,Sunflower Oil 1L,3.64,180
3141,868,Cashew Nuts (Kaju) 500g,0.68,550
3142,868,Peanuts (Groundnut) 500g,2.53,90
3143,868,Sunflower Oil 1L,7.06,180
3144,868,Groundnut Oil 1L,2.01,220
3145,869,Cashew Nuts (Kaju) 500g,0.38,550
3146,869,Groundnut Oil 1L,2.17,220
3147,869,Mustard Oil 1L,4.94,200
3148,869,Pure Ghee 1L,0.55,600
3149,870,Groundnut Oil 1L,1.92,220
3150,870,Pure Ghee 1L,0.44,600
3151,870,Sugar 1kg,2.04,45
3152,870,Jaggery (Bella/Gud) 1kg,1.47,70
3153,871,Pure Ghee 1L,0.54,600
3154,871,Sugar 1kg,1.92,38.57
3155,871,Jaggery (Bella/Gud) 1kg,1.44,70
3156,871,Iodized Salt 1kg,2.63,25
3157,872,Pure Ghee 1L,0.84,600
3158,872,Sugar 1kg,3.94,45
3159,872,Jaggery (Bella/Gud) 1kg,0.73,70
3160,872,Iodized Salt 1kg,3.46,25
3161,873,Pure Ghee 1L,0.9,600
3162,873,Sugar 1kg,2.39,45
3163,873,Iodized Salt 1kg,3.13,25
3164,873,Rock Salt (Sendha Namak) 500g,0.34,40
3165,874,Rock Salt (Sendha Namak) 500g,0.49,40
3166,875,Rock Salt (Sendha Namak) 500g,0.55,40
3167,876,Rock Salt (Sendha Namak) 500g,0.61,40
3168,877,Sona Masoori Rice 5kg,2.63,350
3169,877,Basmati Rice 5kg,1.2,550
3170,877,Wheat Flour (Atta) 5kg,2.73,250
3171,877,Toor Dal 1kg,1.79,140
3172,878,Sona Masoori Rice 5kg,3.59,350
3173,878,Basmati Rice 5kg,2.09,550
3174,878,Wheat Flour (Atta) 5kg,3.05,250
3175,878,Toor Dal 1kg,0.81,140
3176,879,Sona Masoori Rice 5kg,2.35,350
3177,879,Basmati Rice 5kg,1.78,550
3178,879,Wheat Flour (Atta) 5kg,3.91,250
3179,879,Toor Dal 1kg,1.73,140
3180,880,Sona Masoori Rice 5kg,1.77,350
3181,880,Basmati Rice 5kg,2.06,550
3182,880,Wheat Flour (Atta) 5kg,2.41,250
3183,880,Toor Dal 1kg,1.82,140
3184,881,Sona Masoori Rice 5kg,3.59,350
3185,881,Basmati Rice 5kg,1.52,550
3186,881,Toor Dal 1kg,0.94,140
3187,881,Moong Dal 1kg,2.09,130
3188,882,Sona Masoori Rice 5kg,2.22,350
3189,882,Basmati Rice 5kg,2.25,550
3190,882,Toor Dal 1kg,1.16,140
3191,882,Moong Dal 1kg,2.08,130
3192,883,Moong Dal 1kg,1.34,130
3193,883,Rajma (Kidney Beans) 1kg,1.05,160
3194,883,Turmeric Powder 200g,0.75,60
3195,883,Garam Masala 100g,1.55,80
3196,884,Moong Dal 1kg,0.8,130
3197,884,Rajma (Kidney Beans) 1kg,0.52,160
3198,884,Turmeric Powder 200g,1.08,60
3199,884,Biryani Masala 100g,3.15,100
3200,885,Moong Dal 1kg,1.04,130
3201,885,Rajma (Kidney Beans) 1kg,0.42,160
3202,885,Turmeric Powder 200g,0.53,60
3203,885,Almonds (Badam) 500g,0.31,450
3204,886,Rajma (Kidney Beans) 1kg,1.08,160
3205,886,Turmeric Powder 200g,1.13,60
3206,886,Almonds (Badam) 500g,0.28,450
3207,886,Cashew Nuts (Kaju) 500g,0.85,550
3208,887,Turmeric Powder 200g,0.77,60
3209,887,Almonds (Badam) 500g,0.62,395.51
3210,887,Cashew Nuts (Kaju) 500g,1.1,550
3211,887,Peanuts (Groundnut) 500g,1.19,90
3212,888,Turmeric Powder 200g,1.0,60
3213,888,Almonds (Badam) 500g,0.68,450
3214,888,Peanuts (Groundnut) 500g,0.82,90
3215,888,Sunflower Oil 1L,2.44,180
3216,889,Almonds (Badam) 500g,0.31,450
3217,889,Peanuts (Groundnut) 500g,1.11,90
3218,889,Sunflower Oil 1L,1.91,180
3219,889,Groundnut Oil 1L,1.98,220
3220,890,Peanuts (Groundnut) 500g,1.0,90
3221,890,Sunflower Oil 1L,2.5,180
3222,890,Groundnut Oil 1L,0.93,220
3223,890,Mustard Oil 1L,0.68,200
3224,891,Peanuts (Groundnut) 500g,0.71,90
3225,891,Sunflower Oil 1L,4.07,180
3226,891,Groundnut Oil 1L,1.25,220
3227,891,Mustard Oil 1L,1.84,200
3228,892,Groundnut Oil 1L,1.12,220
3229,892,Mustard Oil 1L,1.91,200
3230,892,Pure Ghee 1L,1.42,600
3231,892,Sugar 1kg,4.78,38.21
3232,893,Mustard Oil 1L,0.67,200
3233,893,Pure Ghee 1L,1.3,600
3234,893,Sugar 1kg,4.72,45
3235,893,Jaggery (Bella/Gud) 1kg,2.74,70
3236,894,Jaggery (Bella/Gud) 1kg,1.4,70
3237,894,Iodized Salt 1kg,1.6,25
3238,894,Rock Salt (Sendha Namak) 500g,0.21,40
3239,895,Iodized Salt 1kg,0.93,25
3240,895,Rock Salt (Sendha Namak) 500g,0.34,40
3241,896,Iodized Salt 1kg,2.33,25
3242,896,Rock Salt (Sendha Namak) 500g,0.14,40
3243,897,Iodized Salt 1kg,1.44,25
3244,897,Rock Salt (Sendha Namak) 500g,0.17,40
3245,898,Iodized Salt 1kg,1.62,25
3246,898,Rock Salt (Sendha Namak) 500g,0.4,34.5
3247,899,Sona Masoori Rice 5kg,7.92,350
3248,899,Basmati Rice 5kg,2.2,550
3249,899,Wheat Flour (Atta) 5kg,4.5,250
3250,899,Toor Dal 1kg,7.22,140
3251,900,Sona Masoori Rice 5kg,6.21,350
3252,900,Basmati Rice 5kg,2.03,550
3253,900,Wheat Flour (Atta) 5kg,3.19,250
3254,900,Moong Dal 1kg,2.74,147.31
3255,901,Basmati Rice 5kg,1.4,550
3256,901,Wheat Flour (Atta) 5kg,5.14,250
3257,901,Moong Dal 1kg,1.55,130
3258,901,Rajma (Kidney Beans) 1kg,3.3,160
3259,902,Basmati Rice 5kg,2.33,550
3260,902,Moong Dal 1kg,2.33,130
3261,902,Turmeric Powder 200g,1.02,60
3262,902,Garam Masala 100g,1.38,66.42
3263,903,Basmati Rice 5kg,2.38,461.91
3264,903,Turmeric Powder 200g,0.79,60
3265,903,Biryani Masala 100g,2.07,100
3266,903,Almonds (Badam) 500g,0.55,450
3267,904,Turmeric Powder 200g,0.83,60
3268,904,Biryani Masala 100g,1.11,100
3269,904,Almonds (Badam) 500g,0.54,450
3270,904,Cashew Nuts (Kaju) 500g,0.52,650.63
3271,905,Turmeric Powder 200g,1.04,60
3272,905,Almonds (Badam) 500g,0.28,450
3273,905,Cashew Nuts (Kaju) 500g,0.58,550
3274,905,Peanuts (Groundnut) 500g,3.51,79.93
3275,906,Turmeric Powder 200g,0.9,60
3276,906,Almonds (Badam) 500g,0.47,450
3277,906,Cashew Nuts (Kaju) 500g,0.24,550
3278,906,Peanuts (Groundnut) 500g,1.56,90
3279,907,Turmeric Powder 200g,0.74,60
3280,907,Cashew Nuts (Kaju) 500g,0.62,550
3281,907,Sunflower Oil 1L,3.15,180
3282,907,Groundnut Oil 1L,0.77,220
3283,908,Cashew Nuts (Kaju) 500g,0.22,550
3284,908,Sunflower Oil 1L,2.44,180
3285,908,Groundnut Oil 1L,0.74,220
3286,908,Mustard Oil 1L,5.69,200
3287,909,Sunflower Oil 1L,1.48,180
3288,909,Groundnut Oil 1L,1.36,220
3289,909,Pure Ghee 1L,0.47,600
3290,909,Sugar 1kg,4.29,45
3291,910,Sunflower Oil 1L,2.67,180
3292,910,Groundnut Oil 1L,1.12,220
3293,910,Pure Ghee 1L,0.39,600
3294,910,Sugar 1kg,5.97,45
3295,911,Groundnut Oil 1L,1.72,220
3296,911,Pure Ghee 1L,0.75,600
3297,911,Jaggery (Bella/Gud) 1kg,0.39,70
3298,911,Iodized Salt 1kg,1.74,25
3299,912,Pure Ghee 1L,0.55,600
3300,912,Jaggery (Bella/Gud) 1kg,1.03,70
3301,912,Iodized Salt 1kg,2.66,25
3302,912,Rock Salt (Sendha Namak) 500g,0.41,40
3303,913,Pure Ghee 1L,0.78,600
3304,913,Jaggery (Bella/Gud) 1kg,0.48,70
3305,913,Iodized Salt 1kg,2.52,25
3306,913,Rock Salt (Sendha Namak) 500g,0.57,40
3307,914,Jaggery (Bella/Gud) 1kg,0.79,70
3308,914,Iodized Salt 1kg,2.08,25
3309,915,Jaggery (Bella/Gud) 1kg,0.88,70
3310,916,Jaggery (Bella/Gud) 1kg,0.79,70
3311,917,Sona Masoori Rice 5kg,16.0,350
3312,917,Basmati Rice 5kg,5.87,550
3313,917,Wheat Flour (Atta) 5kg,2.21,250
3314,917,Toor Dal 1kg,1.9,140
3315,918,Basmati Rice 5kg,5.45,550
3316,918,Wheat Flour (Atta) 5kg,1.54,250
3317,918,Toor Dal 1kg,2.15,140
3318,918,Moong Dal 1kg,2.01,130
3319,919,Wheat Flour (Atta) 5kg,2.26,250
3320,919,Toor Dal 1kg,2.43,140
3321,919,Moong Dal 1kg,1.79,130
3322,919,Rajma (Kidney Beans) 1kg,1.89,160
3323,920,Wheat Flour (Atta) 5kg,3.2,250
3324,920,Toor Dal 1kg,1.79,140
3325,920,Moong Dal 1kg,1.69,130
3326,920,Rajma (Kidney Beans) 1kg,0.75,160
3327,921,Wheat Flour (Atta) 5kg,2.43,250
3328,921,Moong Dal 1kg,1.68,130
3329,921,Turmeric Powder 200g,0.81,60
3330,921,Biryani Masala 100g,0.54,100
3331,922,Wheat Flour (Atta) 5kg,1.44,250
3332,922,Turmeric Powder 200g,0.9,60
3333,922,Biryani Masala 100g,0.51,100
3334,922,Almonds (Badam) 500g,0.28,450
3335,923,Turmeric Powder 200g,0.92,60
3336,923,Biryani Masala 100g,0.28,100
3337,923,Almonds (Badam) 500g,0.63,450
3338,923,Cashew Nuts (Kaju) 500g,1.97,550
3339,924,Turmeric Powder 200g,0.72,60
3340,924,Biryani Masala 100g,0.33,100
3341,924,Almonds (Badam) 500g,0.58,450
3342,924,Peanuts (Groundnut) 500g,1.22,90
3343,925,Turmeric Powder 200g,0.82,60
3344,925,Biryani Masala 100g,0.54,87.15
3345,925,Almonds (Badam) 500g,0.38,383.0
3346,925,Peanuts (Groundnut) 500g,1.33,90
3347,926,Turmeric Powder 200g,0.45,60
3348,926,Biryani Masala 100g,0.53,100
3349,926,Peanuts (Groundnut) 500g,1.09,90
3350,926,Sunflower Oil 1L,3.0,203.7
3351,927,Peanuts (Groundnut) 500g,1.47,90
3352,927,Sunflower Oil 1L,1.77,180
3353,927,Groundnut Oil 1L,0.73,220
3354,927,Mustard Oil 1L,0.64,200
3355,928,Sunflower Oil 1L,2.29,180
3356,928,Groundnut Oil 1L,1.55,220
3357,928,Mustard Oil 1L,1.46,200
3358,928,Pure Ghee 1L,0.28,600
3359,929,Sunflower Oil 1L,1.36,180
3360,929,Groundnut Oil 1L,1.42,220
3361,929,Mustard Oil 1L,1.77,200
3362,929,Pure Ghee 1L,0.59,600
3363,930,Sunflower Oil 1L,1.7,180
3364,930,Groundnut Oil 1L,1.82,220
3365,930,Mustard Oil 1L,1.76,200
3366,930,Pure Ghee 1L,0.6,600
3367,931,Pure Ghee 1L,0.47,600
3368,931,Sugar 1kg,2.35,45
3369,931,Jaggery (Bella/Gud) 1kg,0.72,70
3370,931,Iodized Salt 1kg,8.32,25
3371,932,Pure Ghee 1L,0.8,600
3372,932,Sugar 1kg,1.87,38.93
3373,932,Jaggery (Bella/Gud) 1kg,1.29,70
3374,933,Pure Ghee 1L,0.49,600
3375,933,Sugar 1kg,2.45,45
3376,933,Jaggery (Bella/Gud) 1kg,1.03,70
3377,934,Sugar 1kg,1.28,45
3378,934,Jaggery (Bella/Gud) 1kg,1.13,70
3379,935,Sugar 1kg,1.08,45
3380,936,Sugar 1kg,1.54,45
3381,937,Sona Masoori Rice 5kg,2.2,350
3382,937,Basmati Rice 5kg,2.9,550
3383,937,Wheat Flour (Atta) 5kg,6.7,250
3384,937,Toor Dal 1kg,7.44,140
3385,938,Sona Masoori Rice 5kg,3.59,403.18
3386,938,Basmati Rice 5kg,2.56,550
3387,938,Wheat Flour (Atta) 5kg,4.78,250
3388,938,Moong Dal 1kg,2.83,130
3389,939,Sona Masoori Rice 5kg,1.48,350
3390,939,Basmati Rice 5kg,3.07,550
3391,939,Moong Dal 1kg,4.52,114.49
3392,939,Rajma (Kidney Beans) 1kg,0.46,160
3393,940,Sona Masoori Rice 5kg,3.14,350
3394,940,Basmati Rice 5kg,1.87,550
3395,940,Rajma (Kidney Beans) 1kg,0.93,160
3396,940,Turmeric Powder 200g,0.88,60
3397,941,Sona Masoori Rice 5kg,1.62,350
3398,941,Rajma (Kidney Beans) 1kg,0.55,160
3399,941,Turmeric Powder 200g,0.91,60
3400,941,Garam Masala 100g,2.41,80
3401,942,Sona Masoori Rice 5kg,2.15,350
3402,942,Rajma (Kidney Beans) 1kg,0.74,160
3403,942,Turmeric Powder 200g,0.6,60
3404,942,Biryani Masala 100g,0.49,111.04
3405,943,Rajma (Kidney Beans) 1kg,0.58,160
3406,943,Turmeric Powder 200g,1.1,60
3407,943,Biryani Masala 100g,0.78,100
3408,943,Almonds (Badam) 500g,0.25,450
3409,944,Turmeric Powder 200g,1.22,60
3410,944,Biryani Masala 100g,0.94,100
3411,944,Almonds (Badam) 500g,0.33,450
3412,944,Cashew Nuts (Kaju) 500g,2.24,550
3413,945,Turmeric Powder 200g,0.73,60
3414,945,Biryani Masala 100g,0.94,100
3415,945,Almonds (Badam) 500g,0.55,450
3416,945,Peanuts (Groundnut) 500g,1.25,90
3417,946,Almonds (Badam) 500g,0.35,450
3418,946,Peanuts (Groundnut) 500g,1.2,76.04
3419,946,Sunflower Oil 1L,4.86,180
3420,946,Groundnut Oil 1L,1.61,220
3421,947,Almonds (Badam) 500g,0.36,450
3422,947,Peanuts (Groundnut) 500g,0.92,90
3423,947,Sunflower Oil 1L,4.55,180
3424,947,Groundnut Oil 1L,1.29,220
3425,948,Peanuts (Groundnut) 500g,1.23,90
3426,948,Groundnut Oil 1L,1.77,220
3427,948,Mustard Oil 1L,2.06,200
3428,948,Pure Ghee 1L,0.41,600
3429,949,Groundnut Oil 1L,1.48,220
3430,949,Mustard Oil 1L,2.0,200
3431,949,Pure Ghee 1L,0.3,600
3432,949,Sugar 1kg,9.73,45
3433,950,Mustard Oil 1L,1.17,200
3434,950,Pure Ghee 1L,0.76,600
3435,950,Jaggery (Bella/Gud) 1kg,3.89,70
3436,950,Iodized Salt 1kg,8.34,25
3437,951,Pure Ghee 1L,0.85,600
3438,951,Rock Salt (Sendha Namak) 500g,0.92,40
3439,952,Pure Ghee 1L,0.43,600
3440,952,Rock Salt (Sendha Namak) 500g,0.84,40
3441,953,Sona Masoori Rice 5kg,4.6,350
3442,953,Basmati Rice 5kg,1.91,550
3443,953,Wheat Flour (Atta) 5kg,12.86,250
3444,953,Toor Dal 1kg,0.99,140
3445,954,Sona Masoori Rice 5kg,4.08,350
3446,954,Basmati Rice 5kg,1.68,550
3447,954,Toor Dal 1kg,1.09,140
3448,954,Moong Dal 1kg,1.87,130
3449,955,Sona Masoori Rice 5kg,7.22,350
3450,955,Basmati Rice 5kg,3.03,550
3451,955,Toor Dal 1kg,1.71,140
3452,955,Moong Dal 1kg,2.48,130
3453,956,Basmati Rice 5kg,3.24,550
3454,956,Toor Dal 1kg,1.66,140
3455,956,Moong Dal 1kg,2.01,130
3456,956,Rajma (Kidney Beans) 1kg,3.12,160
3457,957,Basmati Rice 5kg,1.72,550
3458,957,Toor Dal 1kg,1.57,140
3459,957,Moong Dal 1kg,1.26,130
3460,957,Turmeric Powder 200g,5.49,60
3461,958,Toor Dal 1kg,1.3,140
3462,958,Garam Masala 100g,0.97,80
3463,958,Biryani Masala 100g,0.7,100
3464,958,Almonds (Badam) 500g,0.28,450
3465,959,Garam Masala 100g,0.71,80
3466,959,Biryani Masala 100g,0.41,112.95
3467,959,Almonds (Badam) 500g,0.36,450
3468,959,Cashew Nuts (Kaju) 500g,0.84,550
3469,960,Biryani Masala 100g,0.81,100
3470,960,Almonds (Badam) 500g,0.34,450
3471,960,Cashew Nuts (Kaju) 500g,1.3,550
3472,960,Peanuts (Groundnut) 500g,2.09,90
3473,961,Biryani Masala 100g,0.9,100
3474,961,Almonds (Badam) 500g,0.24,450
3475,961,Peanuts (Groundnut) 500g,0.85,90
3476,961,Sunflower Oil 1L,2.91,180
3477,962,Almonds (Badam) 500g,0.28,450
3478,962,Peanuts (Groundnut) 500g,0.78,90
3479,962,Sunflower Oil 1L,3.28,180
3480,962,Groundnut Oil 1L,1.05,220
3481,963,Almonds (Badam) 500g,0.32,450
3482,963,Peanuts (Groundnut) 500g,1.72,90
3483,963,Sunflower Oil 1L,3.61,180
3484,963,Groundnut Oil 1L,0.65,220
3485,964,Groundnut Oil 1L,1.42,220
3486,964,Mustard Oil 1L,1.73,200
3487,964,Pure Ghee 1L,1.5,600
3488,964,Sugar 1kg,1.05,45
3489,965,Groundnut Oil 1L,0.91,220
3490,965,Mustard Oil 1L,1.11,200
3491,965,Pure Ghee 1L,0.84,600
3492,965,Sugar 1kg,1.2,45
3493,966,Groundnut Oil 1L,0.77,220
3494,966,Mustard Oil 1L,1.3,200
3495,966,Pure Ghee 1L,0.6,600
3496,966,Sugar 1kg,1.56,45
3497,967,Groundnut Oil 1L,0.77,220
3498,967,Mustard Oil 1L,1.53,200
3499,967,Sugar 1kg,2.09,45
3500,967,Jaggery (Bella/Gud) 1kg,2.72,70
3501,968,Sugar 1kg,1.53,45
3502,968,Jaggery (Bella/Gud) 1kg,1.26,70
3503,968,Iodized Salt 1kg,1.7,25
3504,968,Rock Salt (Sendha Namak) 500g,1.16,40
3505,969,Sugar 1kg,1.79,45
3506,969,Iodized Salt 1kg,1.27,25
3507,969,Rock Salt (Sendha Namak) 500g,1.36,40
3508,970,Iodized Salt 1kg,1.53,25
3509,970,Rock Salt (Sendha Namak) 500g,0.54,40
3510,971,Iodized Salt 1kg,1.43,25
3511,972,Iodized Salt 1kg,1.07,25
3512,973,Iodized Salt 1kg,1.11,25
3513,974,Sona Masoori Rice 5kg,2.14,350
3514,974,Basmati Rice 5kg,2.92,650.77
3515,974,Wheat Flour (Atta) 5kg,2.44,250
3516,974,Toor Dal 1kg,1.19,140
3517,975,Sona Masoori Rice 5kg,1.35,350
3518,975,Basmati Rice 5kg,1.76,550
3519,975,Wheat Flour (Atta) 5kg,1.43,250
3520,975,Toor Dal 1kg,0.8,140
3521,976,Sona Masoori Rice 5kg,2.69,350
3522,976,Basmati Rice 5kg,2.71,550
3523,976,Wheat Flour (Atta) 5kg,1.37,250
3524,976,Toor Dal 1kg,1.61,140
3525,977,Sona Masoori Rice 5kg,3.19,350
3526,977,Basmati Rice 5kg,2.33,550
3527,977,Wheat Flour (Atta) 5kg,1.77,250
3528,977,Toor Dal 1kg,1.54,140
3529,978,Sona Masoori Rice 5kg,3.07,350
3530,978,Wheat Flour (Atta) 5kg,1.44,250
3531,978,Toor Dal 1kg,1.19,140
3532,978,Moong Dal 1kg,3.83,130
3533,979,Sona Masoori Rice 5kg,2.76,350
3534,979,Wheat Flour (Atta) 5kg,3.04,250
3535,979,Toor Dal 1kg,1.21,140
3536,979,Moong Dal 1kg,3.57,130
3537,980,Rajma (Kidney Beans) 1kg,0.54,160
3538,980,Turmeric Powder 200g,0.6,60
3539,980,Garam Masala 100g,0.43,80
3540,980,Biryani Masala 100g,1.61,100
3541,981,Rajma (Kidney Beans) 1kg,0.81,160
3542,981,Turmeric Powder 200g,0.54,60
3543,981,Garam Masala 100g,0.43,80
3544,981,Biryani Masala 100g,1.39,100
3545,982,Rajma (Kidney Beans) 1kg,0.96,160
3546,982,Turmeric Powder 200g,1.09,60
3547,982,Garam Masala 100g,0.29,80
3548,982,Almonds (Badam) 500g,0.64,450
3549,983,Rajma (Kidney Beans) 1kg,0.92,181.83
3550,983,Turmeric Powder 200g,0.7,60
3551,983,Garam Masala 100g,0.38,80
3552,983,Almonds (Badam) 500g,0.41,450
3553,984,Turmeric Powder 200g,0.51,60
3554,984,Garam Masala 100g,0.71,80
3555,984,Almonds (Badam) 500g,0.56,450
3556,984,Cashew Nuts (Kaju) 500g,0.73,550
3557,985,Turmeric Powder 200g,1.2,60
3558,985,Garam Masala 100g,0.72,80
3559,985,Almonds (Badam) 500g,0.37,450
3560,985,Cashew Nuts (Kaju) 500g,1.31,550
3561,986,Peanuts (Groundnut) 500g,1.74,90
3562,986,Sunflower Oil 1L,3.96,180
3563,986,Groundnut Oil 1L,6.31,220
3564,986,Mustard Oil 1L,0.64,200
3565,987,Peanuts (Groundnut) 500g,0.87,90
3566,987,Sunflower Oil 1L,5.52,180
3567,987,Mustard Oil 1L,1.11,200
3568,987,Pure Ghee 1L,0.96,600
3569,988,Peanuts (Groundnut) 500g,1.2,90
3570,988,Mustard Oil 1L,1.11,200
3571,988,Pure Ghee 1L,1.96,600
3572,988,Sugar 1kg,1.3,45
3573,989,Peanuts (Groundnut) 500g,1.59,90
3574,989,Mustard Oil 1L,1.19,200
3575,989,Sugar 1kg,2.07,45
3576,989,Jaggery (Bella/Gud) 1kg,3.91,70
3577,990,Mustard Oil 1L,1.4,200
3578,990,Sugar 1kg,1.93,45
3579,990,Iodized Salt 1kg,2.62,25
3580,990,Rock Salt (Sendha Namak) 500g,0.47,40
3581,991,Sugar 1kg,1.83,45
3582,991,Iodized Salt 1kg,1.2,25
3583,991,Rock Salt (Sendha Namak) 500g,0.7,40
3584,992,Sugar 1kg,1.67,45
3585,992,Iodized Salt 1kg,2.26,25
3586,992,Rock Salt (Sendha Namak) 500g,0.66,40
3587,993,Sugar 1kg,1.15,45
3588,993,Iodized Salt 1kg,1.93,25
3589,993,Rock Salt (Sendha Namak) 500g,0.5,40
3590,994,Rock Salt (Sendha Namak) 500g,0.72,40
3591,995,Sona Masoori Rice 5kg,14.88,350
3592,995,Basmati Rice 5kg,1.84,550
3593,995,Wheat Flour (Atta) 5kg,3.49,250
3594,995,Toor Dal 1kg,0.93,140
3595,996,Basmati Rice 5kg,1.94,550
3596,996,Wheat Flour (Atta) 5kg,2.48,250
3597,996,Toor Dal 1kg,1.71,140
3598,996,Moong Dal 1kg,6.38,130
3599,997,Basmati Rice 5kg,2.22,550
3600,997,Wheat Flour (Atta) 5kg,5.19,250
3601,997,Toor Dal 1kg,1.69,140
3602,997,Rajma (Kidney Beans) 1kg,1.42,160
3603,998,Basmati Rice 5kg,1.81,550
3604,998,Toor Dal 1kg,2.41,140
3605,998,Rajma (Kidney Beans) 1kg,1.65,160
3606,998,Turmeric Powder 200g,2.19,60
3607,999,Basmati Rice 5kg,2.24,550
3608,999,Toor Dal 1kg,1.38,140
3609,999,Turmeric Powder 200g,2.43,60
3610,999,Biryani Masala 100g,0.81,100
3611,1000,Biryani Masala 100g,0.47,100
3612,1000,Almonds (Badam) 500g,0.29,450
3613,1000,Cashew Nuts (Kaju) 500g,0.61,550
3614,1000,Peanuts (Groundnut) 500g,1.54,90
3615,1001,Biryani Masala 100g,0.84,100
3616,1001,Almonds (Badam) 500g,0.4,450
3617,1001,Cashew Nuts (Kaju) 500g,0.64,550
3618,1001,Peanuts (Groundnut) 500g,1.27,90
3619,1002,Biryani Masala 100g,0.5,100
3620,1002,Almonds (Badam) 500g,0.34,450
3621,1002,Cashew Nuts (Kaju) 500g,0.34,550
3622,1002,Peanuts (Groundnut) 500g,0.76,90
3623,1003,Biryani Masala 100g,0.53,100
3624,1003,Almonds (Badam) 500g,0.26,450
3625,1003,Cashew Nuts (Kaju) 500g,0.31,550
3626,1003,Peanuts (Groundnut) 500g,0.78,90
3627,1004,Almonds (Badam) 500g,0.44,521.02
3628,1004,Cashew Nuts (Kaju) 500g,0.28,550
3629,1004,Peanuts (Groundnut) 500g,0.92,90
3630,1004,Sunflower Oil 1L,1.86,180
3631,1005,Almonds (Badam) 500g,0.45,450
3632,1005,Sunflower Oil 1L,4.95,180
3633,1005,Groundnut Oil 1L,1.55,220
3634,1005,Mustard Oil 1L,1.44,200
3635,1006,Sunflower Oil 1L,3.04,180
3636,1006,Groundnut Oil 1L,1.55,220
3637,1006,Mustard Oil 1L,1.06,200
3638,1006,Pure Ghee 1L,0.9,600
3639,1007,Groundnut Oil 1L,0.58,220
3640,1007,Mustard Oil 1L,0.54,200
3641,1007,Pure Ghee 1L,0.71,600
3642,1007,Sugar 1kg,10.91,45
3643,1008,Groundnut Oil 1L,0.6,220
3644,1008,Mustard Oil 1L,0.99,200
3645,1008,Pure Ghee 1L,1.01,600
3646,1008,Jaggery (Bella/Gud) 1kg,0.62,70
3647,1009,Groundnut Oil 1L,1.53,220
3648,1009,Mustard Oil 1L,0.86,200
3649,1009,Pure Ghee 1L,0.48,600
3650,1009,Jaggery (Bella/Gud) 1kg,0.63,83.95
3651,1010,Jaggery (Bella/Gud) 1kg,0.85,70
3652,1010,Iodized Salt 1kg,1.39,25
3653,1010,Rock Salt (Sendha Namak) 500g,0.41,40
3654,1011,Jaggery (Bella/Gud) 1kg,1.02,70
3655,1011,Iodized Salt 1kg,1.62,25
3656,1011,Rock Salt (Sendha Namak) 500g,0.75,40
3657,1012,Jaggery (Bella/Gud) 1kg,0.82,70
3658,1012,Iodized Salt 1kg,1.74,20.35
3659,1012,Rock Salt (Sendha Namak) 500g,0.56,40
3660,1013,Iodized Salt 1kg,0.79,25
3661,1014,Iodized Salt 1kg,1.28,25
3662,1015,Iodized Salt 1kg,1.7,25
3663,1016,Sona Masoori Rice 5kg,9.19,350
3664,1016,Basmati Rice 5kg,2.11,550
3665,1016,Wheat Flour (Atta) 5kg,11.26,250
3666,1016,Toor Dal 1kg,4.24,140
3667,1017,Sona Masoori Rice 5kg,4.71,350
3668,1017,Basmati Rice 5kg,1.8,550
3669,1017,Toor Dal 1kg,2.36,163.86
3670,1017,Moong Dal 1kg,2.2,130
3671,1018,Basmati Rice 5kg,1.51,550
3672,1018,Toor Dal 1kg,1.91,140
3673,1018,Moong Dal 1kg,1.45,130
3674,1018,Rajma (Kidney Beans) 1kg,0.79,160
3675,1019,Basmati Rice 5kg,2.0,550
3676,1019,Moong Dal 1kg,3.14,130
3677,1019,Rajma (Kidney Beans) 1kg,0.68,160
3678,1019,Turmeric Powder 200g,1.06,60
3679,1020,Basmati Rice 5kg,1.22,550
3680,1020,Rajma (Kidney Beans) 1kg,0.79,160
3681,1020,Turmeric Powder 200g,1.22,60
3682,1020,Biryani Masala 100g,0.4,100
3683,1021,Basmati Rice 5kg,1.06,550
3684,1021,Rajma (Kidney Beans) 1kg,0.31,160
3685,1021,Turmeric Powder 200g,1.19,60
3686,1021,Biryani Masala 100g,0.56,100
3687,1022,Turmeric Powder 200g,0.76,60
3688,1022,Biryani Masala 100g,0.61,100
3689,1022,Almonds (Badam) 500g,0.54,450
3690,1022,Cashew Nuts (Kaju) 500g,1.98,550
3691,1023,Turmeric Powder 200g,0.91,60
3692,1023,Biryani Masala 100g,0.76,100
3693,1023,Almonds (Badam) 500g,0.65,450
3694,1023,Peanuts (Groundnut) 500g,1.27,90
3695,1024,Biryani Masala 100g,0.51,100
3696,1024,Almonds (Badam) 500g,0.74,450
3697,1024,Peanuts (Groundnut) 500g,1.23,90
3698,1024,Sunflower Oil 1L,10.48,180
3699,1025,Biryani Masala 100g,0.39,100
3700,1025,Peanuts (Groundnut) 500g,1.54,90
3701,1025,Groundnut Oil 1L,0.8,220
3702,1025,Mustard Oil 1L,1.18,200
3703,1026,Peanuts (Groundnut) 500g,1.46,90
3704,1026,Groundnut Oil 1L,0.64,220
3705,1026,Mustard Oil 1L,0.98,200
3706,1026,Pure Ghee 1L,1.02,600
3707,1027,Groundnut Oil 1L,1.32,220
3708,1027,Mustard Oil 1L,0.66,200
3709,1027,Pure Ghee 1L,2.26,701.23
3710,1027,Sugar 1kg,10.53,45
3711,1028,Groundnut Oil 1L,1.35,220
3712,1028,Mustard Oil 1L,1.01,200
3713,1028,Jaggery (Bella/Gud) 1kg,1.37,70
3714,1028,Iodized Salt 1kg,1.77,25
3715,1029,Groundnut Oil 1L,0.52,220
3716,1029,Mustard Oil 1L,0.92,200
3717,1029,Jaggery (Bella/Gud) 1kg,0.63,70
3718,1029,Iodized Salt 1kg,2.03,25
3719,1030,Groundnut Oil 1L,0.67,220
3720,1030,Jaggery (Bella/Gud) 1kg,1.18,70
3721,1030,Iodized Salt 1kg,1.52,25
3722,1030,Rock Salt (Sendha Namak) 500g,0.73,40
3723,1031,Jaggery (Bella/Gud) 1kg,0.8,70
3724,1031,Iodized Salt 1kg,2.83,25
3725,1031,Rock Salt (Sendha Namak) 500g,0.6,40
3726,1032,Iodized Salt 1kg,1.32,25
3727,1032,Rock Salt (Sendha Namak) 500g,0.38,40
3728,1033,Rock Salt (Sendha Namak) 500g,0.76,40
3729,1034,Rock Salt (Sendha Namak) 500g,0.65,40
3730,1035,Sona Masoori Rice 5kg,3.85,350
3731,1035,Basmati Rice 5kg,1.32,550
3732,1035,Wheat Flour (Atta) 5kg,11.43,250
3733,1035,Toor Dal 1kg,8.37,140
3734,1036,Sona Masoori Rice 5kg,3.84,350
3735,1036,Basmati Rice 5kg,1.89,550
3736,1036,Moong Dal 1kg,1.56,130
3737,1036,Rajma (Kidney Beans) 1kg,0.27,160
3738,1037,Sona Masoori Rice 5kg,1.84,350
3739,1037,Basmati Rice 5kg,1.61,550
3740,1037,Moong Dal 1kg,1.17,130
3741,1037,Rajma (Kidney Beans) 1kg,0.28,160
3742,1038,Sona Masoori Rice 5kg,1.57,350
3743,1038,Basmati Rice 5kg,1.89,550
3744,1038,Moong Dal 1kg,0.8,130
3745,1038,Rajma (Kidney Beans) 1kg,0.62,160
3746,1039,Sona Masoori Rice 5kg,1.44,350
3747,1039,Basmati Rice 5kg,1.84,550
3748,1039,Moong Dal 1kg,1.61,130
3749,1039,Rajma (Kidney Beans) 1kg,0.72,160
3750,1040,Sona Masoori Rice 5kg,1.65,350
3751,1040,Basmati Rice 5kg,2.18,550
3752,1040,Moong Dal 1kg,0.69,130
3753,1040,Rajma (Kidney Beans) 1kg,0.68,160
3754,1041,Moong Dal 1kg,0.9,130
3755,1041,Rajma (Kidney Beans) 1kg,0.29,160
3756,1041,Turmeric Powder 200g,0.94,60
3757,1041,Biryani Masala 100g,0.48,100
3758,1042,Turmeric Powder 200g,0.86,60
3759,1042,Biryani Masala 100g,0.63,100
3760,1042,Almonds (Badam) 500g,0.32,450
3761,1042,Cashew Nuts (Kaju) 500g,2.13,550
3762,1043,Turmeric Powder 200g,0.42,60
3763,1043,Biryani Masala 100g,0.73,100
3764,1043,Almonds (Badam) 500g,0.41,450
3765,1043,Peanuts (Groundnut) 500g,5.39,90
3766,1044,Turmeric Powder 200g,0.87,60
3767,1044,Biryani Masala 100g,0.56,100
3768,1044,Almonds (Badam) 500g,0.42,450
3769,1044,Sunflower Oil 1L,10.55,180
3770,1045,Turmeric Powder 200g,0.62,60
3771,1045,Biryani Masala 100g,0.58,100
3772,1045,Almonds (Badam) 500g,0.3,450
3773,1045,Groundnut Oil 1L,5.51,220
3774,1046,Turmeric Powder 200g,1.04,60
3775,1046,Almonds (Badam) 500g,0.63,450
3776,1046,Mustard Oil 1L,0.81,200
3777,1046,Pure Ghee 1L,1.01,600
3778,1047,Mustard Oil 1L,1.27,200
3779,1047,Pure Ghee 1L,0.99,600
3780,1047,Sugar 1kg,4.05,45
3781,1047,Jaggery (Bella/Gud) 1kg,0.93,56.72
3782,1048,Mustard Oil 1L,1.05,200
3783,1048,Pure Ghee 1L,1.1,600
3784,1048,Sugar 1kg,5.54,45
3785,1048,Jaggery (Bella/Gud) 1kg,0.8,70
3786,1049,Mustard Oil 1L,1.63,200
3787,1049,Jaggery (Bella/Gud) 1kg,0.48,70
3788,1049,Iodized Salt 1kg,1.82,25
3789,1049,Rock Salt (Sendha Namak) 500g,0.43,40
3790,1050,Jaggery (Bella/Gud) 1kg,0.83,70
3791,1050,Iodized Salt 1kg,2.18,25
3792,1050,Rock Salt (Sendha Namak) 500g,0.89,40
3793,1051,Jaggery (Bella/Gud) 1kg,0.65,70
3794,1051,Iodized Salt 1kg,2.74,25
3795,1051,Rock Salt (Sendha Namak) 500g,0.63,40
3796,1052,Jaggery (Bella/Gud) 1kg,0.51,70
3797,1052,Iodized Salt 1kg,1.39,25
3798,1052,Rock Salt (Sendha Namak) 500g,0.89,34.2
3799,1053,Iodized Salt 1kg,1.4,25
3800,1054,Sona Masoori Rice 5kg,4.5,350
3801,1054,Basmati Rice 5kg,3.11,550
3802,1054,Wheat Flour (Atta) 5kg,1.58,250
3803,1054,Toor Dal 1kg,3.7,140
3804,1055,Sona Masoori Rice 5kg,5.0,350
3805,1055,Basmati Rice 5kg,3.75,550
3806,1055,Wheat Flour (Atta) 5kg,2.37,250
3807,1055,Toor Dal 1kg,4.87,140
3808,1056,Sona Masoori Rice 5kg,4.19,350
3809,1056,Basmati Rice 5kg,2.87,550
3810,1056,Wheat Flour (Atta) 5kg,1.11,250
3811,1056,Moong Dal 1kg,1.62,130
3812,1057,Wheat Flour (Atta) 5kg,1.85,250
3813,1057,Moong Dal 1kg,1.99,130
3814,1057,Rajma (Kidney Beans) 1kg,0.66,160
3815,1057,Turmeric Powder 200g,2.72,68.22
3816,1058,Wheat Flour (Atta) 5kg,2.37,250
3817,1058,Moong Dal 1kg,0.9,130
3818,1058,Rajma (Kidney Beans) 1kg,0.57,160
3819,1058,Turmeric Powder 200g,2.63,60
3820,1059,Wheat Flour (Atta) 5kg,1.61,250
3821,1059,Moong Dal 1kg,1.99,130
3822,1059,Rajma (Kidney Beans) 1kg,0.54,160
3823,1059,Garam Masala 100g,1.41,80
3824,1060,Rajma (Kidney Beans) 1kg,0.26,160
3825,1060,Garam Masala 100g,0.84,80
3826,1060,Biryani Masala 100g,0.53,100
3827,1060,Almonds (Badam) 500g,0.64,450
3828,1061,Rajma (Kidney Beans) 1kg,0.74,160
3829,1061,Biryani Masala 100g,1.1,100
3830,1061,Almonds (Badam) 500g,1.39,450
3831,1061,Cashew Nuts (Kaju) 500g,0.72,550
3832,1062,Biryani Masala 100g,0.87,100
3833,1062,Cashew Nuts (Kaju) 500g,0.5,550
3834,1062,Peanuts (Groundnut) 500g,0.77,90
3835,1062,Sunflower Oil 1L,10.46,180
3836,1063,Biryani Masala 100g,0.43,100
3837,1063,Cashew Nuts (Kaju) 500g,0.45,550
3838,1063,Peanuts (Groundnut) 500g,0.61,90
3839,1063,Groundnut Oil 1L,2.94,220
3840,1064,Cashew Nuts (Kaju) 500g,0.37,550
3841,1064,Peanuts (Groundnut) 500g,0.85,90
3842,1064,Groundnut Oil 1L,2.41,220
3843,1064,Mustard Oil 1L,5.45,200
3844,1065,Peanuts (Groundnut) 500g,1.17,90
3845,1065,Pure Ghee 1L,0.61,600
3846,1065,Sugar 1kg,2.41,45
3847,1065,Jaggery (Bella/Gud) 1kg,0.68,70
3848,1066,Peanuts (Groundnut) 500g,1.18,90
3849,1066,Pure Ghee 1L,0.36,600
3850,1066,Sugar 1kg,3.92,45
3851,1066,Jaggery (Bella/Gud) 1kg,0.74,70
3852,1067,Pure Ghee 1L,0.72,600
3853,1067,Sugar 1kg,2.74,45
3854,1067,Jaggery (Bella/Gud) 1kg,1.15,70
3855,1067,Iodized Salt 1kg,6.21,25
3856,1068,Pure Ghee 1L,0.72,600
3857,1068,Jaggery (Bella/Gud) 1kg,0.54,70
3858,1068,Iodized Salt 1kg,2.19,25
3859,1069,Pure Ghee 1L,0.42,600
3860,1069,Jaggery (Bella/Gud) 1kg,0.61,70
3861,1070,Jaggery (Bella/Gud) 1kg,0.52,70
3862,1071,Sona Masoori Rice 5kg,16.3,350
3863,1071,Basmati Rice 5kg,1.32,550
3864,1071,Wheat Flour (Atta) 5kg,2.31,250
3865,1071,Toor Dal 1kg,2.86,140
3866,1072,Basmati Rice 5kg,2.9,550
3867,1072,Wheat Flour (Atta) 5kg,2.34,217.98
3868,1072,Toor Dal 1kg,3.08,140
3869,1072,Moong Dal 1kg,7.33,130
3870,1073,Basmati Rice 5kg,2.5,550
3871,1073,Wheat Flour (Atta) 5kg,1.73,250
3872,1073,Toor Dal 1kg,1.73,140
3873,1073,Rajma (Kidney Beans) 1kg,0.71,189.48
3874,1074,Basmati Rice 5kg,2.11,550
3875,1074,Wheat Flour (Atta) 5kg,2.69,250
3876,1074,Rajma (Kidney Beans) 1kg,0.38,160
3877,1074,Turmeric Powder 200g,0.78,60
3878,1075,Basmati Rice 5kg,1.62,550
3879,1075,Wheat Flour (Atta) 5kg,2.44,250
3880,1075,Rajma (Kidney Beans) 1kg,0.33,189.64
3881,1075,Turmeric Powder 200g,0.62,60
3882,1076,Rajma (Kidney Beans) 1kg,0.46,160
3883,1076,Turmeric Powder 200g,1.48,60
3884,1076,Biryani Masala 100g,1.5,100
3885,1076,Almonds (Badam) 500g,0.7,495.05
3886,1077,Rajma (Kidney Beans) 1kg,0.77,160
3887,1077,Turmeric Powder 200g,1.47,60
3888,1077,Biryani Masala 100g,1.21,100
3889,1077,Almonds (Badam) 500g,1.28,450
3890,1078,Turmeric Powder 200g,0.79,60
3891,1078,Cashew Nuts (Kaju) 500g,1.45,550
3892,1078,Peanuts (Groundnut) 500g,2.57,90
3893,1078,Sunflower Oil 1L,10.05,180
3894,1079,Cashew Nuts (Kaju) 500g,0.88,550
3895,1079,Peanuts (Groundnut) 500g,2.03,90
3896,1079,Groundnut Oil 1L,0.93,220
3897,1079,Mustard Oil 1L,3.22,200
3898,1080,Groundnut Oil 1L,2.11,220
3899,1080,Mustard Oil 1L,2.18,200
3900,1080,Pure Ghee 1L,1.87,600
3901,1080,Sugar 1kg,9.49,45
3902,1081,Groundnut Oil 1L,1.11,220
3903,1081,Pure Ghee 1L,1.05,600
3904,1081,Jaggery (Bella/Gud) 1kg,1.82,70
3905,1081,Iodized Salt 1kg,1.61,25
3906,1082,Groundnut Oil 1L,1.06,220
3907,1082,Jaggery (Bella/Gud) 1kg,1.36,70
3908,1082,Iodized Salt 1kg,0.97,25
3909,1082,Rock Salt (Sendha Namak) 500g,0.44,40
3910,1083,Jaggery (Bella/Gud) 1kg,0.94,70
3911,1083,Iodized Salt 1kg,2.0,25
3912,1083,Rock Salt (Sendha Namak) 500g,1.0,40
3913,1084,Iodized Salt 1kg,1.12,25
3914,1085,Iodized Salt 1kg,1.92,25
3915,1086,Iodized Salt 1kg,1.5,25
3916,1087,Sona Masoori Rice 5kg,3.23,350
3917,1087,Basmati Rice 5kg,4.66,550
3918,1087,Wheat Flour (Atta) 5kg,1.18,250
3919,1087,Toor Dal 1kg,8.31,140
3920,1088,Sona Masoori Rice 5kg,7.0,298.78
3921,1088,Basmati Rice 5kg,2.69,550
3922,1088,Wheat Flour (Atta) 5kg,2.95,250
3923,1088,Moong Dal 1kg,1.66,151.41
3924,1089,Sona Masoori Rice 5kg,3.76,350
3925,1089,Basmati Rice 5kg,3.0,550
3926,1089,Wheat Flour (Atta) 5kg,1.38,250
3927,1089,Moong Dal 1kg,0.84,130
3928,1090,Wheat Flour (Atta) 5kg,1.78,250
3929,1090,Moong Dal 1kg,1.69,130
3930,1090,Rajma (Kidney Beans) 1kg,0.36,160
3931,1090,Turmeric Powder 200g,0.92,60
3932,1091,Wheat Flour (Atta) 5kg,3.03,250
3933,1091,Moong Dal 1kg,1.2,130
3934,1091,Rajma (Kidney Beans) 1kg,0.4,160
3935,1091,Turmeric Powder 200g,1.31,60
3936,1092,Wheat Flour (Atta) 5kg,1.17,250
3937,1092,Moong Dal 1kg,1.54,130
3938,1092,Rajma (Kidney Beans) 1kg,0.45,160
3939,1092,Turmeric Powder 200g,1.14,60
3940,1093,Rajma (Kidney Beans) 1kg,0.73,160
3941,1093,Turmeric Powder 200g,1.05,60
3942,1093,Garam Masala 100g,1.14,80
3943,1093,Biryani Masala 100g,0.39,100
3944,1094,Rajma (Kidney Beans) 1kg,0.92,160
3945,1094,Turmeric Powder 200g,0.55,60
3946,1094,Garam Masala 100g,0.8,80
3947,1094,Biryani Masala 100g,0.34,100
3948,1095,Biryani Masala 100g,0.7,100
3949,1095,Almonds (Badam) 500g,0.21,450
3950,1095,Cashew Nuts (Kaju) 500g,0.29,550
3951,1095,Peanuts (Groundnut) 500g,1.15,90
3952,1096,Biryani Masala 100g,0.35,100
3953,1096,Almonds (Badam) 500g,0.38,450
3954,1096,Cashew Nuts (Kaju) 500g,0.42,652.59
3955,1096,Peanuts (Groundnut) 500g,1.01,90
3956,1097,Biryani Masala 100g,0.59,100
3957,1097,Almonds (Badam) 500g,0.5,450
3958,1097,Cashew Nuts (Kaju) 500g,0.51,550
3959,1097,Peanuts (Groundnut) 500g,0.83,90
3960,1098,Biryani Masala 100g,0.62,100
3961,1098,Almonds (Badam) 500g,0.38,450
3962,1098,Cashew Nuts (Kaju) 500g,0.43,550
3963,1098,Peanuts (Groundnut) 500g,0.87,90
3964,1099,Almonds (Badam) 500g,0.47,450
3965,1099,Cashew Nuts (Kaju) 500g,0.47,550
3966,1099,Peanuts (Groundnut) 500g,0.9,90
3967,1099,Sunflower Oil 1L,2.76,180
3968,1100,Sunflower Oil 1L,2.13,180
3969,1100,Groundnut Oil 1L,1.59,220
3970,1100,Mustard Oil 1L,1.58,200
3971,1100,Pure Ghee 1L,0.62,600
3972,1101,Sunflower Oil 1L,1.54,180
3973,1101,Groundnut Oil 1L,1.73,220
3974,1101,Mustard Oil 1L,1.7,200
3975,1101,Pure Ghee 1L,1.13,600
3976,1102,Sunflower Oil 1L,3.12,180
3977,1102,Groundnut Oil 1L,2.8,250.03
3978,1102,Mustard Oil 1L,1.68,200
3979,1102,Pure Ghee 1L,0.49,600
3980,1103,Pure Ghee 1L,0.7,600
3981,1103,Sugar 1kg,10.93,45
3982,1103,Jaggery (Bella/Gud) 1kg,0.42,70
3983,1103,Iodized Salt 1kg,9.57,27.91
3984,1104,Jaggery (Bella/Gud) 1kg,1.04,70
3985,1104,Rock Salt (Sendha Namak) 500g,1.44,40
3986,1105,Jaggery (Bella/Gud) 1kg,0.52,70
3987,1106,Jaggery (Bella/Gud) 1kg,0.95,70
3988,1107,Jaggery (Bella/Gud) 1kg,1.04,70
3989,1108,Sona Masoori Rice 5kg,1.89,350
3990,1108,Basmati Rice 5kg,1.63,550
3991,1108,Wheat Flour (Atta) 5kg,2.54,250
3992,1108,Toor Dal 1kg,1.54,140
3993,1109,Sona Masoori Rice 5kg,2.62,350
3994,1109,Basmati Rice 5kg,2.07,550
3995,1109,Wheat Flour (Atta) 5kg,2.75,250
3996,1109,Toor Dal 1kg,1.32,140
3997,1110,Sona Masoori Rice 5kg,2.95,350
3998,1110,Basmati Rice 5kg,3.16,550
3999,1110,Wheat Flour (Atta) 5kg,1.9,250
4000,1110,Toor Dal 1kg,2.4,140
4001,1111,Sona Masoori Rice 5kg,3.03,350
4002,1111,Basmati Rice 5kg,3.28,550
4003,1111,Wheat Flour (Atta) 5kg,3.71,250
4004,1111,Toor Dal 1kg,2.38,140
4005,1112,Sona Masoori Rice 5kg,4.34,350
4006,1112,Moong Dal 1kg,1.38,130
4007,1112,Rajma (Kidney Beans) 1kg,2.76,160
4008,1112,Turmeric Powder 200g,0.6,60
4009,1113,Moong Dal 1kg,2.35,130
4010,1113,Turmeric Powder 200g,0.95,60
4011,1113,Garam Masala 100g,0.56,80
4012,1113,Biryani Masala 100g,3.0,100
4013,1114,Moong Dal 1kg,3.7,130
4014,1114,Turmeric Powder 200g,0.7,60
4015,1114,Garam Masala 100g,1.25,80
4016,1114,Almonds (Badam) 500g,0.28,450
4017,1115,Turmeric Powder 200g,0.71,60
4018,1115,Garam Masala 100g,0.71,80
4019,1115,Almonds (Badam) 500g,0.3,450
4020,1115,Cashew Nuts (Kaju) 500g,0.62,550
4021,1116,Turmeric Powder 200g,0.78,60
4022,1116,Almonds (Badam) 500g,0.32,450
4023,1116,Cashew Nuts (Kaju) 500g,0.4,550
4024,1116,Peanuts (Groundnut) 500g,0.74,90
4025,1117,Turmeric Powder 200g,1.17,60
4026,1117,Almonds (Badam) 500g,0.24,450
4027,1117,Cashew Nuts (Kaju) 500g,0.6,550
4028,1117,Peanuts (Groundnut) 500g,1.25,90
4029,1118,Almonds (Badam) 500g,0.24,450
4030,1118,Cashew Nuts (Kaju) 500g,0.54,550
4031,1118,Peanuts (Groundnut) 500g,0.76,90
4032,1118,Sunflower Oil 1L,3.62,180
4033,1119,Almonds (Badam) 500g,0.44,450
4034,1119,Peanuts (Groundnut) 500g,0.81,90
4035,1119,Sunflower Oil 1L,3.67,180
4036,1119,Groundnut Oil 1L,3.17,220
4037,1120,Peanuts (Groundnut) 500g,1.03,90
4038,1120,Sunflower Oil 1L,2.59,180
4039,1120,Groundnut Oil 1L,2.43,220
4040,1120,Mustard Oil 1L,1.28,200
4041,1121,Mustard Oil 1L,1.01,200
4042,1121,Pure Ghee 1L,0.94,600
4043,1121,Sugar 1kg,2.82,45
4044,1121,Jaggery (Bella/Gud) 1kg,1.28,70
4045,1122,Mustard Oil 1L,1.1,200
4046,1122,Pure Ghee 1L,1.15,600
4047,1122,Sugar 1kg,2.17,53.77
4048,1122,Jaggery (Bella/Gud) 1kg,1.26,70
4049,1123,Mustard Oil 1L,0.79,200
4050,1123,Pure Ghee 1L,0.7,600
4051,1123,Sugar 1kg,2.49,45
4052,1123,Jaggery (Bella/Gud) 1kg,1.68,70
4053,1124,Mustard Oil 1L,0.83,200
4054,1124,Sugar 1kg,1.52,45
4055,1124,Iodized Salt 1kg,8.59,25
4056,1124,Rock Salt (Sendha Namak) 500g,0.25,40
4057,1125,Mustard Oil 1L,0.56,200
4058,1125,Sugar 1kg,1.58,45
4059,1125,Rock Salt (Sendha Namak) 500g,0.42,40
4060,1126,Rock Salt (Sendha Namak) 500g,0.34,40
4061,1127,Rock Salt (Sendha Namak) 500g,0.47,40
4062,1128,Rock Salt (Sendha Namak) 500g,0.29,40
4063,1129,Sona Masoori Rice 5kg,5.59,350
4064,1129,Basmati Rice 5kg,2.5,550
4065,1129,Wheat Flour (Atta) 5kg,11.01,250
4066,1129,Toor Dal 1kg,1.3,140
4067,1130,Sona Masoori Rice 5kg,2.19,350
4068,1130,Basmati Rice 5kg,3.98,550
4069,1130,Toor Dal 1kg,1.71,140
4070,1130,Moong Dal 1kg,0.77,130
4071,1131,Sona Masoori Rice 5kg,4.13,350
4072,1131,Basmati Rice 5kg,1.93,550
4073,1131,Toor Dal 1kg,1.79,140
4074,1131,Moong Dal 1kg,1.28,130
4075,1132,Sona Masoori Rice 5kg,4.05,350
4076,1132,Basmati Rice 5kg,2.43,550
4077,1132,Toor Dal 1kg,1.47,140
4078,1132,Moong Dal 1kg,0.99,130
4079,1133,Toor Dal 1kg,1.97,140
4080,1133,Moong Dal 1kg,0.94,130
4081,1133,Rajma (Kidney Beans) 1kg,1.01,160
4082,1133,Turmeric Powder 200g,0.9,60
4083,1134,Moong Dal 1kg,1.78,130
4084,1134,Rajma (Kidney Beans) 1kg,0.74,160
4085,1134,Turmeric Powder 200g,0.82,60
4086,1134,Garam Masala 100g,0.34,80
4087,1135,Moong Dal 1kg,1.13,130
4088,1135,Rajma (Kidney Beans) 1kg,0.88,160
4089,1135,Turmeric Powder 200g,0.5,60
4090,1135,Garam Masala 100g,0.44,80
4091,1136,Rajma (Kidney Beans) 1kg,0.81,160
4092,1136,Turmeric Powder 200g,1.28,60
4093,1136,Garam Masala 100g,0.49,80
4094,1136,Biryani Masala 100g,0.55,100
4095,1137,Turmeric Powder 200g,0.72,60
4096,1137,Garam Masala 100g,0.65,80
4097,1137,Biryani Masala 100g,1.02,100
4098,1137,Almonds (Badam) 500g,0.74,450
4099,1138,Turmeric Powder 200g,1.2,60
4100,1138,Garam Masala 100g,0.69,80
4101,1138,Biryani Masala 100g,0.51,100
4102,1138,Almonds (Badam) 500g,0.43,450
4103,1139,Biryani Masala 100g,0.52,100
4104,1139,Almonds (Badam) 500g,0.51,450
4105,1139,Cashew Nuts (Kaju) 500g,0.74,550
4106,1139,Peanuts (Groundnut) 500g,1.01,90
4107,1140,Biryani Masala 100g,0.53,100
4108,1140,Almonds (Badam) 500g,0.42,450
4109,1140,Cashew Nuts (Kaju) 500g,1.12,550
4110,1140,Peanuts (Groundnut) 500g,1.5,90
4111,1141,Cashew Nuts (Kaju) 500g,0.41,550
4112,1141,Peanuts (Groundnut) 500g,1.13,90
4113,1141,Sunflower Oil 1L,2.84,180
4114,1141,Groundnut Oil 1L,1.72,220
4115,1142,Peanuts (Groundnut) 500g,0.76,90
4116,1142,Sunflower Oil 1L,4.8,180
4117,1142,Groundnut Oil 1L,1.75,220
4118,1142,Mustard Oil 1L,3.56,200
4119,1143,Peanuts (Groundnut) 500g,0.91,90
4120,1143,Sunflower Oil 1L,2.28,180
4121,1143,Groundnut Oil 1L,1.1,220
4122,1143,Mustard Oil 1L,2.18,200
4123,1144,Groundnut Oil 1L,0.87,220
4124,1144,Pure Ghee 1L,0.56,600
4125,1144,Sugar 1kg,2.63,45
4126,1144,Jaggery (Bella/Gud) 1kg,0.54,70
4127,1145,Pure Ghee 1L,0.42,600
4128,1145,Sugar 1kg,1.97,45
4129,1145,Jaggery (Bella/Gud) 1kg,0.66,70
4130,1145,Iodized Salt 1kg,1.12,25
4131,1146,Pure Ghee 1L,0.85,600
4132,1146,Sugar 1kg,2.7,45
4133,1146,Jaggery (Bella/Gud) 1kg,0.81,70
4134,1146,Iodized Salt 1kg,1.84,25
4135,1147,Pure Ghee 1L,0.64,600
4136,1147,Sugar 1kg,2.55,45
4137,1147,Jaggery (Bella/Gud) 1kg,0.58,70
4138,1147,Iodized Salt 1kg,2.09,25
4139,1148,Pure Ghee 1L,0.78,600
4140,1148,Jaggery (Bella/Gud) 1kg,1.13,70
4141,1148,Iodized Salt 1kg,2.25,25
4142,1148,Rock Salt (Sendha Namak) 500g,0.23,40
4143,1149,Iodized Salt 1kg,1.4,25
4144,1149,Rock Salt (Sendha Namak) 500g,0.27,40
4145,1150,Rock Salt (Sendha Namak) 500g,0.16,45.38
4146,1151,Rock Salt (Sendha Namak) 500g,0.2,40
4147,1152,Rock Salt (Sendha Namak) 500g,0.46,40
4148,1153,Sona Masoori Rice 5kg,3.89,350
4149,1153,Basmati Rice 5kg,4.25,550
4150,1153,Wheat Flour (Atta) 5kg,3.54,250
4151,1153,Toor Dal 1kg,2.61,140
4152,1154,Sona Masoori Rice 5kg,9.7,350
4153,1154,Basmati Rice 5kg,6.45,550
4154,1154,Wheat Flour (Atta) 5kg,4.71,250
4155,1154,Toor Dal 1kg,6.09,140
4156,1155,Wheat Flour (Atta) 5kg,3.01,250
4157,1155,Moong Dal 1kg,4.56,130
4158,1155,Rajma (Kidney Beans) 1kg,1.06,160
4159,1155,Turmeric Powder 200g,1.05,60
4160,1156,Moong Dal 1kg,2.78,130
4161,1156,Rajma (Kidney Beans) 1kg,0.65,160
4162,1156,Turmeric Powder 200g,1.01,60
4163,1156,Biryani Masala 100g,1.86,100
4164,1157,Rajma (Kidney Beans) 1kg,0.46,160
4165,1157,Turmeric Powder 200g,1.13,60
4166,1157,Biryani Masala 100g,1.28,100
4167,1157,Almonds (Badam) 500g,0.63,450
4168,1158,Rajma (Kidney Beans) 1kg,0.52,160
4169,1158,Turmeric Powder 200g,1.44,60
4170,1158,Almonds (Badam) 500g,0.55,450
4171,1158,Cashew Nuts (Kaju) 500g,0.44,550
4172,1159,Rajma (Kidney Beans) 1kg,0.62,160
4173,1159,Almonds (Badam) 500g,0.54,450
4174,1159,Cashew Nuts (Kaju) 500g,0.56,550
4175,1159,Peanuts (Groundnut) 500g,1.17,90
4176,1160,Almonds (Badam) 500g,0.41,450
4177,1160,Cashew Nuts (Kaju) 500g,0.51,550
4178,1160,Peanuts (Groundnut) 500g,0.56,90
4179,1160,Sunflower Oil 1L,3.32,180
4180,1161,Cashew Nuts (Kaju) 500g,0.45,550
4181,1161,Peanuts (Groundnut) 500g,0.77,90
4182,1161,Sunflower Oil 1L,2.46,180
4183,1161,Groundnut Oil 1L,5.14,220
4184,1162,Cashew Nuts (Kaju) 500g,0.35,550
4185,1162,Peanuts (Groundnut) 500g,0.81,90
4186,1162,Sunflower Oil 1L,2.97,180
4187,1162,Mustard Oil 1L,0.65,200
4188,1163,Peanuts (Groundnut) 500g,0.58,90
4189,1163,Sunflower Oil 1L,1.92,180
4190,1163,Mustard Oil 1L,1.33,220.1
4191,1163,Pure Ghee 1L,2.78,600
4192,1164,Peanuts (Groundnut) 500g,1.12,90
4193,1164,Mustard Oil 1L,1.28,220.28
4194,1164,Sugar 1kg,4.58,45
4195,1164,Jaggery (Bella/Gud) 1kg,0.9,70
4196,1165,Mustard Oil 1L,1.36,200
4197,1165,Sugar 1kg,2.47,45
4198,1165,Jaggery (Bella/Gud) 1kg,1.21,70
4199,1165,Iodized Salt 1kg,1.12,25
4200,1166,Mustard Oil 1L,0.75,200
4201,1166,Sugar 1kg,2.54,45
4202,1166,Jaggery (Bella/Gud) 1kg,0.84,70
4203,1166,Iodized Salt 1kg,1.82,25
4204,1167,Jaggery (Bella/Gud) 1kg,0.75,70
4205,1167,Iodized Salt 1kg,1.42,25
4206,1167,Rock Salt (Sendha Namak) 500g,0.2,40
4207,1168,Iodized Salt 1kg,1.6,25
4208,1168,Rock Salt (Sendha Namak) 500g,0.27,40
4209,1169,Iodized Salt 1kg,2.27,25
4210,1169,Rock Salt (Sendha Namak) 500g,0.28,40
4211,1170,Iodized Salt 1kg,1.2,25
4212,1170,Rock Salt (Sendha Namak) 500g,0.19,40
4213,1171,Rock Salt (Sendha Namak) 500g,0.36,40
4214,1172,Sona Masoori Rice 5kg,1.86,350
4215,1172,Basmati Rice 5kg,3.16,645.12
4216,1172,Wheat Flour (Atta) 5kg,2.72,250
4217,1172,Toor Dal 1kg,2.69,140
4218,1173,Sona Masoori Rice 5kg,1.98,350
4219,1173,Basmati Rice 5kg,2.81,607.39
4220,1173,Wheat Flour (Atta) 5kg,2.42,250
4221,1173,Toor Dal 1kg,2.12,140
4222,1174,Sona Masoori Rice 5kg,2.21,350
4223,1174,Basmati Rice 5kg,1.51,550
4224,1174,Wheat Flour (Atta) 5kg,2.27,250
4225,1174,Toor Dal 1kg,3.47,140
4226,1175,Sona Masoori Rice 5kg,2.27,350
4227,1175,Basmati Rice 5kg,3.02,550
4228,1175,Wheat Flour (Atta) 5kg,1.67,295.5
4229,1175,Moong Dal 1kg,1.98,130
4230,1176,Sona Masoori Rice 5kg,3.35,350
4231,1176,Wheat Flour (Atta) 5kg,2.38,250
4232,1176,Moong Dal 1kg,3.05,130
4233,1176,Rajma (Kidney Beans) 1kg,2.81,160
4234,1177,Sona Masoori Rice 5kg,3.27,350
4235,1177,Moong Dal 1kg,2.27,130
4236,1177,Turmeric Powder 200g,1.1,60
4237,1177,Garam Masala 100g,0.99,80
4238,1178,Turmeric Powder 200g,0.95,60
4239,1178,Garam Masala 100g,0.97,80
4240,1178,Biryani Masala 100g,1.65,100
4241,1178,Almonds (Badam) 500g,0.26,450
4242,1179,Turmeric Powder 200g,1.39,60
4243,1179,Garam Masala 100g,0.49,80
4244,1179,Biryani Masala 100g,1.24,100
4245,1179,Almonds (Badam) 500g,0.44,450
4246,1180,Turmeric Powder 200g,1.27,60
4247,1180,Almonds (Badam) 500g,0.41,450
4248,1180,Cashew Nuts (Kaju) 500g,0.32,550
4249,1180,Peanuts (Groundnut) 500g,4.87,90
4250,1181,Almonds (Badam) 500g,0.42,450
4251,1181,Cashew Nuts (Kaju) 500g,0.3,550
4252,1181,Sunflower Oil 1L,5.86,180
4253,1181,Groundnut Oil 1L,1.93,220
4254,1182,Almonds (Badam) 500g,0.27,450
4255,1182,Cashew Nuts (Kaju) 500g,0.25,550
4256,1182,Sunflower Oil 1L,3.79,180
4257,1182,Groundnut Oil 1L,1.1,220
4258,1183,Almonds (Badam) 500g,0.28,450
4259,1183,Cashew Nuts (Kaju) 500g,0.4,550
4260,1183,Groundnut Oil 1L,2.37,220
4261,1183,Mustard Oil 1L,0.81,200
4262,1184,Cashew Nuts (Kaju) 500g,0.49,550
4263,1184,Mustard Oil 1L,1.68,227.47
4264,1184,Pure Ghee 1L,2.83,600
4265,1184,Sugar 1kg,4.12,45
4266,1185,Cashew Nuts (Kaju) 500g,0.47,550
4267,1185,Mustard Oil 1L,1.42,200
4268,1185,Sugar 1kg,5.06,45
4269,1185,Jaggery (Bella/Gud) 1kg,0.85,70
4270,1186,Mustard Oil 1L,1.01,200
4271,1186,Jaggery (Bella/Gud) 1kg,0.54,70
4272,1186,Iodized Salt 1kg,2.36,25
4273,1186,Rock Salt (Sendha Namak) 500g,0.37,40
4274,1187,Jaggery (Bella/Gud) 1kg,0.62,77.81
4275,1187,Iodized Salt 1kg,1.86,25
4276,1187,Rock Salt (Sendha Namak) 500g,0.5,40
4277,1188,Jaggery (Bella/Gud) 1kg,0.43,70
4278,1188,Iodized Salt 1kg,2.58,27.76
4279,1188,Rock Salt (Sendha Namak) 500g,0.68,40
4280,1189,Jaggery (Bella/Gud) 1kg,0.59,70
4281,1189,Iodized Salt 1kg,1.64,25
4282,1189,Rock Salt (Sendha Namak) 500g,0.52,40
4283,1190,Jaggery (Bella/Gud) 1kg,1.24,70
4284,1190,Rock Salt (Sendha Namak) 500g,0.5,40
4285,1191,Rock Salt (Sendha Namak) 500g,0.63,40
4286,1192,Sona Masoori Rice 5kg,3.1,350
4287,1192,Basmati Rice 5kg,2.09,550
4288,1192,Wheat Flour (Atta) 5kg,2.03,250
4289,1192,Toor Dal 1kg,1.53,140
4290,1193,Sona Masoori Rice 5kg,3.03,350
4291,1193,Basmati Rice 5kg,1.93,550
4292,1193,Wheat Flour (Atta) 5kg,2.77,250
4293,1193,Toor Dal 1kg,1.95,140
4294,1194,Sona Masoori Rice 5kg,1.41,350
4295,1194,Basmati Rice 5kg,1.18,550
4296,1194,Wheat Flour (Atta) 5kg,2.7,250
4297,1194,Toor Dal 1kg,0.97,140
4298,1195,Sona Masoori Rice 5kg,2.25,350
4299,1195,Basmati Rice 5kg,1.74,550
4300,1195,Wheat Flour (Atta) 5kg,1.69,250
4301,1195,Toor Dal 1kg,2.22,140
4302,1196,Sona Masoori Rice 5kg,1.3,350
4303,1196,Basmati Rice 5kg,1.98,550
4304,1196,Wheat Flour (Atta) 5kg,2.66,250
4305,1196,Toor Dal 1kg,1.29,140
4306,1197,Sona Masoori Rice 5kg,3.66,350
4307,1197,Basmati Rice 5kg,1.59,550
4308,1197,Moong Dal 1kg,2.46,130
4309,1197,Rajma (Kidney Beans) 1kg,0.48,160
4310,1198,Moong Dal 1kg,1.19,130
4311,1198,Rajma (Kidney Beans) 1kg,0.73,160
4312,1198,Turmeric Powder 200g,1.84,60
4313,1198,Garam Masala 100g,0.54,80
4314,1199,Moong Dal 1kg,2.85,130
4315,1199,Rajma (Kidney Beans) 1kg,1.11,178.59
4316,1199,Turmeric Powder 200g,2.41,60
4317,1199,Garam Masala 100g,0.93,80
4318,1200,Moong Dal 1kg,1.07,130
4319,1200,Rajma (Kidney Beans) 1kg,0.9,160
4320,1200,Turmeric Powder 200g,1.01,60
4321,1200,Garam Masala 100g,0.72,80
4322,1201,Garam Masala 100g,0.52,80
4323,1201,Biryani Masala 100g,1.0,100
4324,1201,Almonds (Badam) 500g,0.6,450
4325,1201,Cashew Nuts (Kaju) 500g,0.36,550
4326,1202,Biryani Masala 100g,0.94,100
4327,1202,Almonds (Badam) 500g,0.7,450
4328,1202,Cashew Nuts (Kaju) 500g,0.37,550
4329,1202,Peanuts (Groundnut) 500g,2.73,90
4330,1203,Biryani Masala 100g,1.02,100
4331,1203,Almonds (Badam) 500g,0.43,450
4332,1203,Cashew Nuts (Kaju) 500g,0.47,550
4333,1203,Peanuts (Groundnut) 500g,1.86,90
4334,1204,Almonds (Badam) 500g,0.34,450
4335,1204,Cashew Nuts (Kaju) 500g,0.46,550
4336,1204,Sunflower Oil 1L,2.67,180
4337,1204,Groundnut Oil 1L,1.26,220
4338,1205,Cashew Nuts (Kaju) 500g,0.33,550
4339,1205,Sunflower Oil 1L,2.84,180
4340,1205,Groundnut Oil 1L,1.18,220
4341,1205,Mustard Oil 1L,1.24,200
4342,1206,Sunflower Oil 1L,2.79,180
4343,1206,Groundnut Oil 1L,1.43,220
4344,1206,Mustard Oil 1L,1.95,200
4345,1206,Pure Ghee 1L,3.21,600
4346,1207,Sunflower Oil 1L,2.32,180
4347,1207,Groundnut Oil 1L,1.52,220
4348,1207,Mustard Oil 1L,2.56,200
4349,1207,Sugar 1kg,3.74,45
4350,1208,Groundnut Oil 1L,0.85,220
4351,1208,Sugar 1kg,3.54,45
4352,1208,Jaggery (Bella/Gud) 1kg,1.93,70
4353,1208,Iodized Salt 1kg,7.95,25
4354,1209,Sugar 1kg,1.81,45
4355,1209,Jaggery (Bella/Gud) 1kg,2.23,70
4356,1210,Sona Masoori Rice 5kg,5.07,350
4357,1210,Basmati Rice 5kg,1.53,550
4358,1210,Wheat Flour (Atta) 5kg,10.98,250
4359,1210,Toor Dal 1kg,4.69,140
4360,1211,Sona Masoori Rice 5kg,5.94,350
4361,1211,Basmati Rice 5kg,1.4,550
4362,1211,Toor Dal 1kg,1.69,140
4363,1211,Moong Dal 1kg,1.89,130
4364,1212,Sona Masoori Rice 5kg,5.29,350
4365,1212,Basmati Rice 5kg,2.73,550
4366,1212,Toor Dal 1kg,1.87,140
4367,1212,Moong Dal 1kg,3.16,130
4368,1213,Basmati Rice 5kg,3.22,550
4369,1213,Moong Dal 1kg,1.6,130
4370,1213,Rajma (Kidney Beans) 1kg,0.8,160
4371,1213,Turmeric Powder 200g,1.26,60
4372,1214,Basmati Rice 5kg,1.49,550
4373,1214,Rajma (Kidney Beans) 1kg,0.51,160
4374,1214,Turmeric Powder 200g,1.13,60
4375,1214,Garam Masala 100g,0.75,80
4376,1215,Rajma (Kidney Beans) 1kg,0.79,160
4377,1215,Turmeric Powder 200g,0.98,60
4378,1215,Garam Masala 100g,0.45,92.23
4379,1215,Biryani Masala 100g,0.63,100
4380,1216,Rajma (Kidney Beans) 1kg,0.54,160
4381,1216,Turmeric Powder 200g,0.76,60
4382,1216,Garam Masala 100g,0.48,80
4383,1216,Biryani Masala 100g,0.55,100
4384,1217,Turmeric Powder 200g,1.23,60
4385,1217,Garam Masala 100g,0.77,80
4386,1217,Biryani Masala 100g,0.36,100
4387,1217,Almonds (Badam) 500g,0.7,450
4388,1218,Garam Masala 100g,0.38,80
4389,1218,Biryani Masala 100g,0.73,100
4390,1218,Almonds (Badam) 500g,0.61,450
4391,1218,Cashew Nuts (Kaju) 500g,1.16,550
4392,1219,Garam Masala 100g,0.51,80
4393,1219,Biryani Masala 100g,0.51,100
4394,1219,Almonds (Badam) 500g,0.28,450
4395,1219,Cashew Nuts (Kaju) 500g,1.23,550
4396,1220,Almonds (Badam) 500g,0.32,450
4397,1220,Peanuts (Groundnut) 500g,2.04,90
4398,1220,Sunflower Oil 1L,2.77,180
4399,1220,Groundnut Oil 1L,0.81,220
4400,1221,Peanuts (Groundnut) 500g,3.32,90
4401,1221,Sunflower Oil 1L,3.27,180
4402,1221,Groundnut Oil 1L,2.04,220
4403,1221,Mustard Oil 1L,2.16,200
4404,1222,Sunflower Oil 1L,2.61,180
4405,1222,Groundnut Oil 1L,2.12,220
4406,1222,Mustard Oil 1L,1.14,200
4407,1222,Pure Ghee 1L,1.18,600
4408,1223,Sunflower Oil 1L,2.03,180
4409,1223,Groundnut Oil 1L,0.86,220
4410,1223,Mustard Oil 1L,1.49,200
4411,1223,Pure Ghee 1L,1.12,600
4412,1224,Pure Ghee 1L,0.6,600
4413,1224,Sugar 1kg,1.51,45
4414,1224,Jaggery (Bella/Gud) 1kg,1.34,70
4415,1224,Iodized Salt 1kg,1.9,25
4416,1225,Sugar 1kg,2.77,45
4417,1225,Jaggery (Bella/Gud) 1kg,1.18,70
4418,1225,Iodized Salt 1kg,2.02,25
4419,1225,Rock Salt (Sendha Namak) 500g,0.17,40
4420,1226,Sugar 1kg,2.43,45
4421,1226,Jaggery (Bella/Gud) 1kg,0.73,70
4422,1226,Iodized Salt 1kg,2.65,25
4423,1226,Rock Salt (Sendha Namak) 500g,0.14,40
4424,1227,Sugar 1kg,2.52,45
4425,1227,Jaggery (Bella/Gud) 1kg,0.46,70
4426,1227,Iodized Salt 1kg,2.16,25
4427,1227,Rock Salt (Sendha Namak) 500g,0.17,40
4428,1228,Rock Salt (Sendha Namak) 500g,0.13,40
4429,1229,Rock Salt (Sendha Namak) 500g,0.22,40
4430,1230,Sona Masoori Rice 5kg,5.94,350
4431,1230,Basmati Rice 5kg,9.69,550
4432,1230,Wheat Flour (Atta) 5kg,5.15,250
4433,1230,Toor Dal 1kg,4.41,140
4434,1231,Sona Masoori Rice 5kg,8.75,350
4435,1231,Wheat Flour (Atta) 5kg,2.66,250
4436,1231,Toor Dal 1kg,3.1,140
4437,1231,Moong Dal 1kg,4.2,130
4438,1232,Wheat Flour (Atta) 5kg,4.15,250
4439,1232,Moong Dal 1kg,2.29,130
4440,1232,Rajma (Kidney Beans) 1kg,0.43,160
4441,1232,Turmeric Powder 200g,1.31,60
4442,1233,Rajma (Kidney Beans) 1kg,0.71,160
4443,1233,Turmeric Powder 200g,1.56,60
4444,1233,Garam Masala 100g,2.5,80
4445,1233,Biryani Masala 100g,1.04,100
4446,1234,Rajma (Kidney Beans) 1kg,0.66,160
4447,1234,Turmeric Powder 200g,0.72,60
4448,1234,Garam Masala 100g,1.5,80
4449,1234,Biryani Masala 100g,1.43,100
4450,1235,Rajma (Kidney Beans) 1kg,0.51,160
4451,1235,Turmeric Powder 200g,1.01,60
4452,1235,Biryani Masala 100g,0.61,100
4453,1235,Almonds (Badam) 500g,0.37,450
4454,1236,Rajma (Kidney Beans) 1kg,0.62,160
4455,1236,Almonds (Badam) 500g,0.37,450
4456,1236,Cashew Nuts (Kaju) 500g,0.9,550
4457,1236,Peanuts (Groundnut) 500g,0.92,90
4458,1237,Almonds (Badam) 500g,0.39,450
4459,1237,Cashew Nuts (Kaju) 500g,0.71,550
4460,1237,Peanuts (Groundnut) 500g,0.52,90
4461,1237,Sunflower Oil 1L,9.38,198.6
4462,1238,Almonds (Badam) 500g,0.27,450
4463,1238,Cashew Nuts (Kaju) 500g,0.76,550
4464,1238,Peanuts (Groundnut) 500g,1.04,90
4465,1238,Groundnut Oil 1L,1.16,220
4466,1239,Almonds (Badam) 500g,0.22,450
4467,1239,Peanuts (Groundnut) 500g,0.58,75.87
4468,1239,Groundnut Oil 1L,1.19,220
4469,1239,Mustard Oil 1L,0.84,200
4470,1240,Almonds (Badam) 500g,0.26,450
4471,1240,Peanuts (Groundnut) 500g,0.92,90
4472,1240,Groundnut Oil 1L,1.25,220
4473,1240,Mustard Oil 1L,1.82,200
4474,1241,Peanuts (Groundnut) 500g,0.94,90
4475,1241,Groundnut Oil 1L,0.68,220
4476,1241,Mustard Oil 1L,1.82,200
4477,1241,Pure Ghee 1L,0.58,600
4478,1242,Groundnut Oil 1L,0.96,220
4479,1242,Mustard Oil 1L,1.18,200
4480,1242,Pure Ghee 1L,0.59,600
4481,1242,Sugar 1kg,9.93,45
4482,1243,Groundnut Oil 1L,0.64,220
4483,1243,Pure Ghee 1L,0.6,600
4484,1243,Jaggery (Bella/Gud) 1kg,0.44,70
4485,1243,Iodized Salt 1kg,2.47,25
4486,1244,Pure Ghee 1L,0.42,600
4487,1244,Jaggery (Bella/Gud) 1kg,1.17,70
4488,1244,Iodized Salt 1kg,2.73,25
4489,1244,Rock Salt (Sendha Namak) 500g,0.27,40
4490,1245,Pure Ghee 1L,0.35,600
4491,1245,Jaggery (Bella/Gud) 1kg,0.81,70
4492,1245,Iodized Salt 1kg,2.89,25
4493,1245,Rock Salt (Sendha Namak) 500g,0.76,40
4494,1246,Pure Ghee 1L,0.32,600
4495,1246,Jaggery (Bella/Gud) 1kg,0.66,70
4496,1246,Rock Salt (Sendha Namak) 500g,0.33,40
4497,1247,Jaggery (Bella/Gud) 1kg,1.22,70
4498,1247,Rock Salt (Sendha Namak) 500g,0.51,40
4499,1248,Rock Salt (Sendha Namak) 500g,0.77,40
4500,1249,Sona Masoori Rice 5kg,3.23,350
4501,1249,Basmati Rice 5kg,1.81,474.62
4502,1249,Wheat Flour (Atta) 5kg,4.73,250
4503,1249,Toor Dal 1kg,1.35,140
4504,1250,Sona Masoori Rice 5kg,3.27,350
4505,1250,Basmati Rice 5kg,1.88,550
4506,1250,Wheat Flour (Atta) 5kg,4.36,250
4507,1250,Toor Dal 1kg,1.36,140
4508,1251,Sona Masoori Rice 5kg,2.8,350
4509,1251,Basmati Rice 5kg,2.4,550
4510,1251,Wheat Flour (Atta) 5kg,3.62,250
4511,1251,Toor Dal 1kg,0.7,155.23
4512,1252,Sona Masoori Rice 5kg,3.11,350
4513,1252,Basmati Rice 5kg,2.78,550
4514,1252,Toor Dal 1kg,1.36,140
4515,1252,Moong Dal 1kg,2.05,130
4516,1253,Sona Masoori Rice 5kg,1.9,350
4517,1253,Basmati Rice 5kg,1.84,550
4518,1253,Toor Dal 1kg,1.32,140
4519,1253,Moong Dal 1kg,1.33,130
4520,1254,Toor Dal 1kg,1.18,140
4521,1254,Moong Dal 1kg,2.05,144.52
4522,1254,Rajma (Kidney Beans) 1kg,1.13,160
4523,1254,Turmeric Powder 200g,2.05,60
4524,1255,Moong Dal 1kg,1.04,130
4525,1255,Rajma (Kidney Beans) 1kg,1.51,160
4526,1255,Turmeric Powder 200g,1.93,60
4527,1255,Garam Masala 100g,0.4,80
4528,1256,Turmeric Powder 200g,1.46,60
4529,1256,Garam Masala 100g,0.38,80
4530,1256,Biryani Masala 100g,2.76,100
4531,1256,Almonds (Badam) 500g,0.64,450
4532,1257,Garam Masala 100g,0.17,80
4533,1257,Almonds (Badam) 500g,0.7,450
4534,1257,Cashew Nuts (Kaju) 500g,0.42,550
4535,1257,Peanuts (Groundnut) 500g,0.83,90
4536,1258,Garam Masala 100g,0.36,80
4537,1258,Almonds (Badam) 500g,0.62,450
4538,1258,Cashew Nuts (Kaju) 500g,0.46,550
4539,1258,Peanuts (Groundnut) 500g,1.05,90
4540,1259,Garam Masala 100g,0.39,80
4541,1259,Cashew Nuts (Kaju) 500g,0.28,550
4542,1259,Peanuts (Groundnut) 500g,0.72,90
4543,1259,Sunflower Oil 1L,2.84,180
4544,1260,Garam Masala 100g,0.25,80
4545,1260,Cashew Nuts (Kaju) 500g,0.33,550
4546,1260,Peanuts (Groundnut) 500g,0.52,90
4547,1260,Sunflower Oil 1L,2.83,180
4548,1261,Cashew Nuts (Kaju) 500g,0.47,550
4549,1261,Peanuts (Groundnut) 500g,0.68,90
4550,1261,Sunflower Oil 1L,1.27,180
4551,1261,Groundnut Oil 1L,1.41,220
4552,1262,Cashew Nuts (Kaju) 500g,0.37,550
4553,1262,Peanuts (Groundnut) 500g,1.03,90
4554,1262,Sunflower Oil 1L,2.55,180
4555,1262,Groundnut Oil 1L,1.09,220
4556,1263,Sunflower Oil 1L,1.19,180
4557,1263,Groundnut Oil 1L,0.53,220
4558,1263,Mustard Oil 1L,1.96,200
4559,1263,Pure Ghee 1L,1.19,600
4560,1264,Groundnut Oil 1L,0.92,220
4561,1264,Mustard Oil 1L,1.27,200
4562,1264,Pure Ghee 1L,1.53,600
4563,1264,Sugar 1kg,2.19,45
4564,1265,Groundnut Oil 1L,1.45,220
4565,1265,Mustard Oil 1L,0.91,200
4566,1265,Sugar 1kg,3.72,45
4567,1265,Jaggery (Bella/Gud) 1kg,1.37,70
4568,1266,Mustard Oil 1L,1.26,200
4569,1266,Sugar 1kg,3.24,45
4570,1266,Jaggery (Bella/Gud) 1kg,2.26,70
4571,1266,Iodized Salt 1kg,2.2,25
4572,1267,Iodized Salt 1kg,1.85,25
4573,1267,Rock Salt (Sendha Namak) 500g,0.39,40
4574,1268,Iodized Salt 1kg,1.2,21.46
4575,1268,Rock Salt (Sendha Namak) 500g,0.24,40
4576,1269,Iodized Salt 1kg,2.13,25
4577,1269,Rock Salt (Sendha Namak) 500g,0.46,45.43
4578,1270,Iodized Salt 1kg,1.19,25
4579,1270,Rock Salt (Sendha Namak) 500g,0.47,46.79
4580,1271,Rock Salt (Sendha Namak) 500g,0.18,40
4581,1272,Rock Salt (Sendha Namak) 500g,0.43,40
4582,1273,Sona Masoori Rice 5kg,2.5,350
4583,1273,Basmati Rice 5kg,1.13,550
4584,1273,Wheat Flour (Atta) 5kg,11.74,250
4585,1273,Toor Dal 1kg,8.15,140
4586,1274,Sona Masoori Rice 5kg,2.35,350
4587,1274,Basmati Rice 5kg,2.11,550
4588,1274,Moong Dal 1kg,3.55,130
4589,1274,Rajma (Kidney Beans) 1kg,1.82,135.05
4590,1275,Sona Masoori Rice 5kg,3.05,350
4591,1275,Basmati Rice 5kg,1.15,550
4592,1275,Moong Dal 1kg,3.51,130
4593,1275,Rajma (Kidney Beans) 1kg,1.47,160
4594,1276,Sona Masoori Rice 5kg,2.32,350
4595,1276,Basmati Rice 5kg,2.35,550
4596,1276,Turmeric Powder 200g,1.19,60
4597,1276,Biryani Masala 100g,0.66,100
4598,1277,Sona Masoori Rice 5kg,4.11,350
4599,1277,Basmati Rice 5kg,2.25,550
4600,1277,Turmeric Powder 200g,1.07,60
4601,1277,Biryani Masala 100g,0.5,119.57
4602,1278,Sona Masoori Rice 5kg,2.04,350
4603,1278,Basmati Rice 5kg,2.17,550
4604,1278,Turmeric Powder 200g,0.66,60
4605,1278,Biryani Masala 100g,0.51,100
4606,1279,Turmeric Powder 200g,0.56,60
4607,1279,Biryani Masala 100g,0.7,100
4608,1279,Almonds (Badam) 500g,0.46,450
4609,1279,Cashew Nuts (Kaju) 500g,0.22,550
4610,1280,Turmeric Powder 200g,1.12,60
4611,1280,Biryani Masala 100g,0.48,100
4612,1280,Almonds (Badam) 500g,1.11,450
4613,1280,Cashew Nuts (Kaju) 500g,0.29,550
4614,1281,Almonds (Badam) 500g,0.47,450
4615,1281,Cashew Nuts (Kaju) 500g,0.28,550
4616,1281,Peanuts (Groundnut) 500g,0.74,90
4617,1281,Sunflower Oil 1L,1.75,180
4618,1282,Cashew Nuts (Kaju) 500g,0.38,550
4619,1282,Peanuts (Groundnut) 500g,1.02,90
4620,1282,Sunflower Oil 1L,1.46,180
4621,1282,Groundnut Oil 1L,1.87,220
4622,1283,Cashew Nuts (Kaju) 500g,0.24,550
4623,1283,Peanuts (Groundnut) 500g,1.28,90
4624,1283,Sunflower Oil 1L,2.19,180
4625,1283,Groundnut Oil 1L,1.16,220
4626,1284,Cashew Nuts (Kaju) 500g,0.56,440.89
4627,1284,Peanuts (Groundnut) 500g,0.6,90
4628,1284,Sunflower Oil 1L,2.02,180
4629,1284,Groundnut Oil 1L,2.11,220
4630,1285,Peanuts (Groundnut) 500g,0.66,90
4631,1285,Sunflower Oil 1L,2.98,180
4632,1285,Groundnut Oil 1L,0.85,220
4633,1285,Mustard Oil 1L,1.51,200
4634,1286,Peanuts (Groundnut) 500g,0.99,107.34
4635,1286,Mustard Oil 1L,1.0,200
4636,1286,Pure Ghee 1L,2.73,600
4637,1286,Sugar 1kg,2.21,45
4638,1287,Mustard Oil 1L,0.7,200
4639,1287,Sugar 1kg,3.81,45
4640,1287,Jaggery (Bella/Gud) 1kg,1.18,70
4641,1287,Iodized Salt 1kg,4.99,25
4642,1288,Mustard Oil 1L,1.56,200
4643,1288,Sugar 1kg,4.9,45
4644,1288,Jaggery (Bella/Gud) 1kg,0.73,70
4645,1288,Iodized Salt 1kg,4.23,25
4646,1289,Jaggery (Bella/Gud) 1kg,0.82,70
4647,1290,Jaggery (Bella/Gud) 1kg,1.28,59.89
4648,1291,Sona Masoori Rice 5kg,3.07,350
4649,1291,Basmati Rice 5kg,1.41,550
4650,1291,Wheat Flour (Atta) 5kg,3.13,250
4651,1291,Toor Dal 1kg,2.11,140
4652,1292,Sona Masoori Rice 5kg,1.89,350
4653,1292,Basmati Rice 5kg,2.09,550
4654,1292,Wheat Flour (Atta) 5kg,4.1,250
4655,1292,Toor Dal 1kg,2.45,140
4656,1293,Sona Masoori Rice 5kg,2.62,350
4657,1293,Basmati Rice 5kg,2.67,550
4658,1293,Wheat Flour (Atta) 5kg,5.93,250
4659,1293,Toor Dal 1kg,3.16,140
4660,1294,Sona Masoori Rice 5kg,2.76,350
4661,1294,Basmati Rice 5kg,1.74,487.81
4662,1294,Moong Dal 1kg,0.87,130
4663,1294,Rajma (Kidney Beans) 1kg,0.33,160
4664,1295,Sona Masoori Rice 5kg,1.44,350
4665,1295,Basmati Rice 5kg,2.08,550
4666,1295,Moong Dal 1kg,1.54,130
4667,1295,Rajma (Kidney Beans) 1kg,0.69,160
4668,1296,Sona Masoori Rice 5kg,3.33,350
4669,1296,Basmati Rice 5kg,1.3,550
4670,1296,Moong Dal 1kg,0.65,130
4671,1296,Rajma (Kidney Beans) 1kg,0.4,160
4672,1297,Moong Dal 1kg,1.78,130
4673,1297,Rajma (Kidney Beans) 1kg,0.31,160
4674,1297,Turmeric Powder 200g,0.7,60
4675,1297,Biryani Masala 100g,1.74,100
4676,1298,Moong Dal 1kg,1.26,130
4677,1298,Rajma (Kidney Beans) 1kg,0.67,160
4678,1298,Turmeric Powder 200g,1.21,60
4679,1298,Biryani Masala 100g,1.52,100
4680,1299,Moong Dal 1kg,1.49,130
4681,1299,Rajma (Kidney Beans) 1kg,0.47,160
4682,1299,Turmeric Powder 200g,1.93,60
4683,1299,Almonds (Badam) 500g,0.36,450
4684,1300,Turmeric Powder 200g,1.51,60
4685,1300,Almonds (Badam) 500g,0.67,450
4686,1300,Cashew Nuts (Kaju) 500g,0.69,550
4687,1300,Peanuts (Groundnut) 500g,2.13,90
4688,1301,Almonds (Badam) 500g,0.56,450
4689,1301,Cashew Nuts (Kaju) 500g,0.31,550
4690,1301,Peanuts (Groundnut) 500g,2.95,90
4691,1301,Sunflower Oil 1L,2.42,180
4692,1302,Almonds (Badam) 500g,0.59,450
4693,1302,Cashew Nuts (Kaju) 500g,0.27,550
4694,1302,Sunflower Oil 1L,1.28,180
4695,1302,Groundnut Oil 1L,0.98,220
4696,1303,Cashew Nuts (Kaju) 500g,0.68,550
4697,1303,Sunflower Oil 1L,1.46,180
4698,1303,Groundnut Oil 1L,0.58,220
4699,1303,Mustard Oil 1L,5.41,200
4700,1304,Cashew Nuts (Kaju) 500g,0.28,550
4701,1304,Sunflower Oil 1L,2.02,180
4702,1304,Groundnut Oil 1L,1.01,220
4703,1304,Pure Ghee 1L,0.55,600
4704,1305,Sunflower Oil 1L,3.67,180
4705,1305,Groundnut Oil 1L,1.0,220
4706,1305,Pure Ghee 1L,0.45,600
4707,1305,Sugar 1kg,4.61,45
4708,1306,Groundnut Oil 1L,1.68,220
4709,1306,Pure Ghee 1L,0.29,600
4710,1306,Sugar 1kg,5.13,45
4711,1306,Jaggery (Bella/Gud) 1kg,0.89,70
4712,1307,Pure Ghee 1L,0.55,600
4713,1307,Jaggery (Bella/Gud) 1kg,1.09,70
4714,1307,Iodized Salt 1kg,1.67,25
4715,1307,Rock Salt (Sendha Namak) 500g,2.06,40
4716,1308,Pure Ghee 1L,0.66,600
4717,1308,Jaggery (Bella/Gud) 1kg,1.0,70
4718,1308,Iodized Salt 1kg,1.44,25
4719,1309,Pure Ghee 1L,0.5,600
4720,1309,Jaggery (Bella/Gud) 1kg,0.79,70
4721,1309,Iodized Salt 1kg,1.34,25
4722,1310,Iodized Salt 1kg,1.46,25
4723,1311,Iodized Salt 1kg,1.21,25
4724,1312,Iodized Salt 1kg,0.87,25
4725,1313,Sona Masoori Rice 5kg,1.68,350
4726,1313,Basmati Rice 5kg,2.68,550
4727,1313,Wheat Flour (Atta) 5kg,7.93,294.19
4728,1313,Toor Dal 1kg,8.22,140
4729,1314,Sona Masoori Rice 5kg,2.13,304.16
4730,1314,Basmati Rice 5kg,2.21,550
4731,1314,Wheat Flour (Atta) 5kg,4.87,250
4732,1314,Moong Dal 1kg,1.05,130
4733,1315,Sona Masoori Rice 5kg,2.8,350
4734,1315,Basmati Rice 5kg,2.08,550
4735,1315,Moong Dal 1kg,0.95,130
4736,1315,Rajma (Kidney Beans) 1kg,0.62,160
4737,1316,Sona Masoori Rice 5kg,2.63,350
4738,1316,Basmati Rice 5kg,1.81,480.05
4739,1316,Moong Dal 1kg,1.13,147.88
4740,1316,Rajma (Kidney Beans) 1kg,0.73,160
4741,1317,Sona Masoori Rice 5kg,1.62,350
4742,1317,Basmati Rice 5kg,1.48,550
4743,1317,Moong Dal 1kg,0.6,130
4744,1317,Rajma (Kidney Beans) 1kg,0.78,160
4745,1318,Sona Masoori Rice 5kg,3.76,350
4746,1318,Basmati Rice 5kg,1.49,550
4747,1318,Moong Dal 1kg,1.19,130
4748,1318,Rajma (Kidney Beans) 1kg,0.5,160
4749,1319,Moong Dal 1kg,1.4,130
4750,1319,Rajma (Kidney Beans) 1kg,0.65,160
4751,1319,Turmeric Powder 200g,0.97,60
4752,1319,Garam Masala 100g,0.4,80
4753,1320,Turmeric Powder 200g,0.64,66.76
4754,1320,Garam Masala 100g,0.22,80
4755,1320,Biryani Masala 100g,1.15,100
4756,1320,Almonds (Badam) 500g,0.49,450
4757,1321,Turmeric Powder 200g,0.71,60
4758,1321,Garam Masala 100g,0.44,80
4759,1321,Biryani Masala 100g,0.97,100
4760,1321,Almonds (Badam) 500g,0.22,450
4761,1322,Turmeric Powder 200g,1.36,60
4762,1322,Garam Masala 100g,0.22,80
4763,1322,Biryani Masala 100g,1.09,100
4764,1322,Almonds (Badam) 500g,0.25,450
4765,1323,Turmeric Powder 200g,1.33,60
4766,1323,Garam Masala 100g,0.22,80
4767,1323,Almonds (Badam) 500g,0.4,450
4768,1323,Cashew Nuts (Kaju) 500g,0.63,550
4769,1324,Almonds (Badam) 500g,0.46,450
4770,1324,Cashew Nuts (Kaju) 500g,0.74,550
4771,1324,Peanuts (Groundnut) 500g,1.14,90
4772,1324,Sunflower Oil 1L,1.8,180
4773,1325,Almonds (Badam) 500g,0.31,450
4774,1325,Cashew Nuts (Kaju) 500g,0.66,550
4775,1325,Peanuts (Groundnut) 500g,0.73,90
4776,1325,Sunflower Oil 1L,1.97,180
4777,1326,Peanuts (Groundnut) 500g,0.5,90
4778,1326,Sunflower Oil 1L,1.73,180
4779,1326,Groundnut Oil 1L,1.49,220
4780,1326,Mustard Oil 1L,5.22,200
4781,1327,Peanuts (Groundnut) 500g,0.65,90
4782,1327,Sunflower Oil 1L,1.38,180
4783,1327,Groundnut Oil 1L,1.23,220
4784,1327,Pure Ghee 1L,2.76,600
4785,1328,Peanuts (Groundnut) 500g,0.8,90
4786,1328,Sunflower Oil 1L,1.73,180
4787,1328,Groundnut Oil 1L,0.77,220
4788,1328,Sugar 1kg,2.13,45
4789,1329,Peanuts (Groundnut) 500g,1.19,90
4790,1329,Sunflower Oil 1L,1.55,180
4791,1329,Groundnut Oil 1L,1.77,220
4792,1329,Sugar 1kg,3.25,45
4793,1330,Sugar 1kg,1.39,45
4794,1330,Jaggery (Bella/Gud) 1kg,0.64,70
4795,1330,Iodized Salt 1kg,7.93,25
4796,1331,Sugar 1kg,2.85,45
4797,1331,Jaggery (Bella/Gud) 1kg,0.83,70
4798,1332,Jaggery (Bella/Gud) 1kg,0.97,70
4799,1333,Jaggery (Bella/Gud) 1kg,0.95,70
4800,1334,Jaggery (Bella/Gud) 1kg,0.5,70
4801,1335,Jaggery (Bella/Gud) 1kg,0.48,70
4802,1336,Sona Masoori Rice 5kg,1.61,350
4803,1336,Basmati Rice 5kg,4.53,550
4804,1336,Wheat Flour (Atta) 5kg,2.03,250
4805,1336,Toor Dal 1kg,8.24,140
4806,1337,Sona Masoori Rice 5kg,2.51,350
4807,1337,Basmati Rice 5kg,3.65,550
4808,1337,Wheat Flour (Atta) 5kg,4.76,250
4809,1337,Moong Dal 1kg,1.86,130
4810,1338,Sona Masoori Rice 5kg,3.69,350
4811,1338,Basmati Rice 5kg,3.63,550
4812,1338,Wheat Flour (Atta) 5kg,4.23,250
4813,1338,Moong Dal 1kg,1.29,130
4814,1339,Sona Masoori Rice 5kg,4.57,350
4815,1339,Moong Dal 1kg,1.04,130
4816,1339,Rajma (Kidney Beans) 1kg,0.74,179.58
4817,1339,Turmeric Powder 200g,2.04,60
4818,1340,Sona Masoori Rice 5kg,2.73,350
4819,1340,Moong Dal 1kg,2.19,130
4820,1340,Rajma (Kidney Beans) 1kg,0.59,160
4821,1340,Turmeric Powder 200g,1.73,60
4822,1341,Rajma (Kidney Beans) 1kg,0.77,160
4823,1341,Turmeric Powder 200g,1.57,60
4824,1341,Garam Masala 100g,0.93,80
4825,1341,Biryani Masala 100g,0.76,100
4826,1342,Rajma (Kidney Beans) 1kg,0.86,160
4827,1342,Garam Masala 100g,1.09,80
4828,1342,Biryani Masala 100g,0.46,100
4829,1342,Almonds (Badam) 500g,0.96,450
4830,1343,Biryani Masala 100g,0.9,100
4831,1343,Almonds (Badam) 500g,0.55,450
4832,1343,Cashew Nuts (Kaju) 500g,1.99,550
4833,1343,Peanuts (Groundnut) 500g,1.65,90
4834,1344,Biryani Masala 100g,0.69,100
4835,1344,Almonds (Badam) 500g,0.46,450
4836,1344,Peanuts (Groundnut) 500g,1.4,90
4837,1344,Sunflower Oil 1L,9.18,180
4838,1345,Peanuts (Groundnut) 500g,1.86,90
4839,1345,Groundnut Oil 1L,1.13,220
4840,1345,Mustard Oil 1L,1.72,200
4841,1345,Pure Ghee 1L,1.49,600
4842,1346,Groundnut Oil 1L,0.76,220
4843,1346,Mustard Oil 1L,1.51,200
4844,1346,Pure Ghee 1L,1.39,600
4845,1346,Sugar 1kg,7.21,45
4846,1347,Groundnut Oil 1L,1.53,220
4847,1347,Mustard Oil 1L,1.67,200
4848,1347,Sugar 1kg,3.52,45
4849,1347,Jaggery (Bella/Gud) 1kg,0.55,70
4850,1348,Groundnut Oil 1L,1.45,220
4851,1348,Jaggery (Bella/Gud) 1kg,0.59,70
4852,1348,Iodized Salt 1kg,2.79,20.45
4853,1349,Groundnut Oil 1L,1.02,220
4854,1349,Jaggery (Bella/Gud) 1kg,0.53,70
4855,1349,Iodized Salt 1kg,2.39,25
4856,1350,Jaggery (Bella/Gud) 1kg,0.7,81.43
4857,1350,Iodized Salt 1kg,3.37,25
4858,1351,Jaggery (Bella/Gud) 1kg,0.66,70
4859,1352,Jaggery (Bella/Gud) 1kg,0.74,70
4860,1353,Sona Masoori Rice 5kg,14.66,350
4861,1353,Basmati Rice 5kg,4.71,550
4862,1353,Wheat Flour (Atta) 5kg,7.72,250
4863,1353,Toor Dal 1kg,1.69,140
4864,1354,Basmati Rice 5kg,3.01,550
4865,1354,Wheat Flour (Atta) 5kg,4.85,250
4866,1354,Toor Dal 1kg,1.12,140
4867,1354,Moong Dal 1kg,6.62,130
4868,1355,Basmati Rice 5kg,2.31,550
4869,1355,Toor Dal 1kg,1.62,140
4870,1355,Rajma (Kidney Beans) 1kg,0.55,160
4871,1355,Turmeric Powder 200g,4.83,60
4872,1356,Toor Dal 1kg,1.37,140
4873,1356,Rajma (Kidney Beans) 1kg,0.74,160
4874,1356,Biryani Masala 100g,0.82,100
4875,1356,Almonds (Badam) 500g,1.86,450
4876,1357,Toor Dal 1kg,2.81,140
4877,1357,Rajma (Kidney Beans) 1kg,0.57,160
4878,1357,Biryani Masala 100g,0.36,100
4879,1357,Cashew Nuts (Kaju) 500g,2.28,550
4880,1358,Rajma (Kidney Beans) 1kg,0.78,160
4881,1358,Biryani Masala 100g,0.46,100
4882,1358,Peanuts (Groundnut) 500g,2.1,90
4883,1358,Sunflower Oil 1L,2.05,180
4884,1359,Rajma (Kidney Beans) 1kg,0.34,160
4885,1359,Biryani Masala 100g,0.37,100
4886,1359,Peanuts (Groundnut) 500g,1.75,90
4887,1359,Sunflower Oil 1L,1.85,180
4888,1360,Biryani Masala 100g,0.73,100
4889,1360,Peanuts (Groundnut) 500g,0.96,90
4890,1360,Sunflower Oil 1L,1.82,180
4891,1360,Groundnut Oil 1L,1.05,220
4892,1361,Sunflower Oil 1L,2.46,180
4893,1361,Groundnut Oil 1L,1.54,220
4894,1361,Mustard Oil 1L,5.23,200
4895,1361,Pure Ghee 1L,3.0,600
4896,1362,Sunflower Oil 1L,2.61,180
4897,1362,Groundnut Oil 1L,1.33,220
4898,1362,Sugar 1kg,2.85,45
4899,1362,Jaggery (Bella/Gud) 1kg,3.93,70
4900,1363,Groundnut Oil 1L,1.81,220
4901,1363,Sugar 1kg,3.3,45
4902,1363,Iodized Salt 1kg,1.83,25
4903,1363,Rock Salt (Sendha Namak) 500g,1.72,40
4904,1364,Sugar 1kg,1.89,45
4905,1364,Iodized Salt 1kg,1.06,25
4906,1365,Sugar 1kg,2.5,45
4907,1365,Iodized Salt 1kg,1.33,25
4908,1366,Iodized Salt 1kg,2.18,25
4909,1367,Iodized Salt 1kg,2.2,25
4910,1368,Sona Masoori Rice 5kg,3.72,350
4911,1368,Basmati Rice 5kg,10.26,550
4912,1368,Wheat Flour (Atta) 5kg,1.9,250
4913,1368,Toor Dal 1kg,7.73,140
4914,1369,Sona Masoori Rice 5kg,2.69,350
4915,1369,Wheat Flour (Atta) 5kg,2.72,250
4916,1369,Moong Dal 1kg,2.16,130
4917,1369,Rajma (Kidney Beans) 1kg,0.76,160
4918,1370,Sona Masoori Rice 5kg,3.99,350
4919,1370,Wheat Flour (Atta) 5kg,2.59,250
4920,1370,Moong Dal 1kg,1.75,130
4921,1370,Rajma (Kidney Beans) 1kg,1.06,160
4922,1371,Sona Masoori Rice 5kg,3.65,350
4923,1371,Wheat Flour (Atta) 5kg,3.94,250
4924,1371,Moong Dal 1kg,2.3,130
4925,1371,Rajma (Kidney Beans) 1kg,1.02,138.6
4926,1372,Moong Dal 1kg,1.1,130
4927,1372,Rajma (Kidney Beans) 1kg,0.58,160
4928,1372,Turmeric Powder 200g,0.8,60
4929,1372,Biryani Masala 100g,0.59,100
4930,1373,Turmeric Powder 200g,1.21,60
4931,1373,Biryani Masala 100g,0.96,100
4932,1373,Almonds (Badam) 500g,0.62,388.67
4933,1373,Cashew Nuts (Kaju) 500g,2.3,550
4934,1374,Turmeric Powder 200g,1.01,60
4935,1374,Biryani Masala 100g,0.7,100
4936,1374,Almonds (Badam) 500g,1.21,450
4937,1374,Peanuts (Groundnut) 500g,0.87,90
4938,1375,Turmeric Powder 200g,1.06,60
4939,1375,Biryani Masala 100g,0.74,100
4940,1375,Peanuts (Groundnut) 500g,0.89,90
4941,1375,Sunflower Oil 1L,1.38,180
4942,1376,Turmeric Powder 200g,0.88,60
4943,1376,Peanuts (Groundnut) 500g,0.62,90
4944,1376,Sunflower Oil 1L,1.73,180
4945,1376,Groundnut Oil 1L,1.01,220
4946,1377,Peanuts (Groundnut) 500g,1.5,90
4947,1377,Sunflower Oil 1L,2.35,180
4948,1377,Groundnut Oil 1L,0.65,220
4949,1377,Mustard Oil 1L,1.11,200
4950,1378,Peanuts (Groundnut) 500g,1.27,90
4951,1378,Sunflower Oil 1L,2.14,180
4952,1378,Groundnut Oil 1L,1.17,220
4953,1378,Mustard Oil 1L,1.06,200
4954,1379,Sunflower Oil 1L,2.32,180
4955,1379,Groundnut Oil 1L,1.4,220
4956,1379,Mustard Oil 1L,1.31,200
4957,1379,Pure Ghee 1L,0.35,600
4958,1380,Groundnut Oil 1L,1.25,261.37
4959,1380,Mustard Oil 1L,0.67,200
4960,1380,Pure Ghee 1L,0.71,600
4961,1380,Sugar 1kg,9.72,45
4962,1381,Mustard Oil 1L,0.95,200
4963,1381,Pure Ghee 1L,0.57,600
4964,1381,Jaggery (Bella/Gud) 1kg,1.68,70
4965,1381,Iodized Salt 1kg,2.05,25
4966,1382,Pure Ghee 1L,0.6,600
4967,1382,Jaggery (Bella/Gud) 1kg,2.48,70
4968,1382,Iodized Salt 1kg,1.27,25
4969,1382,Rock Salt (Sendha Namak) 500g,0.43,40
4970,1383,Pure Ghee 1L,0.32,600
4971,1383,Iodized Salt 1kg,3.02,25
4972,1383,Rock Salt (Sendha Namak) 500g,0.32,40
4973,1384,Pure Ghee 1L,0.63,600
4974,1384,Iodized Salt 1kg,1.09,25
4975,1384,Rock Salt (Sendha Namak) 500g,0.35,40
4976,1385,Iodized Salt 1kg,1.4,25
4977,1385,Rock Salt (Sendha Namak) 500g,0.18,40
4978,1386,Sona Masoori Rice 5kg,5.09,350
4979,1386,Basmati Rice 5kg,1.12,550
4980,1386,Wheat Flour (Atta) 5kg,1.93,250
4981,1386,Toor Dal 1kg,8.05,113.74
4982,1387,Sona Masoori Rice 5kg,10.53,350
4983,1387,Basmati Rice 5kg,2.26,550
4984,1387,Wheat Flour (Atta) 5kg,1.69,250
4985,1387,Moong Dal 1kg,1.41,130
4986,1388,Basmati Rice 5kg,2.62,550
4987,1388,Wheat Flour (Atta) 5kg,1.64,250
4988,1388,Moong Dal 1kg,1.0,130
4989,1388,Rajma (Kidney Beans) 1kg,3.25,160
4990,1389,Basmati Rice 5kg,2.88,550
4991,1389,Wheat Flour (Atta) 5kg,2.16,250
4992,1389,Moong Dal 1kg,0.88,145.52
4993,1389,Turmeric Powder 200g,0.71,60
4994,1390,Basmati Rice 5kg,2.13,550
4995,1390,Wheat Flour (Atta) 5kg,2.1,250
4996,1390,Moong Dal 1kg,1.73,130
4997,1390,Turmeric Powder 200g,1.54,60
4998,1391,Wheat Flour (Atta) 5kg,1.31,250
4999,1391,Moong Dal 1kg,1.51,130
5000,1391,Turmeric Powder 200g,1.12,60
5001,1391,Garam Masala 100g,0.19,80
5002,1392,Turmeric Powder 200g,1.36,60
5003,1392,Garam Masala 100g,0.31,80
5004,1392,Biryani Masala 100g,1.12,100
5005,1392,Almonds (Badam) 500g,1.17,450
5006,1393,Garam Masala 100g,0.22,80
5007,1393,Biryani Masala 100g,1.69,100
5008,1393,Almonds (Badam) 500g,0.65,450
5009,1393,Cashew Nuts (Kaju) 500g,0.24,550
5010,1394,Garam Masala 100g,0.35,80
5011,1394,Cashew Nuts (Kaju) 500g,0.25,550
5012,1394,Peanuts (Groundnut) 500g,1.05,90
5013,1394,Sunflower Oil 1L,2.33,180
5014,1395,Garam Masala 100g,0.27,80
5015,1395,Cashew Nuts (Kaju) 500g,0.34,550
5016,1395,Peanuts (Groundnut) 500g,1.17,90
5017,1395,Sunflower Oil 1L,2.26,180
5018,1396,Cashew Nuts (Kaju) 500g,0.45,550
5019,1396,Peanuts (Groundnut) 500g,1.21,90
5020,1396,Sunflower Oil 1L,2.14,180
5021,1396,Groundnut Oil 1L,2.33,220
5022,1397,Cashew Nuts (Kaju) 500g,0.23,550
5023,1397,Peanuts (Groundnut) 500g,1.28,90
5024,1397,Sunflower Oil 1L,2.21,180
5025,1397,Groundnut Oil 1L,2.46,220
5026,1398,Cashew Nuts (Kaju) 500g,0.6,550
5027,1398,Sunflower Oil 1L,1.67,180
5028,1398,Groundnut Oil 1L,1.13,220
5029,1398,Mustard Oil 1L,0.98,200
5030,1399,Mustard Oil 1L,0.72,200
5031,1399,Pure Ghee 1L,1.05,600
5032,1399,Sugar 1kg,2.09,45
5033,1399,Jaggery (Bella/Gud) 1kg,1.32,70
5034,1400,Mustard Oil 1L,0.91,200
5035,1400,Pure Ghee 1L,0.7,600
5036,1400,Sugar 1kg,1.51,45
5037,1400,Jaggery (Bella/Gud) 1kg,1.63,62.3
5038,1401,Mustard Oil 1L,1.15,200
5039,1401,Pure Ghee 1L,0.51,600
5040,1401,Sugar 1kg,1.31,45
5041,1401,Jaggery (Bella/Gud) 1kg,0.72,70
5042,1402,Mustard Oil 1L,1.31,200
5043,1402,Pure Ghee 1L,0.95,600
5044,1402,Sugar 1kg,1.93,45
5045,1402,Iodized Salt 1kg,3.3,25
5046,1403,Sugar 1kg,2.12,45
5047,1403,Iodized Salt 1kg,5.65,25
5048,1403,Rock Salt (Sendha Namak) 500g,0.88,40
5049,1404,Sugar 1kg,1.21,45
5050,1405,Sona Masoori Rice 5kg,3.68,350
5051,1405,Basmati Rice 5kg,4.47,550
5052,1405,Wheat Flour (Atta) 5kg,4.57,250
5053,1405,Toor Dal 1kg,8.77,140
5054,1406,Sona Masoori Rice 5kg,2.11,350
5055,1406,Basmati Rice 5kg,3.28,550
5056,1406,Wheat Flour (Atta) 5kg,6.44,250
5057,1406,Moong Dal 1kg,1.65,130
5058,1407,Sona Masoori Rice 5kg,1.95,350
5059,1407,Basmati Rice 5kg,2.48,550
5060,1407,Moong Dal 1kg,2.79,130
5061,1407,Rajma (Kidney Beans) 1kg,2.64,160
5062,1408,Sona Masoori Rice 5kg,3.0,350
5063,1408,Moong Dal 1kg,2.25,130
5064,1408,Turmeric Powder 200g,0.78,60
5065,1408,Garam Masala 100g,0.96,80
5066,1409,Sona Masoori Rice 5kg,2.36,350
5067,1409,Turmeric Powder 200g,0.54,60
5068,1409,Garam Masala 100g,1.51,80
5069,1409,Biryani Masala 100g,0.62,100
5070,1410,Sona Masoori Rice 5kg,1.38,350
5071,1410,Turmeric Powder 200g,1.26,60
5072,1410,Garam Masala 100g,1.5,80
5073,1410,Biryani Masala 100g,0.31,100
5074,1411,Turmeric Powder 200g,1.33,60
5075,1411,Biryani Masala 100g,0.45,100
5076,1411,Almonds (Badam) 500g,0.66,450
5077,1411,Cashew Nuts (Kaju) 500g,0.4,550
5078,1412,Turmeric Powder 200g,0.66,60
5079,1412,Biryani Masala 100g,0.38,100
5080,1412,Almonds (Badam) 500g,1.21,450
5081,1412,Cashew Nuts (Kaju) 500g,0.86,550
5082,1413,Turmeric Powder 200g,0.62,60
5083,1413,Biryani Masala 100g,0.58,100
5084,1413,Cashew Nuts (Kaju) 500g,0.44,550
5085,1413,Peanuts (Groundnut) 500g,0.66,90
5086,1414,Biryani Masala 100g,0.42,100
5087,1414,Cashew Nuts (Kaju) 500g,0.37,550
5088,1414,Peanuts (Groundnut) 500g,0.66,90
5089,1414,Sunflower Oil 1L,3.33,180
5090,1415,Peanuts (Groundnut) 500g,0.81,90
5091,1415,Sunflower Oil 1L,2.33,180
5092,1415,Groundnut Oil 1L,0.98,220
5093,1415,Mustard Oil 1L,1.18,200
5094,1416,Peanuts (Groundnut) 500g,1.11,90
5095,1416,Sunflower Oil 1L,2.9,180
5096,1416,Groundnut Oil 1L,1.46,220
5097,1416,Mustard Oil 1L,1.79,170.01
5098,1417,Peanuts (Groundnut) 500g,1.48,90
5099,1417,Sunflower Oil 1L,1.91,180
5100,1417,Groundnut Oil 1L,1.63,220
5101,1417,Mustard Oil 1L,0.84,200
5102,1418,Groundnut Oil 1L,1.18,220
5103,1418,Mustard Oil 1L,1.31,200
5104,1418,Pure Ghee 1L,0.72,600
5105,1418,Sugar 1kg,2.73,45
5106,1419,Pure Ghee 1L,0.87,600
5107,1419,Sugar 1kg,2.57,45
5108,1419,Jaggery (Bella/Gud) 1kg,2.28,70
5109,1419,Iodized Salt 1kg,1.62,25
5110,1420,Pure Ghee 1L,0.79,600
5111,1420,Sugar 1kg,2.55,45
5112,1420,Jaggery (Bella/Gud) 1kg,1.84,70
5113,1420,Iodized Salt 1kg,1.48,25
5114,1421,Pure Ghee 1L,0.85,600
5115,1421,Sugar 1kg,1.49,45
5116,1421,Iodized Salt 1kg,1.33,25
5117,1422,Iodized Salt 1kg,0.88,25
5118,1423,Iodized Salt 1kg,1.63,25
5119,1424,Iodized Salt 1kg,1.62,25
5120,1425,Sona Masoori Rice 5kg,3.06,350
5121,1425,Basmati Rice 5kg,10.51,550
5122,1425,Wheat Flour (Atta) 5kg,3.31,250
5123,1425,Toor Dal 1kg,1.89,140
5124,1426,Sona Masoori Rice 5kg,3.13,350
5125,1426,Wheat Flour (Atta) 5kg,2.22,250
5126,1426,Toor Dal 1kg,1.63,140
5127,1426,Moong Dal 1kg,0.74,148.47
5128,1427,Sona Masoori Rice 5kg,2.92,350
5129,1427,Wheat Flour (Atta) 5kg,3.58,250
5130,1427,Toor Dal 1kg,1.91,140
5131,1427,Moong Dal 1kg,0.77,130
5132,1428,Sona Masoori Rice 5kg,2.3,350
5133,1428,Wheat Flour (Atta) 5kg,1.9,250
5134,1428,Toor Dal 1kg,1.3,140
5135,1428,Moong Dal 1kg,1.31,130
5136,1429,Sona Masoori Rice 5kg,1.98,350
5137,1429,Toor Dal 1kg,1.28,140
5138,1429,Moong Dal 1kg,0.99,130
5139,1429,Rajma (Kidney Beans) 1kg,0.6,178.87
5140,1430,Sona Masoori Rice 5kg,1.29,350
5141,1430,Moong Dal 1kg,1.32,130
5142,1430,Rajma (Kidney Beans) 1kg,0.44,160
5143,1430,Turmeric Powder 200g,1.26,60
5144,1431,Moong Dal 1kg,1.98,130
5145,1431,Rajma (Kidney Beans) 1kg,0.45,160
5146,1431,Turmeric Powder 200g,1.06,60
5147,1431,Garam Masala 100g,0.39,80
5148,1432,Rajma (Kidney Beans) 1kg,0.68,160
5149,1432,Turmeric Powder 200g,0.65,60
5150,1432,Garam Masala 100g,0.38,80
5151,1432,Biryani Masala 100g,0.42,100
5152,1433,Rajma (Kidney Beans) 1kg,0.44,160
5153,1433,Turmeric Powder 200g,0.55,60
5154,1433,Garam Masala 100g,0.52,80
5155,1433,Biryani Masala 100g,0.87,100
5156,1434,Turmeric Powder 200g,1.29,60
5157,1434,Biryani Masala 100g,0.65,100
5158,1434,Almonds (Badam) 500g,0.79,450
5159,1434,Cashew Nuts (Kaju) 500g,1.27,550
5160,1435,Biryani Masala 100g,0.86,100
5161,1435,Almonds (Badam) 500g,1.22,450
5162,1435,Cashew Nuts (Kaju) 500g,0.98,550
5163,1435,Peanuts (Groundnut) 500g,0.97,90
5164,1436,Peanuts (Groundnut) 500g,1.19,90
5165,1436,Sunflower Oil 1L,2.89,180
5166,1436,Groundnut Oil 1L,1.8,220
5167,1436,Mustard Oil 1L,1.83,200
5168,1437,Peanuts (Groundnut) 500g,0.61,90
5169,1437,Sunflower Oil 1L,2.4,180
5170,1437,Groundnut Oil 1L,1.53,220
5171,1437,Mustard Oil 1L,3.79,200
5172,1438,Peanuts (Groundnut) 500g,0.69,90
5173,1438,Sunflower Oil 1L,2.4,180
5174,1438,Groundnut Oil 1L,1.2,220
5175,1438,Pure Ghee 1L,0.75,600
5176,1439,Peanuts (Groundnut) 500g,1.35,90
5177,1439,Sunflower Oil 1L,3.3,180
5178,1439,Groundnut Oil 1L,1.4,220
5179,1439,Pure Ghee 1L,0.83,600
5180,1440,Pure Ghee 1L,0.63,600
5181,1440,Sugar 1kg,3.44,45
5182,1440,Jaggery (Bella/Gud) 1kg,4.02,70
5183,1440,Iodized Salt 1kg,5.16,25
5184,1441,Pure Ghee 1L,0.3,600
5185,1441,Sugar 1kg,1.47,45
5186,1441,Iodized Salt 1kg,3.62,25
5187,1441,Rock Salt (Sendha Namak) 500g,0.85,40
5188,1442,Pure Ghee 1L,0.46,600
5189,1442,Sugar 1kg,1.47,45
5190,1442,Rock Salt (Sendha Namak) 500g,0.83,40
5191,1443,Sugar 1kg,3.55,45
5192,1444,Sona Masoori Rice 5kg,13.91,350
5193,1444,Basmati Rice 5kg,4.1,550
5194,1444,Wheat Flour (Atta) 5kg,1.34,250
5195,1444,Toor Dal 1kg,3.09,140
5196,1445,Basmati Rice 5kg,2.52,550
5197,1445,Wheat Flour (Atta) 5kg,3.0,250
5198,1445,Toor Dal 1kg,2.96,140
5199,1445,Moong Dal 1kg,3.17,130
5200,1446,Basmati Rice 5kg,4.3,550
5201,1446,Wheat Flour (Atta) 5kg,1.64,250
5202,1446,Toor Dal 1kg,2.63,140
5203,1446,Moong Dal 1kg,3.48,130
5204,1447,Wheat Flour (Atta) 5kg,3.18,250
5205,1447,Rajma (Kidney Beans) 1kg,0.72,160
5206,1447,Turmeric Powder 200g,0.52,60
5207,1447,Garam Masala 100g,0.68,80
5208,1448,Wheat Flour (Atta) 5kg,2.91,250
5209,1448,Rajma (Kidney Beans) 1kg,0.54,160
5210,1448,Turmeric Powder 200g,1.39,60
5211,1448,Garam Masala 100g,0.38,80
5212,1449,Rajma (Kidney Beans) 1kg,1.39,160
5213,1449,Turmeric Powder 200g,1.45,60
5214,1449,Garam Masala 100g,0.52,80
5215,1449,Biryani Masala 100g,0.94,100
5216,1450,Turmeric Powder 200g,1.1,60
5217,1450,Garam Masala 100g,0.37,80
5218,1450,Biryani Masala 100g,0.99,100
5219,1450,Almonds (Badam) 500g,0.55,450
5220,1451,Turmeric Powder 200g,0.66,60
5221,1451,Garam Masala 100g,0.64,80
5222,1451,Biryani Masala 100g,1.17,100
5223,1451,Almonds (Badam) 500g,1.49,450
5224,1452,Garam Masala 100g,0.37,80
5225,1452,Cashew Nuts (Kaju) 500g,2.15,550
5226,1452,Peanuts (Groundnut) 500g,1.29,90
5227,1452,Sunflower Oil 1L,2.06,180
5228,1453,Peanuts (Groundnut) 500g,1.25,90
5229,1453,Sunflower Oil 1L,3.25,180
5230,1453,Groundnut Oil 1L,1.02,220
5231,1453,Mustard Oil 1L,2.32,200
5232,1454,Peanuts (Groundnut) 500g,0.78,90
5233,1454,Sunflower Oil 1L,3.1,180
5234,1454,Groundnut Oil 1L,1.25,220
5235,1454,Mustard Oil 1L,1.8,164.62
5236,1455,Peanuts (Groundnut) 500g,0.51,90
5237,1455,Sunflower Oil 1L,1.83,180
5238,1455,Groundnut Oil 1L,1.68,220
5239,1455,Mustard Oil 1L,1.21,200
5240,1456,Peanuts (Groundnut) 500g,0.59,90
5241,1456,Groundnut Oil 1L,1.6,220
5242,1456,Pure Ghee 1L,1.48,600
5243,1456,Sugar 1kg,5.03,38.55
5244,1457,Peanuts (Groundnut) 500g,0.79,90
5245,1457,Pure Ghee 1L,1.66,600
5246,1457,Sugar 1kg,5.35,45
5247,1457,Jaggery (Bella/Gud) 1kg,0.78,70
5248,1458,Jaggery (Bella/Gud) 1kg,0.89,61.71
5249,1458,Iodized Salt 1kg,1.96,25
5250,1458,Rock Salt (Sendha Namak) 500g,0.39,40
5251,1459,Jaggery (Bella/Gud) 1kg,1.46,70
5252,1459,Iodized Salt 1kg,1.54,25
5253,1459,Rock Salt (Sendha Namak) 500g,0.45,40
5254,1460,Jaggery (Bella/Gud) 1kg,0.88,70
5255,1460,Iodized Salt 1kg,1.71,25
5256,1460,Rock Salt (Sendha Namak) 500g,0.34,40
5257,1461,Iodized Salt 1kg,1.07,25
5258,1462,Iodized Salt 1kg,2.06,25
5259,1463,Sona Masoori Rice 5kg,4.16,350
5260,1463,Basmati Rice 5kg,1.64,550
5261,1463,Wheat Flour (Atta) 5kg,3.13,250
5262,1463,Toor Dal 1kg,8.26,140
5263,1464,Sona Masoori Rice 5kg,2.85,350
5264,1464,Basmati Rice 5kg,2.39,491.26
5265,1464,Wheat Flour (Atta) 5kg,3.66,250
5266,1464,Moong Dal 1kg,4.39,130
5267,1465,Sona Masoori Rice 5kg,3.37,350
5268,1465,Basmati Rice 5kg,1.28,550
5269,1465,Wheat Flour (Atta) 5kg,2.18,250
5270,1465,Moong Dal 1kg,2.35,130
5271,1466,Sona Masoori Rice 5kg,2.95,350
5272,1466,Basmati Rice 5kg,2.55,550
5273,1466,Wheat Flour (Atta) 5kg,3.4,250
5274,1466,Rajma (Kidney Beans) 1kg,1.02,160
5275,1467,Sona Masoori Rice 5kg,3.0,350
5276,1467,Basmati Rice 5kg,2.01,550
5277,1467,Rajma (Kidney Beans) 1kg,0.81,185.54
5278,1467,Turmeric Powder 200g,0.85,60
5279,1468,Rajma (Kidney Beans) 1kg,1.56,160
5280,1468,Turmeric Powder 200g,1.26,60
5281,1468,Garam Masala 100g,3.04,80
5282,1468,Biryani Masala 100g,1.03,100
5283,1469,Turmeric Powder 200g,0.56,60
5284,1469,Biryani Masala 100g,1.35,100
5285,1469,Almonds (Badam) 500g,0.26,450
5286,1469,Cashew Nuts (Kaju) 500g,0.29,550
5287,1470,Turmeric Powder 200g,0.91,60
5288,1470,Biryani Masala 100g,0.54,100
5289,1470,Almonds (Badam) 500g,0.39,450
5290,1470,Cashew Nuts (Kaju) 500g,0.32,550
5291,1471,Turmeric Powder 200g,1.35,60
5292,1471,Almonds (Badam) 500g,0.47,450
5293,1471,Cashew Nuts (Kaju) 500g,0.62,550
5294,1471,Peanuts (Groundnut) 500g,1.55,90
5295,1472,Almonds (Badam) 500g,0.49,450
5296,1472,Cashew Nuts (Kaju) 500g,0.33,550
5297,1472,Peanuts (Groundnut) 500g,3.34,90
5298,1472,Sunflower Oil 1L,1.48,180
5299,1473,Almonds (Badam) 500g,0.53,450
5300,1473,Cashew Nuts (Kaju) 500g,0.51,550
5301,1473,Sunflower Oil 1L,2.72,180
5302,1473,Groundnut Oil 1L,3.71,220
5303,1474,Sunflower Oil 1L,2.42,180
5304,1474,Groundnut Oil 1L,1.93,220
5305,1474,Mustard Oil 1L,1.04,200
5306,1474,Pure Ghee 1L,0.29,600
5307,1475,Sunflower Oil 1L,2.3,180
5308,1475,Mustard Oil 1L,1.08,200
5309,1475,Pure Ghee 1L,0.61,600
5310,1475,Sugar 1kg,3.1,45
5311,1476,Sunflower Oil 1L,1.5,180
5312,1476,Mustard Oil 1L,0.67,200
5313,1476,Pure Ghee 1L,0.66,600
5314,1476,Sugar 1kg,3.17,45
5315,1477,Mustard Oil 1L,0.89,200
5316,1477,Pure Ghee 1L,0.29,600
5317,1477,Sugar 1kg,3.51,45
5318,1477,Jaggery (Bella/Gud) 1kg,4.13,70
5319,1478,Mustard Oil 1L,1.11,200
5320,1478,Pure Ghee 1L,0.65,600
5321,1478,Iodized Salt 1kg,2.16,28.59
5322,1479,Pure Ghee 1L,0.58,600
5323,1479,Iodized Salt 1kg,2.17,25
5324,1480,Iodized Salt 1kg,3.31,25
5325,1481,Iodized Salt 1kg,1.73,25
5326,1482,Sona Masoori Rice 5kg,7.48,350
5327,1482,Basmati Rice 5kg,7.27,550
5328,1482,Wheat Flour (Atta) 5kg,2.32,250
5329,1482,Toor Dal 1kg,2.37,140
5330,1483,Sona Masoori Rice 5kg,6.61,350
5331,1483,Basmati Rice 5kg,3.94,550
5332,1483,Wheat Flour (Atta) 5kg,3.67,250
5333,1483,Toor Dal 1kg,1.31,140
5334,1484,Wheat Flour (Atta) 5kg,1.99,250
5335,1484,Toor Dal 1kg,1.13,140
5336,1484,Moong Dal 1kg,1.11,130
5337,1484,Rajma (Kidney Beans) 1kg,1.91,160
5338,1485,Wheat Flour (Atta) 5kg,3.63,250
5339,1485,Toor Dal 1kg,1.05,140
5340,1485,Moong Dal 1kg,1.8,130
5341,1485,Rajma (Kidney Beans) 1kg,1.27,160
5342,1486,Toor Dal 1kg,2.42,140
5343,1486,Moong Dal 1kg,0.93,130
5344,1486,Turmeric Powder 200g,0.9,60
5345,1486,Garam Masala 100g,2.19,80
5346,1487,Moong Dal 1kg,1.62,130
5347,1487,Turmeric Powder 200g,1.24,60
5348,1487,Biryani Masala 100g,0.64,100
5349,1487,Almonds (Badam) 500g,0.43,450
5350,1488,Moong Dal 1kg,1.2,130
5351,1488,Turmeric Powder 200g,0.69,60
5352,1488,Biryani Masala 100g,0.54,100
5353,1488,Almonds (Badam) 500g,0.29,450
5354,1489,Turmeric Powder 200g,0.9,50.33
5355,1489,Biryani Masala 100g,0.38,100
5356,1489,Almonds (Badam) 500g,0.38,450
5357,1489,Cashew Nuts (Kaju) 500g,0.28,550
5358,1490,Turmeric Powder 200g,1.04,60
5359,1490,Biryani Masala 100g,0.45,100
5360,1490,Almonds (Badam) 500g,0.39,450
5361,1490,Cashew Nuts (Kaju) 500g,0.36,550
5362,1491,Biryani Masala 100g,0.66,100
5363,1491,Almonds (Badam) 500g,0.29,450
5364,1491,Cashew Nuts (Kaju) 500g,0.35,550
5365,1491,Peanuts (Groundnut) 500g,0.49,90
5366,1492,Biryani Masala 100g,0.58,100
5367,1492,Almonds (Badam) 500g,0.19,450
5368,1492,Cashew Nuts (Kaju) 500g,0.47,550
5369,1492,Peanuts (Groundnut) 500g,0.77,90
5370,1493,Cashew Nuts (Kaju) 500g,0.47,550
5371,1493,Peanuts (Groundnut) 500g,1.19,90
5372,1493,Sunflower Oil 1L,2.99,180
5373,1493,Groundnut Oil 1L,0.93,220
5374,1494,Cashew Nuts (Kaju) 500g,0.4,480.34
5375,1494,Peanuts (Groundnut) 500g,1.08,90
5376,1494,Sunflower Oil 1L,1.35,180
5377,1494,Groundnut Oil 1L,1.05,220
5378,1495,Peanuts (Groundnut) 500g,1.37,90
5379,1495,Sunflower Oil 1L,1.25,180
5380,1495,Groundnut Oil 1L,1.38,220
5381,1495,Mustard Oil 1L,0.64,200
5382,1496,Sunflower Oil 1L,2.51,180
5383,1496,Groundnut Oil 1L,1.12,220
5384,1496,Mustard Oil 1L,0.78,200
5385,1496,Pure Ghee 1L,0.7,600
5386,1497,Sunflower Oil 1L,1.64,180
5387,1497,Groundnut Oil 1L,0.94,220
5388,1497,Mustard Oil 1L,0.87,200
5389,1497,Pure Ghee 1L,0.45,600
5390,1498,Mustard Oil 1L,0.62,200
5391,1498,Pure Ghee 1L,0.81,600
5392,1498,Sugar 1kg,9.96,45
5393,1498,Jaggery (Bella/Gud) 1kg,4.18,70
5394,1499,Mustard Oil 1L,1.09,200
5395,1499,Pure Ghee 1L,0.77,600
5396,1499,Iodized Salt 1kg,1.89,25
5397,1499,Rock Salt (Sendha Namak) 500g,0.3,40
5398,1500,Mustard Oil 1L,0.89,200
5399,1500,Iodized Salt 1kg,3.04,25
5400,1500,Rock Salt (Sendha Namak) 500g,0.24,40
5401,1501,Iodized Salt 1kg,3.84,25
5402,1501,Rock Salt (Sendha Namak) 500g,0.22,40
5403,1502,Rock Salt (Sendha Namak) 500g,0.15,40
5404,1503,Rock Salt (Sendha Namak) 500g,0.33,40
5405,1504,Rock Salt (Sendha Namak) 500g,0.2,40
5406,1505,Sona Masoori Rice 5kg,6.42,350
5407,1505,Basmati Rice 5kg,3.63,550
5408,1505,Wheat Flour (Atta) 5kg,2.12,250
5409,1505,Toor Dal 1kg,1.61,140
5410,1506,Sona Masoori Rice 5kg,8.96,350
5411,1506,Basmati Rice 5kg,2.96,550
5412,1506,Wheat Flour (Atta) 5kg,2.13,250
5413,1506,Toor Dal 1kg,1.23,140
5414,1507,Basmati Rice 5kg,2.22,550
5415,1507,Wheat Flour (Atta) 5kg,1.88,250
5416,1507,Toor Dal 1kg,2.0,140
5417,1507,Moong Dal 1kg,6.67,130
5418,1508,Basmati Rice 5kg,2.93,550
5419,1508,Wheat Flour (Atta) 5kg,1.34,250
5420,1508,Toor Dal 1kg,2.66,140
5421,1508,Rajma (Kidney Beans) 1kg,0.54,160
5422,1509,Wheat Flour (Atta) 5kg,1.58,250
5423,1509,Rajma (Kidney Beans) 1kg,0.53,160
5424,1509,Turmeric Powder 200g,5.44,60
5425,1509,Garam Masala 100g,0.45,80
5426,1510,Wheat Flour (Atta) 5kg,3.09,250
5427,1510,Rajma (Kidney Beans) 1kg,0.34,160
5428,1510,Garam Masala 100g,0.47,80
5429,1510,Biryani Masala 100g,0.89,100
5430,1511,Rajma (Kidney Beans) 1kg,0.57,160
5431,1511,Garam Masala 100g,0.48,80
5432,1511,Biryani Masala 100g,0.55,100
5433,1511,Almonds (Badam) 500g,0.73,450
5434,1512,Rajma (Kidney Beans) 1kg,0.82,160
5435,1512,Garam Masala 100g,0.24,80
5436,1512,Biryani Masala 100g,0.95,100
5437,1512,Almonds (Badam) 500g,1.27,450
5438,1513,Garam Masala 100g,0.27,80
5439,1513,Biryani Masala 100g,0.8,100
5440,1513,Cashew Nuts (Kaju) 500g,0.6,550
5441,1513,Peanuts (Groundnut) 500g,2.13,90
5442,1514,Garam Masala 100g,0.36,80
5443,1514,Cashew Nuts (Kaju) 500g,0.42,550
5444,1514,Peanuts (Groundnut) 500g,1.61,90
5445,1514,Sunflower Oil 1L,10.74,180
5446,1515,Cashew Nuts (Kaju) 500g,0.76,550
5447,1515,Peanuts (Groundnut) 500g,1.09,90
5448,1515,Groundnut Oil 1L,1.24,220
5449,1515,Mustard Oil 1L,5.53,200
5450,1516,Cashew Nuts (Kaju) 500g,0.33,550
5451,1516,Groundnut Oil 1L,1.36,220
5452,1516,Pure Ghee 1L,0.77,600
5453,1516,Sugar 1kg,2.04,45
5454,1517,Groundnut Oil 1L,1.89,220
5455,1517,Pure Ghee 1L,1.14,600
5456,1517,Sugar 1kg,2.75,45
5457,1517,Jaggery (Bella/Gud) 1kg,1.39,70
5458,1518,Groundnut Oil 1L,1.52,220
5459,1518,Pure Ghee 1L,0.9,600
5460,1518,Sugar 1kg,2.55,45
5461,1518,Jaggery (Bella/Gud) 1kg,0.96,70
5462,1519,Sugar 1kg,2.07,45
5463,1519,Jaggery (Bella/Gud) 1kg,0.8,70
5464,1519,Iodized Salt 1kg,1.5,25
5465,1519,Rock Salt (Sendha Namak) 500g,0.87,40
5466,1520,Jaggery (Bella/Gud) 1kg,0.52,70
5467,1520,Iodized Salt 1kg,1.92,25
5468,1520,Rock Salt (Sendha Namak) 500g,0.51,40
5469,1521,Iodized Salt 1kg,1.1,25
5470,1522,Iodized Salt 1kg,1.37,25
5471,1523,Iodized Salt 1kg,1.48,27.71
5472,1524,Iodized Salt 1kg,1.48,25
5473,1525,Sona Masoori Rice 5kg,3.71,350
5474,1525,Basmati Rice 5kg,1.93,550
5475,1525,Wheat Flour (Atta) 5kg,12.92,250
5476,1525,Toor Dal 1kg,1.37,140
5477,1526,Sona Masoori Rice 5kg,2.5,350
5478,1526,Basmati Rice 5kg,1.5,550
5479,1526,Toor Dal 1kg,2.8,140
5480,1526,Moong Dal 1kg,2.17,130
5481,1527,Sona Masoori Rice 5kg,2.58,350
5482,1527,Basmati Rice 5kg,2.64,550
5483,1527,Toor Dal 1kg,1.34,140
5484,1527,Moong Dal 1kg,1.89,130
5485,1528,Sona Masoori Rice 5kg,4.67,350
5486,1528,Basmati Rice 5kg,2.25,550
5487,1528,Toor Dal 1kg,1.15,140
5488,1528,Moong Dal 1kg,3.37,154.91
5489,1529,Sona Masoori Rice 5kg,2.96,350
5490,1529,Basmati Rice 5kg,2.48,550
5491,1529,Toor Dal 1kg,1.77,140
5492,1529,Rajma (Kidney Beans) 1kg,3.21,160
5493,1530,Turmeric Powder 200g,0.85,60
5494,1530,Garam Masala 100g,0.85,80
5495,1530,Biryani Masala 100g,0.7,100
5496,1530,Almonds (Badam) 500g,0.53,450
5497,1531,Turmeric Powder 200g,1.37,60
5498,1531,Garam Masala 100g,0.98,80
5499,1531,Biryani Masala 100g,0.54,100
5500,1531,Almonds (Badam) 500g,0.65,450
5501,1532,Turmeric Powder 200g,0.85,60
5502,1532,Garam Masala 100g,1.94,80
5503,1532,Biryani Masala 100g,0.75,100
5504,1532,Almonds (Badam) 500g,0.3,450
5505,1533,Turmeric Powder 200g,1.8,60
5506,1533,Biryani Masala 100g,0.4,100
5507,1533,Almonds (Badam) 500g,0.62,450
5508,1533,Cashew Nuts (Kaju) 500g,0.22,611.79
5509,1534,Biryani Masala 100g,0.73,100
5510,1534,Cashew Nuts (Kaju) 500g,0.45,550
5511,1534,Peanuts (Groundnut) 500g,1.48,90
5512,1534,Sunflower Oil 1L,2.28,145.54
5513,1535,Cashew Nuts (Kaju) 500g,0.26,550
5514,1535,Peanuts (Groundnut) 500g,2.0,90
5515,1535,Sunflower Oil 1L,1.59,180
5516,1535,Groundnut Oil 1L,1.77,220
5517,1536,Cashew Nuts (Kaju) 500g,0.62,550
5518,1536,Peanuts (Groundnut) 500g,1.69,90
5519,1536,Sunflower Oil 1L,1.25,180
5520,1536,Groundnut Oil 1L,1.56,187.22
5521,1537,Cashew Nuts (Kaju) 500g,0.36,550
5522,1537,Sunflower Oil 1L,2.02,180
5523,1537,Groundnut Oil 1L,0.95,220
5524,1537,Mustard Oil 1L,0.79,200
5525,1538,Cashew Nuts (Kaju) 500g,0.4,550
5526,1538,Sunflower Oil 1L,1.97,180
5527,1538,Groundnut Oil 1L,1.42,220
5528,1538,Mustard Oil 1L,0.74,200
5529,1539,Mustard Oil 1L,0.96,200
5530,1539,Pure Ghee 1L,0.33,600
5531,1539,Sugar 1kg,2.66,45
5532,1539,Jaggery (Bella/Gud) 1kg,0.75,70
5533,1540,Mustard Oil 1L,1.11,200
5534,1540,Pure Ghee 1L,0.74,600
5535,1540,Sugar 1kg,3.79,45
5536,1540,Jaggery (Bella/Gud) 1kg,0.64,70
5537,1541,Mustard Oil 1L,0.75,200
5538,1541,Pure Ghee 1L,0.29,600
5539,1541,Sugar 1kg,2.62,45
5540,1541,Jaggery (Bella/Gud) 1kg,0.88,70
5541,1542,Mustard Oil 1L,1.38,200
5542,1542,Pure Ghee 1L,0.37,600
5543,1542,Jaggery (Bella/Gud) 1kg,0.79,70
5544,1542,Iodized Salt 1kg,1.98,25
5545,1543,Pure Ghee 1L,0.76,600
5546,1543,Jaggery (Bella/Gud) 1kg,0.82,70
5547,1543,Iodized Salt 1kg,2.07,29.47
5548,1543,Rock Salt (Sendha Namak) 500g,0.19,40
5549,1544,Pure Ghee 1L,0.52,600
5550,1544,Jaggery (Bella/Gud) 1kg,0.32,70
5551,1544,Iodized Salt 1kg,1.51,25
5552,1544,Rock Salt (Sendha Namak) 500g,0.12,32.72
5553,1545,Iodized Salt 1kg,2.23,25
5554,1545,Rock Salt (Sendha Namak) 500g,0.19,47.5
5555,1546,Rock Salt (Sendha Namak) 500g,0.29,40
5556,1547,Rock Salt (Sendha Namak) 500g,0.24,40
5557,1548,Rock Salt (Sendha Namak) 500g,0.18,40
5558,1549,Sona Masoori Rice 5kg,7.75,398.08
5559,1549,Basmati Rice 5kg,2.1,550
5560,1549,Wheat Flour (Atta) 5kg,11.6,250
5561,1549,Toor Dal 1kg,1.44,140
5562,1550,Sona Masoori Rice 5kg,8.48,350
5563,1550,Basmati Rice 5kg,1.42,550
5564,1550,Toor Dal 1kg,1.75,140
5565,1550,Moong Dal 1kg,1.58,130
5566,1551,Basmati Rice 5kg,3.79,550
5567,1551,Toor Dal 1kg,1.03,140
5568,1551,Moong Dal 1kg,0.83,130
5569,1551,Rajma (Kidney Beans) 1kg,1.39,160
5570,1552,Basmati Rice 5kg,3.0,550
5571,1552,Toor Dal 1kg,1.06,140
5572,1552,Moong Dal 1kg,1.12,130
5573,1552,Rajma (Kidney Beans) 1kg,0.77,160
5574,1553,Toor Dal 1kg,1.92,140
5575,1553,Moong Dal 1kg,1.18,130
5576,1553,Rajma (Kidney Beans) 1kg,1.15,160
5577,1553,Turmeric Powder 200g,5.27,60
5578,1554,Toor Dal 1kg,1.38,140
5579,1554,Moong Dal 1kg,1.7,130
5580,1554,Garam Masala 100g,0.5,80
5581,1554,Biryani Masala 100g,1.5,100
5582,1555,Garam Masala 100g,0.47,80
5583,1555,Biryani Masala 100g,1.38,100
5584,1555,Almonds (Badam) 500g,1.91,450
5585,1555,Cashew Nuts (Kaju) 500g,2.42,550
5586,1556,Garam Masala 100g,0.48,80
5587,1556,Peanuts (Groundnut) 500g,1.61,90
5588,1556,Sunflower Oil 1L,2.86,180
5589,1556,Groundnut Oil 1L,2.06,220
5590,1557,Garam Masala 100g,0.43,80
5591,1557,Peanuts (Groundnut) 500g,1.78,90
5592,1557,Sunflower Oil 1L,4.08,180
5593,1557,Groundnut Oil 1L,0.79,220
5594,1558,Garam Masala 100g,0.21,80
5595,1558,Peanuts (Groundnut) 500g,2.11,90
5596,1558,Sunflower Oil 1L,2.73,180
5597,1558,Groundnut Oil 1L,0.78,220
5598,1559,Groundnut Oil 1L,1.8,220
5599,1559,Mustard Oil 1L,4.95,200
5600,1559,Pure Ghee 1L,1.17,507.26
5601,1559,Sugar 1kg,10.29,45
5602,1560,Pure Ghee 1L,0.92,600
5603,1560,Jaggery (Bella/Gud) 1kg,0.76,70
5604,1560,Iodized Salt 1kg,2.15,25
5605,1560,Rock Salt (Sendha Namak) 500g,1.33,40
5606,1561,Pure Ghee 1L,0.9,600
5607,1561,Jaggery (Bella/Gud) 1kg,1.03,70
5608,1561,Iodized Salt 1kg,1.64,25
5609,1562,Jaggery (Bella/Gud) 1kg,0.5,70
5610,1562,Iodized Salt 1kg,1.01,25
5611,1563,Jaggery (Bella/Gud) 1kg,0.81,70
5612,1563,Iodized Salt 1kg,1.97,25
5613,1564,Jaggery (Bella/Gud) 1kg,0.46,70
5614,1564,Iodized Salt 1kg,2.03,25
5615,1565,Jaggery (Bella/Gud) 1kg,0.78,70
5616,1566,Sona Masoori Rice 5kg,2.64,350
5617,1566,Basmati Rice 5kg,2.47,550
5618,1566,Wheat Flour (Atta) 5kg,4.24,250
5619,1566,Toor Dal 1kg,7.28,140
5620,1567,Sona Masoori Rice 5kg,3.24,350
5621,1567,Basmati Rice 5kg,1.58,550
5622,1567,Wheat Flour (Atta) 5kg,4.02,250
5623,1567,Moong Dal 1kg,2.01,130
5624,1568,Sona Masoori Rice 5kg,1.86,350
5625,1568,Basmati Rice 5kg,1.36,550
5626,1568,Wheat Flour (Atta) 5kg,4.09,250
5627,1568,Moong Dal 1kg,2.33,130
5628,1569,Sona Masoori Rice 5kg,3.06,350
5629,1569,Basmati Rice 5kg,2.67,550
5630,1569,Moong Dal 1kg,2.7,130
5631,1569,Rajma (Kidney Beans) 1kg,0.66,160
5632,1570,Sona Masoori Rice 5kg,3.46,350
5633,1570,Basmati Rice 5kg,2.82,550
5634,1570,Rajma (Kidney Beans) 1kg,1.46,160
5635,1570,Turmeric Powder 200g,0.92,60
5636,1571,Sona Masoori Rice 5kg,2.08,350
5637,1571,Rajma (Kidney Beans) 1kg,1.03,160
5638,1571,Turmeric Powder 200g,2.2,60
5639,1571,Garam Masala 100g,1.12,80
5640,1572,Turmeric Powder 200g,1.54,60
5641,1572,Garam Masala 100g,1.49,80
5642,1572,Biryani Masala 100g,1.28,100
5643,1572,Almonds (Badam) 500g,1.1,450
5644,1573,Garam Masala 100g,0.89,80
5645,1573,Biryani Masala 100g,1.9,100
5646,1573,Almonds (Badam) 500g,0.72,450
5647,1573,Cashew Nuts (Kaju) 500g,0.5,550
5648,1574,Cashew Nuts (Kaju) 500g,0.44,550
5649,1574,Peanuts (Groundnut) 500g,3.24,90
5650,1574,Sunflower Oil 1L,2.13,180
5651,1574,Groundnut Oil 1L,2.13,220
5652,1575,Cashew Nuts (Kaju) 500g,0.32,550
5653,1575,Peanuts (Groundnut) 500g,1.43,90
5654,1575,Sunflower Oil 1L,2.39,180
5655,1575,Groundnut Oil 1L,2.17,220
5656,1576,Cashew Nuts (Kaju) 500g,0.51,550
5657,1576,Sunflower Oil 1L,2.01,180
5658,1576,Groundnut Oil 1L,1.62,220
5659,1576,Mustard Oil 1L,5.54,200
5660,1577,Cashew Nuts (Kaju) 500g,0.53,550
5661,1577,Sunflower Oil 1L,1.61,180
5662,1577,Pure Ghee 1L,1.91,600
5663,1577,Sugar 1kg,5.54,45
5664,1578,Sunflower Oil 1L,2.49,180
5665,1578,Pure Ghee 1L,1.32,664.1
5666,1578,Sugar 1kg,4.16,45
5667,1578,Jaggery (Bella/Gud) 1kg,1.35,70
5668,1579,Jaggery (Bella/Gud) 1kg,1.12,70
5669,1579,Iodized Salt 1kg,4.81,25
5670,1579,Rock Salt (Sendha Namak) 500g,0.47,40
5671,1580,Jaggery (Bella/Gud) 1kg,1.71,70
5672,1580,Iodized Salt 1kg,3.79,25
5673,1580,Rock Salt (Sendha Namak) 500g,0.42,40
5674,1581,Sona Masoori Rice 5kg,4.35,350
5675,1581,Basmati Rice 5kg,3.29,550
5676,1581,Wheat Flour (Atta) 5kg,4.85,283.2
5677,1581,Toor Dal 1kg,1.13,140
5678,1582,Sona Masoori Rice 5kg,4.75,350
5679,1582,Basmati Rice 5kg,4.41,550
5680,1582,Wheat Flour (Atta) 5kg,6.7,250
5681,1582,Toor Dal 1kg,0.96,140
5682,1583,Sona Masoori Rice 5kg,4.65,350
5683,1583,Basmati Rice 5kg,2.84,550
5684,1583,Toor Dal 1kg,1.1,140
5685,1583,Moong Dal 1kg,1.33,130
5686,1584,Toor Dal 1kg,1.79,140
5687,1584,Moong Dal 1kg,0.85,130
5688,1584,Rajma (Kidney Beans) 1kg,1.56,160
5689,1584,Turmeric Powder 200g,3.0,60
5690,1585,Toor Dal 1kg,1.21,140
5691,1585,Moong Dal 1kg,1.17,130
5692,1585,Rajma (Kidney Beans) 1kg,1.73,160
5693,1585,Turmeric Powder 200g,1.89,60
5694,1586,Toor Dal 1kg,2.04,140
5695,1586,Moong Dal 1kg,0.96,130
5696,1586,Biryani Masala 100g,0.86,100
5697,1586,Almonds (Badam) 500g,0.38,450
5698,1587,Moong Dal 1kg,1.54,130
5699,1587,Biryani Masala 100g,1.19,100
5700,1587,Almonds (Badam) 500g,0.38,450
5701,1587,Cashew Nuts (Kaju) 500g,0.69,550
5702,1588,Moong Dal 1kg,0.66,130
5703,1588,Biryani Masala 100g,0.98,111.2
5704,1588,Almonds (Badam) 500g,0.45,450
5705,1588,Cashew Nuts (Kaju) 500g,1.0,550
5706,1589,Almonds (Badam) 500g,0.28,450
5707,1589,Cashew Nuts (Kaju) 500g,0.59,550
5708,1589,Peanuts (Groundnut) 500g,5.03,90
5709,1589,Sunflower Oil 1L,5.86,180
5710,1590,Almonds (Badam) 500g,0.66,450
5711,1590,Sunflower Oil 1L,4.4,180
5712,1590,Groundnut Oil 1L,2.53,220
5713,1590,Mustard Oil 1L,1.78,200
5714,1591,Groundnut Oil 1L,2.59,220
5715,1591,Mustard Oil 1L,1.6,200
5716,1591,Pure Ghee 1L,0.76,600
5717,1591,Sugar 1kg,1.15,45
5718,1592,Mustard Oil 1L,1.6,200
5719,1592,Pure Ghee 1L,0.95,600
5720,1592,Sugar 1kg,2.27,45
5721,1592,Jaggery (Bella/Gud) 1kg,0.33,70
5722,1593,Pure Ghee 1L,0.55,600
5723,1593,Sugar 1kg,2.22,45
5724,1593,Jaggery (Bella/Gud) 1kg,0.91,70
5725,1593,Iodized Salt 1kg,1.8,25
5726,1594,Pure Ghee 1L,0.85,600
5727,1594,Sugar 1kg,2.84,45
5728,1594,Jaggery (Bella/Gud) 1kg,0.38,59.73
5729,1594,Iodized Salt 1kg,1.76,25
5730,1595,Sugar 1kg,1.86,45
5731,1595,Jaggery (Bella/Gud) 1kg,0.72,70
5732,1595,Iodized Salt 1kg,1.06,25
5733,1595,Rock Salt (Sendha Namak) 500g,0.58,40
5734,1596,Jaggery (Bella/Gud) 1kg,0.37,70
5735,1596,Iodized Salt 1kg,2.1,25
5736,1596,Rock Salt (Sendha Namak) 500g,0.48,40
5737,1597,Jaggery (Bella/Gud) 1kg,0.94,70
5738,1597,Iodized Salt 1kg,2.11,25
5739,1597,Rock Salt (Sendha Namak) 500g,0.53,40
5740,1598,Sona Masoori Rice 5kg,5.31,350
5741,1598,Basmati Rice 5kg,12.02,550
5742,1598,Wheat Flour (Atta) 5kg,1.27,250
5743,1598,Toor Dal 1kg,2.71,140
5744,1599,Sona Masoori Rice 5kg,10.13,350
5745,1599,Wheat Flour (Atta) 5kg,2.63,250
5746,1599,Toor Dal 1kg,4.75,140
5747,1599,Moong Dal 1kg,1.75,130
5748,1600,Wheat Flour (Atta) 5kg,2.14,250
5749,1600,Moong Dal 1kg,0.69,130
5750,1600,Rajma (Kidney Beans) 1kg,0.93,160
5751,1600,Turmeric Powder 200g,1.49,60
5752,1601,Wheat Flour (Atta) 5kg,1.37,250
5753,1601,Moong Dal 1kg,1.57,130
5754,1601,Rajma (Kidney Beans) 1kg,2.37,160
5755,1601,Turmeric Powder 200g,0.54,60
5756,1602,Wheat Flour (Atta) 5kg,2.43,250
5757,1602,Moong Dal 1kg,1.5,130
5758,1602,Turmeric Powder 200g,1.12,60
5759,1602,Garam Masala 100g,0.52,80
5760,1603,Wheat Flour (Atta) 5kg,2.32,250
5761,1603,Moong Dal 1kg,0.87,130
5762,1603,Turmeric Powder 200g,1.6,60
5763,1603,Garam Masala 100g,0.58,80
5764,1604,Moong Dal 1kg,0.72,130
5765,1604,Garam Masala 100g,0.58,68.44
5766,1604,Biryani Masala 100g,0.51,100
5767,1604,Almonds (Badam) 500g,1.37,450
5768,1605,Garam Masala 100g,0.4,80
5769,1605,Biryani Masala 100g,0.73,100
5770,1605,Almonds (Badam) 500g,0.78,450
5771,1605,Cashew Nuts (Kaju) 500g,0.33,550
5772,1606,Biryani Masala 100g,0.83,100
5773,1606,Cashew Nuts (Kaju) 500g,0.46,550
5774,1606,Peanuts (Groundnut) 500g,3.25,90
5775,1606,Sunflower Oil 1L,10.76,180
5776,1607,Biryani Masala 100g,0.67,100
5777,1607,Cashew Nuts (Kaju) 500g,0.53,550
5778,1607,Peanuts (Groundnut) 500g,1.55,90
5779,1607,Groundnut Oil 1L,5.3,220
5780,1608,Cashew Nuts (Kaju) 500g,0.44,550
5781,1608,Mustard Oil 1L,5.73,200
5782,1608,Pure Ghee 1L,0.89,600
5783,1608,Sugar 1kg,3.53,45
5784,1609,Cashew Nuts (Kaju) 500g,0.57,550
5785,1609,Pure Ghee 1L,1.34,600
5786,1609,Sugar 1kg,1.35,45
5787,1609,Jaggery (Bella/Gud) 1kg,1.05,70
5788,1610,Pure Ghee 1L,1.03,600
5789,1610,Sugar 1kg,2.64,45
5790,1610,Jaggery (Bella/Gud) 1kg,0.78,70
5791,1610,Iodized Salt 1kg,2.23,25
5792,1611,Sugar 1kg,3.47,45
5793,1611,Jaggery (Bella/Gud) 1kg,0.69,70
5794,1611,Iodized Salt 1kg,2.14,25
5795,1612,Jaggery (Bella/Gud) 1kg,0.54,70
5796,1612,Iodized Salt 1kg,3.59,25
5797,1613,Jaggery (Bella/Gud) 1kg,1.07,70
5798,1614,Sona Masoori Rice 5kg,2.15,350
5799,1614,Basmati Rice 5kg,5.04,550
5800,1614,Wheat Flour (Atta) 5kg,4.84,250
5801,1614,Toor Dal 1kg,2.61,140
5802,1615,Sona Masoori Rice 5kg,2.91,350
5803,1615,Basmati Rice 5kg,3.18,550
5804,1615,Wheat Flour (Atta) 5kg,2.22,250
5805,1615,Toor Dal 1kg,0.99,140
5806,1616,Sona Masoori Rice 5kg,3.17,350
5807,1616,Basmati Rice 5kg,2.6,550
5808,1616,Wheat Flour (Atta) 5kg,5.7,250
5809,1616,Toor Dal 1kg,2.56,140
5810,1617,Sona Masoori Rice 5kg,3.35,350
5811,1617,Toor Dal 1kg,1.4,140
5812,1617,Moong Dal 1kg,2.11,130
5813,1617,Rajma (Kidney Beans) 1kg,2.96,160
5814,1618,Sona Masoori Rice 5kg,2.93,350
5815,1618,Moong Dal 1kg,2.07,130
5816,1618,Turmeric Powder 200g,3.4,60
5817,1618,Garam Masala 100g,1.08,80
5818,1619,Moong Dal 1kg,0.96,130
5819,1619,Turmeric Powder 200g,1.83,60
5820,1619,Garam Masala 100g,1.08,80
5821,1619,Biryani Masala 100g,0.67,114.32
5822,1620,Moong Dal 1kg,1.2,130
5823,1620,Biryani Masala 100g,0.24,100
5824,1620,Almonds (Badam) 500g,0.75,450
5825,1620,Cashew Nuts (Kaju) 500g,0.51,550
5826,1621,Biryani Masala 100g,0.61,100
5827,1621,Almonds (Badam) 500g,1.26,450
5828,1621,Cashew Nuts (Kaju) 500g,0.54,550
5829,1621,Peanuts (Groundnut) 500g,1.32,90
5830,1622,Biryani Masala 100g,0.46,100
5831,1622,Cashew Nuts (Kaju) 500g,0.69,550
5832,1622,Peanuts (Groundnut) 500g,2.0,90
5833,1622,Sunflower Oil 1L,10.42,180
5834,1623,Biryani Masala 100g,0.58,100
5835,1623,Cashew Nuts (Kaju) 500g,0.46,550
5836,1623,Peanuts (Groundnut) 500g,2.18,90
5837,1623,Groundnut Oil 1L,5.95,220
5838,1624,Biryani Masala 100g,0.25,100
5839,1624,Mustard Oil 1L,0.71,200
5840,1624,Pure Ghee 1L,0.63,600
5841,1624,Sugar 1kg,2.35,45
5842,1625,Mustard Oil 1L,0.74,200
5843,1625,Pure Ghee 1L,0.67,600
5844,1625,Sugar 1kg,1.89,45
5845,1625,Jaggery (Bella/Gud) 1kg,0.58,70
5846,1626,Mustard Oil 1L,0.48,200
5847,1626,Pure Ghee 1L,0.25,600
5848,1626,Sugar 1kg,1.93,45
5849,1626,Jaggery (Bella/Gud) 1kg,0.85,70
5850,1627,Mustard Oil 1L,1.02,200
5851,1627,Pure Ghee 1L,0.46,600
5852,1627,Sugar 1kg,2.32,45
5853,1627,Jaggery (Bella/Gud) 1kg,0.73,70
5854,1628,Mustard Oil 1L,0.87,161.75
5855,1628,Pure Ghee 1L,0.6,600
5856,1628,Sugar 1kg,1.2,45
5857,1628,Jaggery (Bella/Gud) 1kg,0.61,70
5858,1629,Mustard Oil 1L,1.09,200
5859,1629,Pure Ghee 1L,0.6,600
5860,1629,Jaggery (Bella/Gud) 1kg,1.49,70
5861,1629,Iodized Salt 1kg,3.73,25
5862,1630,Iodized Salt 1kg,2.6,25
5863,1631,Iodized Salt 1kg,2.29,25
5864,1632,Sona Masoori Rice 5kg,1.41,350
5865,1632,Basmati Rice 5kg,6.97,550
5866,1632,Wheat Flour (Atta) 5kg,6.76,250
5867,1632,Toor Dal 1kg,1.49,140
5868,1633,Sona Masoori Rice 5kg,2.13,350
5869,1633,Basmati Rice 5kg,3.24,550
5870,1633,Wheat Flour (Atta) 5kg,6.32,250
5871,1633,Toor Dal 1kg,1.99,140
5872,1634,Sona Masoori Rice 5kg,1.46,350
5873,1634,Toor Dal 1kg,1.89,140
5874,1634,Moong Dal 1kg,7.1,130
5875,1634,Rajma (Kidney Beans) 1kg,0.26,160
5876,1635,Sona Masoori Rice 5kg,3.62,350
5877,1635,Toor Dal 1kg,1.03,140
5878,1635,Rajma (Kidney Beans) 1kg,0.66,160
5879,1635,Turmeric Powder 200g,1.56,60
5880,1636,Sona Masoori Rice 5kg,3.99,350
5881,1636,Toor Dal 1kg,1.29,140
5882,1636,Rajma (Kidney Beans) 1kg,0.55,160
5883,1636,Turmeric Powder 200g,3.53,60
5884,1637,Sona Masoori Rice 5kg,1.41,350
5885,1637,Rajma (Kidney Beans) 1kg,0.29,160
5886,1637,Biryani Masala 100g,3.17,100
5887,1637,Almonds (Badam) 500g,0.89,450
5888,1638,Rajma (Kidney Beans) 1kg,0.62,160
5889,1638,Almonds (Badam) 500g,1.29,450
5890,1638,Cashew Nuts (Kaju) 500g,0.27,550
5891,1638,Peanuts (Groundnut) 500g,2.23,90
5892,1639,Rajma (Kidney Beans) 1kg,0.54,160
5893,1639,Cashew Nuts (Kaju) 500g,0.63,550
5894,1639,Peanuts (Groundnut) 500g,2.57,90
5895,1639,Sunflower Oil 1L,3.94,180
5896,1640,Cashew Nuts (Kaju) 500g,0.35,550
5897,1640,Sunflower Oil 1L,2.68,180
5898,1640,Groundnut Oil 1L,5.41,220
5899,1640,Mustard Oil 1L,5.57,200
5900,1641,Cashew Nuts (Kaju) 500g,0.29,550
5901,1641,Sunflower Oil 1L,3.25,180
5902,1641,Pure Ghee 1L,3.3,600
5903,1641,Sugar 1kg,10.73,45
5904,1642,Cashew Nuts (Kaju) 500g,0.23,550
5905,1642,Jaggery (Bella/Gud) 1kg,2.14,70
5906,1642,Iodized Salt 1kg,4.77,25
5907,1642,Rock Salt (Sendha Namak) 500g,0.44,40
5908,1643,Cashew Nuts (Kaju) 500g,0.37,550
5909,1643,Jaggery (Bella/Gud) 1kg,1.51,70
5910,1643,Iodized Salt 1kg,4.64,25
5911,1643,Rock Salt (Sendha Namak) 500g,0.29,40
5912,1644,Rock Salt (Sendha Namak) 500g,0.37,40
5913,1645,Rock Salt (Sendha Namak) 500g,0.62,40
5914,1646,Sona Masoori Rice 5kg,3.78,350
5915,1646,Basmati Rice 5kg,5.93,550
5916,1646,Wheat Flour (Atta) 5kg,3.34,250
5917,1646,Toor Dal 1kg,2.88,140
5918,1647,Sona Masoori Rice 5kg,5.23,350
5919,1647,Basmati Rice 5kg,5.18,550
5920,1647,Wheat Flour (Atta) 5kg,3.96,250
5921,1647,Toor Dal 1kg,5.45,140
5922,1648,Sona Masoori Rice 5kg,5.51,350
5923,1648,Wheat Flour (Atta) 5kg,4.15,250
5924,1648,Moong Dal 1kg,6.84,109.43
5925,1648,Rajma (Kidney Beans) 1kg,0.73,160
5926,1649,Rajma (Kidney Beans) 1kg,0.43,160
5927,1649,Turmeric Powder 200g,5.39,60
5928,1649,Garam Masala 100g,3.06,80
5929,1649,Biryani Masala 100g,0.84,100
5930,1650,Rajma (Kidney Beans) 1kg,0.61,160
5931,1650,Biryani Masala 100g,0.7,100
5932,1650,Almonds (Badam) 500g,0.51,450
5933,1650,Cashew Nuts (Kaju) 500g,0.52,550
5934,1651,Rajma (Kidney Beans) 1kg,0.83,160
5935,1651,Biryani Masala 100g,0.79,100
5936,1651,Almonds (Badam) 500g,0.72,450
5937,1651,Cashew Nuts (Kaju) 500g,0.97,550
5938,1652,Biryani Masala 100g,0.39,100
5939,1652,Almonds (Badam) 500g,0.31,450
5940,1652,Cashew Nuts (Kaju) 500g,0.53,550
5941,1652,Peanuts (Groundnut) 500g,1.24,90
5942,1653,Biryani Masala 100g,0.33,100
5943,1653,Almonds (Badam) 500g,0.29,450
5944,1653,Cashew Nuts (Kaju) 500g,0.39,550
5945,1653,Peanuts (Groundnut) 500g,2.97,90
5946,1654,Peanuts (Groundnut) 500g,1.21,90
5947,1654,Sunflower Oil 1L,2.87,180
5948,1654,Groundnut Oil 1L,0.6,220
5949,1654,Mustard Oil 1L,5.89,200
5950,1655,Sunflower Oil 1L,6.81,180
5951,1655,Groundnut Oil 1L,0.81,220
5952,1655,Pure Ghee 1L,0.41,600
5953,1655,Sugar 1kg,1.71,45
5954,1656,Groundnut Oil 1L,1.41,220
5955,1656,Pure Ghee 1L,0.34,600
5956,1656,Sugar 1kg,1.07,45
5957,1656,Jaggery (Bella/Gud) 1kg,0.64,70
5958,1657,Groundnut Oil 1L,0.83,220
5959,1657,Pure Ghee 1L,0.37,600
5960,1657,Sugar 1kg,1.38,45
5961,1657,Jaggery (Bella/Gud) 1kg,0.77,70
5962,1658,Groundnut Oil 1L,1.08,220
5963,1658,Pure Ghee 1L,0.93,600
5964,1658,Sugar 1kg,1.57,45
5965,1658,Jaggery (Bella/Gud) 1kg,0.66,70
5966,1659,Groundnut Oil 1L,0.76,220
5967,1659,Pure Ghee 1L,0.89,600
5968,1659,Sugar 1kg,1.47,45
5969,1659,Jaggery (Bella/Gud) 1kg,0.9,70
5970,1660,Sugar 1kg,1.96,45
5971,1660,Jaggery (Bella/Gud) 1kg,0.84,70
5972,1660,Iodized Salt 1kg,1.78,25
5973,1660,Rock Salt (Sendha Namak) 500g,0.9,40
5974,1661,Iodized Salt 1kg,3.15,25
5975,1662,Iodized Salt 1kg,3.54,25
5976,1663,Sona Masoori Rice 5kg,2.0,350
5977,1663,Basmati Rice 5kg,4.99,550
5978,1663,Wheat Flour (Atta) 5kg,6.33,250
5979,1663,Toor Dal 1kg,3.2,140
5980,1664,Sona Masoori Rice 5kg,2.8,350
5981,1664,Basmati Rice 5kg,5.55,550
5982,1664,Wheat Flour (Atta) 5kg,5.94,250
5983,1664,Toor Dal 1kg,1.41,140
5984,1665,Sona Masoori Rice 5kg,1.81,350
5985,1665,Toor Dal 1kg,3.4,140
5986,1665,Moong Dal 1kg,2.44,130
5987,1665,Rajma (Kidney Beans) 1kg,0.95,160
5988,1666,Sona Masoori Rice 5kg,3.01,350
5989,1666,Moong Dal 1kg,2.23,130
5990,1666,Rajma (Kidney Beans) 1kg,1.69,160
5991,1666,Turmeric Powder 200g,0.9,60
5992,1667,Sona Masoori Rice 5kg,1.85,350
5993,1667,Moong Dal 1kg,2.66,130
5994,1667,Turmeric Powder 200g,1.4,60
5995,1667,Garam Masala 100g,0.5,80
5996,1668,Sona Masoori Rice 5kg,3.28,301.33
5997,1668,Turmeric Powder 200g,0.62,60
5998,1668,Garam Masala 100g,0.71,80
5999,1668,Biryani Masala 100g,0.56,100
6000,1669,Turmeric Powder 200g,0.65,60
6001,1669,Garam Masala 100g,0.62,80
6002,1669,Biryani Masala 100g,0.34,100
6003,1669,Almonds (Badam) 500g,2.14,450
6004,1670,Turmeric Powder 200g,1.59,60
6005,1670,Garam Masala 100g,0.68,80
6006,1670,Biryani Masala 100g,0.52,100
6007,1670,Cashew Nuts (Kaju) 500g,0.69,550
6008,1671,Garam Masala 100g,0.58,80
6009,1671,Biryani Masala 100g,0.68,100
6010,1671,Cashew Nuts (Kaju) 500g,0.91,550
6011,1671,Peanuts (Groundnut) 500g,0.98,90
6012,1672,Biryani Masala 100g,0.39,114.83
6013,1672,Cashew Nuts (Kaju) 500g,0.52,462.97
6014,1672,Peanuts (Groundnut) 500g,1.15,90
6015,1672,Sunflower Oil 1L,1.26,180
6016,1673,Biryani Masala 100g,0.3,100
6017,1673,Peanuts (Groundnut) 500g,1.0,90
6018,1673,Sunflower Oil 1L,1.37,180
6019,1673,Groundnut Oil 1L,0.68,220
6020,1674,Peanuts (Groundnut) 500g,1.28,90
6021,1674,Sunflower Oil 1L,1.26,180
6022,1674,Groundnut Oil 1L,0.98,220
6023,1674,Mustard Oil 1L,2.21,200
6024,1675,Peanuts (Groundnut) 500g,0.86,90
6025,1675,Sunflower Oil 1L,2.63,180
6026,1675,Groundnut Oil 1L,0.73,220
6027,1675,Mustard Oil 1L,2.11,200
6028,1676,Sunflower Oil 1L,1.85,180
6029,1676,Groundnut Oil 1L,1.01,220
6030,1676,Mustard Oil 1L,0.76,200
6031,1676,Pure Ghee 1L,0.46,600
6032,1677,Sunflower Oil 1L,2.53,180
6033,1677,Groundnut Oil 1L,1.24,220
6034,1677,Pure Ghee 1L,0.59,600
6035,1677,Sugar 1kg,3.43,45
6036,1678,Groundnut Oil 1L,1.02,220
6037,1678,Pure Ghee 1L,0.46,600
6038,1678,Sugar 1kg,6.3,45
6039,1678,Jaggery (Bella/Gud) 1kg,0.88,70
6040,1679,Pure Ghee 1L,0.59,600
6041,1679,Jaggery (Bella/Gud) 1kg,0.76,70
6042,1679,Iodized Salt 1kg,1.51,25
6043,1679,Rock Salt (Sendha Namak) 500g,0.45,40
6044,1680,Pure Ghee 1L,0.34,600
6045,1680,Jaggery (Bella/Gud) 1kg,0.78,70
6046,1680,Iodized Salt 1kg,1.64,25
6047,1680,Rock Salt (Sendha Namak) 500g,0.48,40
6048,1681,Pure Ghee 1L,0.79,600
6049,1681,Jaggery (Bella/Gud) 1kg,0.96,70
6050,1681,Iodized Salt 1kg,1.52,25
6051,1681,Rock Salt (Sendha Namak) 500g,0.76,40
6052,1682,Jaggery (Bella/Gud) 1kg,0.57,70
6053,1682,Iodized Salt 1kg,2.28,25
6054,1682,Rock Salt (Sendha Namak) 500g,1.15,40
6055,1683,Iodized Salt 1kg,0.91,25
6056,1684,Sona Masoori Rice 5kg,8.33,350
6057,1684,Basmati Rice 5kg,1.95,550
6058,1684,Wheat Flour (Atta) 5kg,6.62,250
6059,1684,Toor Dal 1kg,1.88,140
6060,1685,Sona Masoori Rice 5kg,5.98,350
6061,1685,Basmati Rice 5kg,2.11,550
6062,1685,Wheat Flour (Atta) 5kg,6.55,250
6063,1685,Toor Dal 1kg,0.68,140
6064,1686,Basmati Rice 5kg,2.59,550
6065,1686,Toor Dal 1kg,1.08,140
6066,1686,Moong Dal 1kg,1.57,130
6067,1686,Rajma (Kidney Beans) 1kg,0.59,160
6068,1687,Basmati Rice 5kg,1.48,550
6069,1687,Toor Dal 1kg,1.58,140
6070,1687,Moong Dal 1kg,3.25,130
6071,1687,Rajma (Kidney Beans) 1kg,0.44,160
6072,1688,Basmati Rice 5kg,2.43,550
6073,1688,Toor Dal 1kg,0.94,140
6074,1688,Moong Dal 1kg,1.86,130
6075,1688,Rajma (Kidney Beans) 1kg,0.59,160
6076,1689,Basmati Rice 5kg,1.35,550
6077,1689,Toor Dal 1kg,1.33,140
6078,1689,Rajma (Kidney Beans) 1kg,0.46,160
6079,1689,Turmeric Powder 200g,0.39,60
6080,1690,Rajma (Kidney Beans) 1kg,0.51,160
6081,1690,Turmeric Powder 200g,1.02,60
6082,1690,Garam Masala 100g,0.79,80
6083,1690,Biryani Masala 100g,1.81,100
6084,1691,Turmeric Powder 200g,0.98,60
6085,1691,Garam Masala 100g,0.66,80
6086,1691,Biryani Masala 100g,1.39,115.66
6087,1691,Almonds (Badam) 500g,0.3,450
6088,1692,Turmeric Powder 200g,0.88,60
6089,1692,Garam Masala 100g,1.12,80
6090,1692,Almonds (Badam) 500g,0.67,450
6091,1692,Cashew Nuts (Kaju) 500g,0.38,550
6092,1693,Turmeric Powder 200g,0.76,60
6093,1693,Garam Masala 100g,0.82,80
6094,1693,Almonds (Badam) 500g,0.38,450
6095,1693,Cashew Nuts (Kaju) 500g,0.64,550
6096,1694,Turmeric Powder 200g,0.9,60
6097,1694,Garam Masala 100g,0.64,80
6098,1694,Almonds (Badam) 500g,0.53,450
6099,1694,Cashew Nuts (Kaju) 500g,0.77,550
6100,1695,Cashew Nuts (Kaju) 500g,0.61,550
6101,1695,Peanuts (Groundnut) 500g,4.72,90
6102,1695,Sunflower Oil 1L,2.78,180
6103,1695,Groundnut Oil 1L,0.96,220
6104,1696,Sunflower Oil 1L,2.54,180
6105,1696,Groundnut Oil 1L,1.46,220
6106,1696,Mustard Oil 1L,0.95,200
6107,1696,Pure Ghee 1L,0.96,600
6108,1697,Sunflower Oil 1L,2.88,180
6109,1697,Groundnut Oil 1L,1.17,220
6110,1697,Mustard Oil 1L,0.74,161.6
6111,1697,Pure Ghee 1L,0.71,600
6112,1698,Sunflower Oil 1L,2.8,180
6113,1698,Groundnut Oil 1L,1.82,220
6114,1698,Mustard Oil 1L,1.18,200
6115,1698,Pure Ghee 1L,0.71,600
6116,1699,Mustard Oil 1L,0.8,200
6117,1699,Pure Ghee 1L,0.87,600
6118,1699,Sugar 1kg,3.8,45
6119,1699,Jaggery (Bella/Gud) 1kg,0.48,70
6120,1700,Mustard Oil 1L,1.58,200
6121,1700,Sugar 1kg,3.73,45
6122,1700,Jaggery (Bella/Gud) 1kg,0.76,70
6123,1700,Iodized Salt 1kg,1.11,25
6124,1701,Sugar 1kg,2.73,45
6125,1701,Jaggery (Bella/Gud) 1kg,0.78,70
6126,1701,Iodized Salt 1kg,2.81,25
6127,1701,Rock Salt (Sendha Namak) 500g,0.34,40
6128,1702,Jaggery (Bella/Gud) 1kg,1.1,70
6129,1702,Iodized Salt 1kg,1.75,25
6130,1702,Rock Salt (Sendha Namak) 500g,0.43,40
6131,1703,Jaggery (Bella/Gud) 1kg,0.72,70
6132,1703,Iodized Salt 1kg,2.22,25
6133,1703,Rock Salt (Sendha Namak) 500g,0.39,40
6134,1704,Rock Salt (Sendha Namak) 500g,0.35,40
6135,1705,Sona Masoori Rice 5kg,6.19,350
6136,1705,Basmati Rice 5kg,1.75,550
6137,1705,Wheat Flour (Atta) 5kg,11.9,250
6138,1705,Toor Dal 1kg,1.44,140
6139,1706,Sona Masoori Rice 5kg,9.63,350
6140,1706,Basmati Rice 5kg,1.82,550
6141,1706,Toor Dal 1kg,1.77,140
6142,1706,Moong Dal 1kg,1.81,130
6143,1707,Basmati Rice 5kg,3.05,550
6144,1707,Toor Dal 1kg,1.69,140
6145,1707,Moong Dal 1kg,1.91,130
6146,1707,Rajma (Kidney Beans) 1kg,0.43,160
6147,1708,Basmati Rice 5kg,2.64,483.06
6148,1708,Toor Dal 1kg,3.25,140
6149,1708,Moong Dal 1kg,0.94,130
6150,1708,Rajma (Kidney Beans) 1kg,0.55,160
6151,1709,Basmati Rice 5kg,2.37,550
6152,1709,Moong Dal 1kg,0.93,130
6153,1709,Rajma (Kidney Beans) 1kg,0.56,160
6154,1709,Turmeric Powder 200g,1.17,60
6155,1710,Moong Dal 1kg,1.5,130
6156,1710,Rajma (Kidney Beans) 1kg,0.48,160
6157,1710,Turmeric Powder 200g,2.02,60
6158,1710,Biryani Masala 100g,1.0,100
6159,1711,Rajma (Kidney Beans) 1kg,0.44,187.51
6160,1711,Turmeric Powder 200g,1.92,60
6161,1711,Biryani Masala 100g,0.95,100
6162,1711,Almonds (Badam) 500g,0.36,450
6163,1712,Rajma (Kidney Beans) 1kg,0.28,160
6164,1712,Biryani Masala 100g,0.97,100
6165,1712,Almonds (Badam) 500g,0.47,450
6166,1712,Cashew Nuts (Kaju) 500g,0.61,550
6167,1713,Almonds (Badam) 500g,0.56,450
6168,1713,Cashew Nuts (Kaju) 500g,0.27,550
6169,1713,Peanuts (Groundnut) 500g,1.78,90
6170,1713,Sunflower Oil 1L,2.63,180
6171,1714,Almonds (Badam) 500g,0.52,450
6172,1714,Cashew Nuts (Kaju) 500g,0.52,550
6173,1714,Peanuts (Groundnut) 500g,0.99,90
6174,1714,Sunflower Oil 1L,1.39,180
6175,1715,Cashew Nuts (Kaju) 500g,0.68,550
6176,1715,Peanuts (Groundnut) 500g,1.0,90
6177,1715,Sunflower Oil 1L,2.84,180
6178,1715,Groundnut Oil 1L,1.08,220
6179,1716,Peanuts (Groundnut) 500g,1.57,90
6180,1716,Sunflower Oil 1L,1.38,180
6181,1716,Groundnut Oil 1L,1.01,220
6182,1716,Mustard Oil 1L,5.2,200
6183,1717,Sunflower Oil 1L,2.27,180
6184,1717,Groundnut Oil 1L,1.42,220
6185,1717,Pure Ghee 1L,0.74,600
6186,1717,Sugar 1kg,1.53,45
6187,1718,Groundnut Oil 1L,0.52,220
6188,1718,Pure Ghee 1L,0.84,600
6189,1718,Sugar 1kg,3.36,45
6190,1718,Jaggery (Bella/Gud) 1kg,0.91,70
6191,1719,Groundnut Oil 1L,1.19,220
6192,1719,Pure Ghee 1L,0.9,600
6193,1719,Sugar 1kg,2.77,45
6194,1719,Jaggery (Bella/Gud) 1kg,0.71,70
6195,1720,Pure Ghee 1L,0.72,600
6196,1720,Sugar 1kg,1.48,45
6197,1720,Jaggery (Bella/Gud) 1kg,0.78,70
6198,1720,Iodized Salt 1kg,3.09,25
6199,1721,Jaggery (Bella/Gud) 1kg,0.79,70
6200,1721,Iodized Salt 1kg,1.14,25
6201,1721,Rock Salt (Sendha Namak) 500g,2.95,40
6202,1722,Jaggery (Bella/Gud) 1kg,0.94,70
6203,1722,Iodized Salt 1kg,2.41,25
6204,1723,Iodized Salt 1kg,1.19,25
6205,1724,Iodized Salt 1kg,1.24,25
6206,1725,Sona Masoori Rice 5kg,2.95,350
6207,1725,Basmati Rice 5kg,4.77,550
6208,1725,Wheat Flour (Atta) 5kg,2.62,250
6209,1725,Toor Dal 1kg,8.73,140
6210,1726,Sona Masoori Rice 5kg,4.49,350
6211,1726,Basmati Rice 5kg,2.44,550
6212,1726,Wheat Flour (Atta) 5kg,2.59,250
6213,1726,Moong Dal 1kg,1.28,130
6214,1727,Sona Masoori Rice 5kg,4.43,350
6215,1727,Basmati Rice 5kg,4.8,550
6216,1727,Wheat Flour (Atta) 5kg,1.84,250
6217,1727,Moong Dal 1kg,1.38,130
6218,1728,Sona Masoori Rice 5kg,3.39,350
6219,1728,Wheat Flour (Atta) 5kg,1.05,250
6220,1728,Moong Dal 1kg,1.85,130
6221,1728,Rajma (Kidney Beans) 1kg,0.67,160
6222,1729,Wheat Flour (Atta) 5kg,1.14,250
6223,1729,Moong Dal 1kg,1.36,130
6224,1729,Rajma (Kidney Beans) 1kg,0.36,160
6225,1729,Turmeric Powder 200g,0.86,60
6226,1730,Wheat Flour (Atta) 5kg,2.15,250
6227,1730,Moong Dal 1kg,0.78,130
6228,1730,Rajma (Kidney Beans) 1kg,0.46,160
6229,1730,Turmeric Powder 200g,0.52,60
6230,1731,Rajma (Kidney Beans) 1kg,0.57,160
6231,1731,Turmeric Powder 200g,0.79,60
6232,1731,Biryani Masala 100g,0.77,114.83
6233,1731,Almonds (Badam) 500g,1.18,450
6234,1732,Rajma (Kidney Beans) 1kg,0.39,160
6235,1732,Turmeric Powder 200g,0.94,60
6236,1732,Biryani Masala 100g,0.72,100
6237,1732,Almonds (Badam) 500g,0.91,450
6238,1733,Rajma (Kidney Beans) 1kg,0.37,160
6239,1733,Turmeric Powder 200g,0.82,60
6240,1733,Biryani Masala 100g,0.3,100
6241,1733,Cashew Nuts (Kaju) 500g,0.37,550
6242,1734,Turmeric Powder 200g,0.57,60
6243,1734,Biryani Masala 100g,0.54,100
6244,1734,Cashew Nuts (Kaju) 500g,0.29,550
6245,1734,Peanuts (Groundnut) 500g,0.69,90
6246,1735,Biryani Masala 100g,0.53,100
6247,1735,Cashew Nuts (Kaju) 500g,0.34,550
6248,1735,Peanuts (Groundnut) 500g,1.28,90
6249,1735,Sunflower Oil 1L,9.56,180
6250,1736,Cashew Nuts (Kaju) 500g,0.5,550
6251,1736,Peanuts (Groundnut) 500g,0.92,90
6252,1736,Groundnut Oil 1L,1.61,220
6253,1736,Mustard Oil 1L,1.99,200
6254,1737,Cashew Nuts (Kaju) 500g,0.66,550
6255,1737,Peanuts (Groundnut) 500g,1.09,90
6256,1737,Groundnut Oil 1L,4.19,220
6257,1737,Mustard Oil 1L,1.64,200
6258,1738,Peanuts (Groundnut) 500g,0.56,90
6259,1738,Mustard Oil 1L,1.65,200
6260,1738,Pure Ghee 1L,3.29,600
6261,1738,Sugar 1kg,9.23,45
6262,1739,Jaggery (Bella/Gud) 1kg,4.15,70
6263,1739,Iodized Salt 1kg,2.26,25
6264,1739,Rock Salt (Sendha Namak) 500g,0.45,40
6265,1740,Iodized Salt 1kg,2.52,25
6266,1740,Rock Salt (Sendha Namak) 500g,0.26,40
6267,1741,Iodized Salt 1kg,2.02,25
6268,1741,Rock Salt (Sendha Namak) 500g,0.65,40
6269,1742,Iodized Salt 1kg,1.93,25
6270,1742,Rock Salt (Sendha Namak) 500g,0.61,40
6271,1743,Rock Salt (Sendha Namak) 500g,0.29,40
6272,1744,Sona Masoori Rice 5kg,13.55,350
6273,1744,Basmati Rice 5kg,1.37,493.1
6274,1744,Wheat Flour (Atta) 5kg,11.66,250
6275,1744,Toor Dal 1kg,8.14,140
6276,1745,Basmati Rice 5kg,2.67,550
6277,1745,Moong Dal 1kg,2.02,130
6278,1745,Rajma (Kidney Beans) 1kg,0.41,160
6279,1745,Turmeric Powder 200g,0.73,60
6280,1746,Basmati Rice 5kg,2.71,550
6281,1746,Moong Dal 1kg,2.74,130
6282,1746,Rajma (Kidney Beans) 1kg,0.65,160
6283,1746,Turmeric Powder 200g,0.96,60
6284,1747,Basmati Rice 5kg,2.19,550
6285,1747,Moong Dal 1kg,2.67,130
6286,1747,Rajma (Kidney Beans) 1kg,0.82,133.55
6287,1747,Turmeric Powder 200g,0.86,60
6288,1748,Basmati Rice 5kg,2.11,550
6289,1748,Rajma (Kidney Beans) 1kg,0.54,160
6290,1748,Turmeric Powder 200g,0.86,60
6291,1748,Garam Masala 100g,1.18,80
6292,1749,Rajma (Kidney Beans) 1kg,0.47,160
6293,1749,Turmeric Powder 200g,1.04,60
6294,1749,Garam Masala 100g,0.47,69.15
6295,1749,Biryani Masala 100g,0.42,100
6296,1750,Turmeric Powder 200g,1.0,60
6297,1750,Garam Masala 100g,1.16,80
6298,1750,Biryani Masala 100g,0.51,100
6299,1750,Almonds (Badam) 500g,0.47,450
6300,1751,Garam Masala 100g,1.09,80
6301,1751,Biryani Masala 100g,0.51,100
6302,1751,Almonds (Badam) 500g,0.61,450
6303,1751,Cashew Nuts (Kaju) 500g,0.51,550
6304,1752,Garam Masala 100g,0.68,80
6305,1752,Biryani Masala 100g,0.68,100
6306,1752,Almonds (Badam) 500g,0.51,450
6307,1752,Cashew Nuts (Kaju) 500g,0.8,550
6308,1753,Biryani Masala 100g,0.5,100
6309,1753,Almonds (Badam) 500g,0.48,450
6310,1753,Cashew Nuts (Kaju) 500g,0.86,550
6311,1753,Peanuts (Groundnut) 500g,1.61,90
6312,1754,Biryani Masala 100g,0.42,100
6313,1754,Peanuts (Groundnut) 500g,1.59,90
6314,1754,Sunflower Oil 1L,2.62,180
6315,1754,Groundnut Oil 1L,2.81,220
6316,1755,Peanuts (Groundnut) 500g,2.01,90
6317,1755,Sunflower Oil 1L,2.42,180
6318,1755,Groundnut Oil 1L,3.17,220
6319,1755,Mustard Oil 1L,1.3,200
6320,1756,Sunflower Oil 1L,4.12,180
6321,1756,Mustard Oil 1L,1.6,200
6322,1756,Pure Ghee 1L,1.3,600
6323,1756,Sugar 1kg,2.41,45
6324,1757,Sunflower Oil 1L,1.58,180
6325,1757,Mustard Oil 1L,1.22,200
6326,1757,Pure Ghee 1L,0.58,600
6327,1757,Sugar 1kg,1.94,45
6328,1758,Mustard Oil 1L,1.24,200
6329,1758,Pure Ghee 1L,0.82,600
6330,1758,Sugar 1kg,1.93,45
6331,1758,Jaggery (Bella/Gud) 1kg,1.02,70
6332,1759,Sugar 1kg,3.46,45
6333,1759,Jaggery (Bella/Gud) 1kg,0.89,70
6334,1759,Iodized Salt 1kg,2.59,25
6335,1759,Rock Salt (Sendha Namak) 500g,0.54,40
6336,1760,Jaggery (Bella/Gud) 1kg,1.73,70
6337,1760,Iodized Salt 1kg,2.91,25
6338,1760,Rock Salt (Sendha Namak) 500g,0.23,40
6339,1761,Jaggery (Bella/Gud) 1kg,0.59,70
6340,1761,Iodized Salt 1kg,3.06,25
6341,1761,Rock Salt (Sendha Namak) 500g,0.34,40
6342,1762,Rock Salt (Sendha Namak) 500g,0.39,40
6343,1763,Sona Masoori Rice 5kg,2.78,350
6344,1763,Basmati Rice 5kg,7.13,445.87
6345,1763,Wheat Flour (Atta) 5kg,1.58,250
6346,1763,Toor Dal 1kg,7.57,140
6347,1764,Sona Masoori Rice 5kg,2.96,350
6348,1764,Basmati Rice 5kg,4.26,550
6349,1764,Wheat Flour (Atta) 5kg,3.19,250
6350,1764,Moong Dal 1kg,2.12,153.02
6351,1765,Sona Masoori Rice 5kg,4.9,350
6352,1765,Wheat Flour (Atta) 5kg,2.84,250
6353,1765,Moong Dal 1kg,2.7,130
6354,1765,Rajma (Kidney Beans) 1kg,1.51,160
6355,1766,Sona Masoori Rice 5kg,3.67,350
6356,1766,Wheat Flour (Atta) 5kg,2.97,250
6357,1766,Moong Dal 1kg,2.01,130
6358,1766,Rajma (Kidney Beans) 1kg,1.83,160
6359,1767,Wheat Flour (Atta) 5kg,1.54,250
6360,1767,Turmeric Powder 200g,1.41,60
6361,1767,Garam Masala 100g,0.47,80
6362,1767,Biryani Masala 100g,0.69,100
6363,1768,Turmeric Powder 200g,1.14,60
6364,1768,Garam Masala 100g,0.43,80
6365,1768,Biryani Masala 100g,1.05,100
6366,1768,Almonds (Badam) 500g,0.19,450
6367,1769,Turmeric Powder 200g,1.45,60
6368,1769,Garam Masala 100g,0.48,80
6369,1769,Biryani Masala 100g,1.31,100
6370,1769,Almonds (Badam) 500g,0.3,450
6371,1770,Turmeric Powder 200g,0.79,70.15
6372,1770,Garam Masala 100g,0.4,80
6373,1770,Almonds (Badam) 500g,0.47,383.68
6374,1770,Cashew Nuts (Kaju) 500g,2.3,550
6375,1771,Turmeric Powder 200g,0.67,60
6376,1771,Garam Masala 100g,0.52,80
6377,1771,Almonds (Badam) 500g,0.31,450
6378,1771,Peanuts (Groundnut) 500g,1.8,90
6379,1772,Almonds (Badam) 500g,0.39,450
6380,1772,Peanuts (Groundnut) 500g,3.62,90
6381,1772,Sunflower Oil 1L,4.21,180
6382,1772,Groundnut Oil 1L,1.76,220
6383,1773,Almonds (Badam) 500g,0.26,450
6384,1773,Sunflower Oil 1L,2.06,148.32
6385,1773,Groundnut Oil 1L,1.55,220
6386,1773,Mustard Oil 1L,1.07,200
6387,1774,Sunflower Oil 1L,3.1,180
6388,1774,Groundnut Oil 1L,0.69,220
6389,1774,Mustard Oil 1L,1.11,200
6390,1774,Pure Ghee 1L,1.66,600
6391,1775,Groundnut Oil 1L,1.51,220
6392,1775,Mustard Oil 1L,1.1,200
6393,1775,Pure Ghee 1L,1.64,600
6394,1775,Sugar 1kg,1.76,45
6395,1776,Mustard Oil 1L,0.99,200
6396,1776,Sugar 1kg,1.36,45
6397,1776,Jaggery (Bella/Gud) 1kg,2.64,70
6398,1776,Iodized Salt 1kg,8.11,25
6399,1777,Mustard Oil 1L,1.29,200
6400,1777,Sugar 1kg,3.07,45
6401,1777,Jaggery (Bella/Gud) 1kg,1.44,80.28
6402,1777,Rock Salt (Sendha Namak) 500g,1.07,40
6403,1778,Sugar 1kg,1.34,45
6404,1778,Rock Salt (Sendha Namak) 500g,0.96,40
6405,1779,Sugar 1kg,1.84,45
6406,1780,Sona Masoori Rice 5kg,2.19,297.71
6407,1780,Basmati Rice 5kg,10.19,550
6408,1780,Wheat Flour (Atta) 5kg,2.75,250
6409,1780,Toor Dal 1kg,2.79,114.2
6410,1781,Sona Masoori Rice 5kg,1.59,312.05
6411,1781,Wheat Flour (Atta) 5kg,1.91,250
6412,1781,Toor Dal 1kg,1.72,140
6413,1781,Moong Dal 1kg,1.41,130
6414,1782,Sona Masoori Rice 5kg,2.07,350
6415,1782,Wheat Flour (Atta) 5kg,3.79,250
6416,1782,Toor Dal 1kg,3.27,140
6417,1782,Moong Dal 1kg,1.56,130
6418,1783,Sona Masoori Rice 5kg,3.45,350
6419,1783,Wheat Flour (Atta) 5kg,1.92,250
6420,1783,Moong Dal 1kg,1.39,130
6421,1783,Rajma (Kidney Beans) 1kg,0.42,160
6422,1784,Sona Masoori Rice 5kg,2.7,350
6423,1784,Wheat Flour (Atta) 5kg,1.88,250
6424,1784,Moong Dal 1kg,1.45,145.85
6425,1784,Rajma (Kidney Beans) 1kg,0.61,160
6426,1785,Sona Masoori Rice 5kg,2.94,350
6427,1785,Moong Dal 1kg,1.77,130
6428,1785,Rajma (Kidney Beans) 1kg,0.31,160
6429,1785,Turmeric Powder 200g,3.88,60
6430,1786,Rajma (Kidney Beans) 1kg,0.84,160
6431,1786,Turmeric Powder 200g,1.55,60
6432,1786,Garam Masala 100g,0.37,80
6433,1786,Biryani Masala 100g,1.36,100
6434,1787,Rajma (Kidney Beans) 1kg,0.55,160
6435,1787,Garam Masala 100g,0.43,80
6436,1787,Biryani Masala 100g,1.14,100
6437,1787,Almonds (Badam) 500g,0.33,450
6438,1788,Rajma (Kidney Beans) 1kg,0.52,160
6439,1788,Garam Masala 100g,0.53,80
6440,1788,Biryani Masala 100g,0.61,100
6441,1788,Almonds (Badam) 500g,0.55,450
6442,1789,Garam Masala 100g,0.19,80
6443,1789,Almonds (Badam) 500g,0.83,450
6444,1789,Cashew Nuts (Kaju) 500g,0.42,550
6445,1789,Peanuts (Groundnut) 500g,1.44,79.91
6446,1790,Garam Masala 100g,0.32,80
6447,1790,Almonds (Badam) 500g,0.4,450
6448,1790,Cashew Nuts (Kaju) 500g,0.76,550
6449,1790,Peanuts (Groundnut) 500g,1.14,90
6450,1791,Cashew Nuts (Kaju) 500g,0.98,550
6451,1791,Peanuts (Groundnut) 500g,1.25,90
6452,1791,Sunflower Oil 1L,7.22,180
6453,1791,Groundnut Oil 1L,2.02,220
6454,1792,Peanuts (Groundnut) 500g,0.88,90
6455,1792,Sunflower Oil 1L,2.68,180
6456,1792,Groundnut Oil 1L,3.0,220
6457,1792,Mustard Oil 1L,2.5,200
6458,1793,Mustard Oil 1L,2.88,171.4
6459,1793,Pure Ghee 1L,0.75,600
6460,1793,Sugar 1kg,3.01,45
6461,1793,Jaggery (Bella/Gud) 1kg,1.09,70
6462,1794,Pure Ghee 1L,0.53,600
6463,1794,Sugar 1kg,2.28,45
6464,1794,Jaggery (Bella/Gud) 1kg,1.48,70
6465,1794,Iodized Salt 1kg,1.1,20.12
6466,1795,Pure Ghee 1L,0.51,600
6467,1795,Sugar 1kg,5.68,45
6468,1795,Jaggery (Bella/Gud) 1kg,1.66,70
6469,1795,Iodized Salt 1kg,1.83,25
6470,1796,Pure Ghee 1L,0.41,600
6471,1796,Iodized Salt 1kg,1.98,25
6472,1796,Rock Salt (Sendha Namak) 500g,0.52,40
6473,1797,Pure Ghee 1L,0.71,600
6474,1797,Iodized Salt 1kg,1.95,25
6475,1797,Rock Salt (Sendha Namak) 500g,0.41,40
6476,1798,Iodized Salt 1kg,0.95,25
6477,1798,Rock Salt (Sendha Namak) 500g,0.47,40
6478,1799,Rock Salt (Sendha Namak) 500g,0.27,40
6479,1800,Sona Masoori Rice 5kg,16.34,350
6480,1800,Basmati Rice 5kg,3.13,550
6481,1800,Wheat Flour (Atta) 5kg,3.37,250
6482,1800,Toor Dal 1kg,7.54,140
6483,1801,Basmati Rice 5kg,1.42,550
6484,1801,Wheat Flour (Atta) 5kg,3.68,250
6485,1801,Moong Dal 1kg,1.34,130
6486,1801,Rajma (Kidney Beans) 1kg,0.3,160
6487,1802,Basmati Rice 5kg,3.86,550
6488,1802,Wheat Flour (Atta) 5kg,4.44,250
6489,1802,Moong Dal 1kg,1.04,130
6490,1802,Rajma (Kidney Beans) 1kg,0.43,160
6491,1803,Basmati Rice 5kg,1.56,550
6492,1803,Moong Dal 1kg,1.8,130
6493,1803,Rajma (Kidney Beans) 1kg,0.69,160
6494,1803,Turmeric Powder 200g,1.94,60
6495,1804,Moong Dal 1kg,0.96,130
6496,1804,Rajma (Kidney Beans) 1kg,0.39,160
6497,1804,Turmeric Powder 200g,1.88,60
6498,1804,Garam Masala 100g,2.08,80
6499,1805,Moong Dal 1kg,0.82,130
6500,1805,Rajma (Kidney Beans) 1kg,0.34,160
6501,1805,Turmeric Powder 200g,1.42,60
6502,1805,Garam Masala 100g,2.14,80
6503,1806,Moong Dal 1kg,1.3,130
6504,1806,Rajma (Kidney Beans) 1kg,0.55,160
6505,1806,Biryani Masala 100g,0.31,100
6506,1806,Almonds (Badam) 500g,0.31,450
6507,1807,Biryani Masala 100g,0.4,100
6508,1807,Almonds (Badam) 500g,0.35,450
6509,1807,Cashew Nuts (Kaju) 500g,2.43,550
6510,1807,Peanuts (Groundnut) 500g,1.27,90
6511,1808,Biryani Masala 100g,0.79,87.76
6512,1808,Almonds (Badam) 500g,0.4,450
6513,1808,Peanuts (Groundnut) 500g,0.59,90
6514,1808,Sunflower Oil 1L,2.76,180
6515,1809,Biryani Masala 100g,0.83,100
6516,1809,Almonds (Badam) 500g,0.41,450
6517,1809,Peanuts (Groundnut) 500g,0.94,90
6518,1809,Sunflower Oil 1L,1.06,180
6519,1810,Biryani Masala 100g,0.38,100
6520,1810,Almonds (Badam) 500g,0.25,450
6521,1810,Peanuts (Groundnut) 500g,1.16,90
6522,1810,Sunflower Oil 1L,2.4,180
6523,1811,Almonds (Badam) 500g,0.45,450
6524,1811,Peanuts (Groundnut) 500g,1.19,90
6525,1811,Sunflower Oil 1L,0.93,180
6526,1811,Groundnut Oil 1L,5.7,220
6527,1812,Sunflower Oil 1L,1.16,180
6528,1812,Mustard Oil 1L,0.84,200
6529,1812,Pure Ghee 1L,1.35,600
6530,1812,Sugar 1kg,2.28,45
6531,1813,Sunflower Oil 1L,1.45,180
6532,1813,Mustard Oil 1L,0.83,200
6533,1813,Pure Ghee 1L,0.55,600
6534,1813,Sugar 1kg,1.99,45
6535,1814,Mustard Oil 1L,1.47,200
6536,1814,Pure Ghee 1L,0.93,600
6537,1814,Sugar 1kg,2.67,45
6538,1814,Jaggery (Bella/Gud) 1kg,4.4,70
6539,1815,Mustard Oil 1L,1.14,200
6540,1815,Sugar 1kg,1.26,45
6541,1815,Iodized Salt 1kg,1.09,25
6542,1815,Rock Salt (Sendha Namak) 500g,0.79,40
6543,1816,Mustard Oil 1L,0.72,200
6544,1816,Sugar 1kg,2.62,45
6545,1816,Iodized Salt 1kg,1.26,25
6546,1816,Rock Salt (Sendha Namak) 500g,0.4,40
6547,1817,Iodized Salt 1kg,1.94,25
6548,1817,Rock Salt (Sendha Namak) 500g,0.47,40
6549,1818,Iodized Salt 1kg,1.18,25
6550,1819,Iodized Salt 1kg,2.45,25
6551,1820,Sona Masoori Rice 5kg,3.23,350
6552,1820,Basmati Rice 5kg,2.35,550
6553,1820,Wheat Flour (Atta) 5kg,3.48,250
6554,1820,Toor Dal 1kg,3.17,154.09
6555,1821,Sona Masoori Rice 5kg,3.57,350
6556,1821,Basmati Rice 5kg,2.09,550
6557,1821,Wheat Flour (Atta) 5kg,4.94,201.85
6558,1821,Toor Dal 1kg,1.84,140
6559,1822,Sona Masoori Rice 5kg,1.73,350
6560,1822,Basmati Rice 5kg,2.86,550
6561,1822,Wheat Flour (Atta) 5kg,3.3,250
6562,1822,Toor Dal 1kg,1.2,140
6563,1823,Sona Masoori Rice 5kg,2.24,350
6564,1823,Basmati Rice 5kg,2.49,550
6565,1823,Toor Dal 1kg,2.26,140
6566,1823,Moong Dal 1kg,1.63,130
6567,1824,Sona Masoori Rice 5kg,2.36,350
6568,1824,Basmati Rice 5kg,1.9,550
6569,1824,Moong Dal 1kg,1.38,130
6570,1824,Rajma (Kidney Beans) 1kg,0.74,160
6571,1825,Sona Masoori Rice 5kg,2.9,419.14
6572,1825,Moong Dal 1kg,1.19,130
6573,1825,Rajma (Kidney Beans) 1kg,0.77,160
6574,1825,Turmeric Powder 200g,4.73,60
6575,1826,Moong Dal 1kg,1.7,130
6576,1826,Rajma (Kidney Beans) 1kg,1.94,160
6577,1826,Garam Masala 100g,0.94,80
6578,1826,Biryani Masala 100g,1.35,100
6579,1827,Moong Dal 1kg,0.7,130
6580,1827,Garam Masala 100g,0.62,80
6581,1827,Biryani Masala 100g,1.71,100
6582,1827,Almonds (Badam) 500g,0.53,450
6583,1828,Garam Masala 100g,0.94,80
6584,1828,Almonds (Badam) 500g,0.26,450
6585,1828,Cashew Nuts (Kaju) 500g,1.01,550
6586,1828,Peanuts (Groundnut) 500g,1.43,90
6587,1829,Garam Masala 100g,0.98,94.59
6588,1829,Almonds (Badam) 500g,0.2,450
6589,1829,Cashew Nuts (Kaju) 500g,1.1,550
6590,1829,Peanuts (Groundnut) 500g,1.42,90
6591,1830,Garam Masala 100g,0.54,80
6592,1830,Almonds (Badam) 500g,0.54,450
6593,1830,Peanuts (Groundnut) 500g,2.1,90
6594,1830,Sunflower Oil 1L,0.98,180
6595,1831,Almonds (Badam) 500g,0.31,450
6596,1831,Sunflower Oil 1L,2.04,180
6597,1831,Groundnut Oil 1L,1.67,220
6598,1831,Mustard Oil 1L,1.9,200
6599,1832,Almonds (Badam) 500g,0.3,450
6600,1832,Sunflower Oil 1L,2.47,180
6601,1832,Groundnut Oil 1L,2.75,220
6602,1832,Mustard Oil 1L,1.33,200
6603,1833,Sunflower Oil 1L,1.73,180
6604,1833,Groundnut Oil 1L,1.59,220
6605,1833,Mustard Oil 1L,0.83,200
6606,1833,Pure Ghee 1L,0.85,600
6607,1834,Sunflower Oil 1L,1.79,180
6608,1834,Mustard Oil 1L,0.96,200
6609,1834,Pure Ghee 1L,0.98,600
6610,1834,Sugar 1kg,2.6,45
6611,1835,Sunflower Oil 1L,1.84,180
6612,1835,Pure Ghee 1L,1.23,600
6613,1835,Sugar 1kg,1.76,45
6614,1835,Jaggery (Bella/Gud) 1kg,0.47,70
6615,1836,Sugar 1kg,3.28,45
6616,1836,Jaggery (Bella/Gud) 1kg,0.57,70
6617,1836,Iodized Salt 1kg,7.91,25
6618,1836,Rock Salt (Sendha Namak) 500g,0.49,40
6619,1837,Sugar 1kg,2.27,45
6620,1837,Jaggery (Bella/Gud) 1kg,0.66,70
6621,1837,Rock Salt (Sendha Namak) 500g,0.35,40
6622,1838,Jaggery (Bella/Gud) 1kg,0.42,70
6623,1838,Rock Salt (Sendha Namak) 500g,0.48,40
6624,1839,Jaggery (Bella/Gud) 1kg,0.84,70
6625,1839,Rock Salt (Sendha Namak) 500g,0.38,40
6626,1840,Jaggery (Bella/Gud) 1kg,0.85,70
6627,1840,Rock Salt (Sendha Namak) 500g,0.33,40
6628,1841,Sona Masoori Rice 5kg,3.48,350
6629,1841,Basmati Rice 5kg,2.82,550
6630,1841,Wheat Flour (Atta) 5kg,1.07,250
6631,1841,Toor Dal 1kg,2.03,140
6632,1842,Sona Masoori Rice 5kg,2.13,350
6633,1842,Basmati Rice 5kg,2.62,550
6634,1842,Wheat Flour (Atta) 5kg,2.21,250
6635,1842,Toor Dal 1kg,2.56,140
6636,1843,Sona Masoori Rice 5kg,5.19,350
6637,1843,Basmati Rice 5kg,1.03,639.97
6638,1843,Wheat Flour (Atta) 5kg,1.56,250
6639,1843,Toor Dal 1kg,1.82,140
6640,1844,Sona Masoori Rice 5kg,5.23,350
6641,1844,Basmati Rice 5kg,1.34,550
6642,1844,Wheat Flour (Atta) 5kg,2.06,250
6643,1844,Toor Dal 1kg,1.7,140
6644,1845,Basmati Rice 5kg,2.88,550
6645,1845,Wheat Flour (Atta) 5kg,2.31,250
6646,1845,Moong Dal 1kg,1.89,130
6647,1845,Rajma (Kidney Beans) 1kg,1.3,130.25
6648,1846,Basmati Rice 5kg,1.37,550
6649,1846,Wheat Flour (Atta) 5kg,1.99,250
6650,1846,Moong Dal 1kg,2.22,130
6651,1846,Rajma (Kidney Beans) 1kg,0.84,160
6652,1847,Moong Dal 1kg,1.97,130
6653,1847,Rajma (Kidney Beans) 1kg,1.0,160
6654,1847,Turmeric Powder 200g,5.44,60
6655,1847,Garam Masala 100g,1.13,80
6656,1848,Moong Dal 1kg,1.08,130
6657,1848,Garam Masala 100g,1.08,80
6658,1848,Biryani Masala 100g,0.92,100
6659,1848,Almonds (Badam) 500g,0.69,450
6660,1849,Garam Masala 100g,1.04,80
6661,1849,Biryani Masala 100g,0.89,100
6662,1849,Almonds (Badam) 500g,1.32,450
6663,1849,Cashew Nuts (Kaju) 500g,0.53,550
6664,1850,Garam Masala 100g,0.73,80
6665,1850,Biryani Masala 100g,0.93,100
6666,1850,Cashew Nuts (Kaju) 500g,0.57,550
6667,1850,Peanuts (Groundnut) 500g,5.04,90
6668,1851,Garam Masala 100g,0.78,80
6669,1851,Cashew Nuts (Kaju) 500g,0.42,550
6670,1851,Sunflower Oil 1L,1.85,180
6671,1851,Groundnut Oil 1L,2.82,220
6672,1852,Cashew Nuts (Kaju) 500g,0.55,550
6673,1852,Sunflower Oil 1L,0.73,180
6674,1852,Groundnut Oil 1L,3.0,220
6675,1852,Mustard Oil 1L,2.39,200
6676,1853,Sunflower Oil 1L,1.75,180
6677,1853,Mustard Oil 1L,3.04,200
6678,1853,Pure Ghee 1L,0.36,600
6679,1853,Sugar 1kg,2.31,45
6680,1854,Sunflower Oil 1L,1.4,180
6681,1854,Pure Ghee 1L,0.71,600
6682,1854,Sugar 1kg,1.03,45
6683,1854,Jaggery (Bella/Gud) 1kg,1.99,70
6684,1855,Sunflower Oil 1L,2.0,180
6685,1855,Pure Ghee 1L,0.45,600
6686,1855,Sugar 1kg,2.83,45
6687,1855,Jaggery (Bella/Gud) 1kg,1.83,70
6688,1856,Sunflower Oil 1L,2.07,180
6689,1856,Pure Ghee 1L,0.35,600
6690,1856,Sugar 1kg,2.19,53.59
6691,1856,Iodized Salt 1kg,8.03,25
6692,1857,Pure Ghee 1L,0.41,600
6693,1857,Sugar 1kg,1.0,45
6694,1857,Rock Salt (Sendha Namak) 500g,0.18,40
6695,1858,Pure Ghee 1L,0.63,600
6696,1858,Rock Salt (Sendha Namak) 500g,0.3,40
6697,1859,Rock Salt (Sendha Namak) 500g,0.44,40
6698,1860,Rock Salt (Sendha Namak) 500g,0.19,40
6699,1861,Rock Salt (Sendha Namak) 500g,0.16,40
6700,1862,Rock Salt (Sendha Namak) 500g,0.33,40
6701,1863,Sona Masoori Rice 5kg,4.49,350
6702,1863,Basmati Rice 5kg,2.16,550
6703,1863,Wheat Flour (Atta) 5kg,3.15,250
6704,1863,Toor Dal 1kg,1.71,140
6705,1864,Sona Masoori Rice 5kg,9.48,350
6706,1864,Basmati Rice 5kg,2.23,550
6707,1864,Wheat Flour (Atta) 5kg,2.72,250
6708,1864,Toor Dal 1kg,1.34,140
6709,1865,Basmati Rice 5kg,2.1,550
6710,1865,Wheat Flour (Atta) 5kg,1.49,250
6711,1865,Toor Dal 1kg,1.07,140
6712,1865,Moong Dal 1kg,0.8,130
6713,1866,Basmati Rice 5kg,2.9,550
6714,1866,Wheat Flour (Atta) 5kg,2.12,250
6715,1866,Toor Dal 1kg,2.26,140
6716,1866,Moong Dal 1kg,0.96,130
6717,1867,Basmati Rice 5kg,1.99,550
6718,1867,Wheat Flour (Atta) 5kg,3.35,250
6719,1867,Toor Dal 1kg,1.63,140
6720,1867,Moong Dal 1kg,2.04,130
6721,1868,Moong Dal 1kg,1.79,130
6722,1868,Rajma (Kidney Beans) 1kg,0.61,128.62
6723,1868,Turmeric Powder 200g,1.14,60
6724,1868,Biryani Masala 100g,0.46,100
6725,1869,Moong Dal 1kg,0.78,130
6726,1869,Rajma (Kidney Beans) 1kg,0.44,160
6727,1869,Turmeric Powder 200g,1.21,60
6728,1869,Biryani Masala 100g,0.55,100
6729,1870,Rajma (Kidney Beans) 1kg,0.69,160
6730,1870,Turmeric Powder 200g,1.15,60
6731,1870,Biryani Masala 100g,0.36,100
6732,1870,Almonds (Badam) 500g,0.71,450
6733,1871,Rajma (Kidney Beans) 1kg,0.9,160
6734,1871,Turmeric Powder 200g,0.5,60
6735,1871,Biryani Masala 100g,0.44,100
6736,1871,Almonds (Badam) 500g,1.1,450
6737,1872,Turmeric Powder 200g,0.9,60
6738,1872,Biryani Masala 100g,0.5,100
6739,1872,Cashew Nuts (Kaju) 500g,0.71,550
6740,1872,Peanuts (Groundnut) 500g,1.96,90
6741,1873,Biryani Masala 100g,0.65,100
6742,1873,Cashew Nuts (Kaju) 500g,0.47,550
6743,1873,Peanuts (Groundnut) 500g,0.98,100.65
6744,1873,Sunflower Oil 1L,10.48,180
6745,1874,Cashew Nuts (Kaju) 500g,0.91,550
6746,1874,Peanuts (Groundnut) 500g,0.99,90
6747,1874,Groundnut Oil 1L,2.76,220
6748,1874,Mustard Oil 1L,1.27,200
6749,1875,Peanuts (Groundnut) 500g,1.11,103.28
6750,1875,Groundnut Oil 1L,2.4,220
6751,1875,Mustard Oil 1L,0.74,200
6752,1875,Pure Ghee 1L,0.29,600
6753,1876,Mustard Oil 1L,1.4,166.47
6754,1876,Pure Ghee 1L,0.53,600
6755,1876,Sugar 1kg,3.64,45
6756,1876,Jaggery (Bella/Gud) 1kg,1.19,70
6757,1877,Mustard Oil 1L,0.77,200
6758,1877,Pure Ghee 1L,0.63,600
6759,1877,Sugar 1kg,3.21,45
6760,1877,Jaggery (Bella/Gud) 1kg,0.69,70
6761,1878,Mustard Oil 1L,1.26,200
6762,1878,Pure Ghee 1L,0.61,600
6763,1878,Sugar 1kg,2.89,45
6764,1878,Jaggery (Bella/Gud) 1kg,0.75,70
6765,1879,Pure Ghee 1L,0.38,600
6766,1879,Jaggery (Bella/Gud) 1kg,0.81,70
6767,1879,Iodized Salt 1kg,3.97,25
6768,1879,Rock Salt (Sendha Namak) 500g,2.89,40
6769,1880,Pure Ghee 1L,0.41,600
6770,1880,Jaggery (Bella/Gud) 1kg,0.94,70
6771,1880,Iodized Salt 1kg,4.19,25
6772,1881,Sona Masoori Rice 5kg,9.62,350
6773,1881,Basmati Rice 5kg,1.82,550
6774,1881,Wheat Flour (Atta) 5kg,4.26,250
6775,1881,Toor Dal 1kg,1.18,140
6776,1882,Sona Masoori Rice 5kg,6.56,350
6777,1882,Basmati Rice 5kg,2.41,550
6778,1882,Wheat Flour (Atta) 5kg,3.55,250
6779,1882,Toor Dal 1kg,1.36,140
6780,1883,Basmati Rice 5kg,3.13,550
6781,1883,Wheat Flour (Atta) 5kg,4.31,250
6782,1883,Toor Dal 1kg,2.05,140
6783,1883,Moong Dal 1kg,3.6,130
6784,1884,Basmati Rice 5kg,2.0,550
6785,1884,Toor Dal 1kg,1.76,140
6786,1884,Moong Dal 1kg,2.78,130
6787,1884,Rajma (Kidney Beans) 1kg,1.13,160
6788,1885,Basmati Rice 5kg,1.36,550
6789,1885,Toor Dal 1kg,1.78,140
6790,1885,Rajma (Kidney Beans) 1kg,0.61,160
6791,1885,Turmeric Powder 200g,0.64,60
6792,1886,Rajma (Kidney Beans) 1kg,0.57,184.65
6793,1886,Turmeric Powder 200g,1.1,60
6794,1886,Garam Masala 100g,0.83,80
6795,1886,Biryani Masala 100g,0.41,100
6796,1887,Rajma (Kidney Beans) 1kg,0.41,160
6797,1887,Turmeric Powder 200g,1.31,60
6798,1887,Garam Masala 100g,0.53,80
6799,1887,Biryani Masala 100g,0.59,100
6800,1888,Turmeric Powder 200g,0.83,60
6801,1888,Garam Masala 100g,0.64,80
6802,1888,Biryani Masala 100g,0.32,100
6803,1888,Almonds (Badam) 500g,0.38,450
6804,1889,Turmeric Powder 200g,0.65,60
6805,1889,Garam Masala 100g,0.47,80
6806,1889,Biryani Masala 100g,0.73,100
6807,1889,Almonds (Badam) 500g,0.45,450
6808,1890,Turmeric Powder 200g,0.71,60
6809,1890,Biryani Masala 100g,0.74,100
6810,1890,Almonds (Badam) 500g,0.71,450
6811,1890,Cashew Nuts (Kaju) 500g,0.32,550
6812,1891,Biryani Masala 100g,0.46,100
6813,1891,Almonds (Badam) 500g,0.36,450
6814,1891,Cashew Nuts (Kaju) 500g,0.22,550
6815,1891,Peanuts (Groundnut) 500g,3.09,90
6816,1892,Cashew Nuts (Kaju) 500g,0.61,550
6817,1892,Peanuts (Groundnut) 500g,1.46,90
6818,1892,Sunflower Oil 1L,2.38,180
6819,1892,Groundnut Oil 1L,5.97,220
6820,1893,Cashew Nuts (Kaju) 500g,0.58,550
6821,1893,Sunflower Oil 1L,3.04,180
6822,1893,Mustard Oil 1L,3.13,200
6823,1893,Pure Ghee 1L,1.13,600
6824,1894,Cashew Nuts (Kaju) 500g,0.39,550
6825,1894,Sunflower Oil 1L,4.72,180
6826,1894,Mustard Oil 1L,2.17,200
6827,1894,Pure Ghee 1L,1.0,600
6828,1895,Pure Ghee 1L,1.14,600
6829,1895,Sugar 1kg,10.04,45
6830,1895,Jaggery (Bella/Gud) 1kg,1.17,70
6831,1895,Iodized Salt 1kg,1.04,25
6832,1896,Jaggery (Bella/Gud) 1kg,0.97,70
6833,1896,Iodized Salt 1kg,2.2,20.98
6834,1896,Rock Salt (Sendha Namak) 500g,1.52,40
6835,1897,Jaggery (Bella/Gud) 1kg,1.14,70
6836,1897,Iodized Salt 1kg,2.28,25
6837,1897,Rock Salt (Sendha Namak) 500g,1.38,40
6838,1898,Jaggery (Bella/Gud) 1kg,0.82,70
6839,1898,Iodized Salt 1kg,1.27,25
6840,1899,Iodized Salt 1kg,1.63,25
6841,1900,Sona Masoori Rice 5kg,10.08,350
6842,1900,Basmati Rice 5kg,11.79,550
6843,1900,Wheat Flour (Atta) 5kg,2.26,250
6844,1900,Toor Dal 1kg,2.97,140
6845,1901,Sona Masoori Rice 5kg,4.34,350
6846,1901,Wheat Flour (Atta) 5kg,1.62,250
6847,1901,Toor Dal 1kg,1.3,140
6848,1901,Moong Dal 1kg,1.77,154.52
6849,1902,Wheat Flour (Atta) 5kg,4.49,250
6850,1902,Toor Dal 1kg,1.64,140
6851,1902,Moong Dal 1kg,0.95,130
6852,1902,Rajma (Kidney Beans) 1kg,1.25,160
6853,1903,Wheat Flour (Atta) 5kg,4.53,250
6854,1903,Toor Dal 1kg,2.77,140
6855,1903,Moong Dal 1kg,1.07,130
6856,1903,Rajma (Kidney Beans) 1kg,0.46,160
6857,1904,Moong Dal 1kg,1.45,130
6858,1904,Rajma (Kidney Beans) 1kg,1.04,160
6859,1904,Turmeric Powder 200g,4.82,60
6860,1904,Garam Masala 100g,1.51,80
6861,1905,Moong Dal 1kg,0.88,130
6862,1905,Garam Masala 100g,0.95,80
6863,1905,Biryani Masala 100g,0.77,100
6864,1905,Almonds (Badam) 500g,0.98,450
6865,1906,Moong Dal 1kg,1.43,130
6866,1906,Garam Masala 100g,1.12,80
6867,1906,Biryani Masala 100g,0.47,100
6868,1906,Almonds (Badam) 500g,0.91,386.22
6869,1907,Garam Masala 100g,1.1,80
6870,1907,Biryani Masala 100g,0.78,100
6871,1907,Cashew Nuts (Kaju) 500g,0.37,550
6872,1907,Peanuts (Groundnut) 500g,2.57,79.45
6873,1908,Biryani Masala 100g,0.8,100
6874,1908,Cashew Nuts (Kaju) 500g,0.44,550
6875,1908,Peanuts (Groundnut) 500g,1.21,90
6876,1908,Sunflower Oil 1L,10.82,180
6877,1909,Cashew Nuts (Kaju) 500g,0.36,625.5
6878,1909,Peanuts (Groundnut) 500g,1.62,90
6879,1909,Groundnut Oil 1L,3.55,220
6880,1909,Mustard Oil 1L,1.97,200
6881,1910,Cashew Nuts (Kaju) 500g,0.73,550
6882,1910,Groundnut Oil 1L,1.89,220
6883,1910,Mustard Oil 1L,3.37,200
6884,1910,Pure Ghee 1L,0.4,715.4
6885,1911,Cashew Nuts (Kaju) 500g,0.28,550
6886,1911,Pure Ghee 1L,0.72,600
6887,1911,Sugar 1kg,6.45,45
6888,1911,Jaggery (Bella/Gud) 1kg,1.25,70
6889,1912,Pure Ghee 1L,0.7,600
6890,1912,Sugar 1kg,4.01,45
6891,1912,Jaggery (Bella/Gud) 1kg,2.53,70
6892,1912,Iodized Salt 1kg,1.58,25
6893,1913,Pure Ghee 1L,0.57,600
6894,1913,Iodized Salt 1kg,3.2,25
6895,1914,Pure Ghee 1L,0.48,600
6896,1914,Iodized Salt 1kg,2.37,25
6897,1915,Iodized Salt 1kg,1.85,25
6898,1916,Sona Masoori Rice 5kg,13.79,350
6899,1916,Basmati Rice 5kg,7.24,550
6900,1916,Wheat Flour (Atta) 5kg,4.98,250
6901,1916,Toor Dal 1kg,1.69,140
6902,1917,Basmati Rice 5kg,4.39,550
6903,1917,Wheat Flour (Atta) 5kg,4.82,250
6904,1917,Toor Dal 1kg,2.38,140
6905,1917,Moong Dal 1kg,1.43,130
6906,1918,Wheat Flour (Atta) 5kg,1.89,250
6907,1918,Toor Dal 1kg,1.33,140
6908,1918,Moong Dal 1kg,1.37,130
6909,1918,Rajma (Kidney Beans) 1kg,0.49,160
6910,1919,Toor Dal 1kg,1.96,140
6911,1919,Moong Dal 1kg,2.07,130
6912,1919,Rajma (Kidney Beans) 1kg,0.64,160
6913,1919,Turmeric Powder 200g,5.2,60
6914,1920,Moong Dal 1kg,1.67,130
6915,1920,Rajma (Kidney Beans) 1kg,0.68,160
6916,1920,Garam Masala 100g,0.34,80
6917,1920,Biryani Masala 100g,0.54,100
6918,1921,Moong Dal 1kg,1.0,130
6919,1921,Rajma (Kidney Beans) 1kg,0.41,160
6920,1921,Garam Masala 100g,0.31,80
6921,1921,Biryani Masala 100g,0.57,100
6922,1922,Rajma (Kidney Beans) 1kg,0.48,160
6923,1922,Garam Masala 100g,0.3,80
6924,1922,Biryani Masala 100g,0.57,100
6925,1922,Almonds (Badam) 500g,1.09,450
6926,1923,Rajma (Kidney Beans) 1kg,0.41,160
6927,1923,Garam Masala 100g,0.21,80
6928,1923,Biryani Masala 100g,0.71,100
6929,1923,Almonds (Badam) 500g,0.84,450
6930,1924,Garam Masala 100g,0.16,80
6931,1924,Biryani Masala 100g,0.7,110.82
6932,1924,Cashew Nuts (Kaju) 500g,0.29,550
6933,1924,Peanuts (Groundnut) 500g,0.54,90
6934,1925,Cashew Nuts (Kaju) 500g,0.37,550
6935,1925,Peanuts (Groundnut) 500g,0.75,90
6936,1925,Sunflower Oil 1L,3.64,180
6937,1925,Groundnut Oil 1L,2.13,220
6938,1926,Cashew Nuts (Kaju) 500g,0.65,550
6939,1926,Peanuts (Groundnut) 500g,0.95,90
6940,1926,Sunflower Oil 1L,6.21,180
6941,1926,Groundnut Oil 1L,3.89,220
6942,1927,Cashew Nuts (Kaju) 500g,0.31,550
6943,1927,Peanuts (Groundnut) 500g,1.22,90
6944,1927,Mustard Oil 1L,5.31,200
6945,1927,Pure Ghee 1L,0.82,600
6946,1928,Cashew Nuts (Kaju) 500g,0.55,550
6947,1928,Peanuts (Groundnut) 500g,0.57,90
6948,1928,Pure Ghee 1L,0.36,600
6949,1928,Sugar 1kg,1.14,45
6950,1929,Peanuts (Groundnut) 500g,0.74,90
6951,1929,Pure Ghee 1L,0.48,600
6952,1929,Sugar 1kg,1.97,45
6953,1929,Jaggery (Bella/Gud) 1kg,2.21,70
6954,1930,Pure Ghee 1L,0.4,600
6955,1930,Sugar 1kg,1.45,45
6956,1930,Jaggery (Bella/Gud) 1kg,1.66,70
6957,1930,Iodized Salt 1kg,1.71,28.9
6958,1931,Pure Ghee 1L,0.75,600
6959,1931,Sugar 1kg,1.77,50.12
6960,1931,Iodized Salt 1kg,2.31,25
6961,1931,Rock Salt (Sendha Namak) 500g,0.18,40
6962,1932,Sugar 1kg,2.03,45
6963,1932,Iodized Salt 1kg,1.72,25
6964,1932,Rock Salt (Sendha Namak) 500g,0.29,40
6965,1933,Sugar 1kg,2.27,45
6966,1933,Iodized Salt 1kg,2.88,25
6967,1933,Rock Salt (Sendha Namak) 500g,0.32,40
6968,1934,Rock Salt (Sendha Namak) 500g,0.29,40
6969,1935,Rock Salt (Sendha Namak) 500g,0.21,40
6970,1936,Sona Masoori Rice 5kg,5.84,350
6971,1936,Basmati Rice 5kg,11.78,550
6972,1936,Wheat Flour (Atta) 5kg,3.16,250
6973,1936,Toor Dal 1kg,2.57,140
6974,1937,Sona Masoori Rice 5kg,2.69,350
6975,1937,Wheat Flour (Atta) 5kg,2.4,250
6976,1937,Toor Dal 1kg,2.45,140
6977,1937,Moong Dal 1kg,2.16,130
6978,1938,Sona Masoori Rice 5kg,5.12,350
6979,1938,Wheat Flour (Atta) 5kg,1.45,250
6980,1938,Toor Dal 1kg,2.28,140
6981,1938,Moong Dal 1kg,2.66,130
6982,1939,Wheat Flour (Atta) 5kg,1.47,250
6983,1939,Toor Dal 1kg,1.31,140
6984,1939,Moong Dal 1kg,1.33,130
6985,1939,Rajma (Kidney Beans) 1kg,0.95,160
6986,1940,Wheat Flour (Atta) 5kg,3.09,250
6987,1940,Moong Dal 1kg,1.2,130
6988,1940,Rajma (Kidney Beans) 1kg,0.94,160
6989,1940,Turmeric Powder 200g,4.82,60
6990,1941,Rajma (Kidney Beans) 1kg,1.34,160
6991,1941,Garam Masala 100g,1.1,80
6992,1941,Biryani Masala 100g,1.12,100
6993,1941,Almonds (Badam) 500g,0.41,450
6994,1942,Garam Masala 100g,0.9,80
6995,1942,Biryani Masala 100g,1.08,100
6996,1942,Almonds (Badam) 500g,0.36,450
6997,1942,Cashew Nuts (Kaju) 500g,2.43,550
6998,1943,Garam Masala 100g,0.9,80
6999,1943,Biryani Masala 100g,0.7,100
7000,1943,Almonds (Badam) 500g,0.27,450
7001,1943,Peanuts (Groundnut) 500g,5.43,90
7002,1944,Almonds (Badam) 500g,0.45,450
7003,1944,Sunflower Oil 1L,1.73,180
7004,1944,Groundnut Oil 1L,0.73,220
7005,1944,Mustard Oil 1L,2.34,200
7006,1945,Almonds (Badam) 500g,0.36,450
7007,1945,Sunflower Oil 1L,2.32,180
7008,1945,Groundnut Oil 1L,1.44,220
7009,1945,Mustard Oil 1L,1.77,200
7010,1946,Sunflower Oil 1L,1.22,180
7011,1946,Groundnut Oil 1L,1.77,220
7012,1946,Mustard Oil 1L,1.76,200
7013,1946,Pure Ghee 1L,1.0,600
7014,1947,Sunflower Oil 1L,1.73,180
7015,1947,Groundnut Oil 1L,1.65,220
7016,1947,Pure Ghee 1L,0.66,600
7017,1947,Sugar 1kg,4.71,45
7018,1948,Sunflower Oil 1L,2.27,180
7019,1948,Pure Ghee 1L,0.42,600
7020,1948,Sugar 1kg,5.56,45
7021,1948,Jaggery (Bella/Gud) 1kg,0.49,70
7022,1949,Pure Ghee 1L,1.04,600
7023,1949,Jaggery (Bella/Gud) 1kg,0.75,70
7024,1949,Iodized Salt 1kg,1.91,25
7025,1949,Rock Salt (Sendha Namak) 500g,1.28,40
7026,1950,Jaggery (Bella/Gud) 1kg,0.77,70
7027,1950,Iodized Salt 1kg,1.86,25
7028,1950,Rock Salt (Sendha Namak) 500g,1.3,40
7029,1951,Jaggery (Bella/Gud) 1kg,0.9,70
7030,1951,Iodized Salt 1kg,1.27,25
7031,1952,Jaggery (Bella/Gud) 1kg,0.97,70
7032,1952,Iodized Salt 1kg,1.05,25
7033,1953,Iodized Salt 1kg,1.93,25
7034,1954,Sona Masoori Rice 5kg,2.18,350
7035,1954,Basmati Rice 5kg,1.64,550
7036,1954,Wheat Flour (Atta) 5kg,4.17,250
7037,1954,Toor Dal 1kg,6.23,140
7038,1955,Sona Masoori Rice 5kg,5.1,303.23
7039,1955,Basmati Rice 5kg,1.74,550
7040,1955,Wheat Flour (Atta) 5kg,5.32,250
7041,1955,Toor Dal 1kg,2.52,140
7042,1956,Sona Masoori Rice 5kg,3.12,350
7043,1956,Basmati Rice 5kg,1.83,550
7044,1956,Wheat Flour (Atta) 5kg,2.67,250
7045,1956,Moong Dal 1kg,0.56,130
7046,1957,Sona Masoori Rice 5kg,2.54,350
7047,1957,Basmati Rice 5kg,1.53,550
7048,1957,Moong Dal 1kg,1.56,130
7049,1957,Rajma (Kidney Beans) 1kg,1.67,160
7050,1958,Sona Masoori Rice 5kg,2.74,350
7051,1958,Basmati Rice 5kg,1.71,488.14
7052,1958,Moong Dal 1kg,1.36,130
7053,1958,Rajma (Kidney Beans) 1kg,1.72,160
7054,1959,Basmati Rice 5kg,2.22,550
7055,1959,Moong Dal 1kg,1.43,130
7056,1959,Turmeric Powder 200g,0.89,60
7057,1959,Garam Masala 100g,0.63,80
7058,1960,Moong Dal 1kg,1.5,130
7059,1960,Turmeric Powder 200g,0.97,60
7060,1960,Garam Masala 100g,0.92,80
7061,1960,Biryani Masala 100g,1.04,100
7062,1961,Turmeric Powder 200g,0.42,60
7063,1961,Garam Masala 100g,0.42,80
7064,1961,Biryani Masala 100g,1.88,100
7065,1961,Almonds (Badam) 500g,0.25,450
7066,1962,Turmeric Powder 200g,0.46,60
7067,1962,Garam Masala 100g,0.6,80
7068,1962,Almonds (Badam) 500g,0.43,450
7069,1962,Cashew Nuts (Kaju) 500g,0.57,550
7070,1963,Turmeric Powder 200g,1.07,60
7071,1963,Garam Masala 100g,0.66,80
7072,1963,Almonds (Badam) 500g,0.29,450
7073,1963,Cashew Nuts (Kaju) 500g,0.56,550
7074,1964,Turmeric Powder 200g,0.9,60
7075,1964,Almonds (Badam) 500g,0.63,450
7076,1964,Cashew Nuts (Kaju) 500g,0.53,550
7077,1964,Peanuts (Groundnut) 500g,0.71,90
7078,1965,Almonds (Badam) 500g,0.5,450
7079,1965,Cashew Nuts (Kaju) 500g,0.51,550
7080,1965,Peanuts (Groundnut) 500g,1.78,90
7081,1965,Sunflower Oil 1L,0.91,180
7082,1966,Peanuts (Groundnut) 500g,1.18,90
7083,1966,Sunflower Oil 1L,2.08,180
7084,1966,Groundnut Oil 1L,2.76,220
7085,1966,Mustard Oil 1L,3.15,200
7086,1967,Peanuts (Groundnut) 500g,1.72,90
7087,1967,Sunflower Oil 1L,2.29,180
7088,1967,Groundnut Oil 1L,1.56,220
7089,1967,Mustard Oil 1L,2.48,200
7090,1968,Sunflower Oil 1L,1.79,180
7091,1968,Groundnut Oil 1L,1.32,220
7092,1968,Pure Ghee 1L,0.74,600
7093,1968,Sugar 1kg,9.5,45
7094,1969,Sunflower Oil 1L,1.28,180
7095,1969,Pure Ghee 1L,0.74,600
7096,1969,Jaggery (Bella/Gud) 1kg,1.2,70
7097,1969,Iodized Salt 1kg,1.92,25
7098,1970,Sunflower Oil 1L,1.93,180
7099,1970,Pure Ghee 1L,1.27,600
7100,1970,Jaggery (Bella/Gud) 1kg,1.16,70
7101,1970,Iodized Salt 1kg,2.4,25
7102,1971,Jaggery (Bella/Gud) 1kg,0.56,70
7103,1971,Iodized Salt 1kg,1.31,25
7104,1971,Rock Salt (Sendha Namak) 500g,0.38,40
7105,1972,Jaggery (Bella/Gud) 1kg,0.78,70
7106,1972,Iodized Salt 1kg,2.11,25
7107,1972,Rock Salt (Sendha Namak) 500g,0.43,40
7108,1973,Iodized Salt 1kg,0.95,25
7109,1973,Rock Salt (Sendha Namak) 500g,0.58,40
7110,1974,Rock Salt (Sendha Namak) 500g,0.64,40
7111,1975,Rock Salt (Sendha Namak) 500g,0.48,40
7112,1976,Rock Salt (Sendha Namak) 500g,0.61,40
7113,1977,Sona Masoori Rice 5kg,7.24,350
7114,1977,Basmati Rice 5kg,3.35,550
7115,1977,Wheat Flour (Atta) 5kg,2.31,250
7116,1977,Toor Dal 1kg,0.89,140
7117,1978,Sona Masoori Rice 5kg,7.27,350
7118,1978,Basmati Rice 5kg,3.32,550
7119,1978,Wheat Flour (Atta) 5kg,3.28,250
7120,1978,Toor Dal 1kg,1.69,140
7121,1979,Basmati Rice 5kg,4.02,550
7122,1979,Wheat Flour (Atta) 5kg,3.74,250
7123,1979,Toor Dal 1kg,1.12,140
7124,1979,Moong Dal 1kg,1.82,145.71
7125,1980,Wheat Flour (Atta) 5kg,3.64,250
7126,1980,Toor Dal 1kg,1.99,140
7127,1980,Moong Dal 1kg,3.0,130
7128,1980,Rajma (Kidney Beans) 1kg,0.64,160
7129,1981,Toor Dal 1kg,1.94,140
7130,1981,Moong Dal 1kg,1.75,130
7131,1981,Rajma (Kidney Beans) 1kg,0.27,160
7132,1981,Turmeric Powder 200g,0.57,71.36
7133,1982,Rajma (Kidney Beans) 1kg,0.31,160
7134,1982,Turmeric Powder 200g,1.43,60
7135,1982,Garam Masala 100g,0.35,80
7136,1982,Biryani Masala 100g,0.41,100
7137,1983,Rajma (Kidney Beans) 1kg,0.59,160
7138,1983,Turmeric Powder 200g,1.22,60
7139,1983,Garam Masala 100g,0.45,80
7140,1983,Biryani Masala 100g,0.33,100
7141,1984,Rajma (Kidney Beans) 1kg,0.28,160
7142,1984,Turmeric Powder 200g,0.96,60
7143,1984,Garam Masala 100g,0.73,80
7144,1984,Biryani Masala 100g,0.67,100
7145,1985,Rajma (Kidney Beans) 1kg,0.5,160
7146,1985,Turmeric Powder 200g,0.56,60
7147,1985,Garam Masala 100g,0.34,80
7148,1985,Biryani Masala 100g,0.73,100
7149,1986,Garam Masala 100g,0.59,80
7150,1986,Biryani Masala 100g,0.61,100
7151,1986,Almonds (Badam) 500g,1.94,450
7152,1986,Cashew Nuts (Kaju) 500g,0.7,550
7153,1987,Garam Masala 100g,0.31,80
7154,1987,Cashew Nuts (Kaju) 500g,1.39,550
7155,1987,Peanuts (Groundnut) 500g,2.22,90
7156,1987,Sunflower Oil 1L,1.31,180
7157,1988,Peanuts (Groundnut) 500g,1.41,90
7158,1988,Sunflower Oil 1L,2.27,180
7159,1988,Groundnut Oil 1L,1.89,220
7160,1988,Mustard Oil 1L,2.33,200
7161,1989,Peanuts (Groundnut) 500g,1.43,90
7162,1989,Sunflower Oil 1L,2.0,180
7163,1989,Groundnut Oil 1L,2.13,220
7164,1989,Mustard Oil 1L,1.98,200
7165,1990,Sunflower Oil 1L,1.86,180
7166,1990,Groundnut Oil 1L,1.49,220
7167,1990,Mustard Oil 1L,1.41,200
7168,1990,Pure Ghee 1L,0.59,600
7169,1991,Sunflower Oil 1L,2.82,180
7170,1991,Pure Ghee 1L,1.0,600
7171,1991,Sugar 1kg,10.71,45
7172,1991,Jaggery (Bella/Gud) 1kg,0.78,70
7173,1992,Pure Ghee 1L,0.77,600
7174,1992,Jaggery (Bella/Gud) 1kg,0.53,70
7175,1992,Iodized Salt 1kg,3.11,25
7176,1992,Rock Salt (Sendha Namak) 500g,2.42,40
7177,1993,Pure Ghee 1L,0.73,600
7178,1993,Jaggery (Bella/Gud) 1kg,0.49,70
7179,1993,Iodized Salt 1kg,2.49,25
7180,1994,Jaggery (Bella/Gud) 1kg,0.87,70
7181,1994,Iodized Salt 1kg,2.19,25
7182,1995,Jaggery (Bella/Gud) 1kg,0.84,70
7183,1996,Jaggery (Bella/Gud) 1kg,0.76,70
7184,1997,Sona Masoori Rice 5kg,4.5,350
7185,1997,Basmati Rice 5kg,4.26,550
7186,1997,Wheat Flour (Atta) 5kg,3.14,250
7187,1997,Toor Dal 1kg,5.92,140
7188,1998,Sona Masoori Rice 5kg,6.38,288.69
7189,1998,Basmati Rice 5kg,6.84,550
7190,1998,Wheat Flour (Atta) 5kg,2.78,250
7191,1998,Toor Dal 1kg,2.63,140
7192,1999,Sona Masoori Rice 5kg,3.32,350
7193,1999,Wheat Flour (Atta) 5kg,2.56,250
7194,1999,Moong Dal 1kg,1.05,130
7195,1999,Rajma (Kidney Beans) 1kg,0.56,160
7196,2000,Wheat Flour (Atta) 5kg,2.93,250
7197,2000,Moong Dal 1kg,0.92,130
7198,2000,Rajma (Kidney Beans) 1kg,0.29,160
7199,2000,Turmeric Powder 200g,4.82,60
7200,2001,Moong Dal 1kg,1.04,130
7201,2001,Rajma (Kidney Beans) 1kg,0.48,160
7202,2001,Biryani Masala 100g,0.53,100
7203,2001,Almonds (Badam) 500g,0.29,450
7204,2002,Moong Dal 1kg,1.45,130
7205,2002,Rajma (Kidney Beans) 1kg,0.61,160
7206,2002,Biryani Masala 100g,0.45,100
7207,2002,Almonds (Badam) 500g,0.34,450
7208,2003,Moong Dal 1kg,1.72,153.99
7209,2003,Rajma (Kidney Beans) 1kg,0.4,160
7210,2003,Biryani Masala 100g,0.89,100
7211,2003,Almonds (Badam) 500g,0.62,450
7212,2004,Moong Dal 1kg,1.13,130
7213,2004,Rajma (Kidney Beans) 1kg,0.34,160
7214,2004,Biryani Masala 100g,0.76,100
7215,2004,Almonds (Badam) 500g,0.31,450
7216,2005,Biryani Masala 100g,0.46,100
7217,2005,Almonds (Badam) 500g,0.6,450
7218,2005,Cashew Nuts (Kaju) 500g,0.61,550
7219,2005,Peanuts (Groundnut) 500g,4.53,90
7220,2006,Cashew Nuts (Kaju) 500g,0.83,550
7221,2006,Sunflower Oil 1L,6.23,180
7222,2006,Groundnut Oil 1L,5.89,220
7223,2006,Mustard Oil 1L,1.22,200
7224,2007,Cashew Nuts (Kaju) 500g,0.72,550
7225,2007,Sunflower Oil 1L,3.62,180
7226,2007,Mustard Oil 1L,1.12,200
7227,2007,Pure Ghee 1L,0.83,600
7228,2008,Mustard Oil 1L,0.61,200
7229,2008,Pure Ghee 1L,0.84,600
7230,2008,Sugar 1kg,1.46,45
7231,2008,Jaggery (Bella/Gud) 1kg,2.55,70
7232,2009,Mustard Oil 1L,0.55,200
7233,2009,Pure Ghee 1L,1.08,600
7234,2009,Sugar 1kg,2.67,45
7235,2009,Jaggery (Bella/Gud) 1kg,1.08,70
7236,2010,Mustard Oil 1L,0.98,200
7237,2010,Sugar 1kg,2.82,45
7238,2010,Iodized Salt 1kg,1.59,25
7239,2011,Mustard Oil 1L,0.76,164.6
7240,2011,Sugar 1kg,2.35,45
7241,2011,Iodized Salt 1kg,2.46,25
7242,2012,Iodized Salt 1kg,1.11,25
7243,2013,Iodized Salt 1kg,2.5,25
7244,2014,Sona Masoori Rice 5kg,4.66,350
7245,2014,Basmati Rice 5kg,11.33,550
7246,2014,Wheat Flour (Atta) 5kg,1.13,250
7247,2014,Toor Dal 1kg,1.64,140
7248,2015,Sona Masoori Rice 5kg,4.05,350
7249,2015,Wheat Flour (Atta) 5kg,2.59,250
7250,2015,Toor Dal 1kg,1.88,167.82
7251,2015,Moong Dal 1kg,2.99,130
7252,2016,Sona Masoori Rice 5kg,4.96,350
7253,2016,Wheat Flour (Atta) 5kg,2.19,250
7254,2016,Toor Dal 1kg,1.3,140
7255,2016,Moong Dal 1kg,3.83,130
7256,2017,Wheat Flour (Atta) 5kg,1.74,290.12
7257,2017,Toor Dal 1kg,2.71,140
7258,2017,Rajma (Kidney Beans) 1kg,0.42,160
7259,2017,Turmeric Powder 200g,2.92,60
7260,2018,Wheat Flour (Atta) 5kg,2.55,250
7261,2018,Rajma (Kidney Beans) 1kg,0.59,160
7262,2018,Turmeric Powder 200g,2.23,60
7263,2018,Garam Masala 100g,1.9,80
7264,2019,Wheat Flour (Atta) 5kg,2.1,250
7265,2019,Rajma (Kidney Beans) 1kg,1.21,160
7266,2019,Garam Masala 100g,1.33,80
7267,2019,Biryani Masala 100g,1.63,100
7268,2020,Rajma (Kidney Beans) 1kg,1.01,160
7269,2020,Biryani Masala 100g,1.18,100
7270,2020,Almonds (Badam) 500g,0.45,450
7271,2020,Cashew Nuts (Kaju) 500g,2.32,550
7272,2021,Almonds (Badam) 500g,0.52,450
7273,2021,Peanuts (Groundnut) 500g,1.65,90
7274,2021,Sunflower Oil 1L,1.81,180
7275,2021,Groundnut Oil 1L,3.58,220
7276,2022,Almonds (Badam) 500g,0.92,450
7277,2022,Peanuts (Groundnut) 500g,1.43,90
7278,2022,Sunflower Oil 1L,2.54,180
7279,2022,Groundnut Oil 1L,2.41,220
7280,2023,Peanuts (Groundnut) 500g,1.62,90
7281,2023,Sunflower Oil 1L,2.96,180
7282,2023,Mustard Oil 1L,5.06,200
7283,2023,Pure Ghee 1L,3.29,600
7284,2024,Sunflower Oil 1L,3.22,180
7285,2024,Sugar 1kg,9.38,45
7286,2024,Jaggery (Bella/Gud) 1kg,1.13,70
7287,2024,Iodized Salt 1kg,2.46,25
7288,2025,Jaggery (Bella/Gud) 1kg,1.07,70
7289,2025,Iodized Salt 1kg,4.54,25
7290,2025,Rock Salt (Sendha Namak) 500g,3.02,40
7291,2026,Jaggery (Bella/Gud) 1kg,1.04,70
7292,2026,Iodized Salt 1kg,1.84,25
7293,2027,Jaggery (Bella/Gud) 1kg,0.83,70
7294,2028,Sona Masoori Rice 5kg,15.51,350
7295,2028,Basmati Rice 5kg,10.62,550
7296,2028,Wheat Flour (Atta) 5kg,2.7,250
7297,2028,Toor Dal 1kg,1.73,140
7298,2029,Wheat Flour (Atta) 5kg,2.06,250
7299,2029,Toor Dal 1kg,1.12,140
7300,2029,Moong Dal 1kg,4.84,130
7301,2029,Rajma (Kidney Beans) 1kg,1.37,160
7302,2030,Wheat Flour (Atta) 5kg,2.68,250
7303,2030,Toor Dal 1kg,0.82,140
7304,2030,Moong Dal 1kg,2.46,130
7305,2030,Rajma (Kidney Beans) 1kg,1.57,137.57
7306,2031,Wheat Flour (Atta) 5kg,1.43,250
7307,2031,Toor Dal 1kg,1.61,140
7308,2031,Turmeric Powder 200g,5.43,60
7309,2031,Biryani Masala 100g,0.82,100
7310,2032,Wheat Flour (Atta) 5kg,3.9,250
7311,2032,Toor Dal 1kg,1.63,157.91
7312,2032,Biryani Masala 100g,0.76,100
7313,2032,Almonds (Badam) 500g,0.5,450
7314,2033,Toor Dal 1kg,1.17,140
7315,2033,Biryani Masala 100g,0.77,100
7316,2033,Almonds (Badam) 500g,0.28,450
7317,2033,Cashew Nuts (Kaju) 500g,0.6,550
7318,2034,Biryani Masala 100g,0.66,100
7319,2034,Almonds (Badam) 500g,0.51,450
7320,2034,Cashew Nuts (Kaju) 500g,0.28,550
7321,2034,Peanuts (Groundnut) 500g,4.74,90
7322,2035,Almonds (Badam) 500g,0.41,450
7323,2035,Cashew Nuts (Kaju) 500g,0.36,625.45
7324,2035,Sunflower Oil 1L,2.05,180
7325,2035,Groundnut Oil 1L,1.3,220
7326,2036,Almonds (Badam) 500g,0.21,450
7327,2036,Cashew Nuts (Kaju) 500g,0.5,550
7328,2036,Sunflower Oil 1L,1.72,180
7329,2036,Groundnut Oil 1L,0.75,220
7330,2037,Cashew Nuts (Kaju) 500g,0.44,550
7331,2037,Sunflower Oil 1L,1.72,180
7332,2037,Groundnut Oil 1L,1.22,220
7333,2037,Mustard Oil 1L,1.42,200
7334,2038,Sunflower Oil 1L,3.64,198.53
7335,2038,Groundnut Oil 1L,0.91,220
7336,2038,Mustard Oil 1L,1.16,200
7337,2038,Pure Ghee 1L,0.5,522.13
7338,2039,Groundnut Oil 1L,1.45,220
7339,2039,Mustard Oil 1L,1.12,200
7340,2039,Pure Ghee 1L,0.41,600
7341,2039,Sugar 1kg,6.37,45
7342,2040,Mustard Oil 1L,1.46,200
7343,2040,Pure Ghee 1L,0.54,600
7344,2040,Sugar 1kg,4.42,45
7345,2040,Jaggery (Bella/Gud) 1kg,0.78,70
7346,2041,Pure Ghee 1L,0.3,600
7347,2041,Jaggery (Bella/Gud) 1kg,0.87,70
7348,2041,Iodized Salt 1kg,2.28,27.55
7349,2042,Pure Ghee 1L,0.58,600
7350,2042,Jaggery (Bella/Gud) 1kg,0.71,70
7351,2042,Iodized Salt 1kg,0.96,25
7352,2043,Pure Ghee 1L,0.46,600
7353,2043,Jaggery (Bella/Gud) 1kg,0.68,70
7354,2043,Iodized Salt 1kg,1.69,25
7355,2044,Jaggery (Bella/Gud) 1kg,0.85,70
7356,2044,Iodized Salt 1kg,1.59,25
7357,2045,Jaggery (Bella/Gud) 1kg,0.5,70
7358,2045,Iodized Salt 1kg,1.16,25
7359,2046,Iodized Salt 1kg,1.61,25
7360,2047,Sona Masoori Rice 5kg,5.06,350
7361,2047,Basmati Rice 5kg,1.94,550
7362,2047,Wheat Flour (Atta) 5kg,1.88,250
7363,2047,Toor Dal 1kg,1.78,140
7364,2048,Sona Masoori Rice 5kg,3.86,350
7365,2048,Basmati Rice 5kg,3.08,550
7366,2048,Wheat Flour (Atta) 5kg,1.98,250
7367,2048,Toor Dal 1kg,1.47,140
7368,2049,Sona Masoori Rice 5kg,4.86,350
7369,2049,Basmati Rice 5kg,3.22,550
7370,2049,Wheat Flour (Atta) 5kg,1.78,250
7371,2049,Toor Dal 1kg,1.91,140
7372,2050,Basmati Rice 5kg,3.47,550
7373,2050,Wheat Flour (Atta) 5kg,2.67,250
7374,2050,Toor Dal 1kg,1.21,140
7375,2050,Moong Dal 1kg,1.62,112.66
7376,2051,Wheat Flour (Atta) 5kg,1.58,250
7377,2051,Toor Dal 1kg,2.01,118.51
7378,2051,Moong Dal 1kg,1.03,130
7379,2051,Rajma (Kidney Beans) 1kg,1.29,160
7380,2052,Wheat Flour (Atta) 5kg,1.56,250
7381,2052,Moong Dal 1kg,1.48,130
7382,2052,Rajma (Kidney Beans) 1kg,1.15,160
7383,2052,Turmeric Powder 200g,2.26,60
7384,2053,Moong Dal 1kg,1.47,130
7385,2053,Rajma (Kidney Beans) 1kg,0.73,160
7386,2053,Turmeric Powder 200g,2.55,60
7387,2053,Garam Masala 100g,3.66,80
7388,2054,Moong Dal 1kg,1.33,130
7389,2054,Biryani Masala 100g,1.24,100
7390,2054,Almonds (Badam) 500g,0.54,450
7391,2054,Cashew Nuts (Kaju) 500g,0.49,550
7392,2055,Biryani Masala 100g,0.84,100
7393,2055,Almonds (Badam) 500g,0.54,450
7394,2055,Cashew Nuts (Kaju) 500g,0.6,550
7395,2055,Peanuts (Groundnut) 500g,0.82,90
7396,2056,Biryani Masala 100g,1.12,100
7397,2056,Almonds (Badam) 500g,0.66,450
7398,2056,Cashew Nuts (Kaju) 500g,0.68,550
7399,2056,Peanuts (Groundnut) 500g,0.83,90
7400,2057,Almonds (Badam) 500g,0.38,450
7401,2057,Cashew Nuts (Kaju) 500g,0.67,550
7402,2057,Peanuts (Groundnut) 500g,1.23,90
7403,2057,Sunflower Oil 1L,9.1,180
7404,2058,Peanuts (Groundnut) 500g,0.99,90
7405,2058,Groundnut Oil 1L,1.75,220
7406,2058,Mustard Oil 1L,0.82,200
7407,2058,Pure Ghee 1L,0.31,600
7408,2059,Peanuts (Groundnut) 500g,0.68,90
7409,2059,Groundnut Oil 1L,2.1,220
7410,2059,Mustard Oil 1L,0.76,200
7411,2059,Pure Ghee 1L,0.78,600
7412,2060,Peanuts (Groundnut) 500g,0.52,90
7413,2060,Groundnut Oil 1L,2.05,253.66
7414,2060,Mustard Oil 1L,0.75,200
7415,2060,Pure Ghee 1L,0.6,600
7416,2061,Mustard Oil 1L,0.88,200
7417,2061,Pure Ghee 1L,0.86,600
7418,2061,Sugar 1kg,2.4,45
7419,2061,Jaggery (Bella/Gud) 1kg,2.05,70
7420,2062,Mustard Oil 1L,0.88,200
7421,2062,Pure Ghee 1L,0.69,600
7422,2062,Sugar 1kg,1.21,45
7423,2062,Jaggery (Bella/Gud) 1kg,2.11,70
7424,2063,Mustard Oil 1L,0.88,200
7425,2063,Sugar 1kg,1.89,45
7426,2063,Iodized Salt 1kg,2.53,25
7427,2063,Rock Salt (Sendha Namak) 500g,0.58,47.88
7428,2064,Sugar 1kg,2.04,45
7429,2064,Iodized Salt 1kg,2.37,25
7430,2064,Rock Salt (Sendha Namak) 500g,0.39,40
7431,2065,Sugar 1kg,1.75,45
7432,2065,Iodized Salt 1kg,2.33,25
7433,2065,Rock Salt (Sendha Namak) 500g,0.34,40
7434,2066,Iodized Salt 1kg,1.27,25
7435,2067,Sona Masoori Rice 5kg,2.35,350
7436,2067,Basmati Rice 5kg,3.24,550
7437,2067,Wheat Flour (Atta) 5kg,3.54,250
7438,2067,Toor Dal 1kg,1.85,140
7439,2068,Sona Masoori Rice 5kg,3.4,350
7440,2068,Basmati Rice 5kg,2.02,550
7441,2068,Wheat Flour (Atta) 5kg,4.09,288.0
7442,2068,Toor Dal 1kg,3.1,140
7443,2069,Sona Masoori Rice 5kg,2.93,350
7444,2069,Basmati Rice 5kg,1.97,550
7445,2069,Wheat Flour (Atta) 5kg,3.81,250
7446,2069,Toor Dal 1kg,2.51,124.56
7447,2070,Sona Masoori Rice 5kg,2.65,350
7448,2070,Basmati Rice 5kg,3.92,550
7449,2070,Moong Dal 1kg,3.46,130
7450,2070,Rajma (Kidney Beans) 1kg,0.51,160
7451,2071,Sona Masoori Rice 5kg,2.95,350
7452,2071,Moong Dal 1kg,4.12,130
7453,2071,Rajma (Kidney Beans) 1kg,0.94,160
7454,2071,Turmeric Powder 200g,1.29,60
7455,2072,Rajma (Kidney Beans) 1kg,0.73,160
7456,2072,Turmeric Powder 200g,2.51,60
7457,2072,Garam Masala 100g,0.75,80
7458,2072,Biryani Masala 100g,0.64,100
7459,2073,Rajma (Kidney Beans) 1kg,0.8,191.59
7460,2073,Turmeric Powder 200g,1.62,60
7461,2073,Garam Masala 100g,0.59,80
7462,2073,Biryani Masala 100g,0.67,100
7463,2074,Garam Masala 100g,0.56,80
7464,2074,Biryani Masala 100g,1.07,100
7465,2074,Almonds (Badam) 500g,0.31,450
7466,2074,Cashew Nuts (Kaju) 500g,0.31,550
7467,2075,Biryani Masala 100g,0.92,100
7468,2075,Almonds (Badam) 500g,0.35,450
7469,2075,Cashew Nuts (Kaju) 500g,0.55,550
7470,2075,Peanuts (Groundnut) 500g,0.94,90
7471,2076,Almonds (Badam) 500g,0.41,450
7472,2076,Cashew Nuts (Kaju) 500g,0.39,550
7473,2076,Peanuts (Groundnut) 500g,0.43,90
7474,2076,Sunflower Oil 1L,2.33,180
7475,2077,Almonds (Badam) 500g,0.22,450
7476,2077,Cashew Nuts (Kaju) 500g,0.49,457.54
7477,2077,Peanuts (Groundnut) 500g,0.89,90
7478,2077,Sunflower Oil 1L,1.71,180
7479,2078,Almonds (Badam) 500g,0.39,450
7480,2078,Cashew Nuts (Kaju) 500g,0.56,550
7481,2078,Peanuts (Groundnut) 500g,1.01,90
7482,2078,Sunflower Oil 1L,2.68,180
7483,2079,Almonds (Badam) 500g,0.3,450
7484,2079,Peanuts (Groundnut) 500g,0.73,73.9
7485,2079,Sunflower Oil 1L,3.59,180
7486,2079,Groundnut Oil 1L,2.35,220
7487,2080,Peanuts (Groundnut) 500g,0.64,90
7488,2080,Groundnut Oil 1L,1.25,220
7489,2080,Mustard Oil 1L,2.32,200
7490,2080,Pure Ghee 1L,1.0,600
7491,2081,Groundnut Oil 1L,1.99,220
7492,2081,Mustard Oil 1L,1.44,200
7493,2081,Pure Ghee 1L,0.7,600
7494,2081,Sugar 1kg,2.26,45
7495,2082,Mustard Oil 1L,1.64,200
7496,2082,Pure Ghee 1L,0.59,600
7497,2082,Sugar 1kg,2.13,45
7498,2082,Jaggery (Bella/Gud) 1kg,1.14,70
7499,2083,Pure Ghee 1L,0.62,600
7500,2083,Sugar 1kg,1.23,45
7501,2083,Jaggery (Bella/Gud) 1kg,2.75,70
7502,2083,Iodized Salt 1kg,2.2,25
7503,2084,Sugar 1kg,2.16,45
7504,2084,Iodized Salt 1kg,5.42,25
7505,2084,Rock Salt (Sendha Namak) 500g,0.54,40
7506,2085,Sugar 1kg,2.06,45
7507,2085,Rock Salt (Sendha Namak) 500g,0.87,40
7508,2086,Rock Salt (Sendha Namak) 500g,0.47,40
7509,2087,Sona Masoori Rice 5kg,15.68,350
7510,2087,Basmati Rice 5kg,10.88,550
7511,2087,Wheat Flour (Atta) 5kg,2.01,250
7512,2087,Toor Dal 1kg,2.65,140
7513,2088,Wheat Flour (Atta) 5kg,1.26,250
7514,2088,Toor Dal 1kg,2.33,140
7515,2088,Moong Dal 1kg,3.58,130
7516,2088,Rajma (Kidney Beans) 1kg,2.74,160
7517,2089,Wheat Flour (Atta) 5kg,2.16,250
7518,2089,Toor Dal 1kg,3.73,140
7519,2089,Moong Dal 1kg,3.84,130
7520,2089,Turmeric Powder 200g,1.46,60
7521,2090,Wheat Flour (Atta) 5kg,2.21,250
7522,2090,Turmeric Powder 200g,3.69,60
7523,2090,Garam Masala 100g,0.47,80
7524,2090,Biryani Masala 100g,0.81,100
7525,2091,Wheat Flour (Atta) 5kg,2.39,250
7526,2091,Garam Masala 100g,0.78,80
7527,2091,Biryani Masala 100g,0.57,100
7528,2091,Almonds (Badam) 500g,1.19,450
7529,2092,Wheat Flour (Atta) 5kg,3.09,202.78
7530,2092,Garam Masala 100g,0.61,80
7531,2092,Biryani Masala 100g,0.71,100
7532,2092,Almonds (Badam) 500g,0.96,450
7533,2093,Garam Masala 100g,0.33,80
7534,2093,Biryani Masala 100g,0.37,100
7535,2093,Cashew Nuts (Kaju) 500g,2.53,550
7536,2093,Peanuts (Groundnut) 500g,0.96,90
7537,2094,Biryani Masala 100g,0.56,100
7538,2094,Peanuts (Groundnut) 500g,0.82,90
7539,2094,Sunflower Oil 1L,3.52,180
7540,2094,Groundnut Oil 1L,1.49,220
7541,2095,Peanuts (Groundnut) 500g,1.09,90
7542,2095,Sunflower Oil 1L,4.37,180
7543,2095,Groundnut Oil 1L,0.82,220
7544,2095,Mustard Oil 1L,1.19,200
7545,2096,Peanuts (Groundnut) 500g,0.83,90
7546,2096,Sunflower Oil 1L,2.35,180
7547,2096,Groundnut Oil 1L,1.45,220
7548,2096,Mustard Oil 1L,1.14,200
7549,2097,Peanuts (Groundnut) 500g,1.57,90
7550,2097,Groundnut Oil 1L,1.32,220
7551,2097,Mustard Oil 1L,1.38,200
7552,2097,Pure Ghee 1L,0.69,600
7553,2098,Mustard Oil 1L,0.89,200
7554,2098,Pure Ghee 1L,1.22,600
7555,2098,Sugar 1kg,9.47,45
7556,2098,Jaggery (Bella/Gud) 1kg,0.9,70
7557,2099,Mustard Oil 1L,1.15,200
7558,2099,Pure Ghee 1L,1.26,600
7559,2099,Jaggery (Bella/Gud) 1kg,0.32,70
7560,2099,Iodized Salt 1kg,9.0,25
7561,2100,Jaggery (Bella/Gud) 1kg,0.4,59.37
7562,2100,Rock Salt (Sendha Namak) 500g,0.13,40
7563,2101,Jaggery (Bella/Gud) 1kg,0.65,70
7564,2101,Rock Salt (Sendha Namak) 500g,0.13,40
7565,2102,Jaggery (Bella/Gud) 1kg,0.67,70
7566,2102,Rock Salt (Sendha Namak) 500g,0.18,40
7567,2103,Jaggery (Bella/Gud) 1kg,0.78,70
7568,2103,Rock Salt (Sendha Namak) 500g,0.12,40
7569,2104,Rock Salt (Sendha Namak) 500g,0.32,40
7570,2105,Rock Salt (Sendha Namak) 500g,0.23,40
7571,2106,Sona Masoori Rice 5kg,2.38,350
7572,2106,Basmati Rice 5kg,10.35,550
7573,2106,Wheat Flour (Atta) 5kg,4.05,250
7574,2106,Toor Dal 1kg,1.35,140
7575,2107,Sona Masoori Rice 5kg,2.62,350
7576,2107,Wheat Flour (Atta) 5kg,4.65,250
7577,2107,Toor Dal 1kg,1.57,140
7578,2107,Moong Dal 1kg,2.73,130
7579,2108,Sona Masoori Rice 5kg,4.69,350
7580,2108,Wheat Flour (Atta) 5kg,3.86,250
7581,2108,Toor Dal 1kg,1.08,140
7582,2108,Moong Dal 1kg,4.75,130
7583,2109,Sona Masoori Rice 5kg,4.86,350
7584,2109,Toor Dal 1kg,1.67,140
7585,2109,Rajma (Kidney Beans) 1kg,1.24,160
7586,2109,Turmeric Powder 200g,5.23,60
7587,2110,Toor Dal 1kg,1.87,140
7588,2110,Rajma (Kidney Beans) 1kg,1.23,160
7589,2110,Garam Masala 100g,0.7,80
7590,2110,Biryani Masala 100g,3.0,100
7591,2111,Rajma (Kidney Beans) 1kg,0.64,160
7592,2111,Garam Masala 100g,0.28,80
7593,2111,Almonds (Badam) 500g,0.44,450
7594,2111,Cashew Nuts (Kaju) 500g,2.24,550
7595,2112,Garam Masala 100g,0.54,80
7596,2112,Almonds (Badam) 500g,0.37,450
7597,2112,Peanuts (Groundnut) 500g,1.56,90
7598,2112,Sunflower Oil 1L,9.84,180
7599,2113,Garam Masala 100g,0.74,80
7600,2113,Almonds (Badam) 500g,0.56,450
7601,2113,Peanuts (Groundnut) 500g,3.22,106.09
7602,2113,Groundnut Oil 1L,1.2,220
7603,2114,Almonds (Badam) 500g,0.23,450
7604,2114,Groundnut Oil 1L,1.64,220
7605,2114,Mustard Oil 1L,2.07,200
7606,2114,Pure Ghee 1L,0.37,600
7607,2115,Almonds (Badam) 500g,0.32,450
7608,2115,Groundnut Oil 1L,0.8,220
7609,2115,Mustard Oil 1L,3.42,172.62
7610,2115,Pure Ghee 1L,0.76,600
7611,2116,Almonds (Badam) 500g,0.24,450
7612,2116,Groundnut Oil 1L,0.63,258.86
7613,2116,Pure Ghee 1L,0.59,600
7614,2116,Sugar 1kg,1.61,45
7615,2117,Groundnut Oil 1L,0.96,220
7616,2117,Pure Ghee 1L,0.75,600
7617,2117,Sugar 1kg,2.42,45
7618,2117,Jaggery (Bella/Gud) 1kg,3.98,70
7619,2118,Pure Ghee 1L,0.42,600
7620,2118,Sugar 1kg,2.51,45
7621,2118,Iodized Salt 1kg,1.4,25
7622,2118,Rock Salt (Sendha Namak) 500g,0.2,40
7623,2119,Pure Ghee 1L,0.34,707.82
7624,2119,Sugar 1kg,2.66,45
7625,2119,Iodized Salt 1kg,1.65,25
7626,2119,Rock Salt (Sendha Namak) 500g,0.14,40
7627,2120,Iodized Salt 1kg,0.83,25
7628,2120,Rock Salt (Sendha Namak) 500g,0.2,40
7629,2121,Iodized Salt 1kg,0.91,25
7630,2121,Rock Salt (Sendha Namak) 500g,0.19,40
7631,2122,Iodized Salt 1kg,0.87,25
7632,2122,Rock Salt (Sendha Namak) 500g,0.09,40
7633,2123,Iodized Salt 1kg,2.28,25
7634,2124,Sona Masoori Rice 5kg,2.36,350
7635,2124,Basmati Rice 5kg,1.46,550
7636,2124,Wheat Flour (Atta) 5kg,2.94,250
7637,2124,Toor Dal 1kg,4.04,140
7638,2125,Sona Masoori Rice 5kg,2.74,350
7639,2125,Basmati Rice 5kg,2.36,550
7640,2125,Wheat Flour (Atta) 5kg,4.01,250
7641,2125,Toor Dal 1kg,3.36,140
7642,2126,Sona Masoori Rice 5kg,3.34,350
7643,2126,Basmati Rice 5kg,2.1,550
7644,2126,Wheat Flour (Atta) 5kg,1.73,250
7645,2126,Moong Dal 1kg,7.33,130
7646,2127,Sona Masoori Rice 5kg,2.75,350
7647,2127,Basmati Rice 5kg,2.65,550
7648,2127,Wheat Flour (Atta) 5kg,2.51,250
7649,2127,Rajma (Kidney Beans) 1kg,0.61,160
7650,2128,Sona Masoori Rice 5kg,1.29,350
7651,2128,Basmati Rice 5kg,1.71,550
7652,2128,Wheat Flour (Atta) 5kg,1.61,250
7653,2128,Rajma (Kidney Beans) 1kg,0.32,160
7654,2129,Sona Masoori Rice 5kg,2.89,350
7655,2129,Rajma (Kidney Beans) 1kg,0.75,160
7656,2129,Turmeric Powder 200g,1.62,60
7657,2129,Biryani Masala 100g,1.36,100
7658,2130,Rajma (Kidney Beans) 1kg,0.47,160
7659,2130,Turmeric Powder 200g,1.34,60
7660,2130,Biryani Masala 100g,0.96,100
7661,2130,Almonds (Badam) 500g,0.2,450
7662,2131,Rajma (Kidney Beans) 1kg,0.73,160
7663,2131,Turmeric Powder 200g,1.98,60
7664,2131,Biryani Masala 100g,0.98,100
7665,2131,Almonds (Badam) 500g,0.32,450
7666,2132,Rajma (Kidney Beans) 1kg,0.26,182.82
7667,2132,Almonds (Badam) 500g,0.28,450
7668,2132,Cashew Nuts (Kaju) 500g,0.36,550
7669,2132,Peanuts (Groundnut) 500g,0.66,90
7670,2133,Almonds (Badam) 500g,0.4,450
7671,2133,Cashew Nuts (Kaju) 500g,0.54,550
7672,2133,Peanuts (Groundnut) 500g,1.49,90
7673,2133,Sunflower Oil 1L,5.8,180
7674,2134,Almonds (Badam) 500g,0.41,450
7675,2134,Cashew Nuts (Kaju) 500g,0.34,550
7676,2134,Peanuts (Groundnut) 500g,0.6,90
7677,2134,Sunflower Oil 1L,5.16,180
7678,2135,Almonds (Badam) 500g,0.55,450
7679,2135,Cashew Nuts (Kaju) 500g,0.25,550
7680,2135,Peanuts (Groundnut) 500g,1.01,90
7681,2135,Groundnut Oil 1L,1.14,220
7682,2136,Cashew Nuts (Kaju) 500g,0.51,550
7683,2136,Peanuts (Groundnut) 500g,1.57,90
7684,2136,Groundnut Oil 1L,0.74,220
7685,2136,Mustard Oil 1L,5.4,200
7686,2137,Cashew Nuts (Kaju) 500g,0.49,550
7687,2137,Groundnut Oil 1L,1.17,220
7688,2137,Pure Ghee 1L,1.56,496.8
7689,2137,Sugar 1kg,2.34,45
7690,2138,Groundnut Oil 1L,1.61,220
7691,2138,Pure Ghee 1L,0.63,600
7692,2138,Sugar 1kg,3.78,45
7693,2138,Jaggery (Bella/Gud) 1kg,0.41,70
7694,2139,Groundnut Oil 1L,0.62,220
7695,2139,Pure Ghee 1L,1.09,600
7696,2139,Sugar 1kg,3.37,45
7697,2139,Jaggery (Bella/Gud) 1kg,0.42,70
7698,2140,Jaggery (Bella/Gud) 1kg,0.88,70
7699,2140,Iodized Salt 1kg,1.53,25
7700,2141,Jaggery (Bella/Gud) 1kg,0.49,70
7701,2141,Iodized Salt 1kg,1.45,25
7702,2142,Jaggery (Bella/Gud) 1kg,0.93,70
7703,2142,Iodized Salt 1kg,0.92,25
7704,2143,Jaggery (Bella/Gud) 1kg,0.82,70
7705,2143,Iodized Salt 1kg,0.89,25
7706,2144,Iodized Salt 1kg,1.37,25
7707,2145,Iodized Salt 1kg,1.74,25
7708,2146,Sona Masoori Rice 5kg,1.8,350
7709,2146,Basmati Rice 5kg,10.39,550
7710,2146,Wheat Flour (Atta) 5kg,7.07,250
7711,2146,Toor Dal 1kg,5.59,140
7712,2147,Sona Masoori Rice 5kg,3.04,350
7713,2147,Wheat Flour (Atta) 5kg,5.93,250
7714,2147,Toor Dal 1kg,2.9,140
7715,2147,Moong Dal 1kg,1.62,130
7716,2148,Sona Masoori Rice 5kg,2.04,350
7717,2148,Moong Dal 1kg,1.08,130
7718,2148,Rajma (Kidney Beans) 1kg,0.59,160
7719,2148,Turmeric Powder 200g,0.92,60
7720,2149,Sona Masoori Rice 5kg,4.37,350
7721,2149,Moong Dal 1kg,1.57,130
7722,2149,Rajma (Kidney Beans) 1kg,0.83,160
7723,2149,Turmeric Powder 200g,1.14,60
7724,2150,Sona Masoori Rice 5kg,1.63,350
7725,2150,Moong Dal 1kg,1.0,130
7726,2150,Rajma (Kidney Beans) 1kg,0.42,160
7727,2150,Turmeric Powder 200g,1.3,60
7728,2151,Sona Masoori Rice 5kg,2.52,350
7729,2151,Moong Dal 1kg,1.21,130
7730,2151,Rajma (Kidney Beans) 1kg,0.31,160
7731,2151,Turmeric Powder 200g,2.05,60
7732,2152,Rajma (Kidney Beans) 1kg,0.69,160
7733,2152,Garam Masala 100g,0.48,80
7734,2152,Biryani Masala 100g,0.81,100
7735,2152,Almonds (Badam) 500g,0.95,450
7736,2153,Garam Masala 100g,0.51,80
7737,2153,Biryani Masala 100g,0.72,100
7738,2153,Almonds (Badam) 500g,0.92,450
7739,2153,Cashew Nuts (Kaju) 500g,0.37,550
7740,2154,Garam Masala 100g,0.55,80
7741,2154,Biryani Masala 100g,0.65,100
7742,2154,Cashew Nuts (Kaju) 500g,0.21,550
7743,2154,Peanuts (Groundnut) 500g,4.52,90
7744,2155,Garam Masala 100g,0.74,92.31
7745,2155,Biryani Masala 100g,0.55,100
7746,2155,Cashew Nuts (Kaju) 500g,0.45,550
7747,2155,Sunflower Oil 1L,1.76,180
7748,2156,Garam Masala 100g,0.71,80
7749,2156,Cashew Nuts (Kaju) 500g,0.28,550
7750,2156,Sunflower Oil 1L,1.64,180
7751,2156,Groundnut Oil 1L,3.64,220
7752,2157,Cashew Nuts (Kaju) 500g,0.4,550
7753,2157,Sunflower Oil 1L,2.09,180
7754,2157,Groundnut Oil 1L,2.02,220
7755,2157,Mustard Oil 1L,1.26,200
7756,2158,Cashew Nuts (Kaju) 500g,0.38,550
7757,2158,Sunflower Oil 1L,1.68,180
7758,2158,Mustard Oil 1L,1.16,200
7759,2158,Pure Ghee 1L,1.72,600
7760,2159,Sunflower Oil 1L,1.28,180
7761,2159,Mustard Oil 1L,1.16,200
7762,2159,Pure Ghee 1L,1.33,600
7763,2159,Sugar 1kg,1.48,45
7764,2160,Sunflower Oil 1L,1.07,180
7765,2160,Mustard Oil 1L,0.96,200
7766,2160,Sugar 1kg,2.03,45
7767,2160,Jaggery (Bella/Gud) 1kg,0.79,70
7768,2161,Mustard Oil 1L,0.74,200
7769,2161,Sugar 1kg,2.22,45
7770,2161,Jaggery (Bella/Gud) 1kg,2.09,70
7771,2161,Iodized Salt 1kg,1.04,25
7772,2162,Sugar 1kg,1.98,45
7773,2162,Jaggery (Bella/Gud) 1kg,0.83,70
7774,2162,Iodized Salt 1kg,1.08,25
7775,2162,Rock Salt (Sendha Namak) 500g,1.39,40
7776,2163,Sugar 1kg,1.9,45
7777,2163,Iodized Salt 1kg,2.05,25
7778,2163,Rock Salt (Sendha Namak) 500g,1.06,40
7779,2164,Iodized Salt 1kg,0.93,25
7780,2165,Iodized Salt 1kg,1.31,25
7781,2166,Iodized Salt 1kg,1.37,25
7782,2167,Sona Masoori Rice 5kg,2.31,350
7783,2167,Basmati Rice 5kg,5.04,550
7784,2167,Wheat Flour (Atta) 5kg,11.35,250
7785,2167,Toor Dal 1kg,3.0,140
7786,2168,Sona Masoori Rice 5kg,4.63,350
7787,2168,Basmati Rice 5kg,5.79,550
7788,2168,Toor Dal 1kg,1.28,140
7789,2168,Moong Dal 1kg,6.81,130
7790,2169,Sona Masoori Rice 5kg,3.59,350
7791,2169,Toor Dal 1kg,2.14,140
7792,2169,Rajma (Kidney Beans) 1kg,1.66,160
7793,2169,Turmeric Powder 200g,1.92,60
7794,2170,Sona Masoori Rice 5kg,4.02,350
7795,2170,Toor Dal 1kg,1.4,140
7796,2170,Rajma (Kidney Beans) 1kg,1.72,160
7797,2170,Turmeric Powder 200g,1.13,60
7798,2171,Turmeric Powder 200g,1.48,60
7799,2171,Biryani Masala 100g,0.87,100
7800,2171,Almonds (Badam) 500g,0.73,450
7801,2171,Cashew Nuts (Kaju) 500g,1.38,550
7802,2172,Biryani Masala 100g,0.88,100
7803,2172,Almonds (Badam) 500g,0.46,450
7804,2172,Cashew Nuts (Kaju) 500g,0.74,550
7805,2172,Peanuts (Groundnut) 500g,1.38,90
7806,2173,Biryani Masala 100g,0.34,100
7807,2173,Almonds (Badam) 500g,0.53,450
7808,2173,Peanuts (Groundnut) 500g,1.53,90
7809,2173,Sunflower Oil 1L,2.76,155.33
7810,2174,Biryani Masala 100g,0.38,100
7811,2174,Almonds (Badam) 500g,0.48,450
7812,2174,Peanuts (Groundnut) 500g,1.53,90
7813,2174,Sunflower Oil 1L,2.61,180
7814,2175,Biryani Masala 100g,0.55,100
7815,2175,Peanuts (Groundnut) 500g,0.75,90
7816,2175,Sunflower Oil 1L,2.43,180
7817,2175,Groundnut Oil 1L,1.51,249.07
7818,2176,Sunflower Oil 1L,2.51,180
7819,2176,Groundnut Oil 1L,1.37,220
7820,2176,Mustard Oil 1L,5.38,200
7821,2176,Pure Ghee 1L,0.74,600
7822,2177,Groundnut Oil 1L,0.65,220
7823,2177,Pure Ghee 1L,0.43,600
7824,2177,Sugar 1kg,1.83,45
7825,2177,Jaggery (Bella/Gud) 1kg,0.93,70
7826,2178,Groundnut Oil 1L,1.42,220
7827,2178,Pure Ghee 1L,0.6,717.36
7828,2178,Sugar 1kg,1.56,45
7829,2178,Jaggery (Bella/Gud) 1kg,1.07,70
7830,2179,Pure Ghee 1L,0.62,600
7831,2179,Sugar 1kg,1.3,45
7832,2179,Jaggery (Bella/Gud) 1kg,1.04,70
7833,2179,Iodized Salt 1kg,1.08,25
7834,2180,Pure Ghee 1L,0.25,600
7835,2180,Sugar 1kg,1.77,45
7836,2180,Jaggery (Bella/Gud) 1kg,0.67,70
7837,2180,Iodized Salt 1kg,1.78,25
7838,2181,Pure Ghee 1L,0.58,600
7839,2181,Sugar 1kg,2.27,45
7840,2181,Jaggery (Bella/Gud) 1kg,0.57,70
7841,2181,Iodized Salt 1kg,1.53,25
7842,2182,Sugar 1kg,1.61,45
7843,2182,Iodized Salt 1kg,0.83,25
7844,2183,Iodized Salt 1kg,1.73,25
7845,2184,Iodized Salt 1kg,1.13,25
7846,2185,Sona Masoori Rice 5kg,14.04,401.63
7847,2185,Basmati Rice 5kg,2.64,550
7848,2185,Wheat Flour (Atta) 5kg,5.42,250
7849,2185,Toor Dal 1kg,1.63,140
7850,2186,Basmati Rice 5kg,4.81,550
7851,2186,Wheat Flour (Atta) 5kg,6.54,250
7852,2186,Toor Dal 1kg,2.27,140
7853,2186,Moong Dal 1kg,3.68,130
7854,2187,Basmati Rice 5kg,4.76,550
7855,2187,Toor Dal 1kg,2.44,140
7856,2187,Moong Dal 1kg,3.75,130
7857,2187,Rajma (Kidney Beans) 1kg,1.44,160
7858,2188,Toor Dal 1kg,2.28,140
7859,2188,Rajma (Kidney Beans) 1kg,1.56,160
7860,2188,Turmeric Powder 200g,0.94,60
7861,2188,Garam Masala 100g,1.04,80
7862,2189,Turmeric Powder 200g,1.02,60
7863,2189,Garam Masala 100g,1.38,80
7864,2189,Biryani Masala 100g,0.53,100
7865,2189,Almonds (Badam) 500g,0.73,450
7866,2190,Turmeric Powder 200g,1.89,60
7867,2190,Biryani Masala 100g,0.83,100
7868,2190,Almonds (Badam) 500g,1.37,450
7869,2190,Cashew Nuts (Kaju) 500g,0.3,550
7870,2191,Turmeric Powder 200g,1.02,60
7871,2191,Biryani Masala 100g,0.57,100
7872,2191,Cashew Nuts (Kaju) 500g,0.76,550
7873,2191,Peanuts (Groundnut) 500g,0.74,90
7874,2192,Biryani Masala 100g,1.34,100
7875,2192,Cashew Nuts (Kaju) 500g,0.65,550
7876,2192,Peanuts (Groundnut) 500g,1.65,90
7877,2192,Sunflower Oil 1L,10.16,180
7878,2193,Cashew Nuts (Kaju) 500g,0.44,550
7879,2193,Peanuts (Groundnut) 500g,1.16,90
7880,2193,Groundnut Oil 1L,1.93,249.43
7881,2193,Mustard Oil 1L,0.66,200
7882,2194,Peanuts (Groundnut) 500g,1.02,90
7883,2194,Groundnut Oil 1L,1.99,220
7884,2194,Mustard Oil 1L,1.0,200
7885,2194,Pure Ghee 1L,3.18,600
7886,2195,Groundnut Oil 1L,1.22,220
7887,2195,Mustard Oil 1L,1.36,200
7888,2195,Sugar 1kg,1.9,45
7889,2195,Jaggery (Bella/Gud) 1kg,0.71,70
7890,2196,Mustard Oil 1L,0.63,200
7891,2196,Sugar 1kg,3.47,45
7892,2196,Jaggery (Bella/Gud) 1kg,1.35,70
7893,2196,Iodized Salt 1kg,1.5,25
7894,2197,Mustard Oil 1L,0.79,200
7895,2197,Sugar 1kg,2.91,45
7896,2197,Jaggery (Bella/Gud) 1kg,1.05,70
7897,2197,Iodized Salt 1kg,1.15,25
7898,2198,Mustard Oil 1L,0.94,200
7899,2198,Sugar 1kg,1.74,45
7900,2198,Jaggery (Bella/Gud) 1kg,1.09,70
7901,2198,Iodized Salt 1kg,1.51,25
7902,2199,Iodized Salt 1kg,1.35,25
7903,2199,Rock Salt (Sendha Namak) 500g,1.74,40
7904,2200,Iodized Salt 1kg,1.62,25
7905,2201,Iodized Salt 1kg,1.28,25
7906,2202,Sona Masoori Rice 5kg,15.22,350
7907,2202,Basmati Rice 5kg,7.76,550
7908,2202,Wheat Flour (Atta) 5kg,3.26,250
7909,2202,Toor Dal 1kg,1.07,140
7910,2203,Basmati Rice 5kg,4.22,550
7911,2203,Wheat Flour (Atta) 5kg,5.2,250
7912,2203,Toor Dal 1kg,1.59,140
7913,2203,Moong Dal 1kg,1.67,130
7914,2204,Wheat Flour (Atta) 5kg,2.92,250
7915,2204,Toor Dal 1kg,0.97,140
7916,2204,Moong Dal 1kg,0.96,130
7917,2204,Rajma (Kidney Beans) 1kg,0.51,160
7918,2205,Toor Dal 1kg,0.74,140
7919,2205,Moong Dal 1kg,1.69,130
7920,2205,Rajma (Kidney Beans) 1kg,0.36,160
7921,2205,Turmeric Powder 200g,1.25,60
7922,2206,Toor Dal 1kg,1.58,140
7923,2206,Moong Dal 1kg,1.07,130
7924,2206,Rajma (Kidney Beans) 1kg,0.74,160
7925,2206,Turmeric Powder 200g,0.69,60
7926,2207,Toor Dal 1kg,1.66,140
7927,2207,Moong Dal 1kg,1.05,106.73
7928,2207,Rajma (Kidney Beans) 1kg,0.63,160
7929,2207,Turmeric Powder 200g,0.81,60
7930,2208,Rajma (Kidney Beans) 1kg,0.71,160
7931,2208,Turmeric Powder 200g,1.16,60
7932,2208,Garam Masala 100g,0.46,80
7933,2208,Biryani Masala 100g,1.67,100
7934,2209,Turmeric Powder 200g,1.49,60
7935,2209,Garam Masala 100g,0.69,80
7936,2209,Biryani Masala 100g,1.18,100
7937,2209,Almonds (Badam) 500g,0.25,450
7938,2210,Garam Masala 100g,0.34,80
7939,2210,Almonds (Badam) 500g,0.29,450
7940,2210,Cashew Nuts (Kaju) 500g,2.34,550
7941,2210,Peanuts (Groundnut) 500g,1.81,90
7942,2211,Garam Masala 100g,0.48,80
7943,2211,Almonds (Badam) 500g,0.4,450
7944,2211,Peanuts (Groundnut) 500g,1.08,90
7945,2211,Sunflower Oil 1L,3.25,180
7946,2212,Almonds (Badam) 500g,0.18,450
7947,2212,Peanuts (Groundnut) 500g,0.95,90
7948,2212,Sunflower Oil 1L,1.86,180
7949,2212,Groundnut Oil 1L,1.47,220
7950,2213,Almonds (Badam) 500g,0.5,450
7951,2213,Peanuts (Groundnut) 500g,0.76,90
7952,2213,Sunflower Oil 1L,1.82,180
7953,2213,Groundnut Oil 1L,2.11,220
7954,2214,Almonds (Badam) 500g,0.34,450
7955,2214,Sunflower Oil 1L,2.09,180
7956,2214,Groundnut Oil 1L,1.66,220
7957,2214,Mustard Oil 1L,1.3,200
7958,2215,Mustard Oil 1L,0.66,200
7959,2215,Pure Ghee 1L,0.66,600
7960,2215,Sugar 1kg,9.33,45
7961,2215,Jaggery (Bella/Gud) 1kg,1.14,70
7962,2216,Mustard Oil 1L,0.69,200
7963,2216,Pure Ghee 1L,0.71,600
7964,2216,Jaggery (Bella/Gud) 1kg,0.61,70
7965,2216,Iodized Salt 1kg,2.25,25
7966,2217,Mustard Oil 1L,1.22,200
7967,2217,Pure Ghee 1L,0.32,600
7968,2217,Jaggery (Bella/Gud) 1kg,0.65,70
7969,2217,Iodized Salt 1kg,2.04,25
7970,2218,Mustard Oil 1L,1.16,177.81
7971,2218,Pure Ghee 1L,0.63,600
7972,2218,Jaggery (Bella/Gud) 1kg,0.83,70
7973,2218,Iodized Salt 1kg,1.76,25
7974,2219,Pure Ghee 1L,0.44,600
7975,2219,Jaggery (Bella/Gud) 1kg,0.88,70
7976,2219,Iodized Salt 1kg,1.68,25
7977,2219,Rock Salt (Sendha Namak) 500g,1.2,40
7978,2220,Iodized Salt 1kg,1.21,25
7979,2221,Sona Masoori Rice 5kg,2.55,350
7980,2221,Basmati Rice 5kg,3.06,550
7981,2221,Wheat Flour (Atta) 5kg,1.67,250
7982,2221,Toor Dal 1kg,7.79,154.28
7983,2222,Sona Masoori Rice 5kg,2.55,350
7984,2222,Basmati Rice 5kg,3.13,550
7985,2222,Wheat Flour (Atta) 5kg,3.0,250
7986,2222,Moong Dal 1kg,1.8,130
7987,2223,Sona Masoori Rice 5kg,3.13,350
7988,2223,Basmati Rice 5kg,2.21,550
7989,2223,Wheat Flour (Atta) 5kg,2.55,250
7990,2223,Moong Dal 1kg,1.02,130
7991,2224,Sona Masoori Rice 5kg,1.66,350
7992,2224,Basmati Rice 5kg,3.91,622.38
7993,2224,Wheat Flour (Atta) 5kg,3.41,250
7994,2224,Moong Dal 1kg,1.52,130
7995,2225,Sona Masoori Rice 5kg,3.0,350
7996,2225,Wheat Flour (Atta) 5kg,1.67,250
7997,2225,Moong Dal 1kg,1.69,130
7998,2225,Rajma (Kidney Beans) 1kg,0.45,160
7999,2226,Sona Masoori Rice 5kg,2.78,350
8000,2226,Moong Dal 1kg,1.05,130
8001,2226,Rajma (Kidney Beans) 1kg,0.29,128.77
8002,2226,Turmeric Powder 200g,5.37,60
8003,2227,Rajma (Kidney Beans) 1kg,0.59,160
8004,2227,Garam Masala 100g,0.42,80
8005,2227,Biryani Masala 100g,3.27,100
8006,2227,Almonds (Badam) 500g,2.08,450
8007,2228,Rajma (Kidney Beans) 1kg,0.6,160
8008,2228,Garam Masala 100g,0.23,80
8009,2228,Cashew Nuts (Kaju) 500g,0.87,550
8010,2228,Peanuts (Groundnut) 500g,0.83,90
8011,2229,Rajma (Kidney Beans) 1kg,0.34,160
8012,2229,Garam Masala 100g,0.25,80
8013,2229,Cashew Nuts (Kaju) 500g,0.97,550
8014,2229,Peanuts (Groundnut) 500g,1.28,90
8015,2230,Rajma (Kidney Beans) 1kg,0.55,160
8016,2230,Garam Masala 100g,0.27,80
8017,2230,Cashew Nuts (Kaju) 500g,0.43,550
8018,2230,Peanuts (Groundnut) 500g,1.02,90
8019,2231,Garam Masala 100g,0.35,80
8020,2231,Peanuts (Groundnut) 500g,1.54,90
8021,2231,Sunflower Oil 1L,0.99,180
8022,2231,Groundnut Oil 1L,1.21,220
8023,2232,Garam Masala 100g,0.17,80
8024,2232,Sunflower Oil 1L,1.97,180
8025,2232,Groundnut Oil 1L,0.77,220
8026,2232,Mustard Oil 1L,0.6,200
8027,2233,Sunflower Oil 1L,1.65,180
8028,2233,Groundnut Oil 1L,0.61,220
8029,2233,Mustard Oil 1L,0.83,200
8030,2233,Pure Ghee 1L,0.51,600
8031,2234,Sunflower Oil 1L,1.19,180
8032,2234,Groundnut Oil 1L,1.42,220
8033,2234,Mustard Oil 1L,1.54,200
8034,2234,Pure Ghee 1L,0.69,600
8035,2235,Sunflower Oil 1L,1.77,180
8036,2235,Groundnut Oil 1L,0.73,220
8037,2235,Mustard Oil 1L,1.58,200
8038,2235,Pure Ghee 1L,1.15,600
8039,2236,Sunflower Oil 1L,1.7,180
8040,2236,Groundnut Oil 1L,0.96,220
8041,2236,Mustard Oil 1L,1.31,200
8042,2236,Pure Ghee 1L,0.8,665.22
8043,2237,Sugar 1kg,2.4,45
8044,2237,Jaggery (Bella/Gud) 1kg,1.95,70
8045,2237,Iodized Salt 1kg,1.87,25
8046,2237,Rock Salt (Sendha Namak) 500g,0.35,40
8047,2238,Sugar 1kg,1.97,45
8048,2238,Jaggery (Bella/Gud) 1kg,1.84,70
8049,2238,Iodized Salt 1kg,1.39,25
8050,2238,Rock Salt (Sendha Namak) 500g,0.31,40
8051,2239,Sugar 1kg,3.84,45
8052,2239,Iodized Salt 1kg,2.45,25
8053,2239,Rock Salt (Sendha Namak) 500g,0.22,40
8054,2240,Sugar 1kg,2.76,45
8055,2240,Iodized Salt 1kg,3.39,25
8056,2240,Rock Salt (Sendha Namak) 500g,0.23,40
8057,2241,Sona Masoori Rice 5kg,4.42,350
8058,2241,Basmati Rice 5kg,3.01,550
8059,2241,Wheat Flour (Atta) 5kg,3.89,250
8060,2241,Toor Dal 1kg,1.39,140
8061,2242,Sona Masoori Rice 5kg,4.98,350
8062,2242,Basmati Rice 5kg,4.65,550
8063,2242,Wheat Flour (Atta) 5kg,2.36,250
8064,2242,Toor Dal 1kg,1.03,140
8065,2243,Sona Masoori Rice 5kg,6.27,350
8066,2243,Basmati Rice 5kg,4.01,550
8067,2243,Wheat Flour (Atta) 5kg,2.27,250
8068,2243,Toor Dal 1kg,1.27,140
8069,2244,Wheat Flour (Atta) 5kg,3.33,250
8070,2244,Toor Dal 1kg,1.2,140
8071,2244,Moong Dal 1kg,2.3,130
8072,2244,Rajma (Kidney Beans) 1kg,3.08,160
8073,2245,Toor Dal 1kg,1.74,140
8074,2245,Moong Dal 1kg,1.13,130
8075,2245,Turmeric Powder 200g,1.37,60
8076,2245,Garam Masala 100g,1.24,80
8077,2246,Toor Dal 1kg,1.2,140
8078,2246,Moong Dal 1kg,1.73,130
8079,2246,Turmeric Powder 200g,1.32,60
8080,2246,Garam Masala 100g,0.69,80
8081,2247,Moong Dal 1kg,2.23,130
8082,2247,Turmeric Powder 200g,0.91,60
8083,2247,Garam Masala 100g,1.18,80
8084,2247,Biryani Masala 100g,0.5,100
8085,2248,Turmeric Powder 200g,0.5,60
8086,2248,Garam Masala 100g,0.5,80
8087,2248,Biryani Masala 100g,0.89,100
8088,2248,Almonds (Badam) 500g,0.65,450
8089,2249,Turmeric Powder 200g,1.14,60
8090,2249,Garam Masala 100g,0.65,80
8091,2249,Biryani Masala 100g,0.71,100
8092,2249,Almonds (Badam) 500g,0.7,450
8093,2250,Biryani Masala 100g,0.8,100
8094,2250,Almonds (Badam) 500g,0.81,450
8095,2250,Cashew Nuts (Kaju) 500g,0.79,550
8096,2250,Peanuts (Groundnut) 500g,0.61,90
8097,2251,Cashew Nuts (Kaju) 500g,0.54,550
8098,2251,Peanuts (Groundnut) 500g,0.73,90
8099,2251,Sunflower Oil 1L,2.03,180
8100,2251,Groundnut Oil 1L,1.24,220
8101,2252,Cashew Nuts (Kaju) 500g,1.12,550
8102,2252,Peanuts (Groundnut) 500g,0.81,90
8103,2252,Sunflower Oil 1L,1.39,180
8104,2252,Groundnut Oil 1L,1.21,220
8105,2253,Peanuts (Groundnut) 500g,0.85,90
8106,2253,Sunflower Oil 1L,2.06,180
8107,2253,Groundnut Oil 1L,1.69,220
8108,2253,Mustard Oil 1L,1.48,200
8109,2254,Peanuts (Groundnut) 500g,0.8,90
8110,2254,Sunflower Oil 1L,2.45,180
8111,2254,Groundnut Oil 1L,0.89,220
8112,2254,Mustard Oil 1L,1.62,200
8113,2255,Peanuts (Groundnut) 500g,0.83,90
8114,2255,Sunflower Oil 1L,1.91,180
8115,2255,Mustard Oil 1L,2.0,200
8116,2255,Pure Ghee 1L,3.08,600
8117,2256,Mustard Oil 1L,0.83,200
8118,2256,Sugar 1kg,2.53,45
8119,2256,Jaggery (Bella/Gud) 1kg,1.81,70
8120,2256,Iodized Salt 1kg,1.75,25
8121,2257,Sugar 1kg,4.53,45
8122,2257,Jaggery (Bella/Gud) 1kg,2.57,70
8123,2257,Iodized Salt 1kg,0.88,25
8124,2257,Rock Salt (Sendha Namak) 500g,1.12,40
8125,2258,Sugar 1kg,3.87,45
8126,2258,Iodized Salt 1kg,1.56,25
8127,2259,Iodized Salt 1kg,0.62,25
8128,2260,Iodized Salt 1kg,1.63,25
8129,2261,Iodized Salt 1kg,1.51,25
8130,2262,Sona Masoori Rice 5kg,2.77,350
8131,2262,Basmati Rice 5kg,2.66,550
8132,2262,Wheat Flour (Atta) 5kg,2.21,250
8133,2262,Toor Dal 1kg,4.42,140
8134,2263,Sona Masoori Rice 5kg,2.14,350
8135,2263,Basmati Rice 5kg,2.53,550
8136,2263,Wheat Flour (Atta) 5kg,1.93,250
8137,2263,Toor Dal 1kg,4.3,140
8138,2264,Sona Masoori Rice 5kg,3.45,350
8139,2264,Basmati Rice 5kg,2.37,550
8140,2264,Wheat Flour (Atta) 5kg,2.65,250
8141,2264,Moong Dal 1kg,0.96,130
8142,2265,Sona Masoori Rice 5kg,3.4,350
8143,2265,Basmati Rice 5kg,2.89,550
8144,2265,Wheat Flour (Atta) 5kg,1.9,250
8145,2265,Moong Dal 1kg,0.85,130
8146,2266,Sona Masoori Rice 5kg,2.64,350
8147,2266,Wheat Flour (Atta) 5kg,2.52,250
8148,2266,Moong Dal 1kg,1.32,130
8149,2266,Rajma (Kidney Beans) 1kg,0.79,160
8150,2267,Sona Masoori Rice 5kg,2.0,350
8151,2267,Moong Dal 1kg,1.59,130
8152,2267,Rajma (Kidney Beans) 1kg,0.6,160
8153,2267,Turmeric Powder 200g,1.09,60
8154,2268,Moong Dal 1kg,0.66,130
8155,2268,Rajma (Kidney Beans) 1kg,0.45,160
8156,2268,Turmeric Powder 200g,0.99,60
8157,2268,Garam Masala 100g,1.09,80
8158,2269,Moong Dal 1kg,1.02,130
8159,2269,Rajma (Kidney Beans) 1kg,0.79,160
8160,2269,Turmeric Powder 200g,0.54,60
8161,2269,Garam Masala 100g,2.27,80
8162,2270,Turmeric Powder 200g,0.76,60
8163,2270,Biryani Masala 100g,0.77,100
8164,2270,Almonds (Badam) 500g,0.98,450
8165,2270,Cashew Nuts (Kaju) 500g,2.14,550
8166,2271,Turmeric Powder 200g,0.61,60
8167,2271,Biryani Masala 100g,0.55,100
8168,2271,Almonds (Badam) 500g,1.15,450
8169,2271,Peanuts (Groundnut) 500g,4.57,90
8170,2272,Turmeric Powder 200g,1.38,60
8171,2272,Biryani Masala 100g,0.57,100
8172,2272,Sunflower Oil 1L,2.31,180
8173,2272,Groundnut Oil 1L,0.75,220
8174,2273,Biryani Masala 100g,0.6,100
8175,2273,Sunflower Oil 1L,0.82,180
8176,2273,Groundnut Oil 1L,1.55,220
8177,2273,Mustard Oil 1L,5.61,200
8178,2274,Biryani Masala 100g,0.42,100
8179,2274,Sunflower Oil 1L,2.33,180
8180,2274,Groundnut Oil 1L,1.9,220
8181,2274,Pure Ghee 1L,3.29,600
8182,2275,Biryani Masala 100g,0.31,100
8183,2275,Sunflower Oil 1L,2.33,180
8184,2275,Groundnut Oil 1L,1.26,220
8185,2275,Sugar 1kg,2.74,45
8186,2276,Sunflower Oil 1L,1.56,180
8187,2276,Sugar 1kg,3.86,45
8188,2276,Jaggery (Bella/Gud) 1kg,0.81,70
8189,2276,Iodized Salt 1kg,3.27,25
8190,2277,Sugar 1kg,3.19,45
8191,2277,Jaggery (Bella/Gud) 1kg,0.87,70
8192,2277,Iodized Salt 1kg,2.02,25
8193,2277,Rock Salt (Sendha Namak) 500g,0.52,40
8194,2278,Jaggery (Bella/Gud) 1kg,0.83,70
8195,2278,Iodized Salt 1kg,3.53,25
8196,2278,Rock Salt (Sendha Namak) 500g,0.36,40
8197,2279,Jaggery (Bella/Gud) 1kg,0.49,70
8198,2279,Rock Salt (Sendha Namak) 500g,0.75,40
8199,2280,Jaggery (Bella/Gud) 1kg,1.1,70
8200,2280,Rock Salt (Sendha Namak) 500g,0.57,40
8201,2281,Rock Salt (Sendha Namak) 500g,0.4,40
8202,2282,Sona Masoori Rice 5kg,2.9,350
8203,2282,Basmati Rice 5kg,12.32,550
8204,2282,Wheat Flour (Atta) 5kg,12.32,250
8205,2282,Toor Dal 1kg,3.15,140
8206,2283,Sona Masoori Rice 5kg,3.27,350
8207,2283,Toor Dal 1kg,3.22,140
8208,2283,Moong Dal 1kg,6.32,130
8209,2283,Rajma (Kidney Beans) 1kg,0.54,160
8210,2284,Sona Masoori Rice 5kg,4.97,350
8211,2284,Toor Dal 1kg,2.24,140
8212,2284,Rajma (Kidney Beans) 1kg,0.33,160
8213,2284,Turmeric Powder 200g,3.05,60
8214,2285,Sona Masoori Rice 5kg,3.61,350
8215,2285,Rajma (Kidney Beans) 1kg,0.58,160
8216,2285,Turmeric Powder 200g,2.16,60
8217,2285,Garam Masala 100g,1.55,80
8218,2286,Rajma (Kidney Beans) 1kg,0.85,160
8219,2286,Biryani Masala 100g,0.76,100
8220,2286,Almonds (Badam) 500g,1.93,450
8221,2286,Cashew Nuts (Kaju) 500g,1.13,550
8222,2287,Rajma (Kidney Beans) 1kg,0.49,160
8223,2287,Biryani Masala 100g,0.51,100
8224,2287,Cashew Nuts (Kaju) 500g,1.2,550
8225,2287,Peanuts (Groundnut) 500g,2.04,90
8226,2288,Rajma (Kidney Beans) 1kg,0.53,160
8227,2288,Biryani Masala 100g,0.68,100
8228,2288,Peanuts (Groundnut) 500g,1.08,90
8229,2288,Sunflower Oil 1L,6.52,180
8230,2289,Biryani Masala 100g,0.76,100
8231,2289,Peanuts (Groundnut) 500g,1.16,90
8232,2289,Sunflower Oil 1L,3.22,180
8233,2289,Groundnut Oil 1L,0.91,220
8234,2290,Biryani Masala 100g,0.32,100
8235,2290,Peanuts (Groundnut) 500g,1.07,90
8236,2290,Groundnut Oil 1L,2.4,220
8237,2290,Mustard Oil 1L,1.73,200
8238,2291,Groundnut Oil 1L,2.13,220
8239,2291,Mustard Oil 1L,1.29,200
8240,2291,Pure Ghee 1L,0.87,600
8241,2291,Sugar 1kg,9.16,45
8242,2292,Mustard Oil 1L,1.1,162.05
8243,2292,Pure Ghee 1L,0.86,600
8244,2292,Jaggery (Bella/Gud) 1kg,2.02,70
8245,2292,Iodized Salt 1kg,2.41,25
8246,2293,Mustard Oil 1L,1.51,200
8247,2293,Pure Ghee 1L,0.58,600
8248,2293,Jaggery (Bella/Gud) 1kg,2.25,70
8249,2293,Iodized Salt 1kg,1.49,25
8250,2294,Pure Ghee 1L,0.94,600
8251,2294,Iodized Salt 1kg,2.18,25
8252,2294,Rock Salt (Sendha Namak) 500g,0.26,40
8253,2295,Iodized Salt 1kg,2.37,25
8254,2295,Rock Salt (Sendha Namak) 500g,0.21,40
8255,2296,Rock Salt (Sendha Namak) 500g,0.25,40
8256,2297,Rock Salt (Sendha Namak) 500g,0.18,40
8257,2298,Rock Salt (Sendha Namak) 500g,0.19,40
8258,2299,Sona Masoori Rice 5kg,14.86,350
8259,2299,Basmati Rice 5kg,1.98,550
8260,2299,Wheat Flour (Atta) 5kg,7.69,250
8261,2299,Toor Dal 1kg,5.47,140
8262,2300,Basmati Rice 5kg,1.41,550
8263,2300,Wheat Flour (Atta) 5kg,3.39,250
8264,2300,Toor Dal 1kg,3.25,164.74
8265,2300,Moong Dal 1kg,0.93,130
8266,2301,Basmati Rice 5kg,1.65,470.77
8267,2301,Moong Dal 1kg,1.77,130
8268,2301,Rajma (Kidney Beans) 1kg,1.57,160
8269,2301,Turmeric Powder 200g,0.93,60
8270,2302,Basmati Rice 5kg,2.14,550
8271,2302,Moong Dal 1kg,1.41,130
8272,2302,Rajma (Kidney Beans) 1kg,1.61,160
8273,2302,Turmeric Powder 200g,1.13,60
8274,2303,Basmati Rice 5kg,2.45,629.51
8275,2303,Moong Dal 1kg,1.34,130
8276,2303,Turmeric Powder 200g,0.93,60
8277,2303,Garam Masala 100g,0.59,80
8278,2304,Basmati Rice 5kg,1.96,493.87
8279,2304,Moong Dal 1kg,1.81,130
8280,2304,Turmeric Powder 200g,1.63,60
8281,2304,Garam Masala 100g,0.36,80
8282,2305,Garam Masala 100g,0.9,80
8283,2305,Biryani Masala 100g,0.64,100
8284,2305,Almonds (Badam) 500g,0.47,450
8285,2305,Cashew Nuts (Kaju) 500g,0.4,476.03
8286,2306,Biryani Masala 100g,0.65,100
8287,2306,Almonds (Badam) 500g,0.41,450
8288,2306,Cashew Nuts (Kaju) 500g,0.47,550
8289,2306,Peanuts (Groundnut) 500g,2.08,90
8290,2307,Biryani Masala 100g,0.52,100
8291,2307,Almonds (Badam) 500g,0.41,450
8292,2307,Cashew Nuts (Kaju) 500g,0.48,550
8293,2307,Peanuts (Groundnut) 500g,2.42,76.46
8294,2308,Biryani Masala 100g,0.9,100
8295,2308,Almonds (Badam) 500g,0.34,450
8296,2308,Cashew Nuts (Kaju) 500g,0.21,550
8297,2308,Peanuts (Groundnut) 500g,0.88,90
8298,2309,Almonds (Badam) 500g,0.29,450
8299,2309,Cashew Nuts (Kaju) 500g,0.33,550
8300,2309,Sunflower Oil 1L,2.14,180
8301,2309,Groundnut Oil 1L,2.33,220
8302,2310,Cashew Nuts (Kaju) 500g,0.56,550
8303,2310,Sunflower Oil 1L,1.06,180
8304,2310,Groundnut Oil 1L,1.8,220
8305,2310,Mustard Oil 1L,2.15,200
8306,2311,Sunflower Oil 1L,1.35,180
8307,2311,Groundnut Oil 1L,0.86,220
8308,2311,Mustard Oil 1L,1.56,200
8309,2311,Pure Ghee 1L,1.42,600
8310,2312,Sunflower Oil 1L,1.28,180
8311,2312,Mustard Oil 1L,1.57,200
8312,2312,Pure Ghee 1L,1.59,600
8313,2312,Sugar 1kg,3.71,45
8314,2313,Sunflower Oil 1L,1.63,180
8315,2313,Sugar 1kg,1.37,45
8316,2313,Jaggery (Bella/Gud) 1kg,1.04,70
8317,2313,Iodized Salt 1kg,8.06,25
8318,2314,Sunflower Oil 1L,2.66,180
8319,2314,Sugar 1kg,1.49,45
8320,2314,Jaggery (Bella/Gud) 1kg,0.99,70
8321,2314,Rock Salt (Sendha Namak) 500g,0.79,40
8322,2315,Sugar 1kg,1.39,45
8323,2315,Jaggery (Bella/Gud) 1kg,1.31,70
8324,2315,Rock Salt (Sendha Namak) 500g,1.51,40
8325,2316,Sugar 1kg,2.86,45
8326,2316,Jaggery (Bella/Gud) 1kg,0.97,70
8327,2317,Sona Masoori Rice 5kg,5.84,350
8328,2317,Basmati Rice 5kg,1.33,550
8329,2317,Wheat Flour (Atta) 5kg,2.42,250
8330,2317,Toor Dal 1kg,2.55,140
8331,2318,Sona Masoori Rice 5kg,3.83,350
8332,2318,Basmati Rice 5kg,2.4,550
8333,2318,Wheat Flour (Atta) 5kg,0.97,250
8334,2318,Toor Dal 1kg,2.36,140
8335,2319,Sona Masoori Rice 5kg,2.72,350
8336,2319,Basmati Rice 5kg,1.31,550
8337,2319,Wheat Flour (Atta) 5kg,1.85,250
8338,2319,Toor Dal 1kg,2.51,140
8339,2320,Sona Masoori Rice 5kg,2.72,350
8340,2320,Basmati Rice 5kg,1.95,550
8341,2320,Wheat Flour (Atta) 5kg,2.38,250
8342,2320,Moong Dal 1kg,6.9,130
8343,2321,Basmati Rice 5kg,2.45,550
8344,2321,Wheat Flour (Atta) 5kg,2.5,250
8345,2321,Rajma (Kidney Beans) 1kg,1.02,160
8346,2321,Turmeric Powder 200g,0.74,60
8347,2322,Basmati Rice 5kg,2.74,550
8348,2322,Wheat Flour (Atta) 5kg,2.53,250
8349,2322,Rajma (Kidney Beans) 1kg,1.09,160
8350,2322,Turmeric Powder 200g,0.46,60
8351,2323,Rajma (Kidney Beans) 1kg,1.04,160
8352,2323,Turmeric Powder 200g,1.3,60
8353,2323,Garam Masala 100g,1.59,80
8354,2323,Biryani Masala 100g,0.76,100
8355,2324,Turmeric Powder 200g,0.72,60
8356,2324,Biryani Masala 100g,0.88,100
8357,2324,Almonds (Badam) 500g,0.85,450
8358,2324,Cashew Nuts (Kaju) 500g,0.53,550
8359,2325,Turmeric Powder 200g,0.86,60
8360,2325,Biryani Masala 100g,0.6,100
8361,2325,Almonds (Badam) 500g,0.43,450
8362,2325,Cashew Nuts (Kaju) 500g,0.58,550
8363,2326,Turmeric Powder 200g,0.68,60
8364,2326,Biryani Masala 100g,0.46,100
8365,2326,Almonds (Badam) 500g,0.8,392.55
8366,2326,Cashew Nuts (Kaju) 500g,0.58,550
8367,2327,Biryani Masala 100g,0.5,100
8368,2327,Cashew Nuts (Kaju) 500g,0.74,550
8369,2327,Peanuts (Groundnut) 500g,1.54,90
8370,2327,Sunflower Oil 1L,2.23,180
8371,2328,Peanuts (Groundnut) 500g,1.38,90
8372,2328,Sunflower Oil 1L,1.84,180
8373,2328,Groundnut Oil 1L,2.56,220
8374,2328,Mustard Oil 1L,5.6,200
8375,2329,Peanuts (Groundnut) 500g,1.03,90
8376,2329,Sunflower Oil 1L,1.82,180
8377,2329,Groundnut Oil 1L,2.91,220
8378,2329,Pure Ghee 1L,0.66,600
8379,2330,Peanuts (Groundnut) 500g,1.14,90
8380,2330,Sunflower Oil 1L,1.54,180
8381,2330,Pure Ghee 1L,0.53,600
8382,2330,Sugar 1kg,3.08,45
8383,2331,Sunflower Oil 1L,1.29,180
8384,2331,Pure Ghee 1L,0.4,600
8385,2331,Sugar 1kg,3.19,45
8386,2331,Jaggery (Bella/Gud) 1kg,1.04,70
8387,2332,Sunflower Oil 1L,1.16,180
8388,2332,Pure Ghee 1L,0.44,600
8389,2332,Sugar 1kg,3.93,45
8390,2332,Jaggery (Bella/Gud) 1kg,0.56,70
8391,2333,Pure Ghee 1L,0.51,600
8392,2333,Jaggery (Bella/Gud) 1kg,0.78,70
8393,2333,Iodized Salt 1kg,3.0,25
8394,2333,Rock Salt (Sendha Namak) 500g,0.49,40
8395,2334,Pure Ghee 1L,0.53,600
8396,2334,Jaggery (Bella/Gud) 1kg,0.64,70
8397,2334,Iodized Salt 1kg,2.55,25
8398,2334,Rock Salt (Sendha Namak) 500g,0.96,40
8399,2335,Jaggery (Bella/Gud) 1kg,0.85,70
8400,2335,Iodized Salt 1kg,3.19,25
8401,2335,Rock Salt (Sendha Namak) 500g,0.65,40
8402,2336,Rock Salt (Sendha Namak) 500g,1.0,40
8403,2337,Sona Masoori Rice 5kg,15.56,350
8404,2337,Basmati Rice 5kg,10.78,550
8405,2337,Wheat Flour (Atta) 5kg,5.61,250
8406,2337,Toor Dal 1kg,4.95,140
8407,2338,Wheat Flour (Atta) 5kg,6.35,250
8408,2338,Toor Dal 1kg,2.74,140
8409,2338,Moong Dal 1kg,1.59,130
8410,2338,Rajma (Kidney Beans) 1kg,0.67,160
8411,2339,Moong Dal 1kg,3.34,130
8412,2339,Rajma (Kidney Beans) 1kg,0.32,160
8413,2339,Turmeric Powder 200g,4.97,60
8414,2339,Garam Masala 100g,2.27,80
8415,2340,Moong Dal 1kg,2.05,130
8416,2340,Rajma (Kidney Beans) 1kg,0.61,160
8417,2340,Garam Masala 100g,1.08,80
8418,2340,Biryani Masala 100g,1.54,113.54
8419,2341,Rajma (Kidney Beans) 1kg,0.6,160
8420,2341,Biryani Masala 100g,1.66,100
8421,2341,Almonds (Badam) 500g,0.51,450
8422,2341,Cashew Nuts (Kaju) 500g,0.28,550
8423,2342,Rajma (Kidney Beans) 1kg,0.51,160
8424,2342,Almonds (Badam) 500g,0.8,450
8425,2342,Cashew Nuts (Kaju) 500g,0.59,550
8426,2342,Peanuts (Groundnut) 500g,1.63,90
8427,2343,Rajma (Kidney Beans) 1kg,0.3,160
8428,2343,Almonds (Badam) 500g,0.52,450
8429,2343,Cashew Nuts (Kaju) 500g,0.67,550
8430,2343,Peanuts (Groundnut) 500g,1.37,90
8431,2344,Cashew Nuts (Kaju) 500g,0.56,550
8432,2344,Peanuts (Groundnut) 500g,2.32,90
8433,2344,Sunflower Oil 1L,3.02,180
8434,2344,Groundnut Oil 1L,1.32,220
8435,2345,Cashew Nuts (Kaju) 500g,0.27,550
8436,2345,Sunflower Oil 1L,3.01,180
8437,2345,Groundnut Oil 1L,1.48,220
8438,2345,Mustard Oil 1L,0.85,200
8439,2346,Sunflower Oil 1L,3.17,180
8440,2346,Groundnut Oil 1L,2.8,220
8441,2346,Mustard Oil 1L,0.76,200
8442,2346,Pure Ghee 1L,2.85,600
8443,2347,Sunflower Oil 1L,1.69,180
8444,2347,Mustard Oil 1L,1.52,200
8445,2347,Sugar 1kg,6.09,45
8446,2347,Jaggery (Bella/Gud) 1kg,1.41,70
8447,2348,Mustard Oil 1L,1.67,200
8448,2348,Sugar 1kg,3.03,37.91
8449,2348,Jaggery (Bella/Gud) 1kg,1.42,70
8450,2348,Iodized Salt 1kg,1.71,25
8451,2349,Mustard Oil 1L,1.26,200
8452,2349,Jaggery (Bella/Gud) 1kg,1.46,70
8453,2349,Iodized Salt 1kg,0.94,25
8454,2349,Rock Salt (Sendha Namak) 500g,0.23,40
8455,2350,Iodized Salt 1kg,2.32,25
8456,2350,Rock Salt (Sendha Namak) 500g,0.45,40
8457,2351,Iodized Salt 1kg,1.65,25
8458,2351,Rock Salt (Sendha Namak) 500g,0.33,40
8459,2352,Iodized Salt 1kg,0.93,25
8460,2352,Rock Salt (Sendha Namak) 500g,0.53,40
8461,2353,Rock Salt (Sendha Namak) 500g,0.47,40
8462,2354,Sona Masoori Rice 5kg,1.63,350
8463,2354,Basmati Rice 5kg,6.18,550
8464,2354,Wheat Flour (Atta) 5kg,5.46,250
8465,2354,Toor Dal 1kg,1.16,140
8466,2355,Sona Masoori Rice 5kg,1.36,350
8467,2355,Basmati Rice 5kg,5.01,550
8468,2355,Wheat Flour (Atta) 5kg,3.15,250
8469,2355,Toor Dal 1kg,2.15,140
8470,2356,Sona Masoori Rice 5kg,3.12,350
8471,2356,Wheat Flour (Atta) 5kg,3.91,250
8472,2356,Toor Dal 1kg,2.72,140
8473,2356,Moong Dal 1kg,2.12,130
8474,2357,Sona Masoori Rice 5kg,3.75,350
8475,2357,Toor Dal 1kg,1.24,140
8476,2357,Moong Dal 1kg,2.87,130
8477,2357,Rajma (Kidney Beans) 1kg,1.16,160
8478,2358,Sona Masoori Rice 5kg,2.59,350
8479,2358,Moong Dal 1kg,2.21,130
8480,2358,Rajma (Kidney Beans) 1kg,1.09,185.84
8481,2358,Turmeric Powder 200g,0.79,60
8482,2359,Sona Masoori Rice 5kg,1.3,350
8483,2359,Rajma (Kidney Beans) 1kg,1.07,160
8484,2359,Turmeric Powder 200g,1.39,60
8485,2359,Garam Masala 100g,0.81,80
8486,2360,Turmeric Powder 200g,0.65,60
8487,2360,Garam Masala 100g,0.31,80
8488,2360,Biryani Masala 100g,1.01,100
8489,2360,Almonds (Badam) 500g,0.3,450
8490,2361,Turmeric Powder 200g,1.48,60
8491,2361,Garam Masala 100g,0.45,80
8492,2361,Biryani Masala 100g,0.67,100
8493,2361,Almonds (Badam) 500g,0.51,450
8494,2362,Turmeric Powder 200g,1.06,60
8495,2362,Garam Masala 100g,0.57,80
8496,2362,Biryani Masala 100g,0.75,100
8497,2362,Almonds (Badam) 500g,0.51,450
8498,2363,Biryani Masala 100g,0.62,100
8499,2363,Almonds (Badam) 500g,0.3,450
8500,2363,Cashew Nuts (Kaju) 500g,0.49,550
8501,2363,Peanuts (Groundnut) 500g,1.53,90
8502,2364,Almonds (Badam) 500g,0.57,450
8503,2364,Cashew Nuts (Kaju) 500g,0.48,550
8504,2364,Peanuts (Groundnut) 500g,0.8,90
8505,2364,Sunflower Oil 1L,3.38,180
8506,2365,Cashew Nuts (Kaju) 500g,0.2,550
8507,2365,Peanuts (Groundnut) 500g,0.69,90
8508,2365,Sunflower Oil 1L,6.8,180
8509,2365,Groundnut Oil 1L,1.45,220
8510,2366,Cashew Nuts (Kaju) 500g,0.31,550
8511,2366,Peanuts (Groundnut) 500g,1.67,90
8512,2366,Groundnut Oil 1L,1.33,220
8513,2366,Mustard Oil 1L,0.64,200
8514,2367,Cashew Nuts (Kaju) 500g,0.47,550
8515,2367,Groundnut Oil 1L,2.69,220
8516,2367,Mustard Oil 1L,1.12,200
8517,2367,Pure Ghee 1L,3.19,600
8518,2368,Cashew Nuts (Kaju) 500g,0.26,550
8519,2368,Mustard Oil 1L,0.87,200
8520,2368,Sugar 1kg,1.98,45
8521,2368,Jaggery (Bella/Gud) 1kg,1.35,70
8522,2369,Mustard Oil 1L,1.05,200
8523,2369,Sugar 1kg,2.24,45
8524,2369,Jaggery (Bella/Gud) 1kg,1.46,70
8525,2369,Iodized Salt 1kg,1.33,25
8526,2370,Mustard Oil 1L,0.98,200
8527,2370,Sugar 1kg,2.19,45
8528,2370,Jaggery (Bella/Gud) 1kg,0.82,70
8529,2370,Iodized Salt 1kg,1.16,25
8530,2371,Mustard Oil 1L,0.63,200
8531,2371,Sugar 1kg,2.39,45
8532,2371,Iodized Salt 1kg,1.89,25
8533,2371,Rock Salt (Sendha Namak) 500g,1.19,40
8534,2372,Sugar 1kg,1.67,45
8535,2372,Iodized Salt 1kg,0.89,25
8536,2372,Rock Salt (Sendha Namak) 500g,1.38,40
8537,2373,Iodized Salt 1kg,1.66,25
8538,2374,Iodized Salt 1kg,0.69,25
8539,2375,Sona Masoori Rice 5kg,8.52,350
8540,2375,Basmati Rice 5kg,4.89,550
8541,2375,Wheat Flour (Atta) 5kg,2.02,250
8542,2375,Toor Dal 1kg,7.34,140
8543,2376,Sona Masoori Rice 5kg,6.13,350
8544,2376,Basmati Rice 5kg,2.05,550
8545,2376,Wheat Flour (Atta) 5kg,3.35,250
8546,2376,Moong Dal 1kg,3.06,130
8547,2377,Basmati Rice 5kg,3.04,609.93
8548,2377,Wheat Flour (Atta) 5kg,1.78,250
8549,2377,Moong Dal 1kg,1.85,130
8550,2377,Rajma (Kidney Beans) 1kg,1.32,160
8551,2378,Basmati Rice 5kg,2.38,550
8552,2378,Wheat Flour (Atta) 5kg,3.73,250
8553,2378,Moong Dal 1kg,2.61,130
8554,2378,Rajma (Kidney Beans) 1kg,1.17,160
8555,2379,Rajma (Kidney Beans) 1kg,0.89,160
8556,2379,Turmeric Powder 200g,1.21,60
8557,2379,Garam Masala 100g,0.76,80
8558,2379,Biryani Masala 100g,0.43,100
8559,2380,Turmeric Powder 200g,0.83,60
8560,2380,Garam Masala 100g,1.67,80
8561,2380,Biryani Masala 100g,0.69,112.82
8562,2380,Almonds (Badam) 500g,1.16,450
8563,2381,Turmeric Powder 200g,1.1,60
8564,2381,Biryani Masala 100g,0.65,100
8565,2381,Almonds (Badam) 500g,1.02,450
8566,2381,Cashew Nuts (Kaju) 500g,0.75,550
8567,2382,Turmeric Powder 200g,1.14,60
8568,2382,Biryani Masala 100g,0.57,100
8569,2382,Cashew Nuts (Kaju) 500g,0.61,608.28
8570,2382,Peanuts (Groundnut) 500g,1.07,90
8571,2383,Turmeric Powder 200g,0.56,60
8572,2383,Biryani Masala 100g,0.63,100
8573,2383,Cashew Nuts (Kaju) 500g,0.57,550
8574,2383,Peanuts (Groundnut) 500g,0.69,90
8575,2384,Cashew Nuts (Kaju) 500g,0.3,550
8576,2384,Peanuts (Groundnut) 500g,1.05,90
8577,2384,Sunflower Oil 1L,4.25,180
8578,2384,Groundnut Oil 1L,1.49,220
8579,2385,Peanuts (Groundnut) 500g,1.21,90
8580,2385,Sunflower Oil 1L,6.08,180
8581,2385,Groundnut Oil 1L,2.49,220
8582,2385,Mustard Oil 1L,2.06,200
8583,2386,Peanuts (Groundnut) 500g,1.15,90
8584,2386,Groundnut Oil 1L,1.07,260.67
8585,2386,Mustard Oil 1L,2.05,200
8586,2386,Pure Ghee 1L,0.51,600
8587,2387,Mustard Oil 1L,1.36,200
8588,2387,Pure Ghee 1L,0.46,600
8589,2387,Sugar 1kg,1.63,39.76
8590,2387,Jaggery (Bella/Gud) 1kg,2.51,70
8591,2388,Pure Ghee 1L,0.46,600
8592,2388,Sugar 1kg,1.7,45
8593,2388,Jaggery (Bella/Gud) 1kg,1.59,70
8594,2388,Iodized Salt 1kg,2.2,25
8595,2389,Pure Ghee 1L,0.34,600
8596,2389,Sugar 1kg,1.8,45
8597,2389,Iodized Salt 1kg,1.58,25
8598,2389,Rock Salt (Sendha Namak) 500g,0.41,40
8599,2390,Pure Ghee 1L,0.62,600
8600,2390,Sugar 1kg,3.15,45
8601,2390,Iodized Salt 1kg,2.16,25
8602,2390,Rock Salt (Sendha Namak) 500g,0.39,47.54
8603,2391,Pure Ghee 1L,0.32,600
8604,2391,Sugar 1kg,2.19,45
8605,2391,Iodized Salt 1kg,2.87,25
8606,2391,Rock Salt (Sendha Namak) 500g,0.24,40
8607,2392,Rock Salt (Sendha Namak) 500g,0.27,40
8608,2393,Sona Masoori Rice 5kg,2.68,350
8609,2393,Basmati Rice 5kg,11.51,550
8610,2393,Wheat Flour (Atta) 5kg,2.4,250
8611,2393,Toor Dal 1kg,1.57,140
8612,2394,Sona Masoori Rice 5kg,3.67,350
8613,2394,Wheat Flour (Atta) 5kg,3.81,250
8614,2394,Toor Dal 1kg,3.59,140
8615,2394,Moong Dal 1kg,1.44,130
8616,2395,Sona Masoori Rice 5kg,2.15,350
8617,2395,Wheat Flour (Atta) 5kg,1.46,250
8618,2395,Toor Dal 1kg,2.7,140
8619,2395,Moong Dal 1kg,2.0,130
8620,2396,Sona Masoori Rice 5kg,2.94,350
8621,2396,Wheat Flour (Atta) 5kg,3.6,250
8622,2396,Moong Dal 1kg,2.13,130
8623,2396,Rajma (Kidney Beans) 1kg,1.53,160
8624,2397,Sona Masoori Rice 5kg,2.62,350
8625,2397,Wheat Flour (Atta) 5kg,1.56,250
8626,2397,Moong Dal 1kg,1.56,130
8627,2397,Rajma (Kidney Beans) 1kg,1.57,160
8628,2398,Sona Masoori Rice 5kg,2.27,397.47
8629,2398,Turmeric Powder 200g,1.14,60
8630,2398,Garam Masala 100g,0.63,66.01
8631,2398,Biryani Masala 100g,0.35,100
8632,2399,Turmeric Powder 200g,0.67,60
8633,2399,Garam Masala 100g,1.49,80
8634,2399,Biryani Masala 100g,0.75,100
8635,2399,Almonds (Badam) 500g,2.02,450
8636,2400,Turmeric Powder 200g,0.93,60
8637,2400,Garam Masala 100g,1.25,80
8638,2400,Biryani Masala 100g,0.58,100
8639,2400,Cashew Nuts (Kaju) 500g,1.14,550
8640,2401,Turmeric Powder 200g,0.92,60
8641,2401,Garam Masala 100g,1.23,80
8642,2401,Biryani Masala 100g,0.35,100
8643,2401,Cashew Nuts (Kaju) 500g,1.27,550
8644,2402,Turmeric Powder 200g,1.29,60
8645,2402,Biryani Masala 100g,0.97,100
8646,2402,Peanuts (Groundnut) 500g,1.04,90
8647,2402,Sunflower Oil 1L,4.26,180
8648,2403,Peanuts (Groundnut) 500g,0.48,90
8649,2403,Sunflower Oil 1L,5.77,180
8650,2403,Groundnut Oil 1L,3.28,220
8651,2403,Mustard Oil 1L,5.13,200
8652,2404,Peanuts (Groundnut) 500g,1.16,90
8653,2404,Groundnut Oil 1L,2.09,220
8654,2404,Pure Ghee 1L,0.79,600
8655,2404,Sugar 1kg,5.82,45
8656,2405,Peanuts (Groundnut) 500g,0.93,90
8657,2405,Pure Ghee 1L,1.2,600
8658,2405,Sugar 1kg,3.71,45
8659,2405,Jaggery (Bella/Gud) 1kg,0.67,70
8660,2406,Peanuts (Groundnut) 500g,1.15,90
8661,2406,Pure Ghee 1L,0.77,600
8662,2406,Jaggery (Bella/Gud) 1kg,0.56,70
8663,2406,Iodized Salt 1kg,8.35,25
8664,2407,Jaggery (Bella/Gud) 1kg,0.65,70
8665,2407,Rock Salt (Sendha Namak) 500g,0.35,40
8666,2408,Jaggery (Bella/Gud) 1kg,0.49,70
8667,2408,Rock Salt (Sendha Namak) 500g,0.4,40
8668,2409,Jaggery (Bella/Gud) 1kg,0.77,70
8669,2409,Rock Salt (Sendha Namak) 500g,0.31,40
8670,2410,Jaggery (Bella/Gud) 1kg,0.84,70
8671,2410,Rock Salt (Sendha Namak) 500g,0.26,40
8672,2411,Rock Salt (Sendha Namak) 500g,0.32,40
8673,2412,Sona Masoori Rice 5kg,4.18,350
8674,2412,Basmati Rice 5kg,2.45,550
8675,2412,Wheat Flour (Atta) 5kg,1.92,250
8676,2412,Toor Dal 1kg,1.97,140
8677,2413,Sona Masoori Rice 5kg,2.77,350
8678,2413,Basmati Rice 5kg,2.16,550
8679,2413,Wheat Flour (Atta) 5kg,1.94,250
8680,2413,Toor Dal 1kg,1.27,140
8681,2414,Sona Masoori Rice 5kg,1.75,350
8682,2414,Basmati Rice 5kg,0.98,550
8683,2414,Wheat Flour (Atta) 5kg,2.64,250
8684,2414,Toor Dal 1kg,1.32,140
8685,2415,Sona Masoori Rice 5kg,4.13,350
8686,2415,Basmati Rice 5kg,2.2,550
8687,2415,Wheat Flour (Atta) 5kg,1.74,250
8688,2415,Toor Dal 1kg,1.8,140
8689,2416,Sona Masoori Rice 5kg,2.91,350
8690,2416,Basmati Rice 5kg,2.54,550
8691,2416,Wheat Flour (Atta) 5kg,1.93,250
8692,2416,Toor Dal 1kg,1.61,140
8693,2417,Basmati Rice 5kg,1.89,550
8694,2417,Wheat Flour (Atta) 5kg,2.15,250
8695,2417,Moong Dal 1kg,2.13,130
8696,2417,Rajma (Kidney Beans) 1kg,0.59,160
8697,2418,Moong Dal 1kg,0.98,130
8698,2418,Rajma (Kidney Beans) 1kg,0.69,160
8699,2418,Turmeric Powder 200g,0.95,60
8700,2418,Garam Masala 100g,0.67,80
8701,2419,Moong Dal 1kg,1.36,130
8702,2419,Rajma (Kidney Beans) 1kg,1.04,160
8703,2419,Turmeric Powder 200g,0.95,60
8704,2419,Garam Masala 100g,1.13,80
8705,2420,Moong Dal 1kg,2.15,130
8706,2420,Rajma (Kidney Beans) 1kg,1.07,160
8707,2420,Turmeric Powder 200g,1.04,60
8708,2420,Garam Masala 100g,1.2,80
8709,2421,Turmeric Powder 200g,0.55,60
8710,2421,Biryani Masala 100g,0.56,100
8711,2421,Almonds (Badam) 500g,0.83,450
8712,2421,Cashew Nuts (Kaju) 500g,1.3,550
8713,2422,Turmeric Powder 200g,0.47,60
8714,2422,Biryani Masala 100g,0.69,100
8715,2422,Almonds (Badam) 500g,0.67,450
8716,2422,Cashew Nuts (Kaju) 500g,0.96,550
8717,2423,Turmeric Powder 200g,0.85,60
8718,2423,Biryani Masala 100g,1.01,100
8719,2423,Almonds (Badam) 500g,0.46,450
8720,2423,Peanuts (Groundnut) 500g,1.24,90
8721,2424,Biryani Masala 100g,0.48,100
8722,2424,Peanuts (Groundnut) 500g,0.8,90
8723,2424,Sunflower Oil 1L,5.17,180
8724,2424,Groundnut Oil 1L,2.55,220
8725,2425,Peanuts (Groundnut) 500g,1.18,90
8726,2425,Sunflower Oil 1L,3.74,180
8727,2425,Groundnut Oil 1L,2.41,220
8728,2425,Mustard Oil 1L,0.83,200
8729,2426,Peanuts (Groundnut) 500g,0.59,90
8730,2426,Sunflower Oil 1L,2.02,180
8731,2426,Mustard Oil 1L,1.52,200
8732,2426,Pure Ghee 1L,1.15,600
8733,2427,Peanuts (Groundnut) 500g,0.92,90
8734,2427,Mustard Oil 1L,0.55,200
8735,2427,Pure Ghee 1L,0.42,600
8736,2427,Sugar 1kg,6.61,45
8737,2428,Mustard Oil 1L,0.74,200
8738,2428,Pure Ghee 1L,0.89,600
8739,2428,Sugar 1kg,3.76,45
8740,2428,Jaggery (Bella/Gud) 1kg,4.1,70
8741,2429,Mustard Oil 1L,1.56,200
8742,2429,Pure Ghee 1L,0.72,600
8743,2429,Iodized Salt 1kg,8.02,25
8744,2429,Rock Salt (Sendha Namak) 500g,0.43,45.0
8745,2430,Rock Salt (Sendha Namak) 500g,1.08,40
8746,2431,Rock Salt (Sendha Namak) 500g,0.53,40
8747,2432,Rock Salt (Sendha Namak) 500g,0.41,40
8748,2433,Rock Salt (Sendha Namak) 500g,0.62,40
8749,2434,Sona Masoori Rice 5kg,4.09,350
8750,2434,Basmati Rice 5kg,2.01,550
8751,2434,Wheat Flour (Atta) 5kg,4.07,250
8752,2434,Toor Dal 1kg,1.01,140
8753,2435,Sona Masoori Rice 5kg,3.14,350
8754,2435,Basmati Rice 5kg,2.79,550
8755,2435,Wheat Flour (Atta) 5kg,8.0,250
8756,2435,Toor Dal 1kg,1.27,140
8757,2436,Sona Masoori Rice 5kg,3.09,350
8758,2436,Basmati Rice 5kg,1.83,550
8759,2436,Toor Dal 1kg,2.29,140
8760,2436,Moong Dal 1kg,1.1,130
8761,2437,Sona Masoori Rice 5kg,3.43,350
8762,2437,Basmati Rice 5kg,2.75,650.36
8763,2437,Toor Dal 1kg,1.74,140
8764,2437,Moong Dal 1kg,1.24,130
8765,2438,Basmati Rice 5kg,1.4,550
8766,2438,Toor Dal 1kg,1.88,140
8767,2438,Moong Dal 1kg,1.24,130
8768,2438,Rajma (Kidney Beans) 1kg,1.2,160
8769,2439,Moong Dal 1kg,1.28,130
8770,2439,Rajma (Kidney Beans) 1kg,1.94,160
8771,2439,Turmeric Powder 200g,1.34,60
8772,2439,Garam Masala 100g,3.34,80
8773,2440,Moong Dal 1kg,0.79,130
8774,2440,Turmeric Powder 200g,0.87,60
8775,2440,Biryani Masala 100g,2.05,100
8776,2440,Almonds (Badam) 500g,0.55,450
8777,2441,Moong Dal 1kg,1.12,130
8778,2441,Turmeric Powder 200g,1.03,60
8779,2441,Biryani Masala 100g,1.15,100
8780,2441,Almonds (Badam) 500g,0.56,450
8781,2442,Turmeric Powder 200g,0.63,60
8782,2442,Almonds (Badam) 500g,0.58,450
8783,2442,Cashew Nuts (Kaju) 500g,2.21,550
8784,2442,Peanuts (Groundnut) 500g,1.77,90
8785,2443,Turmeric Powder 200g,0.84,60
8786,2443,Almonds (Badam) 500g,0.44,450
8787,2443,Peanuts (Groundnut) 500g,1.28,90
8788,2443,Sunflower Oil 1L,1.66,180
8789,2444,Peanuts (Groundnut) 500g,2.06,90
8790,2444,Sunflower Oil 1L,1.57,180
8791,2444,Groundnut Oil 1L,1.06,220
8792,2444,Mustard Oil 1L,2.78,200
8793,2445,Sunflower Oil 1L,2.1,180
8794,2445,Groundnut Oil 1L,1.38,220
8795,2445,Mustard Oil 1L,2.76,200
8796,2445,Pure Ghee 1L,0.96,600
8797,2446,Sunflower Oil 1L,1.29,180
8798,2446,Groundnut Oil 1L,1.21,220
8799,2446,Pure Ghee 1L,2.01,600
8800,2446,Sugar 1kg,3.23,45
8801,2447,Sunflower Oil 1L,1.03,180
8802,2447,Groundnut Oil 1L,1.5,220
8803,2447,Sugar 1kg,1.53,45
8804,2447,Jaggery (Bella/Gud) 1kg,1.84,70
8805,2448,Sunflower Oil 1L,1.56,180
8806,2448,Sugar 1kg,2.92,45
8807,2448,Jaggery (Bella/Gud) 1kg,0.84,70
8808,2448,Iodized Salt 1kg,1.05,25
8809,2449,Sugar 1kg,2.12,45
8810,2449,Jaggery (Bella/Gud) 1kg,0.98,70
8811,2449,Iodized Salt 1kg,1.14,25
8812,2449,Rock Salt (Sendha Namak) 500g,0.45,40
8813,2450,Iodized Salt 1kg,2.16,25
8814,2450,Rock Salt (Sendha Namak) 500g,0.46,40
8815,2451,Iodized Salt 1kg,1.92,25
8816,2451,Rock Salt (Sendha Namak) 500g,0.43,40
8817,2452,Iodized Salt 1kg,1.93,25
8818,2452,Rock Salt (Sendha Namak) 500g,0.51,40
8819,2453,Sona Masoori Rice 5kg,4.32,350
8820,2453,Basmati Rice 5kg,3.17,550
8821,2453,Wheat Flour (Atta) 5kg,7.0,250
8822,2453,Toor Dal 1kg,1.31,140
8823,2454,Sona Masoori Rice 5kg,2.12,350
8824,2454,Basmati Rice 5kg,7.53,550
8825,2454,Wheat Flour (Atta) 5kg,6.04,250
8826,2454,Toor Dal 1kg,1.62,140
8827,2455,Sona Masoori Rice 5kg,2.04,350
8828,2455,Toor Dal 1kg,0.74,140
8829,2455,Moong Dal 1kg,6.46,130
8830,2455,Rajma (Kidney Beans) 1kg,0.53,160
8831,2456,Sona Masoori Rice 5kg,2.75,350
8832,2456,Toor Dal 1kg,1.6,140
8833,2456,Rajma (Kidney Beans) 1kg,0.48,160
8834,2456,Turmeric Powder 200g,0.79,60
8835,2457,Sona Masoori Rice 5kg,2.81,350
8836,2457,Toor Dal 1kg,0.93,140
8837,2457,Rajma (Kidney Beans) 1kg,0.78,160
8838,2457,Turmeric Powder 200g,0.75,60
8839,2458,Toor Dal 1kg,1.93,140
8840,2458,Rajma (Kidney Beans) 1kg,1.07,160
8841,2458,Turmeric Powder 200g,1.46,60
8842,2458,Garam Masala 100g,4.17,80
8843,2459,Rajma (Kidney Beans) 1kg,0.51,160
8844,2459,Turmeric Powder 200g,1.4,60
8845,2459,Biryani Masala 100g,1.14,100
8846,2459,Almonds (Badam) 500g,1.13,450
8847,2460,Turmeric Powder 200g,0.67,60
8848,2460,Biryani Masala 100g,1.59,100
8849,2460,Almonds (Badam) 500g,1.06,450
8850,2460,Cashew Nuts (Kaju) 500g,2.41,550
8851,2461,Peanuts (Groundnut) 500g,2.55,90
8852,2461,Sunflower Oil 1L,2.03,180
8853,2461,Groundnut Oil 1L,1.86,220
8854,2461,Mustard Oil 1L,0.97,200
8855,2462,Peanuts (Groundnut) 500g,2.07,90
8856,2462,Sunflower Oil 1L,5.01,180
8857,2462,Groundnut Oil 1L,1.53,220
8858,2462,Mustard Oil 1L,1.09,200
8859,2463,Sunflower Oil 1L,2.15,180
8860,2463,Groundnut Oil 1L,0.76,220
8861,2463,Mustard Oil 1L,2.22,200
8862,2463,Pure Ghee 1L,1.2,600
8863,2464,Groundnut Oil 1L,1.12,220
8864,2464,Mustard Oil 1L,1.44,200
8865,2464,Pure Ghee 1L,1.18,600
8866,2464,Sugar 1kg,1.21,45
8867,2465,Pure Ghee 1L,0.68,600
8868,2465,Sugar 1kg,2.63,45
8869,2465,Jaggery (Bella/Gud) 1kg,0.9,70
8870,2465,Iodized Salt 1kg,1.84,25
8871,2466,Sugar 1kg,1.72,45
8872,2466,Jaggery (Bella/Gud) 1kg,0.79,70
8873,2466,Iodized Salt 1kg,1.74,25
8874,2467,Sugar 1kg,2.54,45
8875,2467,Jaggery (Bella/Gud) 1kg,0.37,59.48
8876,2467,Iodized Salt 1kg,2.47,25
8877,2468,Sugar 1kg,2.5,45
8878,2468,Jaggery (Bella/Gud) 1kg,0.44,70
8879,2468,Iodized Salt 1kg,1.78,25
8880,2469,Jaggery (Bella/Gud) 1kg,0.5,70
8881,2469,Iodized Salt 1kg,1.21,25
8882,2470,Jaggery (Bella/Gud) 1kg,0.89,70
8883,2471,Sona Masoori Rice 5kg,6.65,350
8884,2471,Basmati Rice 5kg,1.72,550
8885,2471,Wheat Flour (Atta) 5kg,4.92,250
8886,2471,Toor Dal 1kg,2.23,140
8887,2472,Sona Masoori Rice 5kg,8.89,350
8888,2472,Basmati Rice 5kg,2.4,550
8889,2472,Wheat Flour (Atta) 5kg,7.87,250
8890,2472,Toor Dal 1kg,2.62,140
8891,2473,Basmati Rice 5kg,2.08,550
8892,2473,Toor Dal 1kg,1.91,140
8893,2473,Moong Dal 1kg,2.27,130
8894,2473,Rajma (Kidney Beans) 1kg,1.07,160
8895,2474,Basmati Rice 5kg,2.95,550
8896,2474,Toor Dal 1kg,1.58,140
8897,2474,Moong Dal 1kg,0.83,130
8898,2474,Rajma (Kidney Beans) 1kg,0.78,160
8899,2475,Basmati Rice 5kg,2.35,550
8900,2475,Moong Dal 1kg,2.3,130
8901,2475,Rajma (Kidney Beans) 1kg,0.82,138.05
8902,2475,Turmeric Powder 200g,5.36,60
8903,2476,Moong Dal 1kg,0.8,130
8904,2476,Rajma (Kidney Beans) 1kg,0.49,160
8905,2476,Garam Masala 100g,1.03,80
8906,2476,Biryani Masala 100g,1.18,100
8907,2477,Moong Dal 1kg,0.95,130
8908,2477,Garam Masala 100g,0.66,80
8909,2477,Biryani Masala 100g,0.86,100
8910,2477,Almonds (Badam) 500g,1.0,450
8911,2478,Garam Masala 100g,0.76,80
8912,2478,Biryani Masala 100g,0.9,100
8913,2478,Almonds (Badam) 500g,0.5,450
8914,2478,Cashew Nuts (Kaju) 500g,0.46,550
8915,2479,Almonds (Badam) 500g,0.43,450
8916,2479,Cashew Nuts (Kaju) 500g,0.51,626.27
8917,2479,Peanuts (Groundnut) 500g,0.94,90
8918,2479,Sunflower Oil 1L,2.24,180
8919,2480,Cashew Nuts (Kaju) 500g,0.73,550
8920,2480,Peanuts (Groundnut) 500g,0.8,90
8921,2480,Sunflower Oil 1L,2.81,180
8922,2480,Groundnut Oil 1L,0.97,220
8923,2481,Cashew Nuts (Kaju) 500g,0.61,550
8924,2481,Peanuts (Groundnut) 500g,0.9,90
8925,2481,Sunflower Oil 1L,4.39,180
8926,2481,Groundnut Oil 1L,1.84,220
8927,2482,Peanuts (Groundnut) 500g,1.2,90
8928,2482,Groundnut Oil 1L,1.05,220
8929,2482,Mustard Oil 1L,0.91,200
8930,2482,Pure Ghee 1L,3.29,600
8931,2483,Peanuts (Groundnut) 500g,1.14,90
8932,2483,Groundnut Oil 1L,1.68,220
8933,2483,Mustard Oil 1L,1.15,200
8934,2483,Sugar 1kg,1.77,45
8935,2484,Mustard Oil 1L,1.07,200
8936,2484,Sugar 1kg,1.29,45
8937,2484,Jaggery (Bella/Gud) 1kg,1.1,70
8938,2484,Iodized Salt 1kg,1.19,25
8939,2485,Mustard Oil 1L,1.14,200
8940,2485,Sugar 1kg,1.45,45
8941,2485,Jaggery (Bella/Gud) 1kg,0.53,70
8942,2485,Iodized Salt 1kg,1.21,25
8943,2486,Mustard Oil 1L,0.54,200
8944,2486,Sugar 1kg,1.69,45
8945,2486,Jaggery (Bella/Gud) 1kg,0.42,70
8946,2486,Iodized Salt 1kg,1.16,25
8947,2487,Mustard Oil 1L,1.21,200
8948,2487,Sugar 1kg,1.59,45
8949,2487,Jaggery (Bella/Gud) 1kg,0.72,70
8950,2487,Iodized Salt 1kg,0.9,25
8951,2488,Sugar 1kg,1.68,45
8952,2488,Jaggery (Bella/Gud) 1kg,0.52,70
8953,2488,Iodized Salt 1kg,2.33,25
8954,2489,Jaggery (Bella/Gud) 1kg,0.7,70
8955,2489,Iodized Salt 1kg,1.48,25
8956,2490,Sona Masoori Rice 5kg,16.43,350
8957,2490,Basmati Rice 5kg,11.17,550
8958,2490,Wheat Flour (Atta) 5kg,2.9,250
8959,2490,Toor Dal 1kg,4.69,140
8960,2491,Wheat Flour (Atta) 5kg,1.99,250
8961,2491,Toor Dal 1kg,4.07,140
8962,2491,Moong Dal 1kg,3.69,130
8963,2491,Rajma (Kidney Beans) 1kg,1.35,160
8964,2492,Wheat Flour (Atta) 5kg,3.22,250
8965,2492,Moong Dal 1kg,3.73,130
8966,2492,Rajma (Kidney Beans) 1kg,0.86,160
8967,2492,Turmeric Powder 200g,1.03,60
8968,2493,Wheat Flour (Atta) 5kg,3.36,250
8969,2493,Rajma (Kidney Beans) 1kg,0.52,160
8970,2493,Turmeric Powder 200g,0.92,60
8971,2493,Garam Masala 100g,0.93,80
8972,2494,Turmeric Powder 200g,0.54,60
8973,2494,Garam Masala 100g,1.5,80
8974,2494,Biryani Masala 100g,0.99,100
8975,2494,Almonds (Badam) 500g,1.9,450
8976,2495,Turmeric Powder 200g,0.51,60
8977,2495,Garam Masala 100g,0.75,91.7
8978,2495,Biryani Masala 100g,0.48,100
8979,2495,Cashew Nuts (Kaju) 500g,0.48,550
8980,2496,Turmeric Powder 200g,0.9,60
8981,2496,Garam Masala 100g,0.86,80
8982,2496,Biryani Masala 100g,0.68,100
8983,2496,Cashew Nuts (Kaju) 500g,0.35,550
8984,2497,Turmeric Powder 200g,0.81,60
8985,2497,Garam Masala 100g,0.69,80
8986,2497,Biryani Masala 100g,0.72,100
8987,2497,Cashew Nuts (Kaju) 500g,0.31,550
8988,2498,Biryani Masala 100g,0.42,100
8989,2498,Cashew Nuts (Kaju) 500g,0.48,550
8990,2498,Peanuts (Groundnut) 500g,2.77,90
8991,2498,Sunflower Oil 1L,10.58,180
8992,2499,Cashew Nuts (Kaju) 500g,0.47,550
8993,2499,Peanuts (Groundnut) 500g,2.59,90
8994,2499,Groundnut Oil 1L,5.88,220
8995,2499,Mustard Oil 1L,5.09,200
8996,2500,Cashew Nuts (Kaju) 500g,0.45,550
8997,2500,Pure Ghee 1L,1.67,600
8998,2500,Sugar 1kg,1.14,45
8999,2500,Jaggery (Bella/Gud) 1kg,2.52,70
9000,2501,Pure Ghee 1L,1.61,600
9001,2501,Sugar 1kg,1.91,45
9002,2501,Jaggery (Bella/Gud) 1kg,1.34,57.84
9003,2501,Iodized Salt 1kg,0.85,25
9004,2502,Sugar 1kg,1.1,45
9005,2502,Iodized Salt 1kg,2.34,25
9006,2502,Rock Salt (Sendha Namak) 500g,0.95,40
9007,2503,Sugar 1kg,2.13,45
9008,2503,Iodized Salt 1kg,0.94,25
9009,2503,Rock Salt (Sendha Namak) 500g,0.41,40
9010,2504,Sugar 1kg,0.95,45
9011,2504,Iodized Salt 1kg,1.45,25
9012,2504,Rock Salt (Sendha Namak) 500g,0.78,40
9013,2505,Sugar 1kg,1.98,45
9014,2505,Iodized Salt 1kg,2.03,25
9015,2505,Rock Salt (Sendha Namak) 500g,0.33,40
9016,2506,Rock Salt (Sendha Namak) 500g,0.42,40
9017,2507,Sona Masoori Rice 5kg,4.2,350
9018,2507,Basmati Rice 5kg,3.85,550
9019,2507,Wheat Flour (Atta) 5kg,12.48,250
9020,2507,Toor Dal 1kg,8.53,140
9021,2508,Sona Masoori Rice 5kg,5.32,300.42
9022,2508,Basmati Rice 5kg,5.47,550
9023,2508,Moong Dal 1kg,1.04,130
9024,2508,Rajma (Kidney Beans) 1kg,0.6,160
9025,2509,Sona Masoori Rice 5kg,4.06,350
9026,2509,Basmati Rice 5kg,1.95,550
9027,2509,Moong Dal 1kg,0.89,130
9028,2509,Rajma (Kidney Beans) 1kg,0.42,160
9029,2510,Moong Dal 1kg,1.41,130
9030,2510,Rajma (Kidney Beans) 1kg,0.28,160
9031,2510,Turmeric Powder 200g,1.93,60
9032,2510,Garam Masala 100g,0.68,95.91
9033,2511,Moong Dal 1kg,1.52,130
9034,2511,Rajma (Kidney Beans) 1kg,0.58,160
9035,2511,Turmeric Powder 200g,0.83,60
9036,2511,Garam Masala 100g,0.6,80
9037,2512,Moong Dal 1kg,1.87,130
9038,2512,Rajma (Kidney Beans) 1kg,0.47,160
9039,2512,Turmeric Powder 200g,1.7,60
9040,2512,Garam Masala 100g,0.66,80
9041,2513,Rajma (Kidney Beans) 1kg,0.55,160
9042,2513,Turmeric Powder 200g,0.8,60
9043,2513,Biryani Masala 100g,1.93,113.62
9044,2513,Almonds (Badam) 500g,2.1,450
9045,2514,Biryani Masala 100g,1.22,100
9046,2514,Cashew Nuts (Kaju) 500g,0.48,550
9047,2514,Peanuts (Groundnut) 500g,1.14,90
9048,2514,Sunflower Oil 1L,1.47,180
9049,2515,Cashew Nuts (Kaju) 500g,0.32,550
9050,2515,Peanuts (Groundnut) 500g,0.83,90
9051,2515,Sunflower Oil 1L,3.25,180
9052,2515,Groundnut Oil 1L,1.23,197.63
9053,2516,Cashew Nuts (Kaju) 500g,0.25,550
9054,2516,Peanuts (Groundnut) 500g,1.07,90
9055,2516,Sunflower Oil 1L,2.65,180
9056,2516,Groundnut Oil 1L,1.17,220
9057,2517,Cashew Nuts (Kaju) 500g,0.31,550
9058,2517,Peanuts (Groundnut) 500g,0.61,90
9059,2517,Sunflower Oil 1L,1.45,180
9060,2517,Groundnut Oil 1L,1.06,220
9061,2518,Cashew Nuts (Kaju) 500g,0.47,550
9062,2518,Peanuts (Groundnut) 500g,1.17,90
9063,2518,Sunflower Oil 1L,1.93,180
9064,2518,Groundnut Oil 1L,1.82,220
9065,2519,Cashew Nuts (Kaju) 500g,0.62,550
9066,2519,Mustard Oil 1L,1.37,176.84
9067,2519,Pure Ghee 1L,0.67,600
9068,2519,Sugar 1kg,9.72,45
9069,2520,Mustard Oil 1L,1.96,200
9070,2520,Pure Ghee 1L,0.99,600
9071,2520,Jaggery (Bella/Gud) 1kg,1.38,70
9072,2520,Iodized Salt 1kg,1.28,25
9073,2521,Mustard Oil 1L,1.73,200
9074,2521,Pure Ghee 1L,0.94,600
9075,2521,Jaggery (Bella/Gud) 1kg,1.9,70
9076,2521,Iodized Salt 1kg,2.29,25
9077,2522,Mustard Oil 1L,0.92,200
9078,2522,Pure Ghee 1L,0.47,600
9079,2522,Jaggery (Bella/Gud) 1kg,1.07,70
9080,2522,Iodized Salt 1kg,1.95,25
9081,2523,Iodized Salt 1kg,1.47,25
9082,2523,Rock Salt (Sendha Namak) 500g,0.58,40
9083,2524,Iodized Salt 1kg,1.2,25
9084,2524,Rock Salt (Sendha Namak) 500g,0.25,40
9085,2525,Rock Salt (Sendha Namak) 500g,0.46,40
9086,2526,Rock Salt (Sendha Namak) 500g,0.23,40
9087,2527,Rock Salt (Sendha Namak) 500g,0.45,40
9088,2528,Sona Masoori Rice 5kg,3.7,350
9089,2528,Basmati Rice 5kg,1.06,550
9090,2528,Wheat Flour (Atta) 5kg,2.55,295.84
9091,2528,Toor Dal 1kg,8.14,140
9092,2529,Sona Masoori Rice 5kg,1.35,350
9093,2529,Basmati Rice 5kg,1.61,550
9094,2529,Wheat Flour (Atta) 5kg,3.72,250
9095,2529,Moong Dal 1kg,3.84,130
9096,2530,Sona Masoori Rice 5kg,2.08,350
9097,2530,Basmati Rice 5kg,1.56,550
9098,2530,Wheat Flour (Atta) 5kg,3.25,250
9099,2530,Moong Dal 1kg,3.68,130
9100,2531,Sona Masoori Rice 5kg,2.19,350
9101,2531,Basmati Rice 5kg,2.68,550
9102,2531,Wheat Flour (Atta) 5kg,3.65,250
9103,2531,Rajma (Kidney Beans) 1kg,0.55,160
9104,2532,Sona Masoori Rice 5kg,3.76,350
9105,2532,Basmati Rice 5kg,1.78,550
9106,2532,Rajma (Kidney Beans) 1kg,0.54,160
9107,2532,Turmeric Powder 200g,1.82,60
9108,2533,Sona Masoori Rice 5kg,3.11,350
9109,2533,Basmati Rice 5kg,2.07,550
9110,2533,Rajma (Kidney Beans) 1kg,0.78,160
9111,2533,Turmeric Powder 200g,1.12,60
9112,2534,Rajma (Kidney Beans) 1kg,0.81,160
9113,2534,Turmeric Powder 200g,1.4,60
9114,2534,Garam Masala 100g,0.36,80
9115,2534,Biryani Masala 100g,0.86,100
9116,2535,Turmeric Powder 200g,0.76,60
9117,2535,Garam Masala 100g,0.25,80
9118,2535,Biryani Masala 100g,0.7,100
9119,2535,Almonds (Badam) 500g,0.29,450
9120,2536,Garam Masala 100g,0.28,80
9121,2536,Biryani Masala 100g,0.35,100
9122,2536,Almonds (Badam) 500g,0.62,450
9123,2536,Cashew Nuts (Kaju) 500g,0.36,550
9124,2537,Garam Masala 100g,0.36,80
9125,2537,Biryani Masala 100g,0.38,100
9126,2537,Almonds (Badam) 500g,0.5,450
9127,2537,Cashew Nuts (Kaju) 500g,0.54,475.33
9128,2538,Garam Masala 100g,0.19,80
9129,2538,Biryani Masala 100g,0.8,100
9130,2538,Almonds (Badam) 500g,0.41,450
9131,2538,Cashew Nuts (Kaju) 500g,0.67,550
9132,2539,Almonds (Badam) 500g,0.31,374.09
9133,2539,Cashew Nuts (Kaju) 500g,0.26,550
9134,2539,Peanuts (Groundnut) 500g,2.37,90
9135,2539,Sunflower Oil 1L,3.38,202.97
9136,2540,Cashew Nuts (Kaju) 500g,0.28,550
9137,2540,Peanuts (Groundnut) 500g,2.56,90
9138,2540,Sunflower Oil 1L,6.26,180
9139,2540,Groundnut Oil 1L,5.29,220
9140,2541,Cashew Nuts (Kaju) 500g,0.32,550
9141,2541,Mustard Oil 1L,1.0,200
9142,2541,Pure Ghee 1L,0.87,600
9143,2541,Sugar 1kg,2.08,45
9144,2542,Mustard Oil 1L,1.44,200
9145,2542,Pure Ghee 1L,0.55,600
9146,2542,Sugar 1kg,2.55,45
9147,2542,Jaggery (Bella/Gud) 1kg,1.04,70
9148,2543,Mustard Oil 1L,1.25,200
9149,2543,Pure Ghee 1L,0.84,600
9150,2543,Sugar 1kg,1.72,45
9151,2543,Jaggery (Bella/Gud) 1kg,0.79,70
9152,2544,Mustard Oil 1L,1.32,200
9153,2544,Pure Ghee 1L,0.74,600
9154,2544,Sugar 1kg,1.11,45
9155,2544,Jaggery (Bella/Gud) 1kg,1.12,70
9156,2545,Mustard Oil 1L,1.01,200
9157,2545,Sugar 1kg,2.94,45
9158,2545,Jaggery (Bella/Gud) 1kg,1.4,70
9159,2545,Iodized Salt 1kg,3.0,25
9160,2546,Iodized Salt 1kg,2.01,25
9161,2547,Iodized Salt 1kg,3.12,25
9162,2548,Sona Masoori Rice 5kg,2.69,350
9163,2548,Basmati Rice 5kg,2.78,550
9164,2548,Wheat Flour (Atta) 5kg,7.91,250
9165,2548,Toor Dal 1kg,1.2,140
9166,2549,Sona Masoori Rice 5kg,1.41,350
9167,2549,Basmati Rice 5kg,2.69,550
9168,2549,Wheat Flour (Atta) 5kg,4.74,250
9169,2549,Toor Dal 1kg,1.4,140
9170,2550,Sona Masoori Rice 5kg,3.57,350
9171,2550,Basmati Rice 5kg,2.4,550
9172,2550,Toor Dal 1kg,1.27,140
9173,2550,Moong Dal 1kg,1.23,130
9174,2551,Sona Masoori Rice 5kg,4.02,350
9175,2551,Basmati Rice 5kg,2.98,550
9176,2551,Toor Dal 1kg,1.26,140
9177,2551,Moong Dal 1kg,1.63,130
9178,2552,Sona Masoori Rice 5kg,2.46,350
9179,2552,Toor Dal 1kg,1.62,140
9180,2552,Moong Dal 1kg,1.62,130
9181,2552,Rajma (Kidney Beans) 1kg,2.71,160
9182,2553,Toor Dal 1kg,0.7,158.74
9183,2553,Moong Dal 1kg,0.83,130
9184,2553,Turmeric Powder 200g,0.62,60
9185,2553,Garam Masala 100g,1.49,80
9186,2554,Moong Dal 1kg,1.32,130
9187,2554,Turmeric Powder 200g,1.25,60
9188,2554,Biryani Masala 100g,2.99,100
9189,2554,Almonds (Badam) 500g,1.99,450
9190,2555,Turmeric Powder 200g,1.6,60
9191,2555,Cashew Nuts (Kaju) 500g,0.55,550
9192,2555,Peanuts (Groundnut) 500g,1.08,90
9193,2555,Sunflower Oil 1L,2.03,180
9194,2556,Turmeric Powder 200g,1.23,60
9195,2556,Cashew Nuts (Kaju) 500g,0.56,550
9196,2556,Peanuts (Groundnut) 500g,0.87,90
9197,2556,Sunflower Oil 1L,1.52,180
9198,2557,Turmeric Powder 200g,0.8,60
9199,2557,Cashew Nuts (Kaju) 500g,0.59,550
9200,2557,Peanuts (Groundnut) 500g,0.77,90
9201,2557,Sunflower Oil 1L,2.76,180
9202,2558,Cashew Nuts (Kaju) 500g,0.62,550
9203,2558,Peanuts (Groundnut) 500g,0.93,90
9204,2558,Sunflower Oil 1L,3.19,180
9205,2558,Groundnut Oil 1L,0.86,220
9206,2559,Peanuts (Groundnut) 500g,0.93,90
9207,2559,Groundnut Oil 1L,1.62,220
9208,2559,Mustard Oil 1L,0.92,200
9209,2559,Pure Ghee 1L,0.94,600
9210,2560,Groundnut Oil 1L,1.62,220
9211,2560,Mustard Oil 1L,1.59,200
9212,2560,Pure Ghee 1L,1.56,600
9213,2560,Sugar 1kg,2.2,45
9214,2561,Groundnut Oil 1L,1.14,220
9215,2561,Mustard Oil 1L,1.39,200
9216,2561,Pure Ghee 1L,0.66,600
9217,2561,Sugar 1kg,1.74,45
9218,2562,Mustard Oil 1L,1.74,200
9219,2562,Sugar 1kg,2.7,45
9220,2562,Jaggery (Bella/Gud) 1kg,0.77,70
9221,2562,Iodized Salt 1kg,2.58,20.94
9222,2563,Sugar 1kg,1.34,45
9223,2563,Jaggery (Bella/Gud) 1kg,0.5,70
9224,2563,Iodized Salt 1kg,1.41,25
9225,2563,Rock Salt (Sendha Namak) 500g,0.85,40
9226,2564,Sugar 1kg,2.28,37.32
9227,2564,Jaggery (Bella/Gud) 1kg,0.58,70
9228,2564,Iodized Salt 1kg,1.57,25
9229,2564,Rock Salt (Sendha Namak) 500g,1.09,40
9230,2565,Jaggery (Bella/Gud) 1kg,1.01,70
9231,2565,Iodized Salt 1kg,1.0,25
9232,2565,Rock Salt (Sendha Namak) 500g,0.93,40
9233,2566,Jaggery (Bella/Gud) 1kg,0.61,70
9234,2566,Iodized Salt 1kg,1.59,25
9235,2567,Jaggery (Bella/Gud) 1kg,0.36,70
9236,2568,Sona Masoori Rice 5kg,5.1,350
9237,2568,Basmati Rice 5kg,3.22,550
9238,2568,Wheat Flour (Atta) 5kg,1.94,250
9239,2568,Toor Dal 1kg,4.92,140
9240,2569,Sona Masoori Rice 5kg,1.91,350
9241,2569,Basmati Rice 5kg,6.07,550
9242,2569,Wheat Flour (Atta) 5kg,1.11,250
9243,2569,Toor Dal 1kg,3.88,140
9244,2570,Sona Masoori Rice 5kg,4.71,350
9245,2570,Basmati Rice 5kg,2.76,550
9246,2570,Wheat Flour (Atta) 5kg,2.41,250
9247,2570,Moong Dal 1kg,1.79,130
9248,2571,Sona Masoori Rice 5kg,2.25,350
9249,2571,Wheat Flour (Atta) 5kg,2.45,250
9250,2571,Moong Dal 1kg,2.12,130
9251,2571,Rajma (Kidney Beans) 1kg,0.54,160
9252,2572,Wheat Flour (Atta) 5kg,1.86,250
9253,2572,Moong Dal 1kg,1.16,130
9254,2572,Rajma (Kidney Beans) 1kg,0.51,160
9255,2572,Turmeric Powder 200g,1.51,60
9256,2573,Wheat Flour (Atta) 5kg,1.77,250
9257,2573,Moong Dal 1kg,2.02,130
9258,2573,Rajma (Kidney Beans) 1kg,0.84,160
9259,2573,Turmeric Powder 200g,0.91,60
9260,2574,Rajma (Kidney Beans) 1kg,0.64,160
9261,2574,Turmeric Powder 200g,1.41,60
9262,2574,Garam Masala 100g,0.55,80
9263,2574,Biryani Masala 100g,0.38,100
9264,2575,Rajma (Kidney Beans) 1kg,0.87,160
9265,2575,Turmeric Powder 200g,0.94,60
9266,2575,Garam Masala 100g,0.42,80
9267,2575,Biryani Masala 100g,0.76,100
9268,2576,Garam Masala 100g,0.59,80
9269,2576,Biryani Masala 100g,0.71,100
9270,2576,Almonds (Badam) 500g,0.25,450
9271,2576,Cashew Nuts (Kaju) 500g,0.39,550
9272,2577,Garam Masala 100g,0.53,80
9273,2577,Biryani Masala 100g,0.44,100
9274,2577,Almonds (Badam) 500g,0.25,450
9275,2577,Cashew Nuts (Kaju) 500g,0.8,550
9276,2578,Garam Masala 100g,0.79,80
9277,2578,Biryani Masala 100g,0.62,111.64
9278,2578,Almonds (Badam) 500g,0.46,450
9279,2578,Cashew Nuts (Kaju) 500g,0.46,550
9280,2579,Garam Masala 100g,0.63,80
9281,2579,Almonds (Badam) 500g,0.61,450
9282,2579,Cashew Nuts (Kaju) 500g,0.79,550
9283,2579,Peanuts (Groundnut) 500g,1.34,90
9284,2580,Almonds (Badam) 500g,0.59,450
9285,2580,Peanuts (Groundnut) 500g,1.98,90
9286,2580,Sunflower Oil 1L,1.96,180
9287,2580,Groundnut Oil 1L,1.45,220
9288,2581,Peanuts (Groundnut) 500g,1.36,90
9289,2581,Sunflower Oil 1L,1.42,180
9290,2581,Groundnut Oil 1L,1.68,220
9291,2581,Mustard Oil 1L,6.05,200
9292,2582,Sunflower Oil 1L,1.77,180
9293,2582,Groundnut Oil 1L,1.13,220
9294,2582,Pure Ghee 1L,0.61,600
9295,2582,Sugar 1kg,4.07,45
9296,2583,Sunflower Oil 1L,2.59,180
9297,2583,Groundnut Oil 1L,1.04,220
9298,2583,Pure Ghee 1L,0.64,600
9299,2583,Sugar 1kg,3.42,45
9300,2584,Sunflower Oil 1L,2.31,180
9301,2584,Pure Ghee 1L,0.72,600
9302,2584,Sugar 1kg,3.37,45
9303,2584,Jaggery (Bella/Gud) 1kg,0.92,80.76
9304,2585,Pure Ghee 1L,0.78,600
9305,2585,Jaggery (Bella/Gud) 1kg,0.38,70
9306,2585,Iodized Salt 1kg,8.04,25
9307,2586,Pure Ghee 1L,0.45,600
9308,2586,Jaggery (Bella/Gud) 1kg,0.85,70
9309,2587,Jaggery (Bella/Gud) 1kg,0.92,60.24
9310,2588,Jaggery (Bella/Gud) 1kg,0.82,70
9311,2589,Sona Masoori Rice 5kg,6.87,350
9312,2589,Basmati Rice 5kg,2.13,550
9313,2589,Wheat Flour (Atta) 5kg,1.57,250
9314,2589,Toor Dal 1kg,7.73,140
9315,2590,Sona Masoori Rice 5kg,6.89,350
9316,2590,Basmati Rice 5kg,3.43,550
9317,2590,Wheat Flour (Atta) 5kg,2.78,250
9318,2590,Moong Dal 1kg,1.17,130
9319,2591,Basmati Rice 5kg,5.18,550
9320,2591,Wheat Flour (Atta) 5kg,2.47,250
9321,2591,Moong Dal 1kg,2.03,130
9322,2591,Rajma (Kidney Beans) 1kg,0.56,160
9323,2592,Wheat Flour (Atta) 5kg,1.69,250
9324,2592,Moong Dal 1kg,3.29,130
9325,2592,Rajma (Kidney Beans) 1kg,0.45,160
9326,2592,Turmeric Powder 200g,1.38,60
9327,2593,Wheat Flour (Atta) 5kg,2.81,250
9328,2593,Rajma (Kidney Beans) 1kg,0.47,160
9329,2593,Turmeric Powder 200g,2.65,60
9330,2593,Garam Masala 100g,0.47,80
9331,2594,Wheat Flour (Atta) 5kg,1.34,250
9332,2594,Rajma (Kidney Beans) 1kg,0.43,160
9333,2594,Turmeric Powder 200g,1.27,60
9334,2594,Garam Masala 100g,1.01,80
9335,2595,Rajma (Kidney Beans) 1kg,0.66,160
9336,2595,Garam Masala 100g,0.83,80
9337,2595,Biryani Masala 100g,0.85,100
9338,2595,Almonds (Badam) 500g,1.81,450
9339,2596,Garam Masala 100g,0.91,80
9340,2596,Biryani Masala 100g,1.1,100
9341,2596,Cashew Nuts (Kaju) 500g,0.31,550
9342,2596,Peanuts (Groundnut) 500g,4.61,90
9343,2597,Garam Masala 100g,1.1,80
9344,2597,Biryani Masala 100g,0.78,100
9345,2597,Cashew Nuts (Kaju) 500g,0.54,550
9346,2597,Sunflower Oil 1L,10.33,180
9347,2598,Cashew Nuts (Kaju) 500g,0.31,550
9348,2598,Groundnut Oil 1L,4.87,220
9349,2598,Mustard Oil 1L,0.94,200
9350,2598,Pure Ghee 1L,0.96,600
9351,2599,Cashew Nuts (Kaju) 500g,0.42,550
9352,2599,Mustard Oil 1L,2.54,200
9353,2599,Pure Ghee 1L,0.72,600
9354,2599,Sugar 1kg,1.21,45
9355,2600,Cashew Nuts (Kaju) 500g,0.25,550
9356,2600,Mustard Oil 1L,2.5,232.71
9357,2600,Pure Ghee 1L,0.48,600
9358,2600,Sugar 1kg,2.35,45
9359,2601,Cashew Nuts (Kaju) 500g,0.37,550
9360,2601,Pure Ghee 1L,1.14,600
9361,2601,Sugar 1kg,1.9,45
9362,2601,Jaggery (Bella/Gud) 1kg,0.83,70
9363,2602,Sugar 1kg,1.15,45
9364,2602,Jaggery (Bella/Gud) 1kg,0.78,70
9365,2602,Iodized Salt 1kg,2.12,25
9366,2602,Rock Salt (Sendha Namak) 500g,0.88,40
9367,2603,Sugar 1kg,1.96,45
9368,2603,Jaggery (Bella/Gud) 1kg,0.44,70
9369,2603,Iodized Salt 1kg,2.2,25
9370,2603,Rock Salt (Sendha Namak) 500g,0.8,40
9371,2604,Sugar 1kg,1.12,45
9372,2604,Jaggery (Bella/Gud) 1kg,0.8,70
9373,2604,Iodized Salt 1kg,1.36,25
9374,2604,Rock Salt (Sendha Namak) 500g,1.08,40
9375,2605,Jaggery (Bella/Gud) 1kg,0.8,70
9376,2605,Iodized Salt 1kg,1.62,25
9377,2606,Iodized Salt 1kg,1.75,25
9378,2607,Sona Masoori Rice 5kg,15.13,399.14
9379,2607,Basmati Rice 5kg,1.99,550
9380,2607,Wheat Flour (Atta) 5kg,12.06,250
9381,2607,Toor Dal 1kg,2.53,159.55
9382,2608,Basmati Rice 5kg,1.4,550
9383,2608,Toor Dal 1kg,3.33,140
9384,2608,Moong Dal 1kg,7.14,130
9385,2608,Rajma (Kidney Beans) 1kg,0.49,160
9386,2609,Basmati Rice 5kg,3.2,550
9387,2609,Toor Dal 1kg,1.94,140
9388,2609,Rajma (Kidney Beans) 1kg,0.92,160
9389,2609,Turmeric Powder 200g,0.62,60
9390,2610,Basmati Rice 5kg,2.01,550
9391,2610,Rajma (Kidney Beans) 1kg,0.58,160
9392,2610,Turmeric Powder 200g,0.76,60
9393,2610,Garam Masala 100g,1.43,80
9394,2611,Basmati Rice 5kg,2.25,550
9395,2611,Rajma (Kidney Beans) 1kg,0.98,160
9396,2611,Turmeric Powder 200g,0.55,60
9397,2611,Garam Masala 100g,1.3,80
9398,2612,Turmeric Powder 200g,1.25,60
9399,2612,Biryani Masala 100g,0.98,100
9400,2612,Almonds (Badam) 500g,2.05,450
9401,2612,Cashew Nuts (Kaju) 500g,0.64,550
9402,2613,Turmeric Powder 200g,0.92,60
9403,2613,Biryani Masala 100g,1.0,100
9404,2613,Cashew Nuts (Kaju) 500g,0.81,550
9405,2613,Peanuts (Groundnut) 500g,0.72,90
9406,2614,Turmeric Powder 200g,0.86,60
9407,2614,Biryani Masala 100g,0.86,100
9408,2614,Cashew Nuts (Kaju) 500g,0.93,550
9409,2614,Peanuts (Groundnut) 500g,0.95,90
9410,2615,Peanuts (Groundnut) 500g,0.61,90
9411,2615,Sunflower Oil 1L,1.63,180
9412,2615,Groundnut Oil 1L,5.54,220
9413,2615,Mustard Oil 1L,1.83,200
9414,2616,Peanuts (Groundnut) 500g,0.72,90
9415,2616,Sunflower Oil 1L,2.33,180
9416,2616,Mustard Oil 1L,1.29,200
9417,2616,Pure Ghee 1L,0.57,600
9418,2617,Peanuts (Groundnut) 500g,0.68,90
9419,2617,Sunflower Oil 1L,2.28,180
9420,2617,Mustard Oil 1L,1.71,200
9421,2617,Pure Ghee 1L,0.59,600
9422,2618,Peanuts (Groundnut) 500g,0.96,90
9423,2618,Sunflower Oil 1L,1.33,180
9424,2618,Mustard Oil 1L,1.09,200
9425,2618,Pure Ghee 1L,0.51,600
9426,2619,Sunflower Oil 1L,1.74,180
9427,2619,Pure Ghee 1L,0.43,600
9428,2619,Sugar 1kg,2.27,45
9429,2619,Jaggery (Bella/Gud) 1kg,1.18,70
9430,2620,Pure Ghee 1L,0.73,600
9431,2620,Sugar 1kg,2.24,45
9432,2620,Jaggery (Bella/Gud) 1kg,1.05,70
9433,2620,Iodized Salt 1kg,2.79,25
9434,2621,Pure Ghee 1L,0.4,600
9435,2621,Sugar 1kg,2.65,45
9436,2621,Jaggery (Bella/Gud) 1kg,0.79,70
9437,2621,Iodized Salt 1kg,1.58,25
9438,2622,Sugar 1kg,2.0,45
9439,2622,Jaggery (Bella/Gud) 1kg,1.1,70
9440,2622,Iodized Salt 1kg,1.98,25
9441,2622,Rock Salt (Sendha Namak) 500g,0.85,40
9442,2623,Iodized Salt 1kg,1.51,25
9443,2624,Sona Masoori Rice 5kg,3.33,350
9444,2624,Basmati Rice 5kg,11.46,550
9445,2624,Wheat Flour (Atta) 5kg,5.59,250
9446,2624,Toor Dal 1kg,8.23,140
9447,2625,Sona Masoori Rice 5kg,3.23,350
9448,2625,Wheat Flour (Atta) 5kg,6.09,250
9449,2625,Moong Dal 1kg,1.44,130
9450,2625,Rajma (Kidney Beans) 1kg,0.81,160
9451,2626,Sona Masoori Rice 5kg,1.17,350
9452,2626,Moong Dal 1kg,1.17,130
9453,2626,Rajma (Kidney Beans) 1kg,0.88,160
9454,2626,Turmeric Powder 200g,2.01,60
9455,2627,Sona Masoori Rice 5kg,2.1,350
9456,2627,Moong Dal 1kg,0.59,130
9457,2627,Rajma (Kidney Beans) 1kg,0.8,160
9458,2627,Turmeric Powder 200g,3.34,60
9459,2628,Sona Masoori Rice 5kg,2.66,397.92
9460,2628,Moong Dal 1kg,1.23,130
9461,2628,Rajma (Kidney Beans) 1kg,0.73,160
9462,2628,Biryani Masala 100g,0.46,100
9463,2629,Sona Masoori Rice 5kg,1.69,350
9464,2629,Moong Dal 1kg,1.25,130
9465,2629,Biryani Masala 100g,0.68,100
9466,2629,Almonds (Badam) 500g,0.47,450
9467,2630,Moong Dal 1kg,1.49,130
9468,2630,Biryani Masala 100g,0.38,100
9469,2630,Almonds (Badam) 500g,0.36,450
9470,2630,Cashew Nuts (Kaju) 500g,0.43,550
9471,2631,Biryani Masala 100g,0.8,100
9472,2631,Almonds (Badam) 500g,0.27,450
9473,2631,Cashew Nuts (Kaju) 500g,1.01,550
9474,2631,Peanuts (Groundnut) 500g,5.02,90
9475,2632,Biryani Masala 100g,0.59,100
9476,2632,Almonds (Badam) 500g,0.38,450
9477,2632,Cashew Nuts (Kaju) 500g,0.82,550
9478,2632,Sunflower Oil 1L,10.72,180
9479,2633,Biryani Masala 100g,0.38,100
9480,2633,Almonds (Badam) 500g,0.18,450
9481,2633,Groundnut Oil 1L,1.45,220
9482,2633,Mustard Oil 1L,1.15,238.71
9483,2634,Almonds (Badam) 500g,0.19,450
9484,2634,Groundnut Oil 1L,1.42,220
9485,2634,Mustard Oil 1L,1.27,200
9486,2634,Pure Ghee 1L,1.23,600
9487,2635,Groundnut Oil 1L,1.31,220
9488,2635,Mustard Oil 1L,0.85,200
9489,2635,Pure Ghee 1L,1.78,600
9490,2635,Sugar 1kg,1.55,36.99
9491,2636,Groundnut Oil 1L,1.61,220
9492,2636,Mustard Oil 1L,2.4,200
9493,2636,Sugar 1kg,1.34,45
9494,2636,Jaggery (Bella/Gud) 1kg,0.55,70
9495,2637,Sugar 1kg,1.32,45
9496,2637,Jaggery (Bella/Gud) 1kg,0.59,70
9497,2637,Iodized Salt 1kg,2.77,25
9498,2637,Rock Salt (Sendha Namak) 500g,0.32,40
9499,2638,Sugar 1kg,2.5,45
9500,2638,Jaggery (Bella/Gud) 1kg,0.95,70
9501,2638,Iodized Salt 1kg,2.75,25
9502,2638,Rock Salt (Sendha Namak) 500g,0.25,40
9503,2639,Sugar 1kg,1.92,36.87
9504,2639,Jaggery (Bella/Gud) 1kg,0.43,77.9
9505,2639,Iodized Salt 1kg,2.78,25
9506,2639,Rock Salt (Sendha Namak) 500g,0.3,40
9507,2640,Sugar 1kg,1.39,45
9508,2640,Jaggery (Bella/Gud) 1kg,0.61,70
9509,2640,Rock Salt (Sendha Namak) 500g,0.11,40
9510,2641,Jaggery (Bella/Gud) 1kg,0.86,70
9511,2641,Rock Salt (Sendha Namak) 500g,0.18,40
9512,2642,Rock Salt (Sendha Namak) 500g,0.1,40
9513,2643,Sona Masoori Rice 5kg,3.58,350
9514,2643,Basmati Rice 5kg,5.84,550
9515,2643,Wheat Flour (Atta) 5kg,2.55,250
9516,2643,Toor Dal 1kg,1.65,140
9517,2644,Sona Masoori Rice 5kg,2.29,350
9518,2644,Basmati Rice 5kg,5.54,550
9519,2644,Wheat Flour (Atta) 5kg,1.65,250
9520,2644,Toor Dal 1kg,3.09,140
9521,2645,Sona Masoori Rice 5kg,3.43,350
9522,2645,Wheat Flour (Atta) 5kg,2.32,250
9523,2645,Toor Dal 1kg,2.65,140
9524,2645,Moong Dal 1kg,2.29,130
9525,2646,Sona Masoori Rice 5kg,3.24,350
9526,2646,Wheat Flour (Atta) 5kg,2.48,250
9527,2646,Moong Dal 1kg,1.18,130
9528,2646,Rajma (Kidney Beans) 1kg,0.69,160
9529,2647,Sona Masoori Rice 5kg,2.92,350
9530,2647,Wheat Flour (Atta) 5kg,1.85,250
9531,2647,Moong Dal 1kg,1.67,130
9532,2647,Rajma (Kidney Beans) 1kg,0.61,160
9533,2648,Wheat Flour (Atta) 5kg,2.3,250
9534,2648,Moong Dal 1kg,0.87,130
9535,2648,Rajma (Kidney Beans) 1kg,0.65,160
9536,2648,Turmeric Powder 200g,2.62,60
9537,2649,Moong Dal 1kg,1.46,130
9538,2649,Rajma (Kidney Beans) 1kg,0.7,160
9539,2649,Turmeric Powder 200g,2.24,60
9540,2649,Garam Masala 100g,0.53,80
9541,2650,Garam Masala 100g,0.43,80
9542,2650,Biryani Masala 100g,0.85,85.6
9543,2650,Almonds (Badam) 500g,1.83,450
9544,2650,Cashew Nuts (Kaju) 500g,0.53,550
9545,2651,Garam Masala 100g,0.35,80
9546,2651,Biryani Masala 100g,0.65,115.65
9547,2651,Cashew Nuts (Kaju) 500g,0.76,550
9548,2651,Peanuts (Groundnut) 500g,5.27,90
9549,2652,Garam Masala 100g,0.58,80
9550,2652,Biryani Masala 100g,0.56,100
9551,2652,Cashew Nuts (Kaju) 500g,0.65,550
9552,2652,Sunflower Oil 1L,0.9,180
9553,2653,Garam Masala 100g,0.5,80
9554,2653,Biryani Masala 100g,0.52,100
9555,2653,Cashew Nuts (Kaju) 500g,0.34,550
9556,2653,Sunflower Oil 1L,1.48,180
9557,2654,Garam Masala 100g,0.6,80
9558,2654,Biryani Masala 100g,0.68,100
9559,2654,Sunflower Oil 1L,2.06,180
9560,2654,Groundnut Oil 1L,0.77,220
9561,2655,Sunflower Oil 1L,1.05,180
9562,2655,Groundnut Oil 1L,0.61,220
9563,2655,Mustard Oil 1L,1.69,200
9564,2655,Pure Ghee 1L,0.34,600
9565,2656,Sunflower Oil 1L,1.86,180
9566,2656,Groundnut Oil 1L,0.97,220
9567,2656,Mustard Oil 1L,1.27,200
9568,2656,Pure Ghee 1L,0.46,600
9569,2657,Sunflower Oil 1L,2.24,180
9570,2657,Groundnut Oil 1L,0.93,220
9571,2657,Mustard Oil 1L,1.36,200
9572,2657,Pure Ghee 1L,0.63,512.49
9573,2658,Groundnut Oil 1L,1.12,220
9574,2658,Mustard Oil 1L,1.53,200
9575,2658,Pure Ghee 1L,0.53,600
9576,2658,Sugar 1kg,9.79,45
9577,2659,Groundnut Oil 1L,0.96,220
9578,2659,Pure Ghee 1L,0.51,600
9579,2659,Jaggery (Bella/Gud) 1kg,0.43,70
9580,2659,Iodized Salt 1kg,2.07,25
9581,2660,Pure Ghee 1L,0.53,600
9582,2660,Jaggery (Bella/Gud) 1kg,0.59,70
9583,2660,Iodized Salt 1kg,2.03,25
9584,2660,Rock Salt (Sendha Namak) 500g,0.83,40
9585,2661,Jaggery (Bella/Gud) 1kg,0.44,70
9586,2661,Iodized Salt 1kg,1.23,25
9587,2661,Rock Salt (Sendha Namak) 500g,0.83,40
9588,2662,Jaggery (Bella/Gud) 1kg,1.13,70
9589,2662,Iodized Salt 1kg,2.79,25
9590,2663,Jaggery (Bella/Gud) 1kg,1.11,70
9591,2664,Sona Masoori Rice 5kg,2.88,350
9592,2664,Basmati Rice 5kg,2.19,550
9593,2664,Wheat Flour (Atta) 5kg,2.74,250
9594,2664,Toor Dal 1kg,2.11,140
9595,2665,Sona Masoori Rice 5kg,3.67,350
9596,2665,Basmati Rice 5kg,2.24,550
9597,2665,Wheat Flour (Atta) 5kg,3.26,250
9598,2665,Toor Dal 1kg,1.45,140
9599,2666,Sona Masoori Rice 5kg,8.01,350
9600,2666,Basmati Rice 5kg,2.4,550
9601,2666,Wheat Flour (Atta) 5kg,2.46,250
9602,2666,Toor Dal 1kg,0.89,140
9603,2667,Basmati Rice 5kg,2.8,550
9604,2667,Wheat Flour (Atta) 5kg,4.08,250
9605,2667,Toor Dal 1kg,1.74,140
9606,2667,Moong Dal 1kg,1.37,130
9607,2668,Basmati Rice 5kg,1.33,550
9608,2668,Toor Dal 1kg,1.73,140
9609,2668,Moong Dal 1kg,1.19,130
9610,2668,Rajma (Kidney Beans) 1kg,0.76,160
9611,2669,Moong Dal 1kg,1.8,130
9612,2669,Rajma (Kidney Beans) 1kg,0.53,160
9613,2669,Turmeric Powder 200g,0.55,60
9614,2669,Garam Masala 100g,0.23,80
9615,2670,Moong Dal 1kg,2.1,130
9616,2670,Rajma (Kidney Beans) 1kg,0.57,160
9617,2670,Turmeric Powder 200g,1.26,60
9618,2670,Garam Masala 100g,0.31,91.83
9619,2671,Rajma (Kidney Beans) 1kg,0.52,160
9620,2671,Turmeric Powder 200g,0.49,60
9621,2671,Garam Masala 100g,0.39,80
9622,2671,Biryani Masala 100g,3.21,100
9623,2672,Rajma (Kidney Beans) 1kg,0.3,160
9624,2672,Turmeric Powder 200g,0.89,60
9625,2672,Garam Masala 100g,0.19,80
9626,2672,Almonds (Badam) 500g,2.01,450
9627,2673,Rajma (Kidney Beans) 1kg,0.29,160
9628,2673,Turmeric Powder 200g,0.5,60
9629,2673,Garam Masala 100g,0.46,80
9630,2673,Cashew Nuts (Kaju) 500g,0.42,550
9631,2674,Turmeric Powder 200g,1.0,60
9632,2674,Cashew Nuts (Kaju) 500g,0.49,550
9633,2674,Peanuts (Groundnut) 500g,0.76,90
9634,2674,Sunflower Oil 1L,2.13,180
9635,2675,Cashew Nuts (Kaju) 500g,0.28,550
9636,2675,Peanuts (Groundnut) 500g,0.69,90
9637,2675,Sunflower Oil 1L,1.56,180
9638,2675,Groundnut Oil 1L,0.81,220
9639,2676,Cashew Nuts (Kaju) 500g,0.26,550
9640,2676,Peanuts (Groundnut) 500g,0.68,90
9641,2676,Sunflower Oil 1L,2.63,180
9642,2676,Groundnut Oil 1L,0.87,220
9643,2677,Cashew Nuts (Kaju) 500g,0.55,550
9644,2677,Peanuts (Groundnut) 500g,0.8,90
9645,2677,Sunflower Oil 1L,2.67,211.74
9646,2677,Groundnut Oil 1L,1.05,220
9647,2678,Cashew Nuts (Kaju) 500g,0.56,550
9648,2678,Peanuts (Groundnut) 500g,0.71,90
9649,2678,Sunflower Oil 1L,1.57,180
9650,2678,Groundnut Oil 1L,1.12,220
9651,2679,Peanuts (Groundnut) 500g,0.97,90
9652,2679,Groundnut Oil 1L,1.34,220
9653,2679,Mustard Oil 1L,5.29,200
9654,2679,Pure Ghee 1L,0.72,600
9655,2680,Pure Ghee 1L,0.91,600
9656,2680,Sugar 1kg,9.02,45
9657,2680,Jaggery (Bella/Gud) 1kg,0.53,70
9658,2680,Iodized Salt 1kg,2.71,25
9659,2681,Pure Ghee 1L,0.71,600
9660,2681,Jaggery (Bella/Gud) 1kg,0.63,70
9661,2681,Iodized Salt 1kg,5.14,28.8
9662,2681,Rock Salt (Sendha Namak) 500g,0.28,40
9663,2682,Pure Ghee 1L,0.83,600
9664,2682,Jaggery (Bella/Gud) 1kg,0.84,70
9665,2682,Rock Salt (Sendha Namak) 500g,0.39,35.56
9666,2683,Jaggery (Bella/Gud) 1kg,0.68,70
9667,2683,Rock Salt (Sendha Namak) 500g,0.36,40
9668,2684,Jaggery (Bella/Gud) 1kg,0.33,70
9669,2684,Rock Salt (Sendha Namak) 500g,0.29,40
9670,2685,Jaggery (Bella/Gud) 1kg,0.93,70
9671,2685,Rock Salt (Sendha Namak) 500g,0.25,40
9672,2686,Sona Masoori Rice 5kg,3.4,350
9673,2686,Basmati Rice 5kg,1.84,550
9674,2686,Wheat Flour (Atta) 5kg,3.23,250
9675,2686,Toor Dal 1kg,1.0,140
9676,2687,Sona Masoori Rice 5kg,6.49,350
9677,2687,Basmati Rice 5kg,2.69,550
9678,2687,Wheat Flour (Atta) 5kg,1.33,250
9679,2687,Toor Dal 1kg,1.57,124.83
9680,2688,Sona Masoori Rice 5kg,4.94,350
9681,2688,Basmati Rice 5kg,1.26,550
9682,2688,Wheat Flour (Atta) 5kg,1.82,250
9683,2688,Toor Dal 1kg,1.56,140
9684,2689,Basmati Rice 5kg,1.51,550
9685,2689,Wheat Flour (Atta) 5kg,1.44,250
9686,2689,Toor Dal 1kg,1.31,140
9687,2689,Moong Dal 1kg,1.05,130
9688,2690,Basmati Rice 5kg,1.79,550
9689,2690,Wheat Flour (Atta) 5kg,2.65,250
9690,2690,Toor Dal 1kg,2.39,140
9691,2690,Moong Dal 1kg,1.3,130
9692,2691,Basmati Rice 5kg,1.97,550
9693,2691,Wheat Flour (Atta) 5kg,2.53,250
9694,2691,Moong Dal 1kg,1.66,130
9695,2691,Rajma (Kidney Beans) 1kg,0.67,160
9696,2692,Moong Dal 1kg,0.78,130
9697,2692,Rajma (Kidney Beans) 1kg,1.72,160
9698,2692,Turmeric Powder 200g,5.19,60
9699,2692,Garam Masala 100g,0.92,80
9700,2693,Moong Dal 1kg,0.65,130
9701,2693,Rajma (Kidney Beans) 1kg,0.65,160
9702,2693,Garam Masala 100g,1.18,80
9703,2693,Biryani Masala 100g,0.49,100
9704,2694,Moong Dal 1kg,1.63,130
9705,2694,Garam Masala 100g,1.0,80
9706,2694,Biryani Masala 100g,0.64,100
9707,2694,Almonds (Badam) 500g,0.69,450
9708,2695,Biryani Masala 100g,0.59,100
9709,2695,Almonds (Badam) 500g,0.56,389.37
9710,2695,Cashew Nuts (Kaju) 500g,0.23,550
9711,2695,Peanuts (Groundnut) 500g,1.36,90
9712,2696,Biryani Masala 100g,0.53,100
9713,2696,Almonds (Badam) 500g,0.81,450
9714,2696,Cashew Nuts (Kaju) 500g,0.28,550
9715,2696,Peanuts (Groundnut) 500g,1.11,90
9716,2697,Biryani Masala 100g,0.66,100
9717,2697,Cashew Nuts (Kaju) 500g,0.5,550
9718,2697,Peanuts (Groundnut) 500g,2.15,90
9719,2697,Sunflower Oil 1L,5.48,180
9720,2698,Cashew Nuts (Kaju) 500g,0.48,550
9721,2698,Sunflower Oil 1L,4.55,180
9722,2698,Groundnut Oil 1L,1.17,220
9723,2698,Mustard Oil 1L,2.13,200
9724,2699,Cashew Nuts (Kaju) 500g,0.44,550
9725,2699,Groundnut Oil 1L,2.08,220
9726,2699,Mustard Oil 1L,0.9,200
9727,2699,Pure Ghee 1L,1.17,600
9728,2700,Cashew Nuts (Kaju) 500g,0.28,550
9729,2700,Groundnut Oil 1L,0.88,220
9730,2700,Mustard Oil 1L,2.02,160.67
9731,2700,Pure Ghee 1L,1.56,600
9732,2701,Groundnut Oil 1L,1.68,220
9733,2701,Sugar 1kg,2.86,45
9734,2701,Jaggery (Bella/Gud) 1kg,1.44,70
9735,2701,Iodized Salt 1kg,3.81,25
9736,2702,Sugar 1kg,1.43,45
9737,2702,Jaggery (Bella/Gud) 1kg,1.05,70
9738,2702,Iodized Salt 1kg,3.77,25
9739,2702,Rock Salt (Sendha Namak) 500g,0.48,40
9740,2703,Sugar 1kg,2.84,45
9741,2703,Jaggery (Bella/Gud) 1kg,1.84,70
9742,2703,Rock Salt (Sendha Namak) 500g,0.67,40
9743,2704,Sugar 1kg,2.14,53.03
9744,2704,Rock Salt (Sendha Namak) 500g,0.53,40
9745,2705,Rock Salt (Sendha Namak) 500g,0.5,40
9746,2706,Sona Masoori Rice 5kg,2.76,350
9747,2706,Basmati Rice 5kg,3.69,550
9748,2706,Wheat Flour (Atta) 5kg,2.34,250
9749,2706,Toor Dal 1kg,7.55,140
9750,2707,Sona Masoori Rice 5kg,2.68,350
9751,2707,Basmati Rice 5kg,4.17,550
9752,2707,Wheat Flour (Atta) 5kg,2.01,293.47
9753,2707,Moong Dal 1kg,1.57,130
9754,2708,Sona Masoori Rice 5kg,2.72,350
9755,2708,Basmati Rice 5kg,3.57,550
9756,2708,Wheat Flour (Atta) 5kg,2.07,250
9757,2708,Moong Dal 1kg,2.02,130
9758,2709,Sona Masoori Rice 5kg,1.31,350
9759,2709,Wheat Flour (Atta) 5kg,1.68,298.74
9760,2709,Moong Dal 1kg,1.4,130
9761,2709,Rajma (Kidney Beans) 1kg,1.87,160
9762,2710,Sona Masoori Rice 5kg,3.46,350
9763,2710,Wheat Flour (Atta) 5kg,1.38,250
9764,2710,Moong Dal 1kg,2.15,130
9765,2710,Rajma (Kidney Beans) 1kg,1.44,160
9766,2711,Sona Masoori Rice 5kg,2.91,350
9767,2711,Wheat Flour (Atta) 5kg,2.05,250
9768,2711,Turmeric Powder 200g,1.12,60
9769,2711,Biryani Masala 100g,0.75,100
9770,2712,Turmeric Powder 200g,1.23,60
9771,2712,Biryani Masala 100g,1.15,100
9772,2712,Almonds (Badam) 500g,0.49,450
9773,2712,Cashew Nuts (Kaju) 500g,0.49,550
9774,2713,Turmeric Powder 200g,1.04,60
9775,2713,Biryani Masala 100g,0.98,100
9776,2713,Almonds (Badam) 500g,0.87,450
9777,2713,Cashew Nuts (Kaju) 500g,0.21,550
9778,2714,Turmeric Powder 200g,0.61,60
9779,2714,Almonds (Badam) 500g,0.65,450
9780,2714,Cashew Nuts (Kaju) 500g,0.35,550
9781,2714,Peanuts (Groundnut) 500g,0.76,90
9782,2715,Turmeric Powder 200g,1.43,60
9783,2715,Cashew Nuts (Kaju) 500g,0.32,550
9784,2715,Peanuts (Groundnut) 500g,1.56,90
9785,2715,Sunflower Oil 1L,1.6,180
9786,2716,Cashew Nuts (Kaju) 500g,0.52,550
9787,2716,Peanuts (Groundnut) 500g,0.64,104.31
9788,2716,Sunflower Oil 1L,1.33,180
9789,2716,Groundnut Oil 1L,1.62,220
9790,2717,Cashew Nuts (Kaju) 500g,0.34,550
9791,2717,Peanuts (Groundnut) 500g,0.71,90
9792,2717,Sunflower Oil 1L,1.83,180
9793,2717,Groundnut Oil 1L,1.21,220
9794,2718,Peanuts (Groundnut) 500g,0.89,90
9795,2718,Sunflower Oil 1L,3.5,180
9796,2718,Groundnut Oil 1L,1.65,195.94
9797,2718,Mustard Oil 1L,5.49,200
9798,2719,Sunflower Oil 1L,2.1,180
9799,2719,Groundnut Oil 1L,1.03,220
9800,2719,Pure Ghee 1L,0.54,600
9801,2719,Sugar 1kg,10.42,45
9802,2720,Pure Ghee 1L,0.39,600
9803,2720,Jaggery (Bella/Gud) 1kg,1.57,70
9804,2720,Iodized Salt 1kg,8.79,28.58
9805,2720,Rock Salt (Sendha Namak) 500g,0.29,40
9806,2721,Pure Ghee 1L,0.27,600
9807,2721,Jaggery (Bella/Gud) 1kg,1.01,70
9808,2721,Rock Salt (Sendha Namak) 500g,0.29,40
9809,2722,Pure Ghee 1L,0.79,600
9810,2722,Jaggery (Bella/Gud) 1kg,1.58,70
9811,2722,Rock Salt (Sendha Namak) 500g,0.36,40
9812,2723,Pure Ghee 1L,0.42,600
9813,2723,Rock Salt (Sendha Namak) 500g,0.28,40
9814,2724,Pure Ghee 1L,0.36,600
9815,2724,Rock Salt (Sendha Namak) 500g,0.43,40
9816,2725,Sona Masoori Rice 5kg,2.1,350
9817,2725,Basmati Rice 5kg,2.36,550
9818,2725,Wheat Flour (Atta) 5kg,3.4,250
9819,2725,Toor Dal 1kg,0.75,140
9820,2726,Sona Masoori Rice 5kg,3.23,350
9821,2726,Basmati Rice 5kg,5.32,550
9822,2726,Wheat Flour (Atta) 5kg,4.54,250
9823,2726,Toor Dal 1kg,1.39,140
9824,2727,Sona Masoori Rice 5kg,3.8,350
9825,2727,Basmati Rice 5kg,4.9,550
9826,2727,Wheat Flour (Atta) 5kg,4.22,250
9827,2727,Toor Dal 1kg,1.52,140
9828,2728,Sona Masoori Rice 5kg,5.33,350
9829,2728,Toor Dal 1kg,1.6,117.74
9830,2728,Moong Dal 1kg,6.56,130
9831,2728,Rajma (Kidney Beans) 1kg,2.61,160
9832,2729,Toor Dal 1kg,1.99,140
9833,2729,Turmeric Powder 200g,0.58,60
9834,2729,Garam Masala 100g,0.47,80
9835,2729,Biryani Masala 100g,0.8,100
9836,2730,Turmeric Powder 200g,1.04,60
9837,2730,Garam Masala 100g,0.24,80
9838,2730,Biryani Masala 100g,0.53,100
9839,2730,Almonds (Badam) 500g,0.39,450
9840,2731,Turmeric Powder 200g,0.85,60
9841,2731,Garam Masala 100g,0.38,80
9842,2731,Biryani Masala 100g,0.74,100
9843,2731,Almonds (Badam) 500g,0.51,450
9844,2732,Turmeric Powder 200g,1.09,60
9845,2732,Garam Masala 100g,0.3,80
9846,2732,Biryani Masala 100g,0.4,100
9847,2732,Almonds (Badam) 500g,0.27,450
9848,2733,Turmeric Powder 200g,0.6,71.6
9849,2733,Biryani Masala 100g,0.28,100
9850,2733,Almonds (Badam) 500g,0.62,450
9851,2733,Cashew Nuts (Kaju) 500g,0.59,550
9852,2734,Turmeric Powder 200g,0.98,60
9853,2734,Almonds (Badam) 500g,0.3,361.31
9854,2734,Cashew Nuts (Kaju) 500g,0.58,550
9855,2734,Peanuts (Groundnut) 500g,5.38,90
9856,2735,Cashew Nuts (Kaju) 500g,1.15,550
9857,2735,Sunflower Oil 1L,2.32,180
9858,2735,Groundnut Oil 1L,0.74,220
9859,2735,Mustard Oil 1L,0.52,200
9860,2736,Sunflower Oil 1L,1.98,180
9861,2736,Groundnut Oil 1L,0.86,220
9862,2736,Mustard Oil 1L,1.43,200
9863,2736,Pure Ghee 1L,1.18,600
9864,2737,Sunflower Oil 1L,2.48,180
9865,2737,Groundnut Oil 1L,0.88,220
9866,2737,Mustard Oil 1L,0.63,200
9867,2737,Pure Ghee 1L,1.94,600
9868,2738,Sunflower Oil 1L,2.5,180
9869,2738,Groundnut Oil 1L,0.83,220
9870,2738,Mustard Oil 1L,0.97,200
9871,2738,Sugar 1kg,3.42,45
9872,2739,Groundnut Oil 1L,1.09,220
9873,2739,Mustard Oil 1L,0.7,200
9874,2739,Sugar 1kg,2.4,45
9875,2739,Jaggery (Bella/Gud) 1kg,1.02,70
9876,2740,Groundnut Oil 1L,0.7,220
9877,2740,Mustard Oil 1L,0.95,200
9878,2740,Sugar 1kg,3.99,45
9879,2740,Jaggery (Bella/Gud) 1kg,0.59,70
9880,2741,Jaggery (Bella/Gud) 1kg,1.35,70
9881,2741,Iodized Salt 1kg,9.06,25
9882,2741,Rock Salt (Sendha Namak) 500g,0.4,40
9883,2742,Jaggery (Bella/Gud) 1kg,1.19,70
9884,2742,Rock Salt (Sendha Namak) 500g,0.28,40
9885,2743,Rock Salt (Sendha Namak) 500g,0.35,40
9886,2744,Rock Salt (Sendha Namak) 500g,0.5,40
9887,2745,Rock Salt (Sendha Namak) 500g,0.48,40
9888,2746,Rock Salt (Sendha Namak) 500g,0.33,40
9889,2747,Sona Masoori Rice 5kg,14.92,350
9890,2747,Basmati Rice 5kg,2.63,550
9891,2747,Wheat Flour (Atta) 5kg,5.07,250
9892,2747,Toor Dal 1kg,2.21,140
9893,2748,Basmati Rice 5kg,2.03,550
9894,2748,Wheat Flour (Atta) 5kg,3.23,250
9895,2748,Toor Dal 1kg,1.31,140
9896,2748,Moong Dal 1kg,1.64,130
9897,2749,Basmati Rice 5kg,1.74,550
9898,2749,Wheat Flour (Atta) 5kg,4.66,250
9899,2749,Toor Dal 1kg,2.4,140
9900,2749,Moong Dal 1kg,1.7,130
9901,2750,Basmati Rice 5kg,1.99,550
9902,2750,Toor Dal 1kg,1.3,140
9903,2750,Moong Dal 1kg,1.31,130
9904,2750,Rajma (Kidney Beans) 1kg,1.02,160
9905,2751,Basmati Rice 5kg,2.05,550
9906,2751,Moong Dal 1kg,2.44,130
9907,2751,Rajma (Kidney Beans) 1kg,0.4,160
9908,2751,Turmeric Powder 200g,0.95,60
9909,2752,Rajma (Kidney Beans) 1kg,0.73,160
9910,2752,Turmeric Powder 200g,1.22,60
9911,2752,Garam Masala 100g,3.99,80
9912,2752,Biryani Masala 100g,0.81,100
9913,2753,Rajma (Kidney Beans) 1kg,0.68,160
9914,2753,Turmeric Powder 200g,1.54,60
9915,2753,Biryani Masala 100g,0.91,100
9916,2753,Almonds (Badam) 500g,1.8,450
9917,2754,Turmeric Powder 200g,0.68,60
9918,2754,Biryani Masala 100g,1.51,100
9919,2754,Cashew Nuts (Kaju) 500g,0.36,550
9920,2754,Peanuts (Groundnut) 500g,1.96,90
9921,2755,Turmeric Powder 200g,0.61,60
9922,2755,Cashew Nuts (Kaju) 500g,0.24,550
9923,2755,Peanuts (Groundnut) 500g,1.26,90
9924,2755,Sunflower Oil 1L,3.79,180
9925,2756,Cashew Nuts (Kaju) 500g,0.42,550
9926,2756,Peanuts (Groundnut) 500g,1.56,90
9927,2756,Sunflower Oil 1L,6.27,180
9928,2756,Groundnut Oil 1L,1.08,220
9929,2757,Cashew Nuts (Kaju) 500g,0.48,550
9930,2757,Groundnut Oil 1L,1.15,220
9931,2757,Mustard Oil 1L,1.86,200
9932,2757,Pure Ghee 1L,0.55,600
9933,2758,Cashew Nuts (Kaju) 500g,0.48,550
9934,2758,Groundnut Oil 1L,1.15,220
9935,2758,Mustard Oil 1L,1.45,200
9936,2758,Pure Ghee 1L,0.91,532.07
9937,2759,Cashew Nuts (Kaju) 500g,0.4,550
9938,2759,Groundnut Oil 1L,0.47,220
9939,2759,Mustard Oil 1L,2.58,200
9940,2759,Pure Ghee 1L,0.76,600
9941,2760,Groundnut Oil 1L,1.1,220
9942,2760,Pure Ghee 1L,0.88,600
9943,2760,Sugar 1kg,9.44,45
9944,2760,Jaggery (Bella/Gud) 1kg,1.59,70
9945,2761,Jaggery (Bella/Gud) 1kg,2.32,77.38
9946,2761,Iodized Salt 1kg,1.9,25
9947,2761,Rock Salt (Sendha Namak) 500g,0.97,40
9948,2762,Iodized Salt 1kg,2.3,25
9949,2762,Rock Salt (Sendha Namak) 500g,1.07,40
9950,2763,Iodized Salt 1kg,2.05,25
9951,2764,Iodized Salt 1kg,1.82,25
9952,2765,Sona Masoori Rice 5kg,5.17,350
9953,2765,Basmati Rice 5kg,3.27,550
9954,2765,Wheat Flour (Atta) 5kg,11.71,250
9955,2765,Toor Dal 1kg,1.67,140
9956,2766,Sona Masoori Rice 5kg,3.64,350
9957,2766,Basmati Rice 5kg,2.64,550
9958,2766,Toor Dal 1kg,1.23,140
9959,2766,Moong Dal 1kg,2.26,130
9960,2767,Sona Masoori Rice 5kg,6.6,350
9961,2767,Basmati Rice 5kg,2.03,550
9962,2767,Toor Dal 1kg,1.32,140
9963,2767,Moong Dal 1kg,1.24,130
9964,2768,Basmati Rice 5kg,2.01,550
9965,2768,Toor Dal 1kg,1.99,140
9966,2768,Moong Dal 1kg,1.19,130
9967,2768,Rajma (Kidney Beans) 1kg,0.48,160
9968,2769,Basmati Rice 5kg,2.77,550
9969,2769,Toor Dal 1kg,0.85,140
9970,2769,Moong Dal 1kg,2.16,130
9971,2769,Rajma (Kidney Beans) 1kg,0.77,160
9972,2770,Toor Dal 1kg,0.98,140
9973,2770,Rajma (Kidney Beans) 1kg,0.45,191.79
9974,2770,Turmeric Powder 200g,4.65,60
9975,2770,Garam Masala 100g,0.42,80
9976,2771,Rajma (Kidney Beans) 1kg,0.72,160
9977,2771,Garam Masala 100g,0.43,80
9978,2771,Biryani Masala 100g,0.48,100
9979,2771,Almonds (Badam) 500g,2.15,450
9980,2772,Rajma (Kidney Beans) 1kg,0.46,160
9981,2772,Garam Masala 100g,0.46,80
9982,2772,Biryani Masala 100g,0.57,100
9983,2772,Cashew Nuts (Kaju) 500g,0.37,550
9984,2773,Garam Masala 100g,0.36,80
9985,2773,Biryani Masala 100g,0.44,100
9986,2773,Cashew Nuts (Kaju) 500g,0.4,550
9987,2773,Peanuts (Groundnut) 500g,3.72,90
9988,2774,Garam Masala 100g,0.19,80
9989,2774,Biryani Masala 100g,0.41,100
9990,2774,Cashew Nuts (Kaju) 500g,0.88,550
9991,2774,Peanuts (Groundnut) 500g,1.38,90
9992,2775,Biryani Masala 100g,0.98,100
9993,2775,Cashew Nuts (Kaju) 500g,0.75,550
9994,2775,Sunflower Oil 1L,2.01,180
9995,2775,Groundnut Oil 1L,2.9,220
9996,2776,Sunflower Oil 1L,2.69,180
9997,2776,Groundnut Oil 1L,2.62,220
9998,2776,Mustard Oil 1L,1.38,200
9999,2776,Pure Ghee 1L,0.86,600
10000,2777,Sunflower Oil 1L,1.86,180
10001,2777,Mustard Oil 1L,1.26,200
10002,2777,Pure Ghee 1L,0.71,600
10003,2777,Sugar 1kg,2.84,45
10004,2778,Sunflower Oil 1L,3.44,180
10005,2778,Mustard Oil 1L,1.11,200
10006,2778,Pure Ghee 1L,0.59,600
10007,2778,Sugar 1kg,3.01,45
10008,2779,Mustard Oil 1L,0.85,200
10009,2779,Pure Ghee 1L,0.93,600
10010,2779,Sugar 1kg,4.68,45
10011,2779,Jaggery (Bella/Gud) 1kg,0.55,70
10012,2780,Mustard Oil 1L,1.25,200
10013,2780,Jaggery (Bella/Gud) 1kg,0.88,70
10014,2780,Iodized Salt 1kg,3.41,25
10015,2781,Jaggery (Bella/Gud) 1kg,1.38,70
10016,2781,Iodized Salt 1kg,4.59,25
10017,2782,Jaggery (Bella/Gud) 1kg,1.35,70
10018,2783,Sona Masoori Rice 5kg,14.23,350
10019,2783,Basmati Rice 5kg,6.12,550
10020,2783,Wheat Flour (Atta) 5kg,11.11,250
10021,2783,Toor Dal 1kg,1.92,140
10022,2784,Basmati Rice 5kg,6.64,550
10023,2784,Toor Dal 1kg,2.4,140
10024,2784,Moong Dal 1kg,1.45,130
10025,2784,Rajma (Kidney Beans) 1kg,0.7,160
10026,2785,Toor Dal 1kg,1.37,140
10027,2785,Moong Dal 1kg,2.03,130
10028,2785,Rajma (Kidney Beans) 1kg,1.24,160
10029,2785,Turmeric Powder 200g,2.58,60
10030,2786,Toor Dal 1kg,2.6,140
10031,2786,Moong Dal 1kg,1.37,130
10032,2786,Rajma (Kidney Beans) 1kg,1.28,160
10033,2786,Turmeric Powder 200g,1.29,60
10034,2787,Moong Dal 1kg,2.36,130
10035,2787,Turmeric Powder 200g,1.54,60
10036,2787,Garam Masala 100g,2.7,80
10037,2787,Biryani Masala 100g,0.74,100
10038,2788,Biryani Masala 100g,0.64,100
10039,2788,Almonds (Badam) 500g,2.15,450
10040,2788,Cashew Nuts (Kaju) 500g,1.07,550
10041,2788,Peanuts (Groundnut) 500g,2.42,90
10042,2789,Biryani Masala 100g,0.75,100
10043,2789,Cashew Nuts (Kaju) 500g,1.45,550
10044,2789,Peanuts (Groundnut) 500g,2.1,90
10045,2789,Sunflower Oil 1L,9.1,180
10046,2790,Biryani Masala 100g,0.62,100
10047,2790,Groundnut Oil 1L,0.61,220
10048,2790,Mustard Oil 1L,3.18,200
10049,2790,Pure Ghee 1L,1.21,600
10050,2791,Groundnut Oil 1L,0.99,220
10051,2791,Mustard Oil 1L,2.16,200
10052,2791,Pure Ghee 1L,1.64,600
10053,2791,Sugar 1kg,5.19,45
10054,2792,Groundnut Oil 1L,1.79,220
10055,2792,Sugar 1kg,2.06,45
10056,2792,Jaggery (Bella/Gud) 1kg,0.7,70
10057,2792,Iodized Salt 1kg,4.99,25
10058,2793,Groundnut Oil 1L,0.84,220
10059,2793,Sugar 1kg,2.22,45
10060,2793,Jaggery (Bella/Gud) 1kg,0.72,70
10061,2793,Iodized Salt 1kg,3.08,25
10062,2794,Groundnut Oil 1L,0.67,220
10063,2794,Jaggery (Bella/Gud) 1kg,0.78,70
10064,2794,Rock Salt (Sendha Namak) 500g,0.75,40
10065,2795,Groundnut Oil 1L,0.76,220
10066,2795,Jaggery (Bella/Gud) 1kg,0.32,70
10067,2795,Rock Salt (Sendha Namak) 500g,0.87,40
10068,2796,Jaggery (Bella/Gud) 1kg,0.47,70
10069,2796,Rock Salt (Sendha Namak) 500g,0.97,40
10070,2797,Jaggery (Bella/Gud) 1kg,0.92,70
10071,2798,Sona Masoori Rice 5kg,3.17,350
10072,2798,Basmati Rice 5kg,2.58,550
10073,2798,Wheat Flour (Atta) 5kg,1.6,250
10074,2798,Toor Dal 1kg,1.68,140
10075,2799,Sona Masoori Rice 5kg,1.57,350
10076,2799,Basmati Rice 5kg,2.83,550
10077,2799,Wheat Flour (Atta) 5kg,2.47,250
10078,2799,Toor Dal 1kg,1.53,140
10079,2800,Sona Masoori Rice 5kg,1.96,350
10080,2800,Basmati Rice 5kg,2.92,550
10081,2800,Wheat Flour (Atta) 5kg,3.1,250
10082,2800,Toor Dal 1kg,1.39,140
10083,2801,Sona Masoori Rice 5kg,2.65,350
10084,2801,Basmati Rice 5kg,1.41,550
10085,2801,Wheat Flour (Atta) 5kg,3.06,250
10086,2801,Toor Dal 1kg,1.62,140
10087,2802,Sona Masoori Rice 5kg,3.0,350
10088,2802,Basmati Rice 5kg,1.77,550
10089,2802,Wheat Flour (Atta) 5kg,2.12,250
10090,2802,Toor Dal 1kg,2.06,140
10091,2803,Sona Masoori Rice 5kg,2.1,350
10092,2803,Moong Dal 1kg,1.16,130
10093,2803,Rajma (Kidney Beans) 1kg,1.14,160
10094,2803,Turmeric Powder 200g,2.6,60
10095,2804,Moong Dal 1kg,2.02,130
10096,2804,Rajma (Kidney Beans) 1kg,2.3,160
10097,2804,Turmeric Powder 200g,2.3,60
10098,2804,Garam Masala 100g,0.3,80
10099,2805,Moong Dal 1kg,1.81,130
10100,2805,Garam Masala 100g,0.24,80
10101,2805,Biryani Masala 100g,0.97,100
10102,2805,Almonds (Badam) 500g,1.08,450
10103,2806,Moong Dal 1kg,2.19,130
10104,2806,Garam Masala 100g,0.19,80
10105,2806,Biryani Masala 100g,0.44,100
10106,2806,Almonds (Badam) 500g,0.98,450
10107,2807,Garam Masala 100g,0.23,80
10108,2807,Biryani Masala 100g,0.7,100
10109,2807,Cashew Nuts (Kaju) 500g,0.58,550
10110,2807,Peanuts (Groundnut) 500g,1.28,90
10111,2808,Garam Masala 100g,0.42,80
10112,2808,Biryani Masala 100g,0.64,100
10113,2808,Cashew Nuts (Kaju) 500g,0.34,550
10114,2808,Peanuts (Groundnut) 500g,0.89,90
10115,2809,Garam Masala 100g,0.21,80
10116,2809,Cashew Nuts (Kaju) 500g,0.69,550
10117,2809,Peanuts (Groundnut) 500g,0.69,90
10118,2809,Sunflower Oil 1L,3.44,180
10119,2810,Cashew Nuts (Kaju) 500g,0.65,550
10120,2810,Peanuts (Groundnut) 500g,0.72,90
10121,2810,Sunflower Oil 1L,4.11,180
10122,2810,Groundnut Oil 1L,1.29,220
10123,2811,Peanuts (Groundnut) 500g,0.6,90
10124,2811,Sunflower Oil 1L,3.42,180
10125,2811,Groundnut Oil 1L,2.05,220
10126,2811,Mustard Oil 1L,0.54,200
10127,2812,Peanuts (Groundnut) 500g,0.88,90
10128,2812,Groundnut Oil 1L,2.07,220
10129,2812,Mustard Oil 1L,0.74,200
10130,2812,Pure Ghee 1L,0.99,707.14
10131,2813,Mustard Oil 1L,1.42,200
10132,2813,Pure Ghee 1L,1.12,600
10133,2813,Sugar 1kg,1.64,45
10134,2813,Jaggery (Bella/Gud) 1kg,0.92,70
10135,2814,Mustard Oil 1L,1.28,200
10136,2814,Pure Ghee 1L,0.85,600
10137,2814,Sugar 1kg,1.77,45
10138,2814,Jaggery (Bella/Gud) 1kg,1.0,70
10139,2815,Mustard Oil 1L,1.1,200
10140,2815,Sugar 1kg,2.04,45
10141,2815,Jaggery (Bella/Gud) 1kg,1.57,70
10142,2815,Iodized Salt 1kg,1.08,25
10143,2816,Sugar 1kg,0.79,45
10144,2816,Jaggery (Bella/Gud) 1kg,0.65,70
10145,2816,Iodized Salt 1kg,2.2,25
10146,2816,Rock Salt (Sendha Namak) 500g,0.22,40
10147,2817,Sugar 1kg,1.66,45
10148,2817,Iodized Salt 1kg,1.79,25
10149,2817,Rock Salt (Sendha Namak) 500g,0.31,40
10150,2818,Sugar 1kg,1.34,45
10151,2818,Iodized Salt 1kg,0.94,25
10152,2818,Rock Salt (Sendha Namak) 500g,0.23,40
10153,2819,Iodized Salt 1kg,1.47,25
10154,2819,Rock Salt (Sendha Namak) 500g,0.18,40
10155,2820,Sona Masoori Rice 5kg,2.65,350
10156,2820,Basmati Rice 5kg,4.19,550
10157,2820,Wheat Flour (Atta) 5kg,1.74,250
10158,2820,Toor Dal 1kg,7.4,140
10159,2821,Sona Masoori Rice 5kg,5.72,350
10160,2821,Basmati Rice 5kg,2.44,550
10161,2821,Wheat Flour (Atta) 5kg,2.7,250
10162,2821,Moong Dal 1kg,1.16,130
10163,2822,Sona Masoori Rice 5kg,5.19,350
10164,2822,Basmati Rice 5kg,2.39,550
10165,2822,Wheat Flour (Atta) 5kg,2.39,250
10166,2822,Moong Dal 1kg,1.99,130
10167,2823,Basmati Rice 5kg,2.55,550
10168,2823,Wheat Flour (Atta) 5kg,1.79,250
10169,2823,Moong Dal 1kg,2.63,130
10170,2823,Rajma (Kidney Beans) 1kg,1.56,139.85
10171,2824,Wheat Flour (Atta) 5kg,1.68,250
10172,2824,Moong Dal 1kg,1.09,130
10173,2824,Rajma (Kidney Beans) 1kg,1.57,176.93
10174,2824,Turmeric Powder 200g,0.59,60
10175,2825,Wheat Flour (Atta) 5kg,1.46,250
10176,2825,Turmeric Powder 200g,0.81,60
10177,2825,Garam Masala 100g,0.38,80
10178,2825,Biryani Masala 100g,0.8,100
10179,2826,Turmeric Powder 200g,0.5,60
10180,2826,Garam Masala 100g,0.47,80
10181,2826,Biryani Masala 100g,1.21,100
10182,2826,Almonds (Badam) 500g,2.2,450
10183,2827,Turmeric Powder 200g,1.18,71.33
10184,2827,Garam Masala 100g,0.82,80
10185,2827,Biryani Masala 100g,1.21,100
10186,2827,Cashew Nuts (Kaju) 500g,0.87,550
10187,2828,Turmeric Powder 200g,1.33,60
10188,2828,Garam Masala 100g,0.98,80
10189,2828,Cashew Nuts (Kaju) 500g,1.63,550
10190,2828,Peanuts (Groundnut) 500g,5.15,90
10191,2829,Turmeric Powder 200g,0.69,60
10192,2829,Sunflower Oil 1L,4.92,180
10193,2829,Groundnut Oil 1L,0.76,220
10194,2829,Mustard Oil 1L,1.35,200
10195,2830,Sunflower Oil 1L,3.79,180
10196,2830,Groundnut Oil 1L,1.57,220
10197,2830,Mustard Oil 1L,1.69,200
10198,2830,Pure Ghee 1L,0.52,600
10199,2831,Sunflower Oil 1L,2.06,180
10200,2831,Groundnut Oil 1L,1.44,220
10201,2831,Mustard Oil 1L,1.0,200
10202,2831,Pure Ghee 1L,0.63,600
10203,2832,Groundnut Oil 1L,1.14,220
10204,2832,Mustard Oil 1L,1.4,200
10205,2832,Pure Ghee 1L,0.47,600
10206,2832,Sugar 1kg,1.17,45
10207,2833,Pure Ghee 1L,0.22,600
10208,2833,Sugar 1kg,1.28,45
10209,2833,Jaggery (Bella/Gud) 1kg,2.83,70
10210,2833,Iodized Salt 1kg,4.68,25
10211,2834,Pure Ghee 1L,0.59,600
10212,2834,Sugar 1kg,2.32,45
10213,2834,Jaggery (Bella/Gud) 1kg,1.22,70
10214,2834,Iodized Salt 1kg,1.79,25
10215,2835,Pure Ghee 1L,0.56,600
10216,2835,Sugar 1kg,1.79,45
10217,2835,Iodized Salt 1kg,2.19,25
10218,2835,Rock Salt (Sendha Namak) 500g,1.13,40
10219,2836,Sugar 1kg,1.65,45
10220,2837,Sugar 1kg,2.21,45
10221,2838,Sona Masoori Rice 5kg,1.55,350
10222,2838,Basmati Rice 5kg,4.54,550
10223,2838,Wheat Flour (Atta) 5kg,12.21,250
10224,2838,Toor Dal 1kg,4.29,140
10225,2839,Sona Masoori Rice 5kg,3.63,350
10226,2839,Basmati Rice 5kg,4.2,550
10227,2839,Toor Dal 1kg,3.29,140
10228,2839,Moong Dal 1kg,0.98,130
10229,2840,Sona Masoori Rice 5kg,3.63,350
10230,2840,Basmati Rice 5kg,3.03,550
10231,2840,Moong Dal 1kg,1.0,130
10232,2840,Rajma (Kidney Beans) 1kg,2.57,160
10233,2841,Sona Masoori Rice 5kg,2.93,350
10234,2841,Moong Dal 1kg,2.13,130
10235,2841,Turmeric Powder 200g,4.51,60
10236,2841,Garam Masala 100g,0.61,68.72
10237,2842,Sona Masoori Rice 5kg,3.64,350
10238,2842,Moong Dal 1kg,1.07,130
10239,2842,Garam Masala 100g,0.62,80
10240,2842,Biryani Masala 100g,0.53,100
10241,2843,Moong Dal 1kg,1.98,130
10242,2843,Garam Masala 100g,0.42,80
10243,2843,Biryani Masala 100g,0.55,100
10244,2843,Almonds (Badam) 500g,0.32,450
10245,2844,Garam Masala 100g,0.56,80
10246,2844,Biryani Masala 100g,0.45,100
10247,2844,Almonds (Badam) 500g,0.44,450
10248,2844,Cashew Nuts (Kaju) 500g,1.01,550
10249,2845,Garam Masala 100g,0.62,80
10250,2845,Biryani Masala 100g,0.45,100
10251,2845,Almonds (Badam) 500g,0.4,450
10252,2845,Cashew Nuts (Kaju) 500g,0.71,550
10253,2846,Garam Masala 100g,0.61,80
10254,2846,Biryani Masala 100g,0.58,100
10255,2846,Almonds (Badam) 500g,0.49,450
10256,2846,Cashew Nuts (Kaju) 500g,0.46,462.0
10257,2847,Biryani Masala 100g,0.36,100
10258,2847,Almonds (Badam) 500g,0.26,450
10259,2847,Peanuts (Groundnut) 500g,2.56,90
10260,2847,Sunflower Oil 1L,2.47,180
10261,2848,Peanuts (Groundnut) 500g,2.52,90
10262,2848,Sunflower Oil 1L,1.52,180
10263,2848,Groundnut Oil 1L,1.77,220
10264,2848,Mustard Oil 1L,3.73,200
10265,2849,Sunflower Oil 1L,2.64,180
10266,2849,Groundnut Oil 1L,2.38,220
10267,2849,Mustard Oil 1L,1.79,200
10268,2849,Pure Ghee 1L,0.56,600
10269,2850,Sunflower Oil 1L,2.24,180
10270,2850,Groundnut Oil 1L,1.21,220
10271,2850,Pure Ghee 1L,0.43,600
10272,2850,Sugar 1kg,4.87,45
10273,2851,Sunflower Oil 1L,1.16,180
10274,2851,Pure Ghee 1L,0.84,600
10275,2851,Sugar 1kg,6.11,45
10276,2851,Jaggery (Bella/Gud) 1kg,0.94,70
10277,2852,Pure Ghee 1L,0.74,600
10278,2852,Jaggery (Bella/Gud) 1kg,1.21,70
10279,2852,Iodized Salt 1kg,8.27,25
10280,2852,Rock Salt (Sendha Namak) 500g,0.23,40
10281,2853,Pure Ghee 1L,0.64,600
10282,2853,Jaggery (Bella/Gud) 1kg,1.04,70
10283,2853,Rock Salt (Sendha Namak) 500g,0.42,40
10284,2854,Jaggery (Bella/Gud) 1kg,0.87,70
10285,2854,Rock Salt (Sendha Namak) 500g,0.2,40
10286,2855,Sona Masoori Rice 5kg,2.65,350
10287,2855,Basmati Rice 5kg,3.16,550
10288,2855,Wheat Flour (Atta) 5kg,5.9,250
10289,2855,Toor Dal 1kg,1.78,140
10290,2856,Sona Masoori Rice 5kg,3.04,350
10291,2856,Basmati Rice 5kg,1.29,550
10292,2856,Wheat Flour (Atta) 5kg,7.2,250
10293,2856,Toor Dal 1kg,2.3,140
10294,2857,Sona Masoori Rice 5kg,3.02,350
10295,2857,Basmati Rice 5kg,2.16,550
10296,2857,Toor Dal 1kg,1.55,140
10297,2857,Moong Dal 1kg,1.87,130
10298,2858,Sona Masoori Rice 5kg,1.94,350
10299,2858,Basmati Rice 5kg,2.13,550
10300,2858,Toor Dal 1kg,1.83,140
10301,2858,Moong Dal 1kg,1.7,111.49
10302,2859,Sona Masoori Rice 5kg,2.25,350
10303,2859,Basmati Rice 5kg,2.07,550
10304,2859,Moong Dal 1kg,1.61,130
10305,2859,Rajma (Kidney Beans) 1kg,1.02,160
10306,2860,Sona Masoori Rice 5kg,2.67,350
10307,2860,Moong Dal 1kg,1.5,130
10308,2860,Rajma (Kidney Beans) 1kg,0.51,160
10309,2860,Turmeric Powder 200g,1.62,60
10310,2861,Rajma (Kidney Beans) 1kg,0.55,160
10311,2861,Turmeric Powder 200g,1.16,60
10312,2861,Biryani Masala 100g,2.91,100
10313,2861,Almonds (Badam) 500g,1.0,450
10314,2862,Rajma (Kidney Beans) 1kg,1.07,160
10315,2862,Turmeric Powder 200g,1.24,60
10316,2862,Almonds (Badam) 500g,1.08,450
10317,2862,Cashew Nuts (Kaju) 500g,0.24,550
10318,2863,Turmeric Powder 200g,1.24,60
10319,2863,Cashew Nuts (Kaju) 500g,0.67,550
10320,2863,Peanuts (Groundnut) 500g,2.64,90
10321,2863,Sunflower Oil 1L,2.08,180
10322,2864,Cashew Nuts (Kaju) 500g,0.6,550
10323,2864,Peanuts (Groundnut) 500g,2.1,73.86
10324,2864,Sunflower Oil 1L,3.27,180
10325,2864,Groundnut Oil 1L,1.3,220
10326,2865,Cashew Nuts (Kaju) 500g,0.55,550
10327,2865,Sunflower Oil 1L,2.02,180
10328,2865,Groundnut Oil 1L,1.16,220
10329,2865,Mustard Oil 1L,2.04,200
10330,2866,Cashew Nuts (Kaju) 500g,0.42,550
10331,2866,Sunflower Oil 1L,1.46,180
10332,2866,Groundnut Oil 1L,1.03,220
10333,2866,Mustard Oil 1L,2.01,220.02
10334,2867,Sunflower Oil 1L,1.37,180
10335,2867,Groundnut Oil 1L,0.66,220
10336,2867,Mustard Oil 1L,1.59,200
10337,2867,Pure Ghee 1L,1.17,600
10338,2868,Groundnut Oil 1L,0.66,220
10339,2868,Pure Ghee 1L,1.09,600
10340,2868,Sugar 1kg,2.88,45
10341,2868,Jaggery (Bella/Gud) 1kg,1.46,70
10342,2869,Groundnut Oil 1L,0.63,220
10343,2869,Pure Ghee 1L,0.8,600
10344,2869,Sugar 1kg,2.17,45
10345,2869,Jaggery (Bella/Gud) 1kg,1.35,70
10346,2870,Sugar 1kg,1.71,45
10347,2870,Jaggery (Bella/Gud) 1kg,1.11,70
10348,2870,Iodized Salt 1kg,1.39,25
10349,2870,Rock Salt (Sendha Namak) 500g,3.09,40
10350,2871,Sugar 1kg,2.94,45
10351,2871,Iodized Salt 1kg,1.39,25
10352,2872,Iodized Salt 1kg,2.09,25
10353,2873,Iodized Salt 1kg,1.36,25
10354,2874,Iodized Salt 1kg,1.52,25
10355,2875,Sona Masoori Rice 5kg,6.8,350
10356,2875,Basmati Rice 5kg,4.22,550
10357,2875,Wheat Flour (Atta) 5kg,12.62,250
10358,2875,Toor Dal 1kg,3.49,140
10359,2876,Sona Masoori Rice 5kg,7.89,350
10360,2876,Basmati Rice 5kg,3.6,550
10361,2876,Toor Dal 1kg,4.71,140
10362,2876,Moong Dal 1kg,1.01,130
10363,2877,Basmati Rice 5kg,3.36,550
10364,2877,Moong Dal 1kg,2.29,130
10365,2877,Rajma (Kidney Beans) 1kg,0.5,160
10366,2877,Turmeric Powder 200g,0.83,60
10367,2878,Moong Dal 1kg,1.64,130
10368,2878,Rajma (Kidney Beans) 1kg,1.35,160
10369,2878,Turmeric Powder 200g,1.48,60
10370,2878,Biryani Masala 100g,0.75,100
10371,2879,Moong Dal 1kg,1.36,130
10372,2879,Rajma (Kidney Beans) 1kg,0.61,160
10373,2879,Turmeric Powder 200g,0.54,50.97
10374,2879,Biryani Masala 100g,1.15,100
10375,2880,Rajma (Kidney Beans) 1kg,0.78,160
10376,2880,Turmeric Powder 200g,1.0,60
10377,2880,Biryani Masala 100g,1.35,100
10378,2880,Almonds (Badam) 500g,0.66,450
10379,2881,Turmeric Powder 200g,0.81,60
10380,2881,Almonds (Badam) 500g,0.43,450
10381,2881,Cashew Nuts (Kaju) 500g,2.2,550
10382,2881,Peanuts (Groundnut) 500g,1.38,90
10383,2882,Almonds (Badam) 500g,0.38,450
10384,2882,Peanuts (Groundnut) 500g,0.74,90
10385,2882,Sunflower Oil 1L,2.78,180
10386,2882,Groundnut Oil 1L,5.63,220
10387,2883,Almonds (Badam) 500g,0.34,450
10388,2883,Peanuts (Groundnut) 500g,0.72,90
10389,2883,Sunflower Oil 1L,3.02,180
10390,2883,Mustard Oil 1L,1.99,200
10391,2884,Peanuts (Groundnut) 500g,1.69,90
10392,2884,Sunflower Oil 1L,1.39,180
10393,2884,Mustard Oil 1L,1.55,200
10394,2884,Pure Ghee 1L,0.35,600
10395,2885,Sunflower Oil 1L,3.33,180
10396,2885,Mustard Oil 1L,1.31,200
10397,2885,Pure Ghee 1L,0.62,600
10398,2885,Sugar 1kg,4.77,45
10399,2886,Mustard Oil 1L,1.31,200
10400,2886,Pure Ghee 1L,0.81,600
10401,2886,Sugar 1kg,5.9,36.0
10402,2886,Jaggery (Bella/Gud) 1kg,0.96,70
10403,2887,Pure Ghee 1L,0.64,600
10404,2887,Jaggery (Bella/Gud) 1kg,0.65,70
10405,2887,Iodized Salt 1kg,2.45,25
10406,2887,Rock Salt (Sendha Namak) 500g,0.1,40
10407,2888,Pure Ghee 1L,0.39,600
10408,2888,Jaggery (Bella/Gud) 1kg,0.38,61.48
10409,2888,Iodized Salt 1kg,2.42,25
10410,2888,Rock Salt (Sendha Namak) 500g,0.21,40
10411,2889,Jaggery (Bella/Gud) 1kg,0.97,70
10412,2889,Iodized Salt 1kg,2.75,25
10413,2889,Rock Salt (Sendha Namak) 500g,0.24,40
10414,2890,Jaggery (Bella/Gud) 1kg,0.83,70
10415,2890,Rock Salt (Sendha Namak) 500g,0.23,40
10416,2891,Rock Salt (Sendha Namak) 500g,0.09,40
10417,2892,Sona Masoori Rice 5kg,16.22,350
10418,2892,Basmati Rice 5kg,1.28,550
10419,2892,Wheat Flour (Atta) 5kg,8.4,250
10420,2892,Toor Dal 1kg,3.83,140
10421,2893,Basmati Rice 5kg,2.51,550
10422,2893,Wheat Flour (Atta) 5kg,4.21,250
10423,2893,Toor Dal 1kg,2.16,140
10424,2893,Moong Dal 1kg,1.85,130
10425,2894,Basmati Rice 5kg,2.35,550
10426,2894,Toor Dal 1kg,1.74,140
10427,2894,Moong Dal 1kg,4.74,130
10428,2894,Rajma (Kidney Beans) 1kg,2.68,160
10429,2895,Basmati Rice 5kg,2.06,550
10430,2895,Turmeric Powder 200g,1.65,50.65
10431,2895,Garam Masala 100g,2.1,80
10432,2895,Biryani Masala 100g,1.09,100
10433,2896,Basmati Rice 5kg,1.21,550
10434,2896,Turmeric Powder 200g,2.97,60
10435,2896,Garam Masala 100g,0.92,80
10436,2896,Biryani Masala 100g,1.0,100
10437,2897,Basmati Rice 5kg,1.83,550
10438,2897,Biryani Masala 100g,0.49,100
10439,2897,Almonds (Badam) 500g,1.11,450
10440,2897,Cashew Nuts (Kaju) 500g,0.57,550
10441,2898,Biryani Masala 100g,0.7,100
10442,2898,Almonds (Badam) 500g,1.05,450
10443,2898,Cashew Nuts (Kaju) 500g,1.06,550
10444,2898,Peanuts (Groundnut) 500g,2.45,80.16
10445,2899,Cashew Nuts (Kaju) 500g,0.71,550
10446,2899,Peanuts (Groundnut) 500g,2.33,90
10447,2899,Sunflower Oil 1L,6.55,180
10448,2899,Groundnut Oil 1L,5.7,220
10449,2900,Sunflower Oil 1L,4.21,180
10450,2900,Mustard Oil 1L,1.2,200
10451,2900,Pure Ghee 1L,2.98,600
10452,2900,Sugar 1kg,1.93,45
10453,2901,Mustard Oil 1L,0.45,200
10454,2901,Sugar 1kg,2.29,45
10455,2901,Jaggery (Bella/Gud) 1kg,4.2,70
10456,2901,Iodized Salt 1kg,8.95,25
10457,2902,Mustard Oil 1L,1.06,200
10458,2902,Sugar 1kg,1.9,45
10459,2902,Rock Salt (Sendha Namak) 500g,0.96,40
10460,2903,Mustard Oil 1L,0.82,200
10461,2903,Sugar 1kg,0.97,45
10462,2903,Rock Salt (Sendha Namak) 500g,0.92,40
10463,2904,Mustard Oil 1L,0.85,200
10464,2904,Sugar 1kg,1.46,45
10465,2904,Rock Salt (Sendha Namak) 500g,0.58,40
10466,2905,Mustard Oil 1L,0.7,200
10467,2905,Sugar 1kg,1.38,45
10468,2905,Rock Salt (Sendha Namak) 500g,0.44,40
10469,2906,Sona Masoori Rice 5kg,16.46,350
10470,2906,Basmati Rice 5kg,1.97,550
10471,2906,Wheat Flour (Atta) 5kg,2.38,250
10472,2906,Toor Dal 1kg,1.04,140
10473,2907,Basmati Rice 5kg,1.88,550
10474,2907,Wheat Flour (Atta) 5kg,1.25,250
10475,2907,Toor Dal 1kg,1.33,140
10476,2907,Moong Dal 1kg,3.14,130
10477,2908,Basmati Rice 5kg,2.0,550
10478,2908,Wheat Flour (Atta) 5kg,1.57,250
10479,2908,Toor Dal 1kg,2.39,140
10480,2908,Moong Dal 1kg,2.25,130
10481,2909,Basmati Rice 5kg,1.67,550
10482,2909,Wheat Flour (Atta) 5kg,1.53,250
10483,2909,Toor Dal 1kg,1.97,140
10484,2909,Moong Dal 1kg,1.95,130
10485,2910,Basmati Rice 5kg,2.98,457.27
10486,2910,Wheat Flour (Atta) 5kg,2.32,250
10487,2910,Toor Dal 1kg,1.66,140
10488,2910,Rajma (Kidney Beans) 1kg,1.48,160
10489,2911,Basmati Rice 5kg,1.43,550
10490,2911,Wheat Flour (Atta) 5kg,2.4,250
10491,2911,Rajma (Kidney Beans) 1kg,1.61,160
10492,2911,Turmeric Powder 200g,2.88,60
10493,2912,Turmeric Powder 200g,2.58,60
10494,2912,Garam Masala 100g,0.96,80
10495,2912,Biryani Masala 100g,1.8,100
10496,2912,Almonds (Badam) 500g,0.36,450
10497,2913,Garam Masala 100g,0.87,80
10498,2913,Biryani Masala 100g,1.43,100
10499,2913,Almonds (Badam) 500g,0.46,450
10500,2913,Cashew Nuts (Kaju) 500g,0.81,550
10501,2914,Garam Masala 100g,1.03,80
10502,2914,Almonds (Badam) 500g,0.25,450
10503,2914,Cashew Nuts (Kaju) 500g,0.78,550
10504,2914,Peanuts (Groundnut) 500g,1.55,90
10505,2915,Garam Masala 100g,0.72,80
10506,2915,Almonds (Badam) 500g,0.19,450
10507,2915,Cashew Nuts (Kaju) 500g,0.7,550
10508,2915,Peanuts (Groundnut) 500g,1.37,90
10509,2916,Garam Masala 100g,1.03,80
10510,2916,Almonds (Badam) 500g,0.3,450
10511,2916,Peanuts (Groundnut) 500g,2.52,75.36
10512,2916,Sunflower Oil 1L,3.26,180
10513,2917,Almonds (Badam) 500g,0.37,450
10514,2917,Sunflower Oil 1L,3.72,180
10515,2917,Groundnut Oil 1L,1.51,220
10516,2917,Mustard Oil 1L,1.62,200
10517,2918,Sunflower Oil 1L,3.69,180
10518,2918,Groundnut Oil 1L,0.94,220
10519,2918,Mustard Oil 1L,1.38,200
10520,2918,Pure Ghee 1L,1.11,600
10521,2919,Groundnut Oil 1L,1.96,220
10522,2919,Mustard Oil 1L,2.03,200
10523,2919,Pure Ghee 1L,0.75,600
10524,2919,Sugar 1kg,9.66,45
10525,2920,Groundnut Oil 1L,1.13,220
10526,2920,Mustard Oil 1L,1.13,200
10527,2920,Pure Ghee 1L,1.13,600
10528,2920,Jaggery (Bella/Gud) 1kg,1.16,70
10529,2921,Jaggery (Bella/Gud) 1kg,1.52,56.61
10530,2921,Iodized Salt 1kg,3.19,25
10531,2921,Rock Salt (Sendha Namak) 500g,1.15,40
10532,2922,Jaggery (Bella/Gud) 1kg,1.67,70
10533,2922,Iodized Salt 1kg,4.97,21.28
10534,2922,Rock Salt (Sendha Namak) 500g,0.87,40
10535,2923,Sona Masoori Rice 5kg,4.72,350
10536,2923,Basmati Rice 5kg,2.57,550
10537,2923,Wheat Flour (Atta) 5kg,5.06,250
10538,2923,Toor Dal 1kg,1.86,140
10539,2924,Sona Masoori Rice 5kg,4.29,350
10540,2924,Basmati Rice 5kg,1.86,550
10541,2924,Wheat Flour (Atta) 5kg,4.32,250
10542,2924,Toor Dal 1kg,1.31,140
10543,2925,Sona Masoori Rice 5kg,3.29,350
10544,2925,Basmati Rice 5kg,1.7,550
10545,2925,Wheat Flour (Atta) 5kg,2.28,250
10546,2925,Toor Dal 1kg,1.83,140
10547,2926,Sona Masoori Rice 5kg,2.75,350
10548,2926,Basmati Rice 5kg,2.21,550
10549,2926,Toor Dal 1kg,0.77,140
10550,2926,Moong Dal 1kg,1.33,130
10551,2927,Basmati Rice 5kg,3.01,550
10552,2927,Toor Dal 1kg,1.84,140
10553,2927,Moong Dal 1kg,2.07,130
10554,2927,Rajma (Kidney Beans) 1kg,3.11,160
10555,2928,Basmati Rice 5kg,1.32,550
10556,2928,Moong Dal 1kg,1.56,130
10557,2928,Turmeric Powder 200g,1.08,60
10558,2928,Garam Masala 100g,0.29,80
10559,2929,Moong Dal 1kg,1.39,130
10560,2929,Turmeric Powder 200g,1.06,60
10561,2929,Garam Masala 100g,0.46,80
10562,2929,Biryani Masala 100g,0.69,100
10563,2930,Turmeric Powder 200g,1.09,60
10564,2930,Garam Masala 100g,0.69,80
10565,2930,Biryani Masala 100g,0.3,100
10566,2930,Almonds (Badam) 500g,0.6,450
10567,2931,Turmeric Powder 200g,0.91,60
10568,2931,Garam Masala 100g,0.28,80
10569,2931,Biryani Masala 100g,0.68,100
10570,2931,Almonds (Badam) 500g,0.5,450
10571,2932,Turmeric Powder 200g,0.48,60
10572,2932,Garam Masala 100g,0.63,80
10573,2932,Biryani Masala 100g,0.49,100
10574,2932,Almonds (Badam) 500g,0.35,450
10575,2933,Biryani Masala 100g,0.42,100
10576,2933,Almonds (Badam) 500g,0.42,450
10577,2933,Cashew Nuts (Kaju) 500g,1.23,550
10578,2933,Peanuts (Groundnut) 500g,2.51,90
10579,2934,Biryani Masala 100g,0.39,100
10580,2934,Cashew Nuts (Kaju) 500g,1.17,550
10581,2934,Peanuts (Groundnut) 500g,2.95,90
10582,2934,Sunflower Oil 1L,10.05,150.81
10583,2935,Groundnut Oil 1L,0.82,220
10584,2935,Mustard Oil 1L,1.85,200
10585,2935,Pure Ghee 1L,0.47,600
10586,2935,Sugar 1kg,5.21,45
10587,2936,Groundnut Oil 1L,0.84,220
10588,2936,Mustard Oil 1L,1.5,200
10589,2936,Pure Ghee 1L,0.57,600
10590,2936,Sugar 1kg,3.94,45
10591,2937,Groundnut Oil 1L,0.95,220
10592,2937,Mustard Oil 1L,1.23,200
10593,2937,Pure Ghee 1L,0.44,600
10594,2937,Jaggery (Bella/Gud) 1kg,1.29,70
10595,2938,Groundnut Oil 1L,0.96,220
10596,2938,Mustard Oil 1L,0.87,200
10597,2938,Pure Ghee 1L,0.52,600
10598,2938,Jaggery (Bella/Gud) 1kg,1.42,70
10599,2939,Groundnut Oil 1L,0.62,220
10600,2939,Pure Ghee 1L,0.87,600
10601,2939,Jaggery (Bella/Gud) 1kg,1.08,70
10602,2939,Iodized Salt 1kg,4.72,25
10603,2940,Groundnut Oil 1L,1.16,220
10604,2940,Pure Ghee 1L,0.42,600
10605,2940,Iodized Salt 1kg,4.03,25
10606,2940,Rock Salt (Sendha Namak) 500g,0.93,40
10607,2941,Rock Salt (Sendha Namak) 500g,0.86,32.97
10608,2942,Sona Masoori Rice 5kg,2.26,350
10609,2942,Basmati Rice 5kg,6.81,550
10610,2942,Wheat Flour (Atta) 5kg,1.82,250
10611,2942,Toor Dal 1kg,1.25,140
10612,2943,Sona Masoori Rice 5kg,2.89,350
10613,2943,Basmati Rice 5kg,5.79,550
10614,2943,Wheat Flour (Atta) 5kg,1.84,250
10615,2943,Toor Dal 1kg,1.47,140
10616,2944,Sona Masoori Rice 5kg,2.82,350
10617,2944,Wheat Flour (Atta) 5kg,3.53,250
10618,2944,Toor Dal 1kg,1.34,140
10619,2944,Moong Dal 1kg,1.23,130
10620,2945,Sona Masoori Rice 5kg,2.74,350
10621,2945,Wheat Flour (Atta) 5kg,1.59,250
10622,2945,Toor Dal 1kg,1.59,140
10623,2945,Moong Dal 1kg,2.0,130
10624,2946,Sona Masoori Rice 5kg,4.14,350
10625,2946,Wheat Flour (Atta) 5kg,3.66,250
10626,2946,Toor Dal 1kg,1.6,140
10627,2946,Moong Dal 1kg,1.51,130
10628,2947,Toor Dal 1kg,0.87,140
10629,2947,Moong Dal 1kg,1.59,130
10630,2947,Rajma (Kidney Beans) 1kg,1.23,160
10631,2947,Turmeric Powder 200g,0.9,60
10632,2948,Moong Dal 1kg,1.17,130
10633,2948,Rajma (Kidney Beans) 1kg,1.18,160
10634,2948,Turmeric Powder 200g,0.74,60
10635,2948,Biryani Masala 100g,0.52,100
10636,2949,Rajma (Kidney Beans) 1kg,0.95,160
10637,2949,Turmeric Powder 200g,0.38,60
10638,2949,Biryani Masala 100g,0.91,100
10639,2949,Almonds (Badam) 500g,1.27,450
10640,2950,Turmeric Powder 200g,1.02,60
10641,2950,Biryani Masala 100g,0.38,100
10642,2950,Almonds (Badam) 500g,0.77,450
10643,2950,Cashew Nuts (Kaju) 500g,0.27,550
10644,2951,Turmeric Powder 200g,0.9,60
10645,2951,Biryani Masala 100g,0.48,100
10646,2951,Cashew Nuts (Kaju) 500g,0.55,550
10647,2951,Peanuts (Groundnut) 500g,2.12,90
10648,2952,Turmeric Powder 200g,1.03,60
10649,2952,Biryani Masala 100g,0.38,100
10650,2952,Cashew Nuts (Kaju) 500g,0.23,550
10651,2952,Peanuts (Groundnut) 500g,1.74,90
10652,2953,Biryani Masala 100g,0.62,100
10653,2953,Cashew Nuts (Kaju) 500g,0.5,550
10654,2953,Peanuts (Groundnut) 500g,0.94,90
10655,2953,Sunflower Oil 1L,9.08,180
10656,2954,Cashew Nuts (Kaju) 500g,0.37,550
10657,2954,Groundnut Oil 1L,0.95,220
10658,2954,Mustard Oil 1L,2.03,200
10659,2954,Pure Ghee 1L,0.54,600
10660,2955,Cashew Nuts (Kaju) 500g,0.42,550
10661,2955,Groundnut Oil 1L,1.84,220
10662,2955,Mustard Oil 1L,3.83,200
10663,2955,Pure Ghee 1L,0.54,600
10664,2956,Groundnut Oil 1L,1.19,220
10665,2956,Pure Ghee 1L,0.46,600
10666,2956,Sugar 1kg,3.14,45
10667,2956,Jaggery (Bella/Gud) 1kg,0.66,70
10668,2957,Groundnut Oil 1L,1.07,220
10669,2957,Pure Ghee 1L,0.88,600
10670,2957,Sugar 1kg,3.07,50.25
10671,2957,Jaggery (Bella/Gud) 1kg,1.01,70
10672,2958,Groundnut Oil 1L,0.68,220
10673,2958,Pure Ghee 1L,0.4,510.64
10674,2958,Sugar 1kg,1.51,53.75
10675,2958,Jaggery (Bella/Gud) 1kg,1.02,70
10676,2959,Sugar 1kg,1.8,45
10677,2959,Jaggery (Bella/Gud) 1kg,1.15,70
10678,2959,Iodized Salt 1kg,1.54,25
10679,2959,Rock Salt (Sendha Namak) 500g,0.82,40
10680,2960,Iodized Salt 1kg,1.0,25
10681,2960,Rock Salt (Sendha Namak) 500g,1.34,40
10682,2961,Iodized Salt 1kg,2.01,25
10683,2962,Iodized Salt 1kg,0.84,25
10684,2963,Iodized Salt 1kg,1.4,25
10685,2964,Iodized Salt 1kg,1.98,25
10686,2965,Sona Masoori Rice 5kg,1.81,350
10687,2965,Basmati Rice 5kg,7.42,550
10688,2965,Wheat Flour (Atta) 5kg,2.36,250
10689,2965,Toor Dal 1kg,1.3,140
10690,2966,Sona Masoori Rice 5kg,2.07,350
10691,2966,Basmati Rice 5kg,4.33,550
10692,2966,Wheat Flour (Atta) 5kg,2.28,250
10693,2966,Toor Dal 1kg,1.13,140
10694,2967,Sona Masoori Rice 5kg,3.67,350
10695,2967,Wheat Flour (Atta) 5kg,3.14,220.44
10696,2967,Toor Dal 1kg,1.02,140
10697,2967,Moong Dal 1kg,3.5,130
10698,2968,Sona Masoori Rice 5kg,3.97,350
10699,2968,Wheat Flour (Atta) 5kg,2.39,250
10700,2968,Toor Dal 1kg,1.32,140
10701,2968,Moong Dal 1kg,3.91,130
10702,2969,Sona Masoori Rice 5kg,3.42,350
10703,2969,Wheat Flour (Atta) 5kg,1.83,250
10704,2969,Toor Dal 1kg,1.56,140
10705,2969,Rajma (Kidney Beans) 1kg,0.55,160
10706,2970,Toor Dal 1kg,1.5,140
10707,2970,Rajma (Kidney Beans) 1kg,0.87,160
10708,2970,Turmeric Powder 200g,2.04,60
10709,2970,Garam Masala 100g,0.4,80
10710,2971,Rajma (Kidney Beans) 1kg,0.32,160
10711,2971,Turmeric Powder 200g,2.6,60
10712,2971,Garam Masala 100g,0.63,80
10713,2971,Biryani Masala 100g,0.48,100
10714,2972,Rajma (Kidney Beans) 1kg,0.43,160
10715,2972,Garam Masala 100g,0.4,80
10716,2972,Biryani Masala 100g,0.36,100
10717,2972,Almonds (Badam) 500g,1.96,450
10718,2973,Rajma (Kidney Beans) 1kg,0.58,160
10719,2973,Garam Masala 100g,0.51,89.16
10720,2973,Biryani Masala 100g,0.34,100
10721,2973,Cashew Nuts (Kaju) 500g,0.68,550
10722,2974,Biryani Masala 100g,0.54,100
10723,2974,Cashew Nuts (Kaju) 500g,0.42,550
10724,2974,Peanuts (Groundnut) 500g,1.0,90
10725,2974,Sunflower Oil 1L,9.06,180
10726,2975,Biryani Masala 100g,0.42,100
10727,2975,Cashew Nuts (Kaju) 500g,0.52,550
10728,2975,Peanuts (Groundnut) 500g,1.61,90
10729,2975,Groundnut Oil 1L,3.04,220
10730,2976,Biryani Masala 100g,0.99,100
10731,2976,Cashew Nuts (Kaju) 500g,0.58,550
10732,2976,Peanuts (Groundnut) 500g,1.44,90
10733,2976,Groundnut Oil 1L,1.91,220
10734,2977,Peanuts (Groundnut) 500g,0.86,90
10735,2977,Mustard Oil 1L,5.2,200
10736,2977,Pure Ghee 1L,0.29,600
10737,2977,Sugar 1kg,1.04,45
10738,2978,Pure Ghee 1L,0.51,600
10739,2978,Sugar 1kg,0.98,45
10740,2978,Jaggery (Bella/Gud) 1kg,0.94,70
10741,2978,Iodized Salt 1kg,1.77,25
10742,2979,Pure Ghee 1L,0.55,600
10743,2979,Sugar 1kg,2.63,45
10744,2979,Jaggery (Bella/Gud) 1kg,0.75,70
10745,2979,Iodized Salt 1kg,0.93,25
10746,2980,Pure Ghee 1L,0.49,600
10747,2980,Sugar 1kg,1.16,45
10748,2980,Jaggery (Bella/Gud) 1kg,0.49,70
10749,2980,Iodized Salt 1kg,1.85,25
10750,2981,Pure Ghee 1L,0.6,600
10751,2981,Sugar 1kg,2.62,45
10752,2981,Jaggery (Bella/Gud) 1kg,0.73,70
10753,2981,Iodized Salt 1kg,1.0,25
10754,2982,Pure Ghee 1L,0.29,600
10755,2982,Sugar 1kg,1.73,45
10756,2982,Jaggery (Bella/Gud) 1kg,0.7,70
10757,2982,Iodized Salt 1kg,1.13,25
10758,2983,Jaggery (Bella/Gud) 1kg,0.77,70
10759,2983,Iodized Salt 1kg,1.21,25
10760,2983,Rock Salt (Sendha Namak) 500g,0.43,40
10761,2984,Rock Salt (Sendha Namak) 500g,1.13,40
10762,2985,Rock Salt (Sendha Namak) 500g,0.8,40
10763,2986,Sona Masoori Rice 5kg,15.31,286.04
10764,2986,Basmati Rice 5kg,3.66,550
10765,2986,Wheat Flour (Atta) 5kg,4.29,250
10766,2986,Toor Dal 1kg,3.34,140
10767,2987,Basmati Rice 5kg,2.22,550
10768,2987,Wheat Flour (Atta) 5kg,2.97,250
10769,2987,Toor Dal 1kg,4.08,140
10770,2987,Moong Dal 1kg,2.04,130
10771,2988,Basmati Rice 5kg,6.1,550
10772,2988,Wheat Flour (Atta) 5kg,4.29,250
10773,2988,Moong Dal 1kg,2.66,130
10774,2988,Rajma (Kidney Beans) 1kg,1.22,160
10775,2989,Moong Dal 1kg,2.35,130
10776,2989,Rajma (Kidney Beans) 1kg,0.83,160
10777,2989,Turmeric Powder 200g,0.97,60
10778,2989,Garam Masala 100g,2.27,80
10779,2990,Rajma (Kidney Beans) 1kg,0.83,160
10780,2990,Turmeric Powder 200g,0.61,67.93
10781,2990,Biryani Masala 100g,1.02,100
10782,2990,Almonds (Badam) 500g,0.23,450
10783,2991,Turmeric Powder 200g,1.08,60
10784,2991,Biryani Masala 100g,0.72,100
10785,2991,Almonds (Badam) 500g,0.29,450
10786,2991,Cashew Nuts (Kaju) 500g,2.47,550
10787,2992,Turmeric Powder 200g,0.92,60
10788,2992,Biryani Masala 100g,0.58,100
10789,2992,Almonds (Badam) 500g,0.27,450
10790,2992,Peanuts (Groundnut) 500g,0.89,90
10791,2993,Turmeric Powder 200g,1.16,60
10792,2993,Biryani Masala 100g,0.64,100
10793,2993,Almonds (Badam) 500g,0.54,450
10794,2993,Peanuts (Groundnut) 500g,0.62,90
10795,2994,Turmeric Powder 200g,0.63,60
10796,2994,Almonds (Badam) 500g,0.38,450
10797,2994,Peanuts (Groundnut) 500g,1.44,90
10798,2994,Sunflower Oil 1L,2.97,180
10799,2995,Almonds (Badam) 500g,0.27,450
10800,2995,Peanuts (Groundnut) 500g,1.41,90
10801,2995,Sunflower Oil 1L,2.03,180
10802,2995,Groundnut Oil 1L,0.7,220
10803,2996,Peanuts (Groundnut) 500g,0.58,90
10804,2996,Sunflower Oil 1L,1.89,180
10805,2996,Groundnut Oil 1L,1.05,220
10806,2996,Mustard Oil 1L,1.24,200
10807,2997,Sunflower Oil 1L,3.49,180
10808,2997,Groundnut Oil 1L,1.01,243.77
10809,2997,Mustard Oil 1L,0.76,200
10810,2997,Pure Ghee 1L,0.87,600
10811,2998,Groundnut Oil 1L,0.85,220
10812,2998,Mustard Oil 1L,0.51,200
10813,2998,Pure Ghee 1L,1.25,600
10814,2998,Sugar 1kg,1.23,45
10815,2999,Groundnut Oil 1L,0.82,220
10816,2999,Mustard Oil 1L,1.06,200
10817,2999,Pure Ghee 1L,0.83,600
10818,2999,Sugar 1kg,1.66,45
10819,3000,Groundnut Oil 1L,0.7,220
10820,3000,Mustard Oil 1L,0.64,200
10821,3000,Sugar 1kg,0.96,45
10822,3000,Jaggery (Bella/Gud) 1kg,3.22,70
10823,3001,Mustard Oil 1L,1.34,200
10824,3001,Sugar 1kg,1.76,45
10825,3001,Jaggery (Bella/Gud) 1kg,1.15,70
10826,3001,Iodized Salt 1kg,1.3,25
10827,3002,Sugar 1kg,2.28,45
10828,3002,Iodized Salt 1kg,1.49,25
10829,3002,Rock Salt (Sendha Namak) 500g,0.37,40
10830,3003,Sugar 1kg,1.8,45
10831,3003,Iodized Salt 1kg,0.84,25
10832,3003,Rock Salt (Sendha Namak) 500g,0.23,40
10833,3004,Iodized Salt 1kg,1.03,25
10834,3004,Rock Salt (Sendha Namak) 500g,0.27,40
10835,3005,Iodized Salt 1kg,1.63,25
10836,3005,Rock Salt (Sendha Namak) 500g,0.29,40
10837,3006,Iodized Salt 1kg,2.14,29.96
10838,3006,Rock Salt (Sendha Namak) 500g,0.27,40
10839,3007,Rock Salt (Sendha Namak) 500g,0.26,40
10840,3008,Sona Masoori Rice 5kg,4.89,350
10841,3008,Basmati Rice 5kg,2.51,550
10842,3008,Wheat Flour (Atta) 5kg,11.04,250
10843,3008,Toor Dal 1kg,2.22,140
10844,3009,Sona Masoori Rice 5kg,10.27,350
10845,3009,Basmati Rice 5kg,2.14,648.65
10846,3009,Toor Dal 1kg,5.38,140
10847,3009,Moong Dal 1kg,1.52,130
10848,3010,Basmati Rice 5kg,2.75,550
10849,3010,Moong Dal 1kg,1.87,130
10850,3010,Rajma (Kidney Beans) 1kg,0.86,160
10851,3010,Turmeric Powder 200g,1.1,60
10852,3011,Basmati Rice 5kg,1.35,550
10853,3011,Moong Dal 1kg,1.01,130
10854,3011,Rajma (Kidney Beans) 1kg,0.61,160
10855,3011,Turmeric Powder 200g,0.99,60
10856,3012,Basmati Rice 5kg,2.96,550
10857,3012,Moong Dal 1kg,0.85,130
10858,3012,Rajma (Kidney Beans) 1kg,0.71,160
10859,3012,Turmeric Powder 200g,0.95,60
10860,3013,Moong Dal 1kg,1.56,130
10861,3013,Rajma (Kidney Beans) 1kg,0.67,160
10862,3013,Turmeric Powder 200g,0.98,67.5
10863,3013,Garam Masala 100g,1.0,80
10864,3014,Turmeric Powder 200g,0.51,60
10865,3014,Garam Masala 100g,0.69,80
10866,3014,Biryani Masala 100g,0.55,100
10867,3014,Almonds (Badam) 500g,0.33,450
10868,3015,Turmeric Powder 200g,0.54,60
10869,3015,Garam Masala 100g,1.1,80
10870,3015,Biryani Masala 100g,0.55,100
10871,3015,Almonds (Badam) 500g,0.21,450
10872,3016,Garam Masala 100g,0.94,80
10873,3016,Biryani Masala 100g,0.52,100
10874,3016,Almonds (Badam) 500g,0.36,450
10875,3016,Cashew Nuts (Kaju) 500g,0.42,550
10876,3017,Garam Masala 100g,0.61,80
10877,3017,Biryani Masala 100g,0.3,100
10878,3017,Almonds (Badam) 500g,0.35,450
10879,3017,Cashew Nuts (Kaju) 500g,0.41,550
10880,3018,Biryani Masala 100g,0.71,100
10881,3018,Almonds (Badam) 500g,0.34,450
10882,3018,Cashew Nuts (Kaju) 500g,0.57,550
10883,3018,Peanuts (Groundnut) 500g,0.49,90
10884,3019,Biryani Masala 100g,0.41,100
10885,3019,Almonds (Badam) 500g,0.27,450
10886,3019,Cashew Nuts (Kaju) 500g,0.52,648.2
10887,3019,Peanuts (Groundnut) 500g,0.82,90
10888,3020,Cashew Nuts (Kaju) 500g,0.49,550
10889,3020,Peanuts (Groundnut) 500g,0.69,90
10890,3020,Sunflower Oil 1L,2.64,180
10891,3020,Groundnut Oil 1L,5.3,220
10892,3021,Peanuts (Groundnut) 500g,1.22,90
10893,3021,Sunflower Oil 1L,2.85,180
10894,3021,Mustard Oil 1L,5.61,200
10895,3021,Pure Ghee 1L,1.79,600
10896,3022,Peanuts (Groundnut) 500g,0.54,90
10897,3022,Sunflower Oil 1L,2.35,180
10898,3022,Pure Ghee 1L,1.01,600
10899,3022,Sugar 1kg,1.04,45
10900,3023,Peanuts (Groundnut) 500g,0.99,90
10901,3023,Sunflower Oil 1L,1.99,180
10902,3023,Sugar 1kg,2.77,45
10903,3023,Jaggery (Bella/Gud) 1kg,1.56,70
10904,3024,Sunflower Oil 1L,1.11,180
10905,3024,Sugar 1kg,1.06,45
10906,3024,Jaggery (Bella/Gud) 1kg,2.05,70
10907,3024,Iodized Salt 1kg,8.92,25
10908,3025,Sugar 1kg,2.38,45
10909,3026,Sugar 1kg,2.03,38.86
10910,3027,Sugar 1kg,1.19,45
10911,3028,Sona Masoori Rice 5kg,15.0,350
10912,3028,Basmati Rice 5kg,3.3,550
10913,3028,Wheat Flour (Atta) 5kg,11.52,250
10914,3028,Toor Dal 1kg,6.16,140
10915,3029,Basmati Rice 5kg,3.13,550
10916,3029,Toor Dal 1kg,2.62,140
10917,3029,Moong Dal 1kg,1.0,130
10918,3029,Rajma (Kidney Beans) 1kg,0.27,160
10919,3030,Basmati Rice 5kg,2.15,550
10920,3030,Moong Dal 1kg,2.33,130
10921,3030,Rajma (Kidney Beans) 1kg,0.78,160
10922,3030,Turmeric Powder 200g,0.56,60
10923,3031,Basmati Rice 5kg,1.43,550
10924,3031,Moong Dal 1kg,1.49,130
10925,3031,Rajma (Kidney Beans) 1kg,0.45,160
10926,3031,Turmeric Powder 200g,0.89,60
10927,3032,Basmati Rice 5kg,1.57,550
10928,3032,Moong Dal 1kg,0.84,115.94
10929,3032,Rajma (Kidney Beans) 1kg,0.54,160
10930,3032,Turmeric Powder 200g,1.15,60
10931,3033,Moong Dal 1kg,1.99,130
10932,3033,Rajma (Kidney Beans) 1kg,0.68,160
10933,3033,Turmeric Powder 200g,0.55,60
10934,3033,Garam Masala 100g,0.53,80
10935,3034,Rajma (Kidney Beans) 1kg,0.46,160
10936,3034,Turmeric Powder 200g,0.98,60
10937,3034,Garam Masala 100g,0.82,80
10938,3034,Biryani Masala 100g,2.77,100
10939,3035,Turmeric Powder 200g,0.98,60
10940,3035,Garam Masala 100g,0.98,80
10941,3035,Almonds (Badam) 500g,0.45,377.43
10942,3035,Cashew Nuts (Kaju) 500g,0.46,550
10943,3036,Garam Masala 100g,1.15,80
10944,3036,Almonds (Badam) 500g,0.9,450
10945,3036,Cashew Nuts (Kaju) 500g,1.13,550
10946,3036,Peanuts (Groundnut) 500g,1.76,90
10947,3037,Almonds (Badam) 500g,0.62,450
10948,3037,Cashew Nuts (Kaju) 500g,0.6,550
10949,3037,Peanuts (Groundnut) 500g,2.22,90
10950,3037,Sunflower Oil 1L,9.58,180
10951,3038,Cashew Nuts (Kaju) 500g,0.44,550
10952,3038,Peanuts (Groundnut) 500g,1.39,90
10953,3038,Groundnut Oil 1L,4.74,220
10954,3038,Mustard Oil 1L,1.38,200
10955,3039,Mustard Oil 1L,0.79,200
10956,3039,Pure Ghee 1L,1.57,600
10957,3039,Sugar 1kg,1.82,45
10958,3039,Jaggery (Bella/Gud) 1kg,0.85,70
10959,3040,Mustard Oil 1L,1.32,200
10960,3040,Pure Ghee 1L,1.56,600
10961,3040,Sugar 1kg,1.66,45
10962,3040,Jaggery (Bella/Gud) 1kg,1.39,70
10963,3041,Mustard Oil 1L,1.11,200
10964,3041,Sugar 1kg,2.12,45
10965,3041,Jaggery (Bella/Gud) 1kg,1.46,70
10966,3041,Iodized Salt 1kg,8.28,25
10967,3042,Mustard Oil 1L,1.27,200
10968,3042,Sugar 1kg,1.47,45
10969,3043,Sugar 1kg,1.01,45
10970,3044,Sugar 1kg,2.09,45
10971,3045,Sona Masoori Rice 5kg,2.32,350
10972,3045,Basmati Rice 5kg,12.28,550
10973,3045,Wheat Flour (Atta) 5kg,11.81,250
10974,3045,Toor Dal 1kg,2.82,140
10975,3046,Sona Masoori Rice 5kg,1.46,350
10976,3046,Toor Dal 1kg,2.56,140
10977,3046,Moong Dal 1kg,1.43,130
10978,3046,Rajma (Kidney Beans) 1kg,1.06,160
10979,3047,Sona Masoori Rice 5kg,2.71,350
10980,3047,Toor Dal 1kg,2.82,140
10981,3047,Moong Dal 1kg,2.16,130
10982,3047,Rajma (Kidney Beans) 1kg,1.21,160
10983,3048,Sona Masoori Rice 5kg,2.59,350
10984,3048,Moong Dal 1kg,2.28,130
10985,3048,Rajma (Kidney Beans) 1kg,0.76,160
10986,3048,Turmeric Powder 200g,0.98,60
10987,3049,Sona Masoori Rice 5kg,2.66,350
10988,3049,Moong Dal 1kg,1.58,130
10989,3049,Turmeric Powder 200g,0.81,60
10990,3049,Biryani Masala 100g,1.35,100
10991,3050,Sona Masoori Rice 5kg,2.15,350
10992,3050,Turmeric Powder 200g,1.66,60
10993,3050,Biryani Masala 100g,1.36,100
10994,3050,Almonds (Badam) 500g,0.43,450
10995,3051,Turmeric Powder 200g,1.85,60
10996,3051,Almonds (Badam) 500g,0.46,450
10997,3051,Cashew Nuts (Kaju) 500g,1.05,550
10998,3051,Peanuts (Groundnut) 500g,5.19,90
10999,3052,Almonds (Badam) 500g,0.36,450
11000,3052,Cashew Nuts (Kaju) 500g,0.58,550
11001,3052,Sunflower Oil 1L,2.12,160.38
11002,3052,Groundnut Oil 1L,5.54,220
11003,3053,Almonds (Badam) 500g,0.83,450
11004,3053,Cashew Nuts (Kaju) 500g,0.88,550
11005,3053,Sunflower Oil 1L,3.47,180
11006,3053,Mustard Oil 1L,6.13,200
11007,3054,Sunflower Oil 1L,5.29,180
11008,3054,Pure Ghee 1L,1.1,600
11009,3054,Sugar 1kg,1.94,45
11010,3054,Jaggery (Bella/Gud) 1kg,4.25,70
11011,3055,Pure Ghee 1L,0.77,600
11012,3055,Sugar 1kg,1.19,45
11013,3055,Iodized Salt 1kg,5.44,25
11014,3055,Rock Salt (Sendha Namak) 500g,2.11,40
11015,3056,Pure Ghee 1L,0.37,600
11016,3056,Sugar 1kg,2.58,45
11017,3056,Iodized Salt 1kg,2.79,25
11018,3057,Pure Ghee 1L,0.68,600
11019,3057,Sugar 1kg,2.16,45
11020,3058,Sugar 1kg,1.3,45
11021,3059,Sona Masoori Rice 5kg,1.64,350
11022,3059,Basmati Rice 5kg,1.54,550
11023,3059,Wheat Flour (Atta) 5kg,1.37,221.84
11024,3059,Toor Dal 1kg,7.75,140
11025,3060,Sona Masoori Rice 5kg,3.83,350
11026,3060,Basmati Rice 5kg,2.91,550
11027,3060,Wheat Flour (Atta) 5kg,2.45,250
11028,3060,Moong Dal 1kg,4.74,130
11029,3061,Sona Masoori Rice 5kg,3.16,350
11030,3061,Basmati Rice 5kg,2.75,550
11031,3061,Wheat Flour (Atta) 5kg,2.32,250
11032,3061,Moong Dal 1kg,2.6,130
11033,3062,Sona Masoori Rice 5kg,3.49,350
11034,3062,Basmati Rice 5kg,1.26,550
11035,3062,Wheat Flour (Atta) 5kg,2.76,250
11036,3062,Rajma (Kidney Beans) 1kg,3.27,160
11037,3063,Sona Masoori Rice 5kg,3.56,350
11038,3063,Basmati Rice 5kg,2.46,550
11039,3063,Wheat Flour (Atta) 5kg,1.94,250
11040,3063,Turmeric Powder 200g,0.82,60
11041,3064,Wheat Flour (Atta) 5kg,1.96,250
11042,3064,Turmeric Powder 200g,2.09,60
11043,3064,Garam Masala 100g,1.16,80
11044,3064,Biryani Masala 100g,1.11,100
11045,3065,Turmeric Powder 200g,0.84,60
11046,3065,Garam Masala 100g,0.97,80
11047,3065,Biryani Masala 100g,0.78,100
11048,3065,Almonds (Badam) 500g,0.37,450
11049,3066,Turmeric Powder 200g,1.58,67.08
11050,3066,Garam Masala 100g,0.49,80
11051,3066,Biryani Masala 100g,0.96,100
11052,3066,Almonds (Badam) 500g,0.73,450
11053,3067,Garam Masala 100g,1.02,80
11054,3067,Almonds (Badam) 500g,0.41,450
11055,3067,Cashew Nuts (Kaju) 500g,0.34,550
11056,3067,Peanuts (Groundnut) 500g,1.14,90
11057,3068,Almonds (Badam) 500g,0.4,450
11058,3068,Cashew Nuts (Kaju) 500g,0.47,550
11059,3068,Peanuts (Groundnut) 500g,1.49,90
11060,3068,Sunflower Oil 1L,2.97,180
11061,3069,Cashew Nuts (Kaju) 500g,0.36,550
11062,3069,Peanuts (Groundnut) 500g,1.48,90
11063,3069,Sunflower Oil 1L,3.49,180
11064,3069,Groundnut Oil 1L,1.04,220
11065,3070,Cashew Nuts (Kaju) 500g,0.53,550
11066,3070,Peanuts (Groundnut) 500g,0.68,90
11067,3070,Sunflower Oil 1L,3.18,180
11068,3070,Groundnut Oil 1L,0.6,220
11069,3071,Cashew Nuts (Kaju) 500g,0.35,550
11070,3071,Groundnut Oil 1L,1.11,220
11071,3071,Mustard Oil 1L,1.25,200
11072,3071,Pure Ghee 1L,0.65,600
11073,3072,Cashew Nuts (Kaju) 500g,0.44,550
11074,3072,Groundnut Oil 1L,1.28,220
11075,3072,Mustard Oil 1L,2.87,200
11076,3072,Pure Ghee 1L,0.49,600
11077,3073,Groundnut Oil 1L,0.94,220
11078,3073,Mustard Oil 1L,1.84,200
11079,3073,Pure Ghee 1L,0.95,600
11080,3073,Sugar 1kg,3.74,45
11081,3074,Groundnut Oil 1L,0.56,220
11082,3074,Pure Ghee 1L,0.69,600
11083,3074,Sugar 1kg,5.51,45
11084,3074,Jaggery (Bella/Gud) 1kg,2.32,70
11085,3075,Pure Ghee 1L,0.42,600
11086,3075,Jaggery (Bella/Gud) 1kg,1.31,70
11087,3075,Iodized Salt 1kg,5.25,25
11088,3075,Rock Salt (Sendha Namak) 500g,1.65,40
11089,3076,Iodized Salt 1kg,3.18,25
11090,3076,Rock Salt (Sendha Namak) 500g,1.27,40
11091,3077,Sona Masoori Rice 5kg,2.87,350
11092,3077,Basmati Rice 5kg,2.12,550
11093,3077,Wheat Flour (Atta) 5kg,4.55,250
11094,3077,Toor Dal 1kg,0.84,140
11095,3078,Sona Masoori Rice 5kg,4.66,350
11096,3078,Basmati Rice 5kg,2.51,550
11097,3078,Wheat Flour (Atta) 5kg,3.82,250
11098,3078,Toor Dal 1kg,1.53,140
11099,3079,Sona Masoori Rice 5kg,8.32,350
11100,3079,Basmati Rice 5kg,3.2,550
11101,3079,Wheat Flour (Atta) 5kg,3.76,250
11102,3079,Toor Dal 1kg,1.07,140
11103,3080,Basmati Rice 5kg,4.64,550
11104,3080,Toor Dal 1kg,1.66,140
11105,3080,Moong Dal 1kg,5.18,130
11106,3080,Rajma (Kidney Beans) 1kg,2.78,160
11107,3081,Toor Dal 1kg,1.65,140
11108,3081,Moong Dal 1kg,1.74,130
11109,3081,Turmeric Powder 200g,4.88,69.94
11110,3081,Biryani Masala 100g,0.34,100
11111,3082,Toor Dal 1kg,1.09,140
11112,3082,Biryani Masala 100g,0.63,100
11113,3082,Almonds (Badam) 500g,2.07,450
11114,3082,Cashew Nuts (Kaju) 500g,1.83,550
11115,3083,Biryani Masala 100g,0.42,100
11116,3083,Cashew Nuts (Kaju) 500g,0.67,550
11117,3083,Peanuts (Groundnut) 500g,1.56,90
11118,3083,Sunflower Oil 1L,1.38,180
11119,3084,Biryani Masala 100g,0.47,100
11120,3084,Peanuts (Groundnut) 500g,1.28,90
11121,3084,Sunflower Oil 1L,2.74,180
11122,3084,Groundnut Oil 1L,1.46,220
11123,3085,Biryani Masala 100g,0.77,100
11124,3085,Peanuts (Groundnut) 500g,1.84,78.92
11125,3085,Sunflower Oil 1L,2.72,180
11126,3085,Groundnut Oil 1L,2.2,220
11127,3086,Biryani Masala 100g,0.51,100
11128,3086,Sunflower Oil 1L,1.2,206.14
11129,3086,Groundnut Oil 1L,1.99,220
11130,3086,Mustard Oil 1L,0.69,200
11131,3087,Sunflower Oil 1L,1.16,180
11132,3087,Mustard Oil 1L,1.17,200
11133,3087,Pure Ghee 1L,0.71,600
11134,3087,Sugar 1kg,10.61,45
11135,3088,Mustard Oil 1L,1.57,200
11136,3088,Pure Ghee 1L,0.68,600
11137,3088,Jaggery (Bella/Gud) 1kg,4.34,70
11138,3088,Iodized Salt 1kg,2.15,25
11139,3089,Mustard Oil 1L,1.29,200
11140,3089,Pure Ghee 1L,1.86,600
11141,3089,Iodized Salt 1kg,2.08,25
11142,3089,Rock Salt (Sendha Namak) 500g,0.57,40
11143,3090,Mustard Oil 1L,1.4,200
11144,3090,Iodized Salt 1kg,1.55,25
11145,3090,Rock Salt (Sendha Namak) 500g,0.56,40
11146,3091,Iodized Salt 1kg,1.7,25
11147,3092,Sona Masoori Rice 5kg,2.26,350
11148,3092,Basmati Rice 5kg,2.27,550
11149,3092,Wheat Flour (Atta) 5kg,12.33,250
11150,3092,Toor Dal 1kg,1.13,124.1
11151,3093,Sona Masoori Rice 5kg,2.23,350
11152,3093,Basmati Rice 5kg,2.27,550
11153,3093,Toor Dal 1kg,1.15,140
11154,3093,Moong Dal 1kg,1.63,130
11155,3094,Sona Masoori Rice 5kg,2.15,350
11156,3094,Basmati Rice 5kg,3.0,550
11157,3094,Toor Dal 1kg,2.17,140
11158,3094,Moong Dal 1kg,1.23,130
11159,3095,Sona Masoori Rice 5kg,2.71,350
11160,3095,Basmati Rice 5kg,4.26,550
11161,3095,Toor Dal 1kg,2.08,140
11162,3095,Moong Dal 1kg,1.85,150.25
11163,3096,Sona Masoori Rice 5kg,4.23,350
11164,3096,Toor Dal 1kg,1.15,140
11165,3096,Moong Dal 1kg,1.63,130
11166,3096,Rajma (Kidney Beans) 1kg,3.1,160
11167,3097,Turmeric Powder 200g,4.51,60
11168,3097,Garam Masala 100g,0.81,80
11169,3097,Biryani Masala 100g,3.11,100
11170,3097,Almonds (Badam) 500g,0.31,450
11171,3098,Garam Masala 100g,0.73,80
11172,3098,Almonds (Badam) 500g,0.46,450
11173,3098,Cashew Nuts (Kaju) 500g,0.28,550
11174,3098,Peanuts (Groundnut) 500g,3.31,90
11175,3099,Garam Masala 100g,1.93,80
11176,3099,Almonds (Badam) 500g,0.28,450
11177,3099,Cashew Nuts (Kaju) 500g,0.37,550
11178,3099,Peanuts (Groundnut) 500g,1.61,90
11179,3100,Almonds (Badam) 500g,0.35,450
11180,3100,Cashew Nuts (Kaju) 500g,0.57,550
11181,3100,Sunflower Oil 1L,2.01,180
11182,3100,Groundnut Oil 1L,0.75,220
11183,3101,Almonds (Badam) 500g,0.5,450
11184,3101,Cashew Nuts (Kaju) 500g,0.59,550
11185,3101,Sunflower Oil 1L,3.04,180
11186,3101,Groundnut Oil 1L,2.06,220
11187,3102,Almonds (Badam) 500g,0.25,450
11188,3102,Cashew Nuts (Kaju) 500g,0.65,550
11189,3102,Sunflower Oil 1L,3.03,180
11190,3102,Groundnut Oil 1L,1.25,220
11191,3103,Sunflower Oil 1L,2.92,180
11192,3103,Groundnut Oil 1L,1.25,220
11193,3103,Mustard Oil 1L,5.23,200
11194,3103,Pure Ghee 1L,0.66,600
11195,3104,Pure Ghee 1L,0.45,600
11196,3104,Sugar 1kg,2.27,45
11197,3104,Jaggery (Bella/Gud) 1kg,1.01,70
11198,3104,Iodized Salt 1kg,1.08,25
11199,3105,Pure Ghee 1L,0.54,600
11200,3105,Sugar 1kg,1.83,45
11201,3105,Jaggery (Bella/Gud) 1kg,2.0,70
11202,3105,Iodized Salt 1kg,1.84,25
11203,3106,Pure Ghee 1L,0.73,600
11204,3106,Sugar 1kg,1.61,53.68
11205,3106,Jaggery (Bella/Gud) 1kg,0.97,70
11206,3106,Iodized Salt 1kg,1.72,25
11207,3107,Pure Ghee 1L,0.71,600
11208,3107,Sugar 1kg,1.91,45
11209,3107,Iodized Salt 1kg,2.55,25
11210,3108,Sugar 1kg,1.76,45
11211,3108,Iodized Salt 1kg,1.02,25
11212,3109,Sona Masoori Rice 5kg,8.02,350
11213,3109,Basmati Rice 5kg,4.43,550
11214,3109,Wheat Flour (Atta) 5kg,3.72,250
11215,3109,Toor Dal 1kg,3.48,140
11216,3110,Sona Masoori Rice 5kg,6.04,350
11217,3110,Basmati Rice 5kg,2.62,550
11218,3110,Wheat Flour (Atta) 5kg,3.04,250
11219,3110,Toor Dal 1kg,3.19,140
11220,3111,Basmati Rice 5kg,3.9,550
11221,3111,Wheat Flour (Atta) 5kg,2.05,250
11222,3111,Toor Dal 1kg,1.64,140
11223,3111,Moong Dal 1kg,2.94,130
11224,3112,Wheat Flour (Atta) 5kg,2.07,250
11225,3112,Moong Dal 1kg,3.5,130
11226,3112,Rajma (Kidney Beans) 1kg,0.46,187.18
11227,3112,Turmeric Powder 200g,0.6,60
11228,3113,Rajma (Kidney Beans) 1kg,0.89,160
11229,3113,Turmeric Powder 200g,0.7,60
11230,3113,Garam Masala 100g,0.62,80
11231,3113,Biryani Masala 100g,0.88,100
11232,3114,Rajma (Kidney Beans) 1kg,0.51,160
11233,3114,Turmeric Powder 200g,1.31,60
11234,3114,Garam Masala 100g,0.6,80
11235,3114,Biryani Masala 100g,0.37,100
11236,3115,Rajma (Kidney Beans) 1kg,0.59,160
11237,3115,Turmeric Powder 200g,1.01,60
11238,3115,Garam Masala 100g,0.92,80
11239,3115,Biryani Masala 100g,0.71,100
11240,3116,Rajma (Kidney Beans) 1kg,0.52,160
11241,3116,Turmeric Powder 200g,0.53,60
11242,3116,Garam Masala 100g,0.64,80
11243,3116,Biryani Masala 100g,0.6,100
11244,3117,Turmeric Powder 200g,1.04,60
11245,3117,Garam Masala 100g,0.75,80
11246,3117,Biryani Masala 100g,0.54,100
11247,3117,Almonds (Badam) 500g,0.36,450
11248,3118,Garam Masala 100g,0.87,80
11249,3118,Almonds (Badam) 500g,0.21,450
11250,3118,Cashew Nuts (Kaju) 500g,0.23,550
11251,3118,Peanuts (Groundnut) 500g,0.69,90
11252,3119,Almonds (Badam) 500g,0.39,450
11253,3119,Cashew Nuts (Kaju) 500g,0.42,550
11254,3119,Peanuts (Groundnut) 500g,0.47,90
11255,3119,Sunflower Oil 1L,2.19,180
11256,3120,Almonds (Badam) 500g,0.35,450
11257,3120,Cashew Nuts (Kaju) 500g,0.46,550
11258,3120,Peanuts (Groundnut) 500g,0.91,90
11259,3120,Sunflower Oil 1L,1.16,180
11260,3121,Almonds (Badam) 500g,0.25,498.68
11261,3121,Cashew Nuts (Kaju) 500g,0.25,550
11262,3121,Peanuts (Groundnut) 500g,1.14,90
11263,3121,Sunflower Oil 1L,2.32,180
11264,3122,Almonds (Badam) 500g,0.34,450
11265,3122,Cashew Nuts (Kaju) 500g,0.52,550
11266,3122,Peanuts (Groundnut) 500g,0.9,90
11267,3122,Sunflower Oil 1L,1.15,180
11268,3123,Cashew Nuts (Kaju) 500g,0.49,550
11269,3123,Peanuts (Groundnut) 500g,1.13,90
11270,3123,Sunflower Oil 1L,3.38,180
11271,3123,Groundnut Oil 1L,1.65,220
11272,3124,Groundnut Oil 1L,2.08,220
11273,3124,Mustard Oil 1L,3.12,200
11274,3124,Pure Ghee 1L,0.56,600
11275,3124,Sugar 1kg,1.27,45
11276,3125,Groundnut Oil 1L,1.95,220
11277,3125,Mustard Oil 1L,2.42,200
11278,3125,Pure Ghee 1L,0.5,600
11279,3125,Sugar 1kg,2.13,45
11280,3126,Pure Ghee 1L,0.63,600
11281,3126,Sugar 1kg,1.39,45
11282,3126,Jaggery (Bella/Gud) 1kg,3.96,70
11283,3126,Iodized Salt 1kg,2.92,25
11284,3127,Pure Ghee 1L,0.34,600
11285,3127,Sugar 1kg,1.47,45
11286,3127,Iodized Salt 1kg,1.21,25
11287,3127,Rock Salt (Sendha Namak) 500g,0.87,40
11288,3128,Pure Ghee 1L,0.61,600
11289,3128,Sugar 1kg,0.78,45
11290,3128,Iodized Salt 1kg,2.75,25
11291,3128,Rock Salt (Sendha Namak) 500g,0.44,40
11292,3129,Pure Ghee 1L,0.46,600
11293,3129,Sugar 1kg,2.16,45
11294,3129,Iodized Salt 1kg,1.35,25
11295,3129,Rock Salt (Sendha Namak) 500g,0.67,40
11296,3130,Sona Masoori Rice 5kg,15.72,350
11297,3130,Basmati Rice 5kg,3.05,550
11298,3130,Wheat Flour (Atta) 5kg,2.32,250
11299,3130,Toor Dal 1kg,1.6,154.99
11300,3131,Basmati Rice 5kg,1.56,550
11301,3131,Wheat Flour (Atta) 5kg,1.46,250
11302,3131,Toor Dal 1kg,1.32,140
11303,3131,Moong Dal 1kg,3.11,130
11304,3132,Basmati Rice 5kg,3.2,550
11305,3132,Wheat Flour (Atta) 5kg,2.35,250
11306,3132,Toor Dal 1kg,3.26,140
11307,3132,Moong Dal 1kg,2.37,130
11308,3133,Basmati Rice 5kg,2.88,550
11309,3133,Wheat Flour (Atta) 5kg,2.86,250
11310,3133,Toor Dal 1kg,1.13,140
11311,3133,Moong Dal 1kg,1.86,130
11312,3134,Basmati Rice 5kg,1.4,550
11313,3134,Wheat Flour (Atta) 5kg,2.57,250
11314,3134,Rajma (Kidney Beans) 1kg,0.39,160
11315,3134,Turmeric Powder 200g,1.36,60
11316,3135,Rajma (Kidney Beans) 1kg,0.67,160
11317,3135,Turmeric Powder 200g,0.79,60
11318,3135,Garam Masala 100g,0.21,80
11319,3135,Biryani Masala 100g,1.0,100
11320,3136,Rajma (Kidney Beans) 1kg,0.66,160
11321,3136,Turmeric Powder 200g,0.57,60
11322,3136,Garam Masala 100g,0.47,80
11323,3136,Biryani Masala 100g,2.18,100
11324,3137,Rajma (Kidney Beans) 1kg,0.59,187.27
11325,3137,Turmeric Powder 200g,0.71,60
11326,3137,Garam Masala 100g,0.19,80
11327,3137,Almonds (Badam) 500g,1.22,450
11328,3138,Rajma (Kidney Beans) 1kg,0.6,160
11329,3138,Turmeric Powder 200g,1.18,60
11330,3138,Garam Masala 100g,0.32,80
11331,3138,Almonds (Badam) 500g,0.76,450
11332,3139,Rajma (Kidney Beans) 1kg,0.33,160
11333,3139,Garam Masala 100g,0.46,80
11334,3139,Cashew Nuts (Kaju) 500g,0.61,550
11335,3139,Peanuts (Groundnut) 500g,0.55,90
11336,3140,Garam Masala 100g,0.51,80
11337,3140,Cashew Nuts (Kaju) 500g,0.63,550
11338,3140,Peanuts (Groundnut) 500g,1.02,90
11339,3140,Sunflower Oil 1L,4.45,180
11340,3141,Cashew Nuts (Kaju) 500g,0.27,550
11341,3141,Peanuts (Groundnut) 500g,0.94,90
11342,3141,Sunflower Oil 1L,2.77,180
11343,3141,Groundnut Oil 1L,1.57,220
11344,3142,Cashew Nuts (Kaju) 500g,0.52,550
11345,3142,Peanuts (Groundnut) 500g,0.53,90
11346,3142,Sunflower Oil 1L,2.76,180
11347,3142,Groundnut Oil 1L,3.28,220
11348,3143,Cashew Nuts (Kaju) 500g,0.37,550
11349,3143,Peanuts (Groundnut) 500g,1.2,90
11350,3143,Mustard Oil 1L,2.92,167.23
11351,3143,Pure Ghee 1L,0.25,600
11352,3144,Peanuts (Groundnut) 500g,1.06,90
11353,3144,Mustard Oil 1L,2.21,200
11354,3144,Pure Ghee 1L,0.48,600
11355,3144,Sugar 1kg,1.69,45
11356,3145,Pure Ghee 1L,0.64,672.2
11357,3145,Sugar 1kg,2.05,45
11358,3145,Jaggery (Bella/Gud) 1kg,3.62,70
11359,3145,Iodized Salt 1kg,2.49,25
11360,3146,Pure Ghee 1L,0.66,600
11361,3146,Sugar 1kg,3.98,45
11362,3146,Iodized Salt 1kg,1.7,25
11363,3146,Rock Salt (Sendha Namak) 500g,0.76,40
11364,3147,Pure Ghee 1L,0.26,600
11365,3147,Sugar 1kg,3.06,45
11366,3147,Iodized Salt 1kg,2.48,25
11367,3147,Rock Salt (Sendha Namak) 500g,0.72,40
11368,3148,Pure Ghee 1L,0.7,600
11369,3148,Iodized Salt 1kg,1.04,25
11370,3148,Rock Salt (Sendha Namak) 500g,0.45,40
11371,3149,Rock Salt (Sendha Namak) 500g,0.69,40
11372,3150,Sona Masoori Rice 5kg,9.98,350
11373,3150,Basmati Rice 5kg,2.1,550
11374,3150,Wheat Flour (Atta) 5kg,4.01,250
11375,3150,Toor Dal 1kg,4.62,140
11376,3151,Sona Masoori Rice 5kg,3.87,350
11377,3151,Basmati Rice 5kg,2.99,550
11378,3151,Wheat Flour (Atta) 5kg,2.67,250
11379,3151,Toor Dal 1kg,3.43,140
11380,3152,Basmati Rice 5kg,3.29,550
11381,3152,Wheat Flour (Atta) 5kg,2.67,250
11382,3152,Moong Dal 1kg,7.44,130
11383,3152,Rajma (Kidney Beans) 1kg,0.43,160
11384,3153,Basmati Rice 5kg,2.1,550
11385,3153,Wheat Flour (Atta) 5kg,2.21,250
11386,3153,Rajma (Kidney Beans) 1kg,0.61,160
11387,3153,Turmeric Powder 200g,4.84,60
11388,3154,Basmati Rice 5kg,2.03,550
11389,3154,Rajma (Kidney Beans) 1kg,0.46,160
11390,3154,Garam Masala 100g,0.66,80
11391,3154,Biryani Masala 100g,1.46,100
11392,3155,Rajma (Kidney Beans) 1kg,0.32,160
11393,3155,Garam Masala 100g,0.91,80
11394,3155,Biryani Masala 100g,1.53,100
11395,3155,Almonds (Badam) 500g,1.21,450
11396,3156,Rajma (Kidney Beans) 1kg,0.5,160
11397,3156,Garam Masala 100g,0.9,80
11398,3156,Almonds (Badam) 500g,0.93,450
11399,3156,Cashew Nuts (Kaju) 500g,2.45,550
11400,3157,Rajma (Kidney Beans) 1kg,0.39,160
11401,3157,Garam Masala 100g,0.97,80
11402,3157,Peanuts (Groundnut) 500g,1.08,90
11403,3157,Sunflower Oil 1L,1.98,180
11404,3158,Peanuts (Groundnut) 500g,0.92,90
11405,3158,Sunflower Oil 1L,2.13,180
11406,3158,Groundnut Oil 1L,1.79,220
11407,3158,Mustard Oil 1L,2.1,200
11408,3159,Peanuts (Groundnut) 500g,1.25,90
11409,3159,Sunflower Oil 1L,1.77,180
11410,3159,Groundnut Oil 1L,2.92,220
11411,3159,Mustard Oil 1L,0.85,200
11412,3160,Peanuts (Groundnut) 500g,0.51,90
11413,3160,Sunflower Oil 1L,1.96,180
11414,3160,Mustard Oil 1L,1.94,200
11415,3160,Pure Ghee 1L,0.55,600
11416,3161,Peanuts (Groundnut) 500g,0.82,90
11417,3161,Sunflower Oil 1L,1.28,180
11418,3161,Mustard Oil 1L,1.07,200
11419,3161,Pure Ghee 1L,0.25,600
11420,3162,Pure Ghee 1L,0.51,600
11421,3162,Sugar 1kg,4.62,45
11422,3162,Jaggery (Bella/Gud) 1kg,1.62,70
11423,3162,Iodized Salt 1kg,5.62,25
11424,3163,Pure Ghee 1L,0.49,600
11425,3163,Sugar 1kg,4.63,45
11426,3163,Jaggery (Bella/Gud) 1kg,0.63,70
11427,3163,Iodized Salt 1kg,2.56,25
11428,3164,Pure Ghee 1L,0.58,600
11429,3164,Jaggery (Bella/Gud) 1kg,1.52,70
11430,3164,Rock Salt (Sendha Namak) 500g,0.41,40
11431,3165,Pure Ghee 1L,0.47,600
11432,3165,Rock Salt (Sendha Namak) 500g,0.46,40
11433,3166,Rock Salt (Sendha Namak) 500g,0.4,40
11434,3167,Rock Salt (Sendha Namak) 500g,0.28,40
11435,3168,Sona Masoori Rice 5kg,6.54,350
11436,3168,Basmati Rice 5kg,2.44,550
11437,3168,Wheat Flour (Atta) 5kg,2.41,250
11438,3168,Toor Dal 1kg,2.41,140
11439,3169,Sona Masoori Rice 5kg,9.12,350
11440,3169,Basmati Rice 5kg,1.92,550
11441,3169,Wheat Flour (Atta) 5kg,2.1,250
11442,3169,Toor Dal 1kg,2.7,164.65
11443,3170,Basmati Rice 5kg,3.12,550
11444,3170,Wheat Flour (Atta) 5kg,1.37,250
11445,3170,Toor Dal 1kg,2.47,140
11446,3170,Moong Dal 1kg,6.76,130
11447,3171,Basmati Rice 5kg,2.8,550
11448,3171,Wheat Flour (Atta) 5kg,2.16,250
11449,3171,Rajma (Kidney Beans) 1kg,0.41,160
11450,3171,Turmeric Powder 200g,5.16,60
11451,3172,Basmati Rice 5kg,1.6,550
11452,3172,Wheat Flour (Atta) 5kg,2.18,250
11453,3172,Rajma (Kidney Beans) 1kg,0.58,160
11454,3172,Garam Masala 100g,0.24,80
11455,3173,Wheat Flour (Atta) 5kg,1.19,250
11456,3173,Rajma (Kidney Beans) 1kg,0.8,160
11457,3173,Garam Masala 100g,0.43,80
11458,3173,Biryani Masala 100g,0.37,100
11459,3174,Rajma (Kidney Beans) 1kg,0.57,160
11460,3174,Garam Masala 100g,0.23,80
11461,3174,Biryani Masala 100g,0.7,100
11462,3174,Almonds (Badam) 500g,0.36,450
11463,3175,Rajma (Kidney Beans) 1kg,0.84,160
11464,3175,Garam Masala 100g,0.33,80
11465,3175,Biryani Masala 100g,0.5,100
11466,3175,Almonds (Badam) 500g,0.42,450
11467,3176,Garam Masala 100g,0.59,80
11468,3176,Biryani Masala 100g,0.3,100
11469,3176,Almonds (Badam) 500g,0.51,450
11470,3176,Cashew Nuts (Kaju) 500g,0.6,550
11471,3177,Garam Masala 100g,0.33,80
11472,3177,Biryani Masala 100g,0.65,100
11473,3177,Almonds (Badam) 500g,0.45,450
11474,3177,Cashew Nuts (Kaju) 500g,0.53,550
11475,3178,Biryani Masala 100g,0.59,100
11476,3178,Almonds (Badam) 500g,0.4,450
11477,3178,Cashew Nuts (Kaju) 500g,0.41,550
11478,3178,Peanuts (Groundnut) 500g,1.59,90
11479,3179,Cashew Nuts (Kaju) 500g,0.5,550
11480,3179,Peanuts (Groundnut) 500g,1.15,90
11481,3179,Sunflower Oil 1L,1.81,180
11482,3179,Groundnut Oil 1L,2.26,220
11483,3180,Cashew Nuts (Kaju) 500g,0.58,550
11484,3180,Peanuts (Groundnut) 500g,2.21,90
11485,3180,Sunflower Oil 1L,1.36,180
11486,3180,Groundnut Oil 1L,1.25,220
11487,3181,Sunflower Oil 1L,1.6,180
11488,3181,Groundnut Oil 1L,1.34,220
11489,3181,Mustard Oil 1L,1.58,200
11490,3181,Pure Ghee 1L,1.08,600
11491,3182,Sunflower Oil 1L,1.61,180
11492,3182,Mustard Oil 1L,1.09,200
11493,3182,Pure Ghee 1L,0.67,600
11494,3182,Sugar 1kg,2.39,45
11495,3183,Sunflower Oil 1L,1.45,180
11496,3183,Mustard Oil 1L,1.08,200
11497,3183,Pure Ghee 1L,1.4,600
11498,3183,Sugar 1kg,1.34,45
11499,3184,Sunflower Oil 1L,1.78,208.73
11500,3184,Mustard Oil 1L,1.15,200
11501,3184,Sugar 1kg,1.3,45
11502,3184,Jaggery (Bella/Gud) 1kg,0.93,70
11503,3185,Mustard Oil 1L,1.26,200
11504,3185,Sugar 1kg,1.85,45
11505,3185,Jaggery (Bella/Gud) 1kg,0.83,70
11506,3185,Iodized Salt 1kg,7.69,25
11507,3186,Sugar 1kg,1.93,45
11508,3186,Jaggery (Bella/Gud) 1kg,0.5,70
11509,3186,Rock Salt (Sendha Namak) 500g,0.75,40
11510,3187,Sugar 1kg,2.01,45
11511,3187,Jaggery (Bella/Gud) 1kg,0.86,70
11512,3187,Rock Salt (Sendha Namak) 500g,0.67,40
11513,3188,Jaggery (Bella/Gud) 1kg,0.59,70
11514,3188,Rock Salt (Sendha Namak) 500g,0.35,40
11515,3189,Sona Masoori Rice 5kg,3.86,350
11516,3189,Basmati Rice 5kg,2.43,550
11517,3189,Wheat Flour (Atta) 5kg,4.54,250
11518,3189,Toor Dal 1kg,4.14,140
11519,3190,Sona Masoori Rice 5kg,6.67,350
11520,3190,Basmati Rice 5kg,1.55,550
11521,3190,Wheat Flour (Atta) 5kg,3.41,250
11522,3190,Toor Dal 1kg,1.48,140
11523,3191,Sona Masoori Rice 5kg,3.68,350
11524,3191,Basmati Rice 5kg,1.94,488.75
11525,3191,Wheat Flour (Atta) 5kg,4.18,298.72
11526,3191,Toor Dal 1kg,1.7,140
11527,3192,Basmati Rice 5kg,2.22,550
11528,3192,Moong Dal 1kg,1.67,130
11529,3192,Rajma (Kidney Beans) 1kg,0.84,160
11530,3192,Turmeric Powder 200g,0.85,60
11531,3193,Basmati Rice 5kg,2.02,550
11532,3193,Moong Dal 1kg,1.08,130
11533,3193,Rajma (Kidney Beans) 1kg,1.01,160
11534,3193,Turmeric Powder 200g,0.65,60
11535,3194,Basmati Rice 5kg,2.5,649.15
11536,3194,Moong Dal 1kg,1.9,130
11537,3194,Rajma (Kidney Beans) 1kg,1.04,160
11538,3194,Turmeric Powder 200g,1.03,50.46
11539,3195,Moong Dal 1kg,1.78,130
11540,3195,Turmeric Powder 200g,0.71,60
11541,3195,Garam Masala 100g,1.47,80
11542,3195,Biryani Masala 100g,0.64,100
11543,3196,Turmeric Powder 200g,0.92,60
11544,3196,Garam Masala 100g,1.52,80
11545,3196,Biryani Masala 100g,0.81,100
11546,3196,Almonds (Badam) 500g,0.56,450
11547,3197,Turmeric Powder 200g,1.19,60
11548,3197,Biryani Masala 100g,0.39,100
11549,3197,Almonds (Badam) 500g,0.67,450
11550,3197,Cashew Nuts (Kaju) 500g,0.78,550
11551,3198,Biryani Masala 100g,0.88,100
11552,3198,Almonds (Badam) 500g,0.66,450
11553,3198,Cashew Nuts (Kaju) 500g,0.36,550
11554,3198,Peanuts (Groundnut) 500g,5.36,90
11555,3199,Cashew Nuts (Kaju) 500g,0.65,550
11556,3199,Sunflower Oil 1L,9.85,180
11557,3199,Groundnut Oil 1L,0.59,220
11558,3199,Mustard Oil 1L,3.25,200
11559,3200,Cashew Nuts (Kaju) 500g,0.72,550
11560,3200,Groundnut Oil 1L,1.37,220
11561,3200,Mustard Oil 1L,2.81,200
11562,3200,Pure Ghee 1L,0.56,600
11563,3201,Groundnut Oil 1L,1.16,220
11564,3201,Pure Ghee 1L,0.24,600
11565,3201,Sugar 1kg,3.35,45
11566,3201,Jaggery (Bella/Gud) 1kg,0.73,70
11567,3202,Groundnut Oil 1L,0.67,220
11568,3202,Pure Ghee 1L,0.6,600
11569,3202,Sugar 1kg,2.53,45
11570,3202,Jaggery (Bella/Gud) 1kg,1.1,70
11571,3203,Groundnut Oil 1L,1.62,220
11572,3203,Pure Ghee 1L,0.49,600
11573,3203,Sugar 1kg,1.78,45
11574,3203,Jaggery (Bella/Gud) 1kg,0.85,70
11575,3204,Pure Ghee 1L,0.57,600
11576,3204,Sugar 1kg,1.43,51.38
11577,3204,Jaggery (Bella/Gud) 1kg,0.95,70
11578,3204,Iodized Salt 1kg,3.57,25
11579,3205,Pure Ghee 1L,0.35,600
11580,3205,Iodized Salt 1kg,1.7,25
11581,3205,Rock Salt (Sendha Namak) 500g,0.29,40
11582,3206,Iodized Salt 1kg,3.15,25
11583,3206,Rock Salt (Sendha Namak) 500g,0.17,40
11584,3207,Rock Salt (Sendha Namak) 500g,0.25,40
11585,3208,Rock Salt (Sendha Namak) 500g,0.34,40
11586,3209,Rock Salt (Sendha Namak) 500g,0.35,40
11587,3210,Rock Salt (Sendha Namak) 500g,0.15,40
11588,3211,Sona Masoori Rice 5kg,2.37,350
11589,3211,Basmati Rice 5kg,2.5,550
11590,3211,Wheat Flour (Atta) 5kg,2.17,250
11591,3211,Toor Dal 1kg,2.32,140
11592,3212,Sona Masoori Rice 5kg,1.84,350
11593,3212,Basmati Rice 5kg,1.44,550
11594,3212,Wheat Flour (Atta) 5kg,1.64,250
11595,3212,Toor Dal 1kg,4.53,140
11596,3213,Sona Masoori Rice 5kg,2.18,350
11597,3213,Basmati Rice 5kg,3.43,550
11598,3213,Wheat Flour (Atta) 5kg,1.31,250
11599,3213,Toor Dal 1kg,1.89,140
11600,3214,Sona Masoori Rice 5kg,4.96,350
11601,3214,Basmati Rice 5kg,3.9,550
11602,3214,Wheat Flour (Atta) 5kg,2.51,250
11603,3214,Moong Dal 1kg,1.17,130
11604,3215,Sona Masoori Rice 5kg,3.79,350
11605,3215,Wheat Flour (Atta) 5kg,2.55,250
11606,3215,Moong Dal 1kg,0.49,130
11607,3215,Rajma (Kidney Beans) 1kg,0.76,160
11608,3216,Wheat Flour (Atta) 5kg,2.98,250
11609,3216,Moong Dal 1kg,1.28,130
11610,3216,Rajma (Kidney Beans) 1kg,1.2,160
11611,3216,Turmeric Powder 200g,4.66,60
11612,3217,Moong Dal 1kg,1.22,130
11613,3217,Rajma (Kidney Beans) 1kg,0.66,179.16
11614,3217,Biryani Masala 100g,2.26,100
11615,3217,Almonds (Badam) 500g,0.5,450
11616,3218,Moong Dal 1kg,1.4,130
11617,3218,Rajma (Kidney Beans) 1kg,0.74,160
11618,3218,Biryani Masala 100g,0.96,100
11619,3218,Almonds (Badam) 500g,0.89,450
11620,3219,Moong Dal 1kg,0.79,130
11621,3219,Almonds (Badam) 500g,0.56,450
11622,3219,Cashew Nuts (Kaju) 500g,0.32,550
11623,3219,Peanuts (Groundnut) 500g,1.31,90
11624,3220,Cashew Nuts (Kaju) 500g,0.74,550
11625,3220,Peanuts (Groundnut) 500g,0.86,90
11626,3220,Sunflower Oil 1L,9.94,180
11627,3220,Groundnut Oil 1L,3.39,220
11628,3221,Cashew Nuts (Kaju) 500g,0.43,550
11629,3221,Peanuts (Groundnut) 500g,0.8,90
11630,3221,Groundnut Oil 1L,1.94,220
11631,3221,Mustard Oil 1L,1.07,200
11632,3222,Cashew Nuts (Kaju) 500g,0.35,550
11633,3222,Peanuts (Groundnut) 500g,1.57,77.77
11634,3222,Mustard Oil 1L,1.26,200
11635,3222,Pure Ghee 1L,1.48,600
11636,3223,Cashew Nuts (Kaju) 500g,0.3,550
11637,3223,Mustard Oil 1L,1.06,200
11638,3223,Pure Ghee 1L,1.68,600
11639,3223,Sugar 1kg,3.91,45
11640,3224,Cashew Nuts (Kaju) 500g,0.53,550
11641,3224,Mustard Oil 1L,1.11,200
11642,3224,Sugar 1kg,2.24,45
11643,3224,Jaggery (Bella/Gud) 1kg,1.34,70
11644,3225,Mustard Oil 1L,1.08,200
11645,3225,Sugar 1kg,3.76,45
11646,3225,Jaggery (Bella/Gud) 1kg,1.34,70
11647,3225,Iodized Salt 1kg,8.95,25
11648,3226,Jaggery (Bella/Gud) 1kg,0.99,70
11649,3226,Rock Salt (Sendha Namak) 500g,0.19,40
11650,3227,Rock Salt (Sendha Namak) 500g,0.16,40
11651,3228,Rock Salt (Sendha Namak) 500g,0.29,40
11652,3229,Rock Salt (Sendha Namak) 500g,0.12,40
11653,3230,Rock Salt (Sendha Namak) 500g,0.29,40
11654,3231,Rock Salt (Sendha Namak) 500g,0.15,40
11655,3232,Sona Masoori Rice 5kg,10.58,295.35
11656,3232,Basmati Rice 5kg,5.94,550
11657,3232,Wheat Flour (Atta) 5kg,7.63,250
11658,3232,Toor Dal 1kg,1.02,140
11659,3233,Sona Masoori Rice 5kg,4.93,350
11660,3233,Basmati Rice 5kg,6.58,550
11661,3233,Wheat Flour (Atta) 5kg,3.55,250
11662,3233,Toor Dal 1kg,1.38,140
11663,3234,Toor Dal 1kg,1.59,140
11664,3234,Moong Dal 1kg,1.46,130
11665,3234,Rajma (Kidney Beans) 1kg,1.12,160
11666,3234,Turmeric Powder 200g,1.07,60
11667,3235,Toor Dal 1kg,1.98,140
11668,3235,Moong Dal 1kg,0.95,130
11669,3235,Rajma (Kidney Beans) 1kg,0.51,160
11670,3235,Turmeric Powder 200g,0.71,60
11671,3236,Toor Dal 1kg,1.8,140
11672,3236,Moong Dal 1kg,0.93,130
11673,3236,Rajma (Kidney Beans) 1kg,0.64,160
11674,3236,Turmeric Powder 200g,0.73,60
11675,3237,Moong Dal 1kg,1.34,130
11676,3237,Rajma (Kidney Beans) 1kg,1.05,160
11677,3237,Turmeric Powder 200g,1.39,60
11678,3237,Garam Masala 100g,0.53,80
11679,3238,Moong Dal 1kg,1.72,130
11680,3238,Turmeric Powder 200g,0.83,60
11681,3238,Garam Masala 100g,0.39,80
11682,3238,Biryani Masala 100g,1.77,100
11683,3239,Garam Masala 100g,0.31,69.46
11684,3239,Biryani Masala 100g,1.15,100
11685,3239,Almonds (Badam) 500g,0.31,450
11686,3239,Cashew Nuts (Kaju) 500g,1.44,550
11687,3240,Garam Masala 100g,0.41,80
11688,3240,Almonds (Badam) 500g,0.39,450
11689,3240,Cashew Nuts (Kaju) 500g,1.04,550
11690,3240,Peanuts (Groundnut) 500g,0.66,90
11691,3241,Garam Masala 100g,0.71,80
11692,3241,Almonds (Badam) 500g,0.56,450
11693,3241,Peanuts (Groundnut) 500g,1.07,90
11694,3241,Sunflower Oil 1L,2.51,180
11695,3242,Garam Masala 100g,0.63,80
11696,3242,Almonds (Badam) 500g,0.24,450
11697,3242,Peanuts (Groundnut) 500g,0.63,90
11698,3242,Sunflower Oil 1L,1.32,180
11699,3243,Almonds (Badam) 500g,0.46,450
11700,3243,Peanuts (Groundnut) 500g,0.52,90
11701,3243,Sunflower Oil 1L,2.2,180
11702,3243,Groundnut Oil 1L,5.18,220
11703,3244,Peanuts (Groundnut) 500g,0.97,90
11704,3244,Sunflower Oil 1L,2.41,180
11705,3244,Mustard Oil 1L,1.1,200
11706,3244,Pure Ghee 1L,0.5,600
11707,3245,Peanuts (Groundnut) 500g,1.22,105.55
11708,3245,Sunflower Oil 1L,2.01,207.06
11709,3245,Mustard Oil 1L,1.19,200
11710,3245,Pure Ghee 1L,0.35,600
11711,3246,Mustard Oil 1L,1.47,200
11712,3246,Pure Ghee 1L,0.63,600
11713,3246,Sugar 1kg,2.69,45
11714,3246,Jaggery (Bella/Gud) 1kg,4.3,70
11715,3247,Mustard Oil 1L,0.83,200
11716,3247,Pure Ghee 1L,0.68,600
11717,3247,Sugar 1kg,2.07,45
11718,3247,Iodized Salt 1kg,4.92,21.87
11719,3248,Mustard Oil 1L,1.43,164.35
11720,3248,Pure Ghee 1L,0.66,600
11721,3248,Sugar 1kg,2.88,45
11722,3248,Iodized Salt 1kg,3.47,25
11723,3249,Sugar 1kg,2.48,45
11724,3249,Rock Salt (Sendha Namak) 500g,2.57,40
11725,3250,Sona Masoori Rice 5kg,16.22,350
11726,3250,Basmati Rice 5kg,2.84,550
11727,3250,Wheat Flour (Atta) 5kg,11.85,250
11728,3250,Toor Dal 1kg,2.21,140
11729,3251,Basmati Rice 5kg,2.13,550
11730,3251,Toor Dal 1kg,2.44,140
11731,3251,Moong Dal 1kg,7.16,130
11732,3251,Rajma (Kidney Beans) 1kg,0.6,160
11733,3252,Basmati Rice 5kg,2.89,550
11734,3252,Toor Dal 1kg,1.75,140
11735,3252,Rajma (Kidney Beans) 1kg,1.28,160
11736,3252,Turmeric Powder 200g,1.21,60
11737,3253,Basmati Rice 5kg,3.79,550
11738,3253,Toor Dal 1kg,1.41,140
11739,3253,Rajma (Kidney Beans) 1kg,1.04,160
11740,3253,Turmeric Powder 200g,1.27,60
11741,3254,Turmeric Powder 200g,0.6,60
11742,3254,Garam Masala 100g,0.48,80
11743,3254,Biryani Masala 100g,3.09,100
11744,3254,Almonds (Badam) 500g,0.36,450
11745,3255,Turmeric Powder 200g,0.62,60
11746,3255,Garam Masala 100g,0.34,80
11747,3255,Almonds (Badam) 500g,0.39,389.26
11748,3255,Cashew Nuts (Kaju) 500g,0.55,550
11749,3256,Turmeric Powder 200g,1.17,60
11750,3256,Garam Masala 100g,0.39,80
11751,3256,Almonds (Badam) 500g,0.24,450
11752,3256,Cashew Nuts (Kaju) 500g,0.8,619.69
11753,3257,Garam Masala 100g,0.2,80
11754,3257,Almonds (Badam) 500g,0.17,450
11755,3257,Cashew Nuts (Kaju) 500g,0.77,550
11756,3257,Peanuts (Groundnut) 500g,5.28,90
11757,3258,Garam Masala 100g,0.51,80
11758,3258,Almonds (Badam) 500g,0.33,450
11759,3258,Cashew Nuts (Kaju) 500g,0.47,550
11760,3258,Sunflower Oil 1L,4.48,144.41
11761,3259,Almonds (Badam) 500g,0.4,450
11762,3259,Sunflower Oil 1L,4.79,180
11763,3259,Groundnut Oil 1L,1.62,220
11764,3259,Mustard Oil 1L,5.18,200
11765,3260,Groundnut Oil 1L,1.1,220
11766,3260,Pure Ghee 1L,0.76,600
11767,3260,Sugar 1kg,2.24,45
11768,3260,Jaggery (Bella/Gud) 1kg,2.9,70
11769,3261,Groundnut Oil 1L,1.31,220
11770,3261,Pure Ghee 1L,0.7,600
11771,3261,Sugar 1kg,2.09,45
11772,3261,Jaggery (Bella/Gud) 1kg,1.49,70
11773,3262,Groundnut Oil 1L,1.25,220
11774,3262,Pure Ghee 1L,0.67,600
11775,3262,Sugar 1kg,1.93,45
11776,3262,Iodized Salt 1kg,1.27,25
11777,3263,Pure Ghee 1L,1.05,600
11778,3263,Sugar 1kg,2.34,45
11779,3263,Iodized Salt 1kg,2.9,25
11780,3263,Rock Salt (Sendha Namak) 500g,0.52,40
11781,3264,Sugar 1kg,1.14,45
11782,3264,Iodized Salt 1kg,1.93,25
11783,3264,Rock Salt (Sendha Namak) 500g,0.33,40
11784,3265,Iodized Salt 1kg,1.7,25
11785,3265,Rock Salt (Sendha Namak) 500g,0.62,40
11786,3266,Sona Masoori Rice 5kg,2.31,350
11787,3266,Basmati Rice 5kg,2.55,550
11788,3266,Wheat Flour (Atta) 5kg,11.99,250
11789,3266,Toor Dal 1kg,5.73,140
11790,3267,Sona Masoori Rice 5kg,1.7,350
11791,3267,Basmati Rice 5kg,1.27,442.09
11792,3267,Toor Dal 1kg,2.58,140
11793,3267,Moong Dal 1kg,3.48,151.69
11794,3268,Sona Masoori Rice 5kg,2.85,350
11795,3268,Basmati Rice 5kg,2.25,550
11796,3268,Moong Dal 1kg,3.75,130
11797,3268,Rajma (Kidney Beans) 1kg,1.2,160
11798,3269,Sona Masoori Rice 5kg,1.53,350
11799,3269,Basmati Rice 5kg,2.83,550
11800,3269,Rajma (Kidney Beans) 1kg,1.59,160
11801,3269,Turmeric Powder 200g,0.96,60
11802,3270,Sona Masoori Rice 5kg,3.49,350
11803,3270,Basmati Rice 5kg,1.83,550
11804,3270,Turmeric Powder 200g,0.81,60
11805,3270,Garam Masala 100g,1.79,80
11806,3271,Sona Masoori Rice 5kg,3.69,350
11807,3271,Turmeric Powder 200g,0.73,60
11808,3271,Garam Masala 100g,1.73,80
11809,3271,Biryani Masala 100g,0.94,100
11810,3272,Turmeric Powder 200g,1.29,60
11811,3272,Garam Masala 100g,0.71,80
11812,3272,Biryani Masala 100g,0.62,100
11813,3272,Almonds (Badam) 500g,2.15,450
11814,3273,Turmeric Powder 200g,1.03,60
11815,3273,Biryani Masala 100g,1.25,100
11816,3273,Cashew Nuts (Kaju) 500g,0.53,550
11817,3273,Peanuts (Groundnut) 500g,0.92,75.07
11818,3274,Turmeric Powder 200g,0.46,60
11819,3274,Cashew Nuts (Kaju) 500g,0.73,550
11820,3274,Peanuts (Groundnut) 500g,0.96,90
11821,3274,Sunflower Oil 1L,4.56,180
11822,3275,Cashew Nuts (Kaju) 500g,1.37,550
11823,3275,Peanuts (Groundnut) 500g,0.92,77.9
11824,3275,Sunflower Oil 1L,5.86,180
11825,3275,Groundnut Oil 1L,0.92,220
11826,3276,Peanuts (Groundnut) 500g,1.9,90
11827,3276,Groundnut Oil 1L,1.13,220
11828,3276,Mustard Oil 1L,1.92,200
11829,3276,Pure Ghee 1L,2.89,600
11830,3277,Groundnut Oil 1L,0.79,220
11831,3277,Mustard Oil 1L,2.02,229.75
11832,3277,Sugar 1kg,9.9,45
11833,3277,Jaggery (Bella/Gud) 1kg,1.19,70
11834,3278,Groundnut Oil 1L,0.93,220
11835,3278,Mustard Oil 1L,1.52,200
11836,3278,Jaggery (Bella/Gud) 1kg,0.76,70
11837,3278,Iodized Salt 1kg,0.83,25
11838,3279,Groundnut Oil 1L,0.91,220
11839,3279,Jaggery (Bella/Gud) 1kg,1.07,70
11840,3279,Iodized Salt 1kg,2.04,25
11841,3279,Rock Salt (Sendha Namak) 500g,1.05,40
11842,3280,Groundnut Oil 1L,0.39,220
11843,3280,Jaggery (Bella/Gud) 1kg,0.63,70
11844,3280,Iodized Salt 1kg,1.11,25
11845,3280,Rock Salt (Sendha Namak) 500g,0.84,40
11846,3281,Iodized Salt 1kg,1.32,25
11847,3282,Iodized Salt 1kg,1.12,25
11848,3283,Iodized Salt 1kg,2.08,25
11849,3284,Sona Masoori Rice 5kg,6.49,350
11850,3284,Basmati Rice 5kg,4.12,550
11851,3284,Wheat Flour (Atta) 5kg,1.71,250
11852,3284,Toor Dal 1kg,2.42,140
11853,3285,Sona Masoori Rice 5kg,7.35,350
11854,3285,Basmati Rice 5kg,2.33,550
11855,3285,Wheat Flour (Atta) 5kg,1.62,250
11856,3285,Toor Dal 1kg,1.67,140
11857,3286,Basmati Rice 5kg,3.71,550
11858,3286,Wheat Flour (Atta) 5kg,2.63,250
11859,3286,Toor Dal 1kg,0.99,140
11860,3286,Moong Dal 1kg,7.36,130
11861,3287,Basmati Rice 5kg,1.96,550
11862,3287,Wheat Flour (Atta) 5kg,2.79,250
11863,3287,Toor Dal 1kg,1.07,140
11864,3287,Rajma (Kidney Beans) 1kg,0.67,160
11865,3288,Wheat Flour (Atta) 5kg,2.21,250
11866,3288,Toor Dal 1kg,1.57,140
11867,3288,Rajma (Kidney Beans) 1kg,0.6,160
11868,3288,Turmeric Powder 200g,3.44,51.62
11869,3289,Wheat Flour (Atta) 5kg,2.12,223.74
11870,3289,Rajma (Kidney Beans) 1kg,0.64,180.3
11871,3289,Turmeric Powder 200g,1.48,60
11872,3289,Garam Masala 100g,0.51,80
11873,3290,Rajma (Kidney Beans) 1kg,0.91,160
11874,3290,Garam Masala 100g,1.02,80
11875,3290,Biryani Masala 100g,0.48,100
11876,3290,Almonds (Badam) 500g,0.72,450
11877,3291,Garam Masala 100g,0.62,80
11878,3291,Biryani Masala 100g,0.39,100
11879,3291,Almonds (Badam) 500g,1.45,517.66
11880,3291,Cashew Nuts (Kaju) 500g,1.32,550
11881,3292,Garam Masala 100g,0.52,80
11882,3292,Biryani Masala 100g,0.69,100
11883,3292,Cashew Nuts (Kaju) 500g,1.37,550
11884,3292,Peanuts (Groundnut) 500g,4.93,90
11885,3293,Garam Masala 100g,1.05,80
11886,3293,Biryani Masala 100g,0.62,100
11887,3293,Sunflower Oil 1L,3.27,180
11888,3293,Groundnut Oil 1L,0.74,220
11889,3294,Biryani Masala 100g,0.53,100
11890,3294,Sunflower Oil 1L,6.24,180
11891,3294,Groundnut Oil 1L,1.09,220
11892,3294,Mustard Oil 1L,2.86,200
11893,3295,Groundnut Oil 1L,0.94,220
11894,3295,Mustard Oil 1L,1.42,200
11895,3295,Pure Ghee 1L,1.03,600
11896,3295,Sugar 1kg,3.35,37.69
11897,3296,Groundnut Oil 1L,1.22,220
11898,3296,Mustard Oil 1L,1.57,200
11899,3296,Pure Ghee 1L,0.41,600
11900,3296,Sugar 1kg,1.34,45
11901,3297,Groundnut Oil 1L,0.92,186.74
11902,3297,Pure Ghee 1L,0.93,600
11903,3297,Sugar 1kg,2.95,45
11904,3297,Jaggery (Bella/Gud) 1kg,0.36,62.57
11905,3298,Pure Ghee 1L,0.62,600
11906,3298,Sugar 1kg,2.46,45
11907,3298,Jaggery (Bella/Gud) 1kg,0.93,70
11908,3298,Iodized Salt 1kg,4.93,25
11909,3299,Jaggery (Bella/Gud) 1kg,0.72,70
11910,3299,Iodized Salt 1kg,2.57,25
11911,3299,Rock Salt (Sendha Namak) 500g,0.3,40
11912,3300,Jaggery (Bella/Gud) 1kg,0.5,70
11913,3300,Rock Salt (Sendha Namak) 500g,0.29,40
11914,3301,Jaggery (Bella/Gud) 1kg,0.52,70
11915,3301,Rock Salt (Sendha Namak) 500g,0.41,40
11916,3302,Jaggery (Bella/Gud) 1kg,0.91,70
11917,3302,Rock Salt (Sendha Namak) 500g,0.23,40
11918,3303,Rock Salt (Sendha Namak) 500g,0.52,40
11919,3304,Rock Salt (Sendha Namak) 500g,0.5,40
11920,3305,Sona Masoori Rice 5kg,6.32,350
11921,3305,Basmati Rice 5kg,4.16,550
11922,3305,Wheat Flour (Atta) 5kg,2.54,250
11923,3305,Toor Dal 1kg,1.89,140
11924,3306,Sona Masoori Rice 5kg,6.67,350
11925,3306,Basmati Rice 5kg,6.91,550
11926,3306,Wheat Flour (Atta) 5kg,2.5,250
11927,3306,Toor Dal 1kg,2.21,140
11928,3307,Sona Masoori Rice 5kg,3.42,350
11929,3307,Wheat Flour (Atta) 5kg,2.04,250
11930,3307,Toor Dal 1kg,1.62,140
11931,3307,Moong Dal 1kg,2.56,130
11932,3308,Wheat Flour (Atta) 5kg,1.81,250
11933,3308,Toor Dal 1kg,1.9,140
11934,3308,Moong Dal 1kg,2.44,130
11935,3308,Rajma (Kidney Beans) 1kg,0.51,160
11936,3309,Wheat Flour (Atta) 5kg,1.83,250
11937,3309,Moong Dal 1kg,1.27,130
11938,3309,Rajma (Kidney Beans) 1kg,0.52,160
11939,3309,Turmeric Powder 200g,5.34,60
11940,3310,Wheat Flour (Atta) 5kg,1.88,250
11941,3310,Moong Dal 1kg,1.19,130
11942,3310,Rajma (Kidney Beans) 1kg,0.76,160
11943,3310,Garam Masala 100g,0.51,80
11944,3311,Rajma (Kidney Beans) 1kg,0.36,160
11945,3311,Garam Masala 100g,0.99,80
11946,3311,Biryani Masala 100g,0.68,100
11947,3311,Almonds (Badam) 500g,2.14,534.67
11948,3312,Rajma (Kidney Beans) 1kg,0.51,160
11949,3312,Garam Masala 100g,1.3,80
11950,3312,Biryani Masala 100g,0.49,100
11951,3312,Cashew Nuts (Kaju) 500g,0.68,550
11952,3313,Biryani Masala 100g,0.46,100
11953,3313,Cashew Nuts (Kaju) 500g,0.66,550
11954,3313,Peanuts (Groundnut) 500g,1.44,90
11955,3313,Sunflower Oil 1L,2.73,214.0
11956,3314,Biryani Masala 100g,0.84,100
11957,3314,Cashew Nuts (Kaju) 500g,0.33,550
11958,3314,Peanuts (Groundnut) 500g,2.57,90
11959,3314,Sunflower Oil 1L,1.87,180
11960,3315,Biryani Masala 100g,0.73,100
11961,3315,Cashew Nuts (Kaju) 500g,0.63,550
11962,3315,Peanuts (Groundnut) 500g,1.16,90
11963,3315,Sunflower Oil 1L,1.61,180
11964,3316,Cashew Nuts (Kaju) 500g,0.36,550
11965,3316,Sunflower Oil 1L,3.08,180
11966,3316,Groundnut Oil 1L,3.72,220
11967,3316,Mustard Oil 1L,0.59,169.66
11968,3317,Sunflower Oil 1L,1.69,159.64
11969,3317,Groundnut Oil 1L,1.88,220
11970,3317,Mustard Oil 1L,1.47,200
11971,3317,Pure Ghee 1L,0.35,600
11972,3318,Mustard Oil 1L,0.93,200
11973,3318,Pure Ghee 1L,0.68,600
11974,3318,Sugar 1kg,1.59,45
11975,3318,Jaggery (Bella/Gud) 1kg,1.89,70
11976,3319,Mustard Oil 1L,1.12,200
11977,3319,Pure Ghee 1L,0.68,600
11978,3319,Sugar 1kg,1.77,45
11979,3319,Jaggery (Bella/Gud) 1kg,2.49,70
11980,3320,Mustard Oil 1L,1.15,200
11981,3320,Pure Ghee 1L,0.5,600
11982,3320,Sugar 1kg,2.84,45
11983,3320,Iodized Salt 1kg,2.25,25
11984,3321,Mustard Oil 1L,0.78,225.83
11985,3321,Pure Ghee 1L,0.42,600
11986,3321,Sugar 1kg,1.23,45
11987,3321,Iodized Salt 1kg,3.62,25
11988,3322,Pure Ghee 1L,0.36,600
11989,3322,Sugar 1kg,1.87,45
11990,3322,Iodized Salt 1kg,2.96,25
11991,3322,Rock Salt (Sendha Namak) 500g,0.52,44.4
11992,3323,Rock Salt (Sendha Namak) 500g,0.67,40
11993,3324,Rock Salt (Sendha Namak) 500g,0.52,40
11994,3325,Rock Salt (Sendha Namak) 500g,0.27,40
11995,3326,Rock Salt (Sendha Namak) 500g,0.26,40
11996,3327,Rock Salt (Sendha Namak) 500g,0.64,40
11997,3328,Sona Masoori Rice 5kg,3.69,301.01
11998,3328,Basmati Rice 5kg,1.97,550
11999,3328,Wheat Flour (Atta) 5kg,1.55,250
12000,3328,Toor Dal 1kg,8.18,140
12001,3329,Sona Masoori Rice 5kg,3.84,350
12002,3329,Basmati Rice 5kg,2.84,550
12003,3329,Wheat Flour (Atta) 5kg,2.56,250
12004,3329,Moong Dal 1kg,3.23,130
12005,3330,Sona Masoori Rice 5kg,4.99,350
12006,3330,Basmati Rice 5kg,4.36,468.73
12007,3330,Wheat Flour (Atta) 5kg,2.41,250
12008,3330,Moong Dal 1kg,4.31,130
12009,3331,Sona Masoori Rice 5kg,2.73,350
12010,3331,Basmati Rice 5kg,2.2,550
12011,3331,Wheat Flour (Atta) 5kg,2.7,250
12012,3331,Rajma (Kidney Beans) 1kg,0.76,160
12013,3332,Wheat Flour (Atta) 5kg,1.46,250
12014,3332,Rajma (Kidney Beans) 1kg,0.4,160
12015,3332,Turmeric Powder 200g,1.91,60
12016,3332,Garam Masala 100g,0.73,80
12017,3333,Wheat Flour (Atta) 5kg,1.08,250
12018,3333,Rajma (Kidney Beans) 1kg,0.96,160
12019,3333,Turmeric Powder 200g,2.6,60
12020,3333,Garam Masala 100g,0.63,80
12021,3334,Rajma (Kidney Beans) 1kg,0.44,160
12022,3334,Garam Masala 100g,1.16,80
12023,3334,Biryani Masala 100g,0.63,100
12024,3334,Almonds (Badam) 500g,1.04,450
12025,3335,Rajma (Kidney Beans) 1kg,0.44,160
12026,3335,Garam Masala 100g,0.64,91.32
12027,3335,Biryani Masala 100g,0.27,100
12028,3335,Almonds (Badam) 500g,0.46,450
12029,3336,Garam Masala 100g,0.61,80
12030,3336,Biryani Masala 100g,0.48,100
12031,3336,Almonds (Badam) 500g,0.43,450
12032,3336,Cashew Nuts (Kaju) 500g,0.52,550
12033,3337,Biryani Masala 100g,0.49,100
12034,3337,Cashew Nuts (Kaju) 500g,0.69,550
12035,3337,Peanuts (Groundnut) 500g,5.27,90
12036,3337,Sunflower Oil 1L,2.34,180
12037,3338,Biryani Masala 100g,0.35,100
12038,3338,Cashew Nuts (Kaju) 500g,0.73,550
12039,3338,Sunflower Oil 1L,2.04,180
12040,3338,Groundnut Oil 1L,3.24,220
12041,3339,Biryani Masala 100g,0.58,100
12042,3339,Cashew Nuts (Kaju) 500g,0.41,550
12043,3339,Sunflower Oil 1L,1.7,180
12044,3339,Groundnut Oil 1L,2.21,220
12045,3340,Sunflower Oil 1L,4.54,180
12046,3340,Mustard Oil 1L,3.07,200
12047,3340,Pure Ghee 1L,1.31,600
12048,3340,Sugar 1kg,4.47,45
12049,3341,Mustard Oil 1L,2.09,200
12050,3341,Pure Ghee 1L,0.59,600
12051,3341,Sugar 1kg,6.42,45
12052,3341,Jaggery (Bella/Gud) 1kg,0.84,70
12053,3342,Pure Ghee 1L,1.0,600
12054,3342,Jaggery (Bella/Gud) 1kg,0.78,70
12055,3342,Iodized Salt 1kg,1.57,25
12056,3342,Rock Salt (Sendha Namak) 500g,0.45,40
12057,3343,Jaggery (Bella/Gud) 1kg,1.41,70
12058,3343,Iodized Salt 1kg,1.17,25
12059,3343,Rock Salt (Sendha Namak) 500g,0.47,40
12060,3344,Jaggery (Bella/Gud) 1kg,0.97,70
12061,3344,Iodized Salt 1kg,2.51,25
12062,3345,Iodized Salt 1kg,2.87,25
12063,3346,Sona Masoori Rice 5kg,2.59,350
12064,3346,Basmati Rice 5kg,4.73,550
12065,3346,Wheat Flour (Atta) 5kg,12.98,250
12066,3346,Toor Dal 1kg,1.15,140
12067,3347,Sona Masoori Rice 5kg,7.17,350
12068,3347,Basmati Rice 5kg,3.0,550
12069,3347,Toor Dal 1kg,1.37,117.82
12070,3347,Moong Dal 1kg,4.09,130
12071,3348,Sona Masoori Rice 5kg,4.38,350
12072,3348,Basmati Rice 5kg,3.27,550
12073,3348,Toor Dal 1kg,1.3,140
12074,3348,Moong Dal 1kg,3.18,130
12075,3349,Toor Dal 1kg,0.93,140
12076,3349,Rajma (Kidney Beans) 1kg,0.74,160
12077,3349,Turmeric Powder 200g,2.19,71.87
12078,3349,Garam Masala 100g,4.55,80
12079,3350,Toor Dal 1kg,1.49,140
12080,3350,Rajma (Kidney Beans) 1kg,0.49,160
12081,3350,Turmeric Powder 200g,2.94,68.59
12082,3350,Biryani Masala 100g,0.63,100
12083,3351,Toor Dal 1kg,1.19,140
12084,3351,Rajma (Kidney Beans) 1kg,0.84,160
12085,3351,Biryani Masala 100g,0.27,100
12086,3351,Almonds (Badam) 500g,1.85,450
12087,3352,Rajma (Kidney Beans) 1kg,0.43,160
12088,3352,Biryani Masala 100g,0.55,100
12089,3352,Cashew Nuts (Kaju) 500g,2.26,550
12090,3352,Peanuts (Groundnut) 500g,0.61,90
12091,3353,Rajma (Kidney Beans) 1kg,0.56,160
12092,3353,Biryani Masala 100g,0.56,83.94
12093,3353,Peanuts (Groundnut) 500g,0.71,90
12094,3353,Sunflower Oil 1L,2.17,180
12095,3354,Biryani Masala 100g,0.47,100
12096,3354,Peanuts (Groundnut) 500g,1.32,90
12097,3354,Sunflower Oil 1L,1.24,180
12098,3354,Groundnut Oil 1L,1.21,220
12099,3355,Biryani Masala 100g,0.57,100
12100,3355,Peanuts (Groundnut) 500g,1.46,90
12101,3355,Sunflower Oil 1L,1.17,180
12102,3355,Groundnut Oil 1L,1.9,220
12103,3356,Peanuts (Groundnut) 500g,0.94,77.81
12104,3356,Sunflower Oil 1L,1.67,203.86
12105,3356,Groundnut Oil 1L,2.52,190.8
12106,3356,Mustard Oil 1L,5.75,200
12107,3357,Sunflower Oil 1L,1.75,180
12108,3357,Pure Ghee 1L,0.84,600
12109,3357,Sugar 1kg,4.35,45
12110,3357,Jaggery (Bella/Gud) 1kg,3.86,70
12111,3358,Sunflower Oil 1L,1.48,180
12112,3358,Pure Ghee 1L,0.65,600
12113,3358,Sugar 1kg,2.04,45
12114,3358,Iodized Salt 1kg,0.88,25
12115,3359,Pure Ghee 1L,0.8,600
12116,3359,Sugar 1kg,1.82,45
12117,3359,Iodized Salt 1kg,2.23,25
12118,3359,Rock Salt (Sendha Namak) 500g,0.55,40
12119,3360,Pure Ghee 1L,0.79,600
12120,3360,Sugar 1kg,2.29,45
12121,3360,Iodized Salt 1kg,0.97,29.39
12122,3360,Rock Salt (Sendha Namak) 500g,0.47,44.89
12123,3361,Iodized Salt 1kg,2.13,25
12124,3361,Rock Salt (Sendha Namak) 500g,0.43,40
12125,3362,Iodized Salt 1kg,2.43,25
12126,3362,Rock Salt (Sendha Namak) 500g,0.31,40
12127,3363,Rock Salt (Sendha Namak) 500g,0.21,40
12128,3364,Sona Masoori Rice 5kg,3.32,350
12129,3364,Basmati Rice 5kg,11.93,550
12130,3364,Wheat Flour (Atta) 5kg,2.09,250
12131,3364,Toor Dal 1kg,5.83,140
12132,3365,Sona Masoori Rice 5kg,1.22,350
12133,3365,Wheat Flour (Atta) 5kg,2.97,250
12134,3365,Toor Dal 1kg,2.95,140
12135,3365,Moong Dal 1kg,1.64,130
12136,3366,Sona Masoori Rice 5kg,2.73,350
12137,3366,Wheat Flour (Atta) 5kg,2.68,250
12138,3366,Moong Dal 1kg,2.73,130
12139,3366,Rajma (Kidney Beans) 1kg,0.99,160
12140,3367,Sona Masoori Rice 5kg,3.13,350
12141,3367,Wheat Flour (Atta) 5kg,2.15,250
12142,3367,Moong Dal 1kg,2.98,130
12143,3367,Rajma (Kidney Beans) 1kg,1.07,160
12144,3368,Sona Masoori Rice 5kg,3.03,350
12145,3368,Wheat Flour (Atta) 5kg,2.4,250
12146,3368,Rajma (Kidney Beans) 1kg,0.9,160
12147,3368,Turmeric Powder 200g,3.1,60
12148,3369,Sona Masoori Rice 5kg,2.23,350
12149,3369,Turmeric Powder 200g,2.14,60
12150,3369,Biryani Masala 100g,0.57,100
12151,3369,Almonds (Badam) 500g,0.58,450
12152,3370,Biryani Masala 100g,0.71,100
12153,3370,Almonds (Badam) 500g,0.61,450
12154,3370,Cashew Nuts (Kaju) 500g,0.75,550
12155,3370,Peanuts (Groundnut) 500g,2.72,90
12156,3371,Biryani Masala 100g,0.67,100
12157,3371,Almonds (Badam) 500g,0.65,450
12158,3371,Cashew Nuts (Kaju) 500g,0.61,550
12159,3371,Peanuts (Groundnut) 500g,2.38,90
12160,3372,Biryani Masala 100g,0.47,100
12161,3372,Cashew Nuts (Kaju) 500g,0.45,550
12162,3372,Sunflower Oil 1L,9.83,180
12163,3372,Groundnut Oil 1L,5.29,220
12164,3373,Biryani Masala 100g,0.45,100
12165,3373,Cashew Nuts (Kaju) 500g,0.69,550
12166,3373,Mustard Oil 1L,1.89,200
12167,3373,Pure Ghee 1L,1.22,600
12168,3374,Biryani Masala 100g,0.41,100
12169,3374,Mustard Oil 1L,1.67,200
12170,3374,Pure Ghee 1L,0.64,600
12171,3374,Sugar 1kg,10.51,45
12172,3375,Mustard Oil 1L,1.42,200
12173,3375,Pure Ghee 1L,0.62,600
12174,3375,Jaggery (Bella/Gud) 1kg,1.04,70
12175,3375,Iodized Salt 1kg,7.35,20.75
12176,3376,Mustard Oil 1L,0.96,200
12177,3376,Pure Ghee 1L,0.76,600
12178,3376,Jaggery (Bella/Gud) 1kg,1.54,70
12179,3376,Rock Salt (Sendha Namak) 500g,1.58,40
12180,3377,Jaggery (Bella/Gud) 1kg,1.66,70
12181,3377,Rock Salt (Sendha Namak) 500g,1.44,40
12182,3378,Sona Masoori Rice 5kg,1.89,350
12183,3378,Basmati Rice 5kg,2.21,550
12184,3378,Wheat Flour (Atta) 5kg,12.51,250
12185,3378,Toor Dal 1kg,2.42,140
12186,3379,Sona Masoori Rice 5kg,2.47,350
12187,3379,Basmati Rice 5kg,1.41,550
12188,3379,Toor Dal 1kg,1.2,140
12189,3379,Moong Dal 1kg,6.32,130
12190,3380,Sona Masoori Rice 5kg,2.57,350
12191,3380,Basmati Rice 5kg,2.42,550
12192,3380,Toor Dal 1kg,1.38,140
12193,3380,Rajma (Kidney Beans) 1kg,1.64,160
12194,3381,Sona Masoori Rice 5kg,2.35,350
12195,3381,Basmati Rice 5kg,2.59,550
12196,3381,Toor Dal 1kg,2.95,140
12197,3381,Rajma (Kidney Beans) 1kg,1.62,160
12198,3382,Sona Masoori Rice 5kg,2.29,350
12199,3382,Basmati Rice 5kg,1.22,550
12200,3382,Turmeric Powder 200g,5.22,60
12201,3382,Biryani Masala 100g,0.68,100
12202,3383,Sona Masoori Rice 5kg,2.52,350
12203,3383,Basmati Rice 5kg,2.17,477.26
12204,3383,Biryani Masala 100g,1.05,100
12205,3383,Almonds (Badam) 500g,0.48,450
12206,3384,Biryani Masala 100g,0.56,100
12207,3384,Almonds (Badam) 500g,0.2,450
12208,3384,Cashew Nuts (Kaju) 500g,0.99,550
12209,3384,Peanuts (Groundnut) 500g,0.76,90
12210,3385,Biryani Masala 100g,0.84,100
12211,3385,Almonds (Badam) 500g,0.21,450
12212,3385,Cashew Nuts (Kaju) 500g,0.52,550
12213,3385,Peanuts (Groundnut) 500g,2.09,90
12214,3386,Almonds (Badam) 500g,0.31,450
12215,3386,Cashew Nuts (Kaju) 500g,1.05,550
12216,3386,Peanuts (Groundnut) 500g,1.74,90
12217,3386,Sunflower Oil 1L,2.64,180
12218,3387,Almonds (Badam) 500g,0.36,450
12219,3387,Peanuts (Groundnut) 500g,0.91,90
12220,3387,Sunflower Oil 1L,1.86,180
12221,3387,Groundnut Oil 1L,1.3,220
12222,3388,Almonds (Badam) 500g,0.45,450
12223,3388,Sunflower Oil 1L,2.78,180
12224,3388,Groundnut Oil 1L,0.82,220
12225,3388,Mustard Oil 1L,0.95,200
12226,3389,Sunflower Oil 1L,3.7,180
12227,3389,Groundnut Oil 1L,1.09,220
12228,3389,Mustard Oil 1L,0.71,200
12229,3389,Pure Ghee 1L,0.89,600
12230,3390,Groundnut Oil 1L,0.85,220
12231,3390,Mustard Oil 1L,0.68,200
12232,3390,Pure Ghee 1L,1.26,600
12233,3390,Sugar 1kg,9.57,45
12234,3391,Groundnut Oil 1L,1.23,220
12235,3391,Mustard Oil 1L,1.12,200
12236,3391,Pure Ghee 1L,0.61,600
12237,3391,Jaggery (Bella/Gud) 1kg,0.65,70
12238,3392,Mustard Oil 1L,0.9,200
12239,3392,Jaggery (Bella/Gud) 1kg,0.75,70
12240,3392,Iodized Salt 1kg,2.07,25
12241,3393,Mustard Oil 1L,0.95,200
12242,3393,Jaggery (Bella/Gud) 1kg,0.45,70
12243,3393,Iodized Salt 1kg,0.98,20.13
12244,3394,Jaggery (Bella/Gud) 1kg,0.88,70
12245,3394,Iodized Salt 1kg,2.35,25
12246,3395,Jaggery (Bella/Gud) 1kg,0.42,70
12247,3395,Iodized Salt 1kg,1.9,25
12248,3396,Jaggery (Bella/Gud) 1kg,0.99,60.95
12249,3396,Iodized Salt 1kg,1.13,25
12250,3397,Sona Masoori Rice 5kg,2.58,350
12251,3397,Basmati Rice 5kg,2.47,550
12252,3397,Wheat Flour (Atta) 5kg,2.6,250
12253,3397,Toor Dal 1kg,3.0,140
12254,3398,Sona Masoori Rice 5kg,4.78,350
12255,3398,Basmati Rice 5kg,2.4,550
12256,3398,Wheat Flour (Atta) 5kg,1.99,250
12257,3398,Toor Dal 1kg,3.0,140
12258,3399,Sona Masoori Rice 5kg,4.82,350
12259,3399,Basmati Rice 5kg,2.3,550
12260,3399,Wheat Flour (Atta) 5kg,1.46,250
12261,3399,Toor Dal 1kg,2.68,140
12262,3400,Sona Masoori Rice 5kg,3.68,350
12263,3400,Basmati Rice 5kg,4.83,550
12264,3400,Wheat Flour (Atta) 5kg,3.42,250
12265,3400,Moong Dal 1kg,6.31,130
12266,3401,Wheat Flour (Atta) 5kg,3.25,250
12267,3401,Rajma (Kidney Beans) 1kg,2.87,160
12268,3401,Turmeric Powder 200g,1.51,60
12269,3401,Garam Masala 100g,0.33,80
12270,3402,Turmeric Powder 200g,0.72,60
12271,3402,Garam Masala 100g,0.51,80
12272,3402,Biryani Masala 100g,2.24,100
12273,3402,Almonds (Badam) 500g,2.08,450
12274,3403,Turmeric Powder 200g,1.0,60
12275,3403,Garam Masala 100g,0.8,80
12276,3403,Biryani Masala 100g,0.9,100
12277,3403,Cashew Nuts (Kaju) 500g,2.33,550
12278,3404,Turmeric Powder 200g,0.65,60
12279,3404,Garam Masala 100g,0.41,80
12280,3404,Peanuts (Groundnut) 500g,1.92,90
12281,3404,Sunflower Oil 1L,5.44,180
12282,3405,Turmeric Powder 200g,1.03,60
12283,3405,Garam Masala 100g,0.77,80
12284,3405,Peanuts (Groundnut) 500g,1.22,90
12285,3405,Sunflower Oil 1L,5.07,180
12286,3406,Garam Masala 100g,0.56,80
12287,3406,Peanuts (Groundnut) 500g,1.78,90
12288,3406,Groundnut Oil 1L,0.98,220
12289,3406,Mustard Oil 1L,5.86,200
12290,3407,Groundnut Oil 1L,0.88,220
12291,3407,Pure Ghee 1L,0.45,600
12292,3407,Sugar 1kg,2.29,45
12293,3407,Jaggery (Bella/Gud) 1kg,0.69,70
12294,3408,Groundnut Oil 1L,1.1,220
12295,3408,Pure Ghee 1L,0.39,600
12296,3408,Sugar 1kg,2.53,45
12297,3408,Jaggery (Bella/Gud) 1kg,0.56,70
12298,3409,Groundnut Oil 1L,1.14,220
12299,3409,Pure Ghee 1L,0.57,600
12300,3409,Sugar 1kg,4.97,45
12301,3409,Jaggery (Bella/Gud) 1kg,1.29,70
12302,3410,Groundnut Oil 1L,0.87,220
12303,3410,Pure Ghee 1L,0.51,600
12304,3410,Jaggery (Bella/Gud) 1kg,1.06,70
12305,3410,Iodized Salt 1kg,1.84,25
12306,3411,Pure Ghee 1L,0.49,600
12307,3411,Jaggery (Bella/Gud) 1kg,0.61,70
12308,3411,Iodized Salt 1kg,0.96,25
12309,3412,Pure Ghee 1L,0.56,600
12310,3412,Iodized Salt 1kg,1.55,25
12311,3413,Iodized Salt 1kg,1.49,21.93
12312,3414,Iodized Salt 1kg,1.1,25
12313,3415,Iodized Salt 1kg,1.04,25
12314,3416,Sona Masoori Rice 5kg,1.76,350
12315,3416,Basmati Rice 5kg,3.89,550
12316,3416,Wheat Flour (Atta) 5kg,12.14,250
12317,3416,Toor Dal 1kg,1.65,140
12318,3417,Sona Masoori Rice 5kg,3.37,350
12319,3417,Basmati Rice 5kg,1.39,550
12320,3417,Toor Dal 1kg,1.22,140
12321,3417,Moong Dal 1kg,0.83,130
12322,3418,Sona Masoori Rice 5kg,3.45,350
12323,3418,Basmati Rice 5kg,3.41,550
12324,3418,Toor Dal 1kg,1.34,140
12325,3418,Moong Dal 1kg,1.64,130
12326,3419,Sona Masoori Rice 5kg,4.12,350
12327,3419,Basmati Rice 5kg,2.04,550
12328,3419,Toor Dal 1kg,1.27,140
12329,3419,Moong Dal 1kg,1.68,130
12330,3420,Sona Masoori Rice 5kg,3.25,350
12331,3420,Basmati Rice 5kg,1.6,550
12332,3420,Toor Dal 1kg,2.71,125.46
12333,3420,Moong Dal 1kg,0.79,130
12334,3421,Moong Dal 1kg,1.17,130
12335,3421,Rajma (Kidney Beans) 1kg,0.95,160
12336,3421,Turmeric Powder 200g,1.01,60
12337,3421,Garam Masala 100g,0.35,80
12338,3422,Moong Dal 1kg,1.41,130
12339,3422,Rajma (Kidney Beans) 1kg,0.81,160
12340,3422,Turmeric Powder 200g,1.13,70.29
12341,3422,Garam Masala 100g,0.53,89.33
12342,3423,Rajma (Kidney Beans) 1kg,0.56,160
12343,3423,Turmeric Powder 200g,1.4,60
12344,3423,Garam Masala 100g,0.67,80
12345,3423,Biryani Masala 100g,2.78,100
12346,3424,Rajma (Kidney Beans) 1kg,0.44,160
12347,3424,Turmeric Powder 200g,1.48,60
12348,3424,Garam Masala 100g,0.43,80
12349,3424,Almonds (Badam) 500g,0.39,450
12350,3425,Garam Masala 100g,0.27,80
12351,3425,Almonds (Badam) 500g,0.5,450
12352,3425,Cashew Nuts (Kaju) 500g,1.03,550
12353,3425,Peanuts (Groundnut) 500g,1.96,90
12354,3426,Garam Masala 100g,0.65,80
12355,3426,Almonds (Badam) 500g,0.24,450
12356,3426,Cashew Nuts (Kaju) 500g,0.78,550
12357,3426,Peanuts (Groundnut) 500g,3.28,90
12358,3427,Almonds (Badam) 500g,0.45,450
12359,3427,Cashew Nuts (Kaju) 500g,0.79,550
12360,3427,Sunflower Oil 1L,5.33,180
12361,3427,Groundnut Oil 1L,0.88,220
12362,3428,Almonds (Badam) 500g,0.51,450
12363,3428,Sunflower Oil 1L,4.89,180
12364,3428,Groundnut Oil 1L,0.57,220
12365,3428,Mustard Oil 1L,5.63,200
12366,3429,Groundnut Oil 1L,0.99,220
12367,3429,Pure Ghee 1L,0.67,600
12368,3429,Sugar 1kg,9.47,45
12369,3429,Jaggery (Bella/Gud) 1kg,1.91,78.05
12370,3430,Groundnut Oil 1L,1.17,220
12371,3430,Pure Ghee 1L,0.86,600
12372,3430,Jaggery (Bella/Gud) 1kg,2.16,70
12373,3430,Iodized Salt 1kg,0.89,25
12374,3431,Groundnut Oil 1L,1.35,220
12375,3431,Pure Ghee 1L,0.42,600
12376,3431,Iodized Salt 1kg,0.71,25
12377,3431,Rock Salt (Sendha Namak) 500g,0.28,40
12378,3432,Pure Ghee 1L,0.52,600
12379,3432,Iodized Salt 1kg,1.88,25
12380,3432,Rock Salt (Sendha Namak) 500g,0.25,40
12381,3433,Pure Ghee 1L,0.41,600
12382,3433,Iodized Salt 1kg,1.33,25
12383,3433,Rock Salt (Sendha Namak) 500g,0.22,40
12384,3434,Iodized Salt 1kg,1.62,25
12385,3434,Rock Salt (Sendha Namak) 500g,0.22,40
12386,3435,Iodized Salt 1kg,1.45,25
12387,3435,Rock Salt (Sendha Namak) 500g,0.17,40
12388,3436,Sona Masoori Rice 5kg,2.04,350
12389,3436,Basmati Rice 5kg,3.29,550
12390,3436,Wheat Flour (Atta) 5kg,5.38,250
12391,3436,Toor Dal 1kg,2.09,140
12392,3437,Sona Masoori Rice 5kg,3.82,350
12393,3437,Basmati Rice 5kg,2.19,550
12394,3437,Wheat Flour (Atta) 5kg,6.89,250
12395,3437,Toor Dal 1kg,2.22,140
12396,3438,Sona Masoori Rice 5kg,4.08,350
12397,3438,Basmati Rice 5kg,2.99,550
12398,3438,Toor Dal 1kg,1.63,140
12399,3438,Moong Dal 1kg,0.86,130
12400,3439,Sona Masoori Rice 5kg,2.85,350
12401,3439,Basmati Rice 5kg,3.28,550
12402,3439,Toor Dal 1kg,2.44,167.98
12403,3439,Moong Dal 1kg,1.94,130
12404,3440,Sona Masoori Rice 5kg,3.51,350
12405,3440,Moong Dal 1kg,2.1,130
12406,3440,Rajma (Kidney Beans) 1kg,0.63,160
12407,3440,Turmeric Powder 200g,1.04,60
12408,3441,Moong Dal 1kg,0.92,130
12409,3441,Rajma (Kidney Beans) 1kg,0.47,160
12410,3441,Turmeric Powder 200g,1.1,60
12411,3441,Garam Masala 100g,0.86,80
12412,3442,Moong Dal 1kg,1.41,130
12413,3442,Rajma (Kidney Beans) 1kg,0.37,160
12414,3442,Turmeric Powder 200g,0.61,60
12415,3442,Garam Masala 100g,0.51,80
12416,3443,Rajma (Kidney Beans) 1kg,0.37,160
12417,3443,Turmeric Powder 200g,0.94,60
12418,3443,Garam Masala 100g,0.35,80
12419,3443,Biryani Masala 100g,2.89,100
12420,3444,Rajma (Kidney Beans) 1kg,0.68,160
12421,3444,Turmeric Powder 200g,1.16,60
12422,3444,Garam Masala 100g,0.45,80
12423,3444,Almonds (Badam) 500g,0.32,450
12424,3445,Rajma (Kidney Beans) 1kg,0.28,160
12425,3445,Turmeric Powder 200g,0.42,60
12426,3445,Garam Masala 100g,0.48,80
12427,3445,Almonds (Badam) 500g,0.52,450
12428,3446,Almonds (Badam) 500g,0.39,450
12429,3446,Cashew Nuts (Kaju) 500g,0.62,550
12430,3446,Peanuts (Groundnut) 500g,1.55,90
12431,3446,Sunflower Oil 1L,2.02,180
12432,3447,Almonds (Badam) 500g,0.51,450
12433,3447,Cashew Nuts (Kaju) 500g,0.32,550
12434,3447,Peanuts (Groundnut) 500g,1.23,90
12435,3447,Sunflower Oil 1L,1.55,180
12436,3448,Almonds (Badam) 500g,0.42,450
12437,3448,Cashew Nuts (Kaju) 500g,0.47,550
12438,3448,Peanuts (Groundnut) 500g,0.76,90
12439,3448,Sunflower Oil 1L,1.54,180
12440,3449,Cashew Nuts (Kaju) 500g,0.47,550
12441,3449,Peanuts (Groundnut) 500g,1.42,90
12442,3449,Sunflower Oil 1L,1.29,180
12443,3449,Groundnut Oil 1L,2.23,220
12444,3450,Cashew Nuts (Kaju) 500g,0.24,630.19
12445,3450,Sunflower Oil 1L,1.18,180
12446,3450,Groundnut Oil 1L,2.71,220
12447,3450,Mustard Oil 1L,5.59,200
12448,3451,Cashew Nuts (Kaju) 500g,0.42,550
12449,3451,Sunflower Oil 1L,2.21,180
12450,3451,Pure Ghee 1L,1.88,600
12451,3451,Sugar 1kg,2.32,45
12452,3452,Pure Ghee 1L,0.88,600
12453,3452,Sugar 1kg,1.33,45
12454,3452,Jaggery (Bella/Gud) 1kg,0.87,70
12455,3452,Iodized Salt 1kg,1.55,25
12456,3453,Sugar 1kg,3.58,45
12457,3453,Jaggery (Bella/Gud) 1kg,0.78,70
12458,3453,Iodized Salt 1kg,1.85,25
12459,3453,Rock Salt (Sendha Namak) 500g,0.6,34.5
12460,3454,Sugar 1kg,2.22,45
12461,3454,Jaggery (Bella/Gud) 1kg,0.48,70
12462,3454,Iodized Salt 1kg,2.12,25
12463,3454,Rock Salt (Sendha Namak) 500g,0.57,40
12464,3455,Jaggery (Bella/Gud) 1kg,0.84,70
12465,3455,Iodized Salt 1kg,1.52,25
12466,3455,Rock Salt (Sendha Namak) 500g,1.23,40
12467,3456,Jaggery (Bella/Gud) 1kg,1.17,70
12468,3456,Iodized Salt 1kg,1.82,25
12469,3457,Sona Masoori Rice 5kg,3.35,350
12470,3457,Basmati Rice 5kg,10.93,550
12471,3457,Wheat Flour (Atta) 5kg,4.59,250
12472,3457,Toor Dal 1kg,2.12,140
12473,3458,Sona Masoori Rice 5kg,3.19,350
12474,3458,Wheat Flour (Atta) 5kg,7.67,250
12475,3458,Toor Dal 1kg,1.3,140
12476,3458,Moong Dal 1kg,0.72,130
12477,3459,Sona Masoori Rice 5kg,3.13,350
12478,3459,Toor Dal 1kg,1.77,140
12479,3459,Moong Dal 1kg,1.67,130
12480,3459,Rajma (Kidney Beans) 1kg,0.71,160
12481,3460,Sona Masoori Rice 5kg,2.79,350
12482,3460,Toor Dal 1kg,1.2,140
12483,3460,Moong Dal 1kg,1.31,130
12484,3460,Rajma (Kidney Beans) 1kg,0.43,160
12485,3461,Sona Masoori Rice 5kg,2.07,350
12486,3461,Toor Dal 1kg,1.98,140
12487,3461,Moong Dal 1kg,1.73,105.98
12488,3461,Rajma (Kidney Beans) 1kg,0.54,160
12489,3462,Moong Dal 1kg,1.41,130
12490,3462,Rajma (Kidney Beans) 1kg,0.65,160
12491,3462,Turmeric Powder 200g,1.79,60
12492,3462,Garam Masala 100g,1.38,80
12493,3463,Rajma (Kidney Beans) 1kg,0.56,160
12494,3463,Turmeric Powder 200g,0.96,60
12495,3463,Garam Masala 100g,1.3,80
12496,3463,Biryani Masala 100g,0.93,100
12497,3464,Rajma (Kidney Beans) 1kg,0.28,160
12498,3464,Turmeric Powder 200g,1.76,60
12499,3464,Garam Masala 100g,1.16,80
12500,3464,Biryani Masala 100g,1.95,100
12501,3465,Almonds (Badam) 500g,2.15,450
12502,3465,Cashew Nuts (Kaju) 500g,0.43,550
12503,3465,Peanuts (Groundnut) 500g,1.21,90
12504,3465,Sunflower Oil 1L,2.58,180
12505,3466,Cashew Nuts (Kaju) 500g,0.45,550
12506,3466,Peanuts (Groundnut) 500g,0.99,90
12507,3466,Sunflower Oil 1L,2.41,180
12508,3466,Groundnut Oil 1L,0.53,220
12509,3467,Cashew Nuts (Kaju) 500g,0.47,550
12510,3467,Peanuts (Groundnut) 500g,1.04,103.5
12511,3467,Sunflower Oil 1L,2.23,180
12512,3467,Groundnut Oil 1L,1.32,220
12513,3468,Cashew Nuts (Kaju) 500g,0.49,550
12514,3468,Peanuts (Groundnut) 500g,0.7,90
12515,3468,Sunflower Oil 1L,1.53,180
12516,3468,Groundnut Oil 1L,0.98,220
12517,3469,Cashew Nuts (Kaju) 500g,0.34,550
12518,3469,Peanuts (Groundnut) 500g,0.79,90
12519,3469,Sunflower Oil 1L,1.59,180
12520,3469,Groundnut Oil 1L,1.27,220
12521,3470,Cashew Nuts (Kaju) 500g,0.27,550
12522,3470,Groundnut Oil 1L,1.36,220
12523,3470,Mustard Oil 1L,2.88,200
12524,3470,Pure Ghee 1L,0.61,600
12525,3471,Mustard Oil 1L,2.57,200
12526,3471,Pure Ghee 1L,0.48,600
12527,3471,Sugar 1kg,1.16,45
12528,3471,Jaggery (Bella/Gud) 1kg,1.79,70
12529,3472,Pure Ghee 1L,1.17,600
12530,3472,Sugar 1kg,1.48,45
12531,3472,Jaggery (Bella/Gud) 1kg,1.11,70
12532,3472,Iodized Salt 1kg,5.87,25
12533,3473,Pure Ghee 1L,0.78,600
12534,3473,Sugar 1kg,2.68,45
12535,3473,Jaggery (Bella/Gud) 1kg,1.27,70
12536,3473,Iodized Salt 1kg,2.17,25
12537,3474,Sugar 1kg,2.89,45
12538,3475,Sugar 1kg,1.45,45
12539,3476,Sona Masoori Rice 5kg,2.48,350
12540,3476,Basmati Rice 5kg,3.22,550
12541,3476,Wheat Flour (Atta) 5kg,1.93,250
12542,3476,Toor Dal 1kg,2.01,140
12543,3477,Sona Masoori Rice 5kg,3.21,350
12544,3477,Basmati Rice 5kg,5.9,550
12545,3477,Wheat Flour (Atta) 5kg,2.14,250
12546,3477,Toor Dal 1kg,2.21,140
12547,3478,Sona Masoori Rice 5kg,1.55,350
12548,3478,Basmati Rice 5kg,4.05,550
12549,3478,Wheat Flour (Atta) 5kg,1.52,250
12550,3478,Toor Dal 1kg,1.46,140
12551,3479,Sona Masoori Rice 5kg,2.95,350
12552,3479,Wheat Flour (Atta) 5kg,2.24,250
12553,3479,Toor Dal 1kg,1.04,140
12554,3479,Moong Dal 1kg,1.49,130
12555,3480,Sona Masoori Rice 5kg,1.42,350
12556,3480,Wheat Flour (Atta) 5kg,1.44,250
12557,3480,Toor Dal 1kg,1.88,140
12558,3480,Moong Dal 1kg,1.59,130
12559,3481,Sona Masoori Rice 5kg,3.45,350
12560,3481,Wheat Flour (Atta) 5kg,2.41,250
12561,3481,Moong Dal 1kg,1.31,130
12562,3481,Rajma (Kidney Beans) 1kg,0.53,160
12563,3482,Moong Dal 1kg,0.55,130
12564,3482,Rajma (Kidney Beans) 1kg,0.83,160
12565,3482,Turmeric Powder 200g,4.96,60
12566,3482,Garam Masala 100g,0.29,80
12567,3483,Moong Dal 1kg,0.99,130
12568,3483,Rajma (Kidney Beans) 1kg,0.57,160
12569,3483,Garam Masala 100g,0.64,80
12570,3483,Biryani Masala 100g,1.31,100
12571,3484,Moong Dal 1kg,0.6,130
12572,3484,Rajma (Kidney Beans) 1kg,0.31,160
12573,3484,Garam Masala 100g,0.44,80
12574,3484,Biryani Masala 100g,0.75,100
12575,3485,Rajma (Kidney Beans) 1kg,0.5,160
12576,3485,Garam Masala 100g,0.67,80
12577,3485,Biryani Masala 100g,0.75,100
12578,3485,Almonds (Badam) 500g,0.35,450
12579,3486,Rajma (Kidney Beans) 1kg,0.68,160
12580,3486,Almonds (Badam) 500g,0.38,450
12581,3486,Cashew Nuts (Kaju) 500g,0.23,550
12582,3486,Peanuts (Groundnut) 500g,1.0,90
12583,3487,Almonds (Badam) 500g,0.49,450
12584,3487,Cashew Nuts (Kaju) 500g,0.51,550
12585,3487,Peanuts (Groundnut) 500g,0.97,90
12586,3487,Sunflower Oil 1L,1.96,180
12587,3488,Almonds (Badam) 500g,0.71,450
12588,3488,Cashew Nuts (Kaju) 500g,0.53,550
12589,3488,Peanuts (Groundnut) 500g,1.16,90
12590,3488,Sunflower Oil 1L,0.97,180
12591,3489,Cashew Nuts (Kaju) 500g,0.43,466.86
12592,3489,Peanuts (Groundnut) 500g,0.96,90
12593,3489,Sunflower Oil 1L,1.27,180
12594,3489,Groundnut Oil 1L,0.68,220
12595,3490,Cashew Nuts (Kaju) 500g,0.25,493.65
12596,3490,Peanuts (Groundnut) 500g,0.82,90
12597,3490,Sunflower Oil 1L,1.62,180
12598,3490,Groundnut Oil 1L,0.8,220
12599,3491,Cashew Nuts (Kaju) 500g,0.32,550
12600,3491,Peanuts (Groundnut) 500g,0.58,90
12601,3491,Sunflower Oil 1L,1.51,180
12602,3491,Groundnut Oil 1L,1.02,220
12603,3492,Sunflower Oil 1L,1.82,180
12604,3492,Groundnut Oil 1L,0.73,220
12605,3492,Mustard Oil 1L,1.64,200
12606,3492,Pure Ghee 1L,2.7,600
12607,3493,Groundnut Oil 1L,0.76,220
12608,3493,Mustard Oil 1L,4.68,200
12609,3493,Sugar 1kg,9.05,45
12610,3493,Jaggery (Bella/Gud) 1kg,1.39,70
12611,3494,Groundnut Oil 1L,1.03,220
12612,3494,Jaggery (Bella/Gud) 1kg,2.54,70
12613,3494,Iodized Salt 1kg,7.37,25
12614,3495,Sona Masoori Rice 5kg,3.35,412.14
12615,3495,Basmati Rice 5kg,2.72,631.61
12616,3495,Wheat Flour (Atta) 5kg,2.46,291.29
12617,3495,Toor Dal 1kg,1.05,122.78
12618,3496,Sona Masoori Rice 5kg,3.71,350
12619,3496,Basmati Rice 5kg,3.16,550
12620,3496,Wheat Flour (Atta) 5kg,4.87,250
12621,3496,Toor Dal 1kg,1.67,119.75
12622,3497,Sona Masoori Rice 5kg,7.07,350
12623,3497,Basmati Rice 5kg,2.67,550
12624,3497,Wheat Flour (Atta) 5kg,4.88,250
12625,3497,Toor Dal 1kg,0.8,140
12626,3498,Basmati Rice 5kg,3.4,613.71
12627,3498,Toor Dal 1kg,1.06,140
12628,3498,Moong Dal 1kg,2.47,130
12629,3498,Rajma (Kidney Beans) 1kg,3.44,160
12630,3499,Toor Dal 1kg,1.0,140
12631,3499,Moong Dal 1kg,4.14,130
12632,3499,Turmeric Powder 200g,4.86,60
12633,3499,Biryani Masala 100g,2.14,100
12634,3500,Toor Dal 1kg,1.63,140
12635,3500,Biryani Masala 100g,0.97,100
12636,3500,Almonds (Badam) 500g,1.84,450
12637,3500,Cashew Nuts (Kaju) 500g,2.39,550
12638,3501,Peanuts (Groundnut) 500g,0.91,90
12639,3501,Sunflower Oil 1L,2.45,180
12640,3501,Groundnut Oil 1L,2.16,220
12641,3501,Mustard Oil 1L,0.6,200
12642,3502,Peanuts (Groundnut) 500g,1.25,90
12643,3502,Sunflower Oil 1L,2.25,180
12644,3502,Groundnut Oil 1L,2.53,220
12645,3502,Mustard Oil 1L,1.23,200
12646,3503,Peanuts (Groundnut) 500g,1.57,90
12647,3503,Sunflower Oil 1L,1.86,180
12648,3503,Mustard Oil 1L,1.11,200
12649,3503,Pure Ghee 1L,1.42,600
12650,3504,Peanuts (Groundnut) 500g,1.01,90
12651,3504,Sunflower Oil 1L,2.54,180
12652,3504,Mustard Oil 1L,0.81,200
12653,3504,Pure Ghee 1L,0.82,600
12654,3505,Mustard Oil 1L,1.46,200
12655,3505,Pure Ghee 1L,0.57,600
12656,3505,Sugar 1kg,1.54,45
12657,3505,Jaggery (Bella/Gud) 1kg,1.08,70
12658,3506,Sugar 1kg,1.42,45
12659,3506,Jaggery (Bella/Gud) 1kg,1.92,70
12660,3506,Iodized Salt 1kg,0.72,25
12661,3506,Rock Salt (Sendha Namak) 500g,0.62,40
12662,3507,Sugar 1kg,2.5,45
12663,3507,Jaggery (Bella/Gud) 1kg,1.01,70
12664,3507,Iodized Salt 1kg,1.98,25
12665,3507,Rock Salt (Sendha Namak) 500g,1.24,40
12666,3508,Sugar 1kg,2.23,45
12667,3508,Iodized Salt 1kg,1.54,25
12668,3508,Rock Salt (Sendha Namak) 500g,0.68,40
12669,3509,Sugar 1kg,1.43,45
12670,3509,Iodized Salt 1kg,1.77,25
12671,3510,Iodized Salt 1kg,1.93,25
12672,3511,Sona Masoori Rice 5kg,14.26,350
12673,3511,Basmati Rice 5kg,5.95,550
12674,3511,Wheat Flour (Atta) 5kg,2.66,250
12675,3511,Toor Dal 1kg,4.24,140
12676,3512,Basmati Rice 5kg,5.8,550
12677,3512,Wheat Flour (Atta) 5kg,1.23,250
12678,3512,Toor Dal 1kg,4.29,140
12679,3512,Moong Dal 1kg,2.62,130
12680,3513,Wheat Flour (Atta) 5kg,1.16,250
12681,3513,Moong Dal 1kg,2.35,130
12682,3513,Rajma (Kidney Beans) 1kg,3.28,160
12683,3513,Turmeric Powder 200g,2.3,60
12684,3514,Wheat Flour (Atta) 5kg,1.87,250
12685,3514,Moong Dal 1kg,1.44,130
12686,3514,Turmeric Powder 200g,2.57,48.9
12687,3514,Garam Masala 100g,0.56,80
12688,3515,Wheat Flour (Atta) 5kg,2.47,250
12689,3515,Garam Masala 100g,0.71,80
12690,3515,Biryani Masala 100g,0.58,100
12691,3515,Almonds (Badam) 500g,1.02,450
12692,3516,Wheat Flour (Atta) 5kg,1.55,250
12693,3516,Garam Masala 100g,0.78,80
12694,3516,Biryani Masala 100g,0.35,100
12695,3516,Almonds (Badam) 500g,0.57,450
12696,3517,Garam Masala 100g,0.43,80
12697,3517,Biryani Masala 100g,0.71,100
12698,3517,Almonds (Badam) 500g,0.36,450
12699,3517,Cashew Nuts (Kaju) 500g,0.54,550
12700,3518,Garam Masala 100g,0.79,80
12701,3518,Biryani Masala 100g,0.52,100
12702,3518,Cashew Nuts (Kaju) 500g,0.9,550
12703,3518,Peanuts (Groundnut) 500g,1.3,90
12704,3519,Biryani Masala 100g,0.64,86.88
12705,3519,Cashew Nuts (Kaju) 500g,0.74,550
12706,3519,Peanuts (Groundnut) 500g,0.86,90
12707,3519,Sunflower Oil 1L,1.62,145.5
12708,3520,Biryani Masala 100g,0.43,100
12709,3520,Cashew Nuts (Kaju) 500g,0.45,550
12710,3520,Peanuts (Groundnut) 500g,1.88,90
12711,3520,Sunflower Oil 1L,1.72,180
12712,3521,Peanuts (Groundnut) 500g,1.02,90
12713,3521,Sunflower Oil 1L,1.68,180
12714,3521,Groundnut Oil 1L,1.12,220
12715,3521,Mustard Oil 1L,1.07,233.5
12716,3522,Sunflower Oil 1L,1.46,180
12717,3522,Groundnut Oil 1L,2.8,220
12718,3522,Mustard Oil 1L,0.84,200
12719,3522,Pure Ghee 1L,0.6,600
12720,3523,Sunflower Oil 1L,2.7,180
12721,3523,Groundnut Oil 1L,1.66,220
12722,3523,Mustard Oil 1L,1.41,200
12723,3523,Pure Ghee 1L,0.44,600
12724,3524,Sunflower Oil 1L,1.39,180
12725,3524,Mustard Oil 1L,0.67,200
12726,3524,Pure Ghee 1L,0.54,600
12727,3524,Sugar 1kg,4.65,45
12728,3525,Mustard Oil 1L,1.06,200
12729,3525,Pure Ghee 1L,0.76,600
12730,3525,Sugar 1kg,1.84,45
12731,3525,Jaggery (Bella/Gud) 1kg,0.83,70
12732,3526,Mustard Oil 1L,0.75,200
12733,3526,Pure Ghee 1L,0.53,600
12734,3526,Sugar 1kg,4.38,45
12735,3526,Jaggery (Bella/Gud) 1kg,1.02,70
12736,3527,Jaggery (Bella/Gud) 1kg,2.14,70
12737,3527,Iodized Salt 1kg,1.76,25
12738,3527,Rock Salt (Sendha Namak) 500g,3.03,40
12739,3528,Iodized Salt 1kg,1.63,25
12740,3529,Iodized Salt 1kg,1.58,25
12741,3530,Iodized Salt 1kg,0.93,25
12742,3531,Iodized Salt 1kg,1.06,25
12743,3532,Iodized Salt 1kg,1.28,25
12744,3533,Sona Masoori Rice 5kg,4.0,350
12745,3533,Basmati Rice 5kg,3.64,550
12746,3533,Wheat Flour (Atta) 5kg,2.32,250
12747,3533,Toor Dal 1kg,2.05,140
12748,3534,Sona Masoori Rice 5kg,4.23,350
12749,3534,Basmati Rice 5kg,3.81,550
12750,3534,Wheat Flour (Atta) 5kg,3.7,250
12751,3534,Toor Dal 1kg,1.61,140
12752,3535,Sona Masoori Rice 5kg,3.83,350
12753,3535,Basmati Rice 5kg,4.27,550
12754,3535,Wheat Flour (Atta) 5kg,3.32,250
12755,3535,Toor Dal 1kg,0.88,140
12756,3536,Sona Masoori Rice 5kg,2.53,350
12757,3536,Wheat Flour (Atta) 5kg,2.59,250
12758,3536,Toor Dal 1kg,1.27,140
12759,3536,Moong Dal 1kg,0.92,130
12760,3537,Toor Dal 1kg,1.72,140
12761,3537,Moong Dal 1kg,1.41,130
12762,3537,Rajma (Kidney Beans) 1kg,0.46,160
12763,3537,Turmeric Powder 200g,5.07,60
12764,3538,Toor Dal 1kg,1.1,140
12765,3538,Moong Dal 1kg,1.12,130
12766,3538,Rajma (Kidney Beans) 1kg,0.84,160
12767,3538,Garam Masala 100g,0.46,80
12768,3539,Moong Dal 1kg,1.01,130
12769,3539,Rajma (Kidney Beans) 1kg,1.36,160
12770,3539,Garam Masala 100g,0.37,80
12771,3539,Biryani Masala 100g,0.58,100
12772,3540,Moong Dal 1kg,2.29,130
12773,3540,Rajma (Kidney Beans) 1kg,0.68,160
12774,3540,Garam Masala 100g,0.31,80
12775,3540,Biryani Masala 100g,0.64,100
12776,3541,Garam Masala 100g,0.44,80
12777,3541,Biryani Masala 100g,0.45,100
12778,3541,Almonds (Badam) 500g,0.58,450
12779,3541,Cashew Nuts (Kaju) 500g,0.31,550
12780,3542,Biryani Masala 100g,0.32,100
12781,3542,Almonds (Badam) 500g,1.29,450
12782,3542,Cashew Nuts (Kaju) 500g,0.65,550
12783,3542,Peanuts (Groundnut) 500g,1.9,90
12784,3543,Biryani Masala 100g,0.4,100
12785,3543,Cashew Nuts (Kaju) 500g,0.86,550
12786,3543,Peanuts (Groundnut) 500g,1.0,90
12787,3543,Sunflower Oil 1L,10.71,180
12788,3544,Biryani Masala 100g,0.34,100
12789,3544,Cashew Nuts (Kaju) 500g,0.46,550
12790,3544,Peanuts (Groundnut) 500g,1.61,90
12791,3544,Groundnut Oil 1L,0.87,220
12792,3545,Groundnut Oil 1L,1.16,220
12793,3545,Mustard Oil 1L,1.11,200
12794,3545,Pure Ghee 1L,2.91,600
12795,3545,Sugar 1kg,4.52,45
12796,3546,Groundnut Oil 1L,1.08,220
12797,3546,Mustard Oil 1L,0.86,200
12798,3546,Sugar 1kg,4.01,45
12799,3546,Jaggery (Bella/Gud) 1kg,3.83,70
12800,3547,Groundnut Oil 1L,0.93,220
12801,3547,Mustard Oil 1L,2.1,200
12802,3547,Sugar 1kg,2.12,45
12803,3547,Iodized Salt 1kg,1.74,25
12804,3548,Groundnut Oil 1L,1.02,220
12805,3548,Mustard Oil 1L,0.81,200
12806,3548,Iodized Salt 1kg,2.5,25
12807,3549,Mustard Oil 1L,1.21,200
12808,3549,Iodized Salt 1kg,2.65,25
12809,3550,Iodized Salt 1kg,1.07,25
12810,3551,Sona Masoori Rice 5kg,3.68,350
12811,3551,Basmati Rice 5kg,1.56,550
12812,3551,Wheat Flour (Atta) 5kg,6.19,250
12813,3551,Toor Dal 1kg,2.31,140
12814,3552,Sona Masoori Rice 5kg,4.95,350
12815,3552,Basmati Rice 5kg,4.04,550
12816,3552,Wheat Flour (Atta) 5kg,5.89,250
12817,3552,Toor Dal 1kg,1.83,140
12818,3553,Sona Masoori Rice 5kg,6.47,350
12819,3553,Basmati Rice 5kg,4.55,550
12820,3553,Toor Dal 1kg,1.67,140
12821,3553,Moong Dal 1kg,3.68,130
12822,3554,Basmati Rice 5kg,1.75,641.54
12823,3554,Toor Dal 1kg,2.2,140
12824,3554,Moong Dal 1kg,2.67,130
12825,3554,Rajma (Kidney Beans) 1kg,0.92,160
12826,3555,Rajma (Kidney Beans) 1kg,0.69,160
12827,3555,Turmeric Powder 200g,2.19,60
12828,3555,Garam Masala 100g,1.83,80
12829,3555,Biryani Masala 100g,0.62,100
12830,3556,Rajma (Kidney Beans) 1kg,1.01,160
12831,3556,Turmeric Powder 200g,1.48,60
12832,3556,Garam Masala 100g,1.12,80
12833,3556,Biryani Masala 100g,0.38,100
12834,3557,Turmeric Powder 200g,1.65,60
12835,3557,Biryani Masala 100g,0.25,100
12836,3557,Almonds (Badam) 500g,0.22,393.97
12837,3557,Cashew Nuts (Kaju) 500g,0.25,550
12838,3558,Biryani Masala 100g,0.63,100
12839,3558,Almonds (Badam) 500g,0.37,450
12840,3558,Cashew Nuts (Kaju) 500g,0.34,550
12841,3558,Peanuts (Groundnut) 500g,3.54,78.22
12842,3559,Biryani Masala 100g,0.36,100
12843,3559,Almonds (Badam) 500g,0.66,450
12844,3559,Cashew Nuts (Kaju) 500g,0.33,550
12845,3559,Peanuts (Groundnut) 500g,1.96,90
12846,3560,Biryani Masala 100g,0.53,100
12847,3560,Almonds (Badam) 500g,0.3,450
12848,3560,Cashew Nuts (Kaju) 500g,0.61,550
12849,3560,Sunflower Oil 1L,1.85,180
12850,3561,Almonds (Badam) 500g,0.6,450
12851,3561,Cashew Nuts (Kaju) 500g,0.63,550
12852,3561,Sunflower Oil 1L,1.44,180
12853,3561,Groundnut Oil 1L,1.49,220
12854,3562,Cashew Nuts (Kaju) 500g,0.46,550
12855,3562,Sunflower Oil 1L,2.64,180
12856,3562,Groundnut Oil 1L,1.0,220
12857,3562,Mustard Oil 1L,1.66,200
12858,3563,Sunflower Oil 1L,1.88,180
12859,3563,Groundnut Oil 1L,0.73,220
12860,3563,Mustard Oil 1L,2.71,200
12861,3563,Pure Ghee 1L,1.07,600
12862,3564,Sunflower Oil 1L,2.97,180
12863,3564,Groundnut Oil 1L,1.42,220
12864,3564,Mustard Oil 1L,1.86,200
12865,3564,Pure Ghee 1L,0.76,600
12866,3565,Pure Ghee 1L,1.44,600
12867,3565,Sugar 1kg,0.96,45
12868,3565,Jaggery (Bella/Gud) 1kg,1.13,70
12869,3565,Iodized Salt 1kg,2.25,25
12870,3566,Sugar 1kg,2.12,45
12871,3566,Jaggery (Bella/Gud) 1kg,1.01,70
12872,3566,Iodized Salt 1kg,5.64,25
12873,3567,Sugar 1kg,1.04,45
12874,3567,Jaggery (Bella/Gud) 1kg,0.7,70
12875,3568,Sugar 1kg,1.9,45
12876,3568,Jaggery (Bella/Gud) 1kg,1.22,70
12877,3569,Sugar 1kg,2.03,45
12878,3570,Sugar 1kg,1.73,45
12879,3571,Sona Masoori Rice 5kg,2.86,350
12880,3571,Basmati Rice 5kg,2.56,550
12881,3571,Wheat Flour (Atta) 5kg,1.69,250
12882,3571,Toor Dal 1kg,1.95,140
12883,3572,Sona Masoori Rice 5kg,3.87,401.81
12884,3572,Basmati Rice 5kg,1.28,550
12885,3572,Wheat Flour (Atta) 5kg,3.3,250
12886,3572,Toor Dal 1kg,1.42,140
12887,3573,Sona Masoori Rice 5kg,4.45,350
12888,3573,Basmati Rice 5kg,1.14,550
12889,3573,Wheat Flour (Atta) 5kg,4.63,250
12890,3573,Toor Dal 1kg,1.54,140
12891,3574,Sona Masoori Rice 5kg,4.03,350
12892,3574,Basmati Rice 5kg,1.83,550
12893,3574,Wheat Flour (Atta) 5kg,2.79,250
12894,3574,Toor Dal 1kg,1.66,140
12895,3575,Basmati Rice 5kg,2.08,550
12896,3575,Toor Dal 1kg,1.16,140
12897,3575,Moong Dal 1kg,6.86,130
12898,3575,Rajma (Kidney Beans) 1kg,0.99,160
12899,3576,Basmati Rice 5kg,2.57,550
12900,3576,Rajma (Kidney Beans) 1kg,0.66,160
12901,3576,Turmeric Powder 200g,1.99,60
12902,3576,Garam Masala 100g,0.83,80
12903,3577,Rajma (Kidney Beans) 1kg,1.24,160
12904,3577,Turmeric Powder 200g,2.8,60
12905,3577,Garam Masala 100g,0.81,80
12906,3577,Biryani Masala 100g,1.48,100
12907,3578,Garam Masala 100g,0.6,80
12908,3578,Biryani Masala 100g,1.31,100
12909,3578,Almonds (Badam) 500g,0.26,450
12910,3578,Cashew Nuts (Kaju) 500g,0.57,550
12911,3579,Almonds (Badam) 500g,0.35,450
12912,3579,Cashew Nuts (Kaju) 500g,0.38,550
12913,3579,Peanuts (Groundnut) 500g,5.35,90
12914,3579,Sunflower Oil 1L,3.18,180
12915,3580,Almonds (Badam) 500g,0.4,369.58
12916,3580,Cashew Nuts (Kaju) 500g,0.75,550
12917,3580,Sunflower Oil 1L,2.43,180
12918,3580,Groundnut Oil 1L,0.72,220
12919,3581,Almonds (Badam) 500g,0.38,450
12920,3581,Cashew Nuts (Kaju) 500g,0.71,550
12921,3581,Sunflower Oil 1L,3.74,180
12922,3581,Groundnut Oil 1L,1.03,220
12923,3582,Almonds (Badam) 500g,0.35,450
12924,3582,Groundnut Oil 1L,0.92,220
12925,3582,Mustard Oil 1L,1.72,200
12926,3582,Pure Ghee 1L,0.52,600
12927,3583,Almonds (Badam) 500g,0.38,450
12928,3583,Groundnut Oil 1L,0.69,220
12929,3583,Mustard Oil 1L,2.64,200
12930,3583,Pure Ghee 1L,0.44,600
12931,3584,Groundnut Oil 1L,0.62,220
12932,3584,Mustard Oil 1L,1.2,200
12933,3584,Pure Ghee 1L,0.39,694.06
12934,3584,Sugar 1kg,3.64,45
12935,3585,Groundnut Oil 1L,0.67,220
12936,3585,Pure Ghee 1L,0.43,600
12937,3585,Sugar 1kg,1.91,45
12938,3585,Jaggery (Bella/Gud) 1kg,0.86,70
12939,3586,Pure Ghee 1L,0.64,600
12940,3586,Sugar 1kg,3.06,45
12941,3586,Jaggery (Bella/Gud) 1kg,1.16,70
12942,3586,Iodized Salt 1kg,2.11,25
12943,3587,Pure Ghee 1L,0.6,600
12944,3587,Sugar 1kg,1.69,45
12945,3587,Jaggery (Bella/Gud) 1kg,0.99,70
12946,3587,Iodized Salt 1kg,2.43,25
12947,3588,Jaggery (Bella/Gud) 1kg,0.5,70
12948,3588,Iodized Salt 1kg,3.03,25
12949,3588,Rock Salt (Sendha Namak) 500g,0.22,40
12950,3589,Jaggery (Bella/Gud) 1kg,0.45,70
12951,3589,Rock Salt (Sendha Namak) 500g,0.11,40
12952,3590,Rock Salt (Sendha Namak) 500g,0.19,40
12953,3591,Rock Salt (Sendha Namak) 500g,0.28,40
12954,3592,Rock Salt (Sendha Namak) 500g,0.14,40
12955,3593,Sona Masoori Rice 5kg,5.89,350
12956,3593,Basmati Rice 5kg,3.13,659.29
12957,3593,Wheat Flour (Atta) 5kg,2.1,250
12958,3593,Toor Dal 1kg,3.09,140
12959,3594,Sona Masoori Rice 5kg,8.18,350
12960,3594,Basmati Rice 5kg,2.64,550
12961,3594,Wheat Flour (Atta) 5kg,1.56,250
12962,3594,Toor Dal 1kg,2.84,140
12963,3595,Basmati Rice 5kg,5.12,550
12964,3595,Wheat Flour (Atta) 5kg,1.97,250
12965,3595,Toor Dal 1kg,2.77,140
12966,3595,Moong Dal 1kg,6.61,130
12967,3596,Wheat Flour (Atta) 5kg,2.29,250
12968,3596,Rajma (Kidney Beans) 1kg,0.73,160
12969,3596,Turmeric Powder 200g,2.37,60
12970,3596,Garam Masala 100g,0.61,80
12971,3597,Wheat Flour (Atta) 5kg,1.67,250
12972,3597,Rajma (Kidney Beans) 1kg,1.04,160
12973,3597,Turmeric Powder 200g,2.92,60
12974,3597,Garam Masala 100g,1.06,80
12975,3598,Wheat Flour (Atta) 5kg,2.73,250
12976,3598,Rajma (Kidney Beans) 1kg,1.15,160
12977,3598,Biryani Masala 100g,1.15,100
12978,3598,Almonds (Badam) 500g,0.23,450
12979,3599,Biryani Masala 100g,1.68,100
12980,3599,Almonds (Badam) 500g,0.37,390.68
12981,3599,Cashew Nuts (Kaju) 500g,2.56,463.03
12982,3599,Peanuts (Groundnut) 500g,1.46,90
12983,3600,Almonds (Badam) 500g,0.34,450
12984,3600,Peanuts (Groundnut) 500g,1.05,90
12985,3600,Sunflower Oil 1L,1.49,180
12986,3600,Groundnut Oil 1L,2.79,220
12987,3601,Almonds (Badam) 500g,0.37,450
12988,3601,Peanuts (Groundnut) 500g,0.71,90
12989,3601,Sunflower Oil 1L,2.58,180
12990,3601,Groundnut Oil 1L,1.16,220
12991,3602,Almonds (Badam) 500g,0.3,450
12992,3602,Peanuts (Groundnut) 500g,1.24,90
12993,3602,Sunflower Oil 1L,1.06,180
12994,3602,Groundnut Oil 1L,1.05,220
12995,3603,Almonds (Badam) 500g,0.37,450
12996,3603,Peanuts (Groundnut) 500g,0.57,90
12997,3603,Sunflower Oil 1L,1.78,180
12998,3603,Mustard Oil 1L,1.72,200
12999,3604,Sunflower Oil 1L,2.4,180
13000,3604,Mustard Oil 1L,1.78,200
13001,3604,Pure Ghee 1L,1.01,600
13002,3604,Sugar 1kg,0.96,45
13003,3605,Sunflower Oil 1L,1.05,180
13004,3605,Mustard Oil 1L,1.56,200
13005,3605,Pure Ghee 1L,0.7,600
13006,3605,Sugar 1kg,2.37,45
13007,3606,Mustard Oil 1L,0.98,200
13008,3606,Pure Ghee 1L,1.3,600
13009,3606,Sugar 1kg,2.03,45
13010,3606,Jaggery (Bella/Gud) 1kg,0.73,70
13011,3607,Sugar 1kg,2.21,39.54
13012,3607,Jaggery (Bella/Gud) 1kg,1.36,70
13013,3607,Iodized Salt 1kg,1.81,25
13014,3608,Sugar 1kg,1.44,45
13015,3608,Jaggery (Bella/Gud) 1kg,0.98,70
13016,3608,Iodized Salt 1kg,1.74,25
13017,3609,Jaggery (Bella/Gud) 1kg,0.96,82.18
13018,3609,Iodized Salt 1kg,2.51,25
13019,3610,Iodized Salt 1kg,2.64,25
13020,3611,Sona Masoori Rice 5kg,14.4,350
13021,3611,Basmati Rice 5kg,12.59,550
13022,3611,Wheat Flour (Atta) 5kg,11.11,250
13023,3611,Toor Dal 1kg,8.29,140
13024,3612,Moong Dal 1kg,1.67,130
13025,3612,Rajma (Kidney Beans) 1kg,2.58,160
13026,3612,Turmeric Powder 200g,0.81,60
13027,3612,Garam Masala 100g,1.83,80
13028,3613,Moong Dal 1kg,1.76,130
13029,3613,Turmeric Powder 200g,0.56,60
13030,3613,Biryani Masala 100g,1.19,100
13031,3613,Almonds (Badam) 500g,0.22,450
13032,3614,Moong Dal 1kg,1.15,130
13033,3614,Turmeric Powder 200g,0.83,60
13034,3614,Biryani Masala 100g,0.5,100
13035,3614,Almonds (Badam) 500g,0.22,450
13036,3615,Moong Dal 1kg,1.75,130
13037,3615,Turmeric Powder 200g,1.49,60
13038,3615,Biryani Masala 100g,0.5,100
13039,3615,Almonds (Badam) 500g,0.32,450
13040,3616,Turmeric Powder 200g,0.91,60
13041,3616,Biryani Masala 100g,0.86,100
13042,3616,Almonds (Badam) 500g,0.42,450
13043,3616,Cashew Nuts (Kaju) 500g,1.13,550
13044,3617,Turmeric Powder 200g,0.77,60
13045,3617,Almonds (Badam) 500g,0.46,450
13046,3617,Cashew Nuts (Kaju) 500g,0.71,550
13047,3617,Peanuts (Groundnut) 500g,1.11,90
13048,3618,Almonds (Badam) 500g,0.2,450
13049,3618,Cashew Nuts (Kaju) 500g,0.79,550
13050,3618,Peanuts (Groundnut) 500g,1.19,90
13051,3618,Sunflower Oil 1L,3.8,180
13052,3619,Peanuts (Groundnut) 500g,1.21,90
13053,3619,Sunflower Oil 1L,5.62,180
13054,3619,Groundnut Oil 1L,5.03,220
13055,3619,Mustard Oil 1L,1.17,200
13056,3620,Peanuts (Groundnut) 500g,1.25,90
13057,3620,Mustard Oil 1L,0.5,200
13058,3620,Pure Ghee 1L,0.42,600
13059,3620,Sugar 1kg,2.17,45
13060,3621,Mustard Oil 1L,1.42,200
13061,3621,Pure Ghee 1L,0.75,600
13062,3621,Sugar 1kg,1.79,45
13063,3621,Jaggery (Bella/Gud) 1kg,2.07,70
13064,3622,Mustard Oil 1L,1.23,200
13065,3622,Pure Ghee 1L,0.63,600
13066,3622,Sugar 1kg,2.91,45
13067,3622,Jaggery (Bella/Gud) 1kg,1.89,70
13068,3623,Mustard Oil 1L,1.43,200
13069,3623,Pure Ghee 1L,0.53,600
13070,3623,Sugar 1kg,3.52,45
13071,3623,Iodized Salt 1kg,1.99,25
13072,3624,Pure Ghee 1L,0.53,600
13073,3624,Iodized Salt 1kg,1.12,25
13074,3624,Rock Salt (Sendha Namak) 500g,0.11,40
13075,3625,Pure Ghee 1L,0.41,600
13076,3625,Iodized Salt 1kg,1.48,25
13077,3625,Rock Salt (Sendha Namak) 500g,0.18,40
13078,3626,Iodized Salt 1kg,1.53,25
13079,3626,Rock Salt (Sendha Namak) 500g,0.18,40
13080,3627,Iodized Salt 1kg,1.52,25
13081,3627,Rock Salt (Sendha Namak) 500g,0.12,40
13082,3628,Rock Salt (Sendha Namak) 500g,0.17,40
13083,3629,Rock Salt (Sendha Namak) 500g,0.17,40
13084,3630,Sona Masoori Rice 5kg,1.63,350
13085,3630,Basmati Rice 5kg,3.31,550
13086,3630,Wheat Flour (Atta) 5kg,6.74,250
13087,3630,Toor Dal 1kg,1.65,140
13088,3631,Sona Masoori Rice 5kg,1.99,350
13089,3631,Basmati Rice 5kg,1.86,550
13090,3631,Wheat Flour (Atta) 5kg,6.25,250
13091,3631,Toor Dal 1kg,0.87,140
13092,3632,Sona Masoori Rice 5kg,2.63,350
13093,3632,Basmati Rice 5kg,1.63,550
13094,3632,Toor Dal 1kg,1.46,140
13095,3632,Moong Dal 1kg,2.79,130
13096,3633,Sona Masoori Rice 5kg,1.81,350
13097,3633,Basmati Rice 5kg,3.68,550
13098,3633,Toor Dal 1kg,2.11,140
13099,3633,Moong Dal 1kg,3.95,130
13100,3634,Sona Masoori Rice 5kg,3.17,350
13101,3634,Basmati Rice 5kg,2.45,550
13102,3634,Toor Dal 1kg,1.59,140
13103,3634,Rajma (Kidney Beans) 1kg,1.04,160
13104,3635,Sona Masoori Rice 5kg,2.6,350
13105,3635,Rajma (Kidney Beans) 1kg,0.55,160
13106,3635,Turmeric Powder 200g,4.96,60
13107,3635,Garam Masala 100g,0.38,80
13108,3636,Rajma (Kidney Beans) 1kg,0.98,160
13109,3636,Garam Masala 100g,0.72,80
13110,3636,Biryani Masala 100g,0.62,100
13111,3636,Almonds (Badam) 500g,0.79,450
13112,3637,Rajma (Kidney Beans) 1kg,0.77,160
13113,3637,Garam Masala 100g,0.63,80
13114,3637,Biryani Masala 100g,0.96,100
13115,3637,Almonds (Badam) 500g,1.14,450
13116,3638,Garam Masala 100g,0.86,80
13117,3638,Biryani Masala 100g,1.17,100
13118,3638,Cashew Nuts (Kaju) 500g,0.6,464.57
13119,3638,Peanuts (Groundnut) 500g,1.02,90
13120,3639,Garam Masala 100g,0.31,80
13121,3639,Cashew Nuts (Kaju) 500g,0.81,612.76
13122,3639,Peanuts (Groundnut) 500g,1.57,90
13123,3639,Sunflower Oil 1L,1.67,180
13124,3640,Cashew Nuts (Kaju) 500g,0.71,550
13125,3640,Peanuts (Groundnut) 500g,1.37,90
13126,3640,Sunflower Oil 1L,2.34,180
13127,3640,Groundnut Oil 1L,5.52,220
13128,3641,Cashew Nuts (Kaju) 500g,0.43,550
13129,3641,Peanuts (Groundnut) 500g,1.42,90
13130,3641,Sunflower Oil 1L,2.88,180
13131,3641,Mustard Oil 1L,1.05,200
13132,3642,Sunflower Oil 1L,2.39,180
13133,3642,Mustard Oil 1L,1.35,200
13134,3642,Pure Ghee 1L,0.4,600
13135,3642,Sugar 1kg,9.28,37.05
13136,3643,Mustard Oil 1L,1.97,200
13137,3643,Pure Ghee 1L,0.4,600
13138,3643,Jaggery (Bella/Gud) 1kg,0.96,70
13139,3643,Iodized Salt 1kg,2.99,25
13140,3644,Mustard Oil 1L,1.92,200
13141,3644,Pure Ghee 1L,0.35,600
13142,3644,Jaggery (Bella/Gud) 1kg,1.15,70
13143,3644,Iodized Salt 1kg,4.42,25
13144,3645,Pure Ghee 1L,0.61,600
13145,3645,Jaggery (Bella/Gud) 1kg,1.39,70
13146,3645,Rock Salt (Sendha Namak) 500g,0.55,40
13147,3646,Pure Ghee 1L,0.72,600
13148,3646,Jaggery (Bella/Gud) 1kg,0.83,70
13149,3646,Rock Salt (Sendha Namak) 500g,0.6,40
13150,3647,Pure Ghee 1L,0.31,600
13151,3647,Rock Salt (Sendha Namak) 500g,0.44,40
13152,3648,Rock Salt (Sendha Namak) 500g,0.53,40
13153,3649,Sona Masoori Rice 5kg,7.5,350
13154,3649,Basmati Rice 5kg,2.64,550
13155,3649,Wheat Flour (Atta) 5kg,12.27,279.27
13156,3649,Toor Dal 1kg,5.06,140
13157,3650,Sona Masoori Rice 5kg,7.25,350
13158,3650,Basmati Rice 5kg,2.21,550
13159,3650,Toor Dal 1kg,2.16,140
13160,3650,Moong Dal 1kg,2.52,130
13161,3651,Basmati Rice 5kg,4.26,550
13162,3651,Moong Dal 1kg,2.28,130
13163,3651,Rajma (Kidney Beans) 1kg,0.75,176.89
13164,3651,Turmeric Powder 200g,1.12,60
13165,3652,Basmati Rice 5kg,3.41,550
13166,3652,Moong Dal 1kg,2.73,130
13167,3652,Rajma (Kidney Beans) 1kg,0.64,160
13168,3652,Turmeric Powder 200g,0.46,60
13169,3653,Rajma (Kidney Beans) 1kg,0.61,160
13170,3653,Turmeric Powder 200g,0.93,60
13171,3653,Biryani Masala 100g,0.53,100
13172,3653,Almonds (Badam) 500g,0.35,450
13173,3654,Rajma (Kidney Beans) 1kg,1.43,160
13174,3654,Turmeric Powder 200g,1.09,60
13175,3654,Biryani Masala 100g,0.49,100
13176,3654,Almonds (Badam) 500g,0.27,450
13177,3655,Turmeric Powder 200g,0.76,60
13178,3655,Biryani Masala 100g,0.49,100
13179,3655,Almonds (Badam) 500g,0.59,450
13180,3655,Cashew Nuts (Kaju) 500g,0.42,550
13181,3656,Turmeric Powder 200g,1.07,60
13182,3656,Biryani Masala 100g,0.34,100
13183,3656,Almonds (Badam) 500g,0.41,450
13184,3656,Cashew Nuts (Kaju) 500g,0.95,550
13185,3657,Biryani Masala 100g,0.65,100
13186,3657,Almonds (Badam) 500g,0.31,450
13187,3657,Cashew Nuts (Kaju) 500g,0.73,550
13188,3657,Peanuts (Groundnut) 500g,0.94,90
13189,3658,Biryani Masala 100g,0.63,100
13190,3658,Almonds (Badam) 500g,0.21,450
13191,3658,Cashew Nuts (Kaju) 500g,0.55,550
13192,3658,Peanuts (Groundnut) 500g,0.57,90
13193,3659,Peanuts (Groundnut) 500g,0.93,90
13194,3659,Sunflower Oil 1L,3.01,180
13195,3659,Groundnut Oil 1L,1.13,220
13196,3659,Mustard Oil 1L,0.77,200
13197,3660,Peanuts (Groundnut) 500g,0.59,90
13198,3660,Sunflower Oil 1L,4.23,160.9
13199,3660,Groundnut Oil 1L,0.67,220
13200,3660,Mustard Oil 1L,0.97,200
13201,3661,Peanuts (Groundnut) 500g,0.87,90
13202,3661,Sunflower Oil 1L,2.89,180
13203,3661,Groundnut Oil 1L,0.63,220
13204,3661,Mustard Oil 1L,1.75,200
13205,3662,Peanuts (Groundnut) 500g,0.66,104.61
13206,3662,Groundnut Oil 1L,0.74,220
13207,3662,Mustard Oil 1L,1.8,200
13208,3662,Pure Ghee 1L,0.43,600
13209,3663,Groundnut Oil 1L,0.71,220
13210,3663,Pure Ghee 1L,0.53,600
13211,3663,Sugar 1kg,3.07,45
13212,3663,Jaggery (Bella/Gud) 1kg,1.53,70
13213,3664,Groundnut Oil 1L,0.95,220
13214,3664,Pure Ghee 1L,0.46,600
13215,3664,Sugar 1kg,1.72,39.93
13216,3664,Jaggery (Bella/Gud) 1kg,1.43,70
13217,3665,Pure Ghee 1L,0.32,600
13218,3665,Sugar 1kg,3.07,45
13219,3665,Jaggery (Bella/Gud) 1kg,0.82,70
13220,3665,Iodized Salt 1kg,1.84,25
13221,3666,Pure Ghee 1L,0.55,600
13222,3666,Sugar 1kg,2.92,45
13223,3666,Iodized Salt 1kg,1.17,25
13224,3666,Rock Salt (Sendha Namak) 500g,0.71,40
13225,3667,Pure Ghee 1L,0.66,600
13226,3667,Iodized Salt 1kg,1.97,25
13227,3667,Rock Salt (Sendha Namak) 500g,0.97,45.84
13228,3668,Iodized Salt 1kg,2.62,25
13229,3668,Rock Salt (Sendha Namak) 500g,1.02,40
13230,3669,Iodized Salt 1kg,1.23,25
13231,3670,Sona Masoori Rice 5kg,3.84,350
13232,3670,Basmati Rice 5kg,3.02,550
13233,3670,Wheat Flour (Atta) 5kg,3.68,250
13234,3670,Toor Dal 1kg,2.36,140
13235,3671,Sona Masoori Rice 5kg,5.57,350
13236,3671,Basmati Rice 5kg,1.77,550
13237,3671,Wheat Flour (Atta) 5kg,5.3,250
13238,3671,Toor Dal 1kg,5.52,140
13239,3672,Sona Masoori Rice 5kg,4.73,350
13240,3672,Basmati Rice 5kg,2.27,550
13241,3672,Wheat Flour (Atta) 5kg,4.15,250
13242,3672,Moong Dal 1kg,3.49,130
13243,3673,Basmati Rice 5kg,1.09,550
13244,3673,Moong Dal 1kg,3.21,130
13245,3673,Rajma (Kidney Beans) 1kg,0.28,160
13246,3673,Turmeric Powder 200g,1.73,60
13247,3674,Basmati Rice 5kg,3.1,550
13248,3674,Rajma (Kidney Beans) 1kg,0.58,160
13249,3674,Turmeric Powder 200g,2.93,60
13250,3674,Garam Masala 100g,4.18,80
13251,3675,Rajma (Kidney Beans) 1kg,0.52,160
13252,3675,Biryani Masala 100g,2.81,100
13253,3675,Almonds (Badam) 500g,0.43,450
13254,3675,Cashew Nuts (Kaju) 500g,0.31,550
13255,3676,Rajma (Kidney Beans) 1kg,0.55,160
13256,3676,Almonds (Badam) 500g,0.49,450
13257,3676,Cashew Nuts (Kaju) 500g,0.27,550
13258,3676,Peanuts (Groundnut) 500g,5.47,90
13259,3677,Rajma (Kidney Beans) 1kg,0.58,160
13260,3677,Almonds (Badam) 500g,0.69,450
13261,3677,Cashew Nuts (Kaju) 500g,0.48,550
13262,3677,Sunflower Oil 1L,4.35,180
13263,3678,Rajma (Kidney Beans) 1kg,0.27,160
13264,3678,Almonds (Badam) 500g,0.3,450
13265,3678,Cashew Nuts (Kaju) 500g,0.31,550
13266,3678,Sunflower Oil 1L,3.79,180
13267,3679,Cashew Nuts (Kaju) 500g,0.46,550
13268,3679,Sunflower Oil 1L,2.66,180
13269,3679,Groundnut Oil 1L,4.93,220
13270,3679,Mustard Oil 1L,6.13,200
13271,3680,Cashew Nuts (Kaju) 500g,0.47,550
13272,3680,Pure Ghee 1L,2.71,600
13273,3680,Sugar 1kg,2.65,45
13274,3680,Jaggery (Bella/Gud) 1kg,0.8,70
13275,3681,Sugar 1kg,4.58,45
13276,3681,Jaggery (Bella/Gud) 1kg,2.04,70
13277,3681,Iodized Salt 1kg,3.8,25
13278,3681,Rock Salt (Sendha Namak) 500g,1.5,40
13279,3682,Sugar 1kg,3.33,45
13280,3682,Jaggery (Bella/Gud) 1kg,0.78,70
13281,3682,Iodized Salt 1kg,4.38,25
13282,3683,Sona Masoori Rice 5kg,13.55,350
13283,3683,Basmati Rice 5kg,3.82,550
13284,3683,Wheat Flour (Atta) 5kg,2.31,250
13285,3683,Toor Dal 1kg,3.0,140
13286,3684,Basmati Rice 5kg,8.69,550
13287,3684,Wheat Flour (Atta) 5kg,2.41,250
13288,3684,Toor Dal 1kg,2.57,140
13289,3684,Moong Dal 1kg,1.93,130
13290,3685,Wheat Flour (Atta) 5kg,2.63,250
13291,3685,Toor Dal 1kg,2.44,140
13292,3685,Moong Dal 1kg,1.48,130
13293,3685,Rajma (Kidney Beans) 1kg,0.63,160
13294,3686,Wheat Flour (Atta) 5kg,2.12,250
13295,3686,Moong Dal 1kg,1.86,130
13296,3686,Rajma (Kidney Beans) 1kg,0.59,160
13297,3686,Turmeric Powder 200g,1.1,60
13298,3687,Wheat Flour (Atta) 5kg,2.53,250
13299,3687,Moong Dal 1kg,1.36,130
13300,3687,Rajma (Kidney Beans) 1kg,0.54,160
13301,3687,Turmeric Powder 200g,1.39,60
13302,3688,Rajma (Kidney Beans) 1kg,0.58,160
13303,3688,Turmeric Powder 200g,0.79,60
13304,3688,Garam Masala 100g,1.09,69.26
13305,3688,Biryani Masala 100g,3.1,100
13306,3689,Rajma (Kidney Beans) 1kg,0.69,160
13307,3689,Turmeric Powder 200g,1.51,60
13308,3689,Garam Masala 100g,0.75,80
13309,3689,Almonds (Badam) 500g,0.6,450
13310,3690,Almonds (Badam) 500g,0.58,450
13311,3690,Cashew Nuts (Kaju) 500g,2.59,550
13312,3690,Peanuts (Groundnut) 500g,1.82,90
13313,3690,Sunflower Oil 1L,1.99,180
13314,3691,Almonds (Badam) 500g,0.85,450
13315,3691,Peanuts (Groundnut) 500g,1.48,90
13316,3691,Sunflower Oil 1L,1.49,180
13317,3691,Groundnut Oil 1L,0.53,220
13318,3692,Peanuts (Groundnut) 500g,1.94,90
13319,3692,Sunflower Oil 1L,1.7,180
13320,3692,Groundnut Oil 1L,0.88,220
13321,3692,Mustard Oil 1L,1.33,200
13322,3693,Sunflower Oil 1L,1.46,180
13323,3693,Groundnut Oil 1L,0.72,220
13324,3693,Mustard Oil 1L,1.06,200
13325,3693,Pure Ghee 1L,1.24,600
13326,3694,Sunflower Oil 1L,1.85,180
13327,3694,Groundnut Oil 1L,0.53,220
13328,3694,Mustard Oil 1L,1.07,200
13329,3694,Pure Ghee 1L,0.8,600
13330,3695,Sunflower Oil 1L,1.27,180
13331,3695,Groundnut Oil 1L,1.16,220
13332,3695,Mustard Oil 1L,0.8,200
13333,3695,Pure Ghee 1L,0.81,600
13334,3696,Groundnut Oil 1L,0.73,220
13335,3696,Mustard Oil 1L,0.59,200
13336,3696,Sugar 1kg,9.79,45
13337,3696,Jaggery (Bella/Gud) 1kg,1.16,70
13338,3697,Mustard Oil 1L,0.56,200
13339,3697,Jaggery (Bella/Gud) 1kg,1.23,70
13340,3697,Iodized Salt 1kg,1.32,25
13341,3698,Jaggery (Bella/Gud) 1kg,1.23,70
13342,3698,Iodized Salt 1kg,0.92,25
13343,3699,Iodized Salt 1kg,1.7,25
13344,3700,Iodized Salt 1kg,1.8,25
13345,3701,Iodized Salt 1kg,1.91,25
13346,3702,Sona Masoori Rice 5kg,5.84,350
13347,3702,Basmati Rice 5kg,11.63,550
13348,3702,Wheat Flour (Atta) 5kg,1.87,250
13349,3702,Toor Dal 1kg,1.84,140
13350,3703,Sona Masoori Rice 5kg,9.64,350
13351,3703,Wheat Flour (Atta) 5kg,4.92,250
13352,3703,Toor Dal 1kg,1.99,140
13353,3703,Moong Dal 1kg,1.32,130
13354,3704,Wheat Flour (Atta) 5kg,1.85,250
13355,3704,Toor Dal 1kg,1.76,140
13356,3704,Moong Dal 1kg,1.8,130
13357,3704,Rajma (Kidney Beans) 1kg,1.64,160
13358,3705,Wheat Flour (Atta) 5kg,2.27,250
13359,3705,Toor Dal 1kg,2.17,140
13360,3705,Moong Dal 1kg,0.85,130
13361,3705,Rajma (Kidney Beans) 1kg,0.77,160
13362,3706,Moong Dal 1kg,2.09,130
13363,3706,Rajma (Kidney Beans) 1kg,0.93,160
13364,3706,Turmeric Powder 200g,0.92,60
13365,3706,Garam Masala 100g,0.4,80
13366,3707,Moong Dal 1kg,1.22,130
13367,3707,Turmeric Powder 200g,0.9,60
13368,3707,Garam Masala 100g,0.94,80
13369,3707,Biryani Masala 100g,0.87,100
13370,3708,Turmeric Powder 200g,0.88,60
13371,3708,Garam Masala 100g,0.97,80
13372,3708,Biryani Masala 100g,0.96,100
13373,3708,Almonds (Badam) 500g,0.87,450
13374,3709,Turmeric Powder 200g,0.53,60
13375,3709,Garam Masala 100g,0.69,89.51
13376,3709,Biryani Masala 100g,0.55,100
13377,3709,Almonds (Badam) 500g,1.18,450
13378,3710,Turmeric Powder 200g,1.09,60
13379,3710,Garam Masala 100g,0.43,80
13380,3710,Biryani Masala 100g,0.52,100
13381,3710,Cashew Nuts (Kaju) 500g,2.7,550
13382,3711,Turmeric Powder 200g,0.42,60
13383,3711,Peanuts (Groundnut) 500g,0.85,90
13384,3711,Sunflower Oil 1L,4.45,180
13385,3711,Groundnut Oil 1L,1.44,220
13386,3712,Peanuts (Groundnut) 500g,1.1,90
13387,3712,Sunflower Oil 1L,2.94,180
13388,3712,Groundnut Oil 1L,0.78,220
13389,3712,Mustard Oil 1L,1.86,200
13390,3713,Peanuts (Groundnut) 500g,1.03,90
13391,3713,Sunflower Oil 1L,3.44,180
13392,3713,Groundnut Oil 1L,1.04,220
13393,3713,Mustard Oil 1L,0.89,200
13394,3714,Peanuts (Groundnut) 500g,0.97,90
13395,3714,Groundnut Oil 1L,1.35,220
13396,3714,Mustard Oil 1L,1.98,200
13397,3714,Pure Ghee 1L,1.23,600
13398,3715,Peanuts (Groundnut) 500g,0.63,90
13399,3715,Mustard Oil 1L,1.41,200
13400,3715,Pure Ghee 1L,1.94,600
13401,3715,Sugar 1kg,1.16,45
13402,3716,Peanuts (Groundnut) 500g,0.86,90
13403,3716,Sugar 1kg,2.19,45
13404,3716,Jaggery (Bella/Gud) 1kg,1.02,70
13405,3716,Iodized Salt 1kg,1.82,25
13406,3717,Sugar 1kg,2.12,45
13407,3717,Jaggery (Bella/Gud) 1kg,1.04,70
13408,3717,Iodized Salt 1kg,1.53,25
13409,3717,Rock Salt (Sendha Namak) 500g,0.6,40
13410,3718,Sugar 1kg,1.39,45
13411,3718,Jaggery (Bella/Gud) 1kg,0.94,70
13412,3718,Iodized Salt 1kg,1.0,25
13413,3718,Rock Salt (Sendha Namak) 500g,0.79,40
13414,3719,Sugar 1kg,2.85,45
13415,3719,Jaggery (Bella/Gud) 1kg,0.94,70
13416,3719,Iodized Salt 1kg,2.14,25
13417,3720,Iodized Salt 1kg,1.22,25
13418,3721,Sona Masoori Rice 5kg,5.06,350
13419,3721,Basmati Rice 5kg,4.09,550
13420,3721,Wheat Flour (Atta) 5kg,7.16,250
13421,3721,Toor Dal 1kg,1.02,140
13422,3722,Sona Masoori Rice 5kg,5.2,350
13423,3722,Basmati Rice 5kg,2.24,471.37
13424,3722,Wheat Flour (Atta) 5kg,3.76,250
13425,3722,Toor Dal 1kg,0.95,163.76
13426,3723,Sona Masoori Rice 5kg,4.83,350
13427,3723,Basmati Rice 5kg,4.65,550
13428,3723,Toor Dal 1kg,1.78,140
13429,3723,Moong Dal 1kg,1.7,130
13430,3724,Basmati Rice 5kg,2.13,550
13431,3724,Toor Dal 1kg,1.5,140
13432,3724,Moong Dal 1kg,1.29,130
13433,3724,Rajma (Kidney Beans) 1kg,1.82,160
13434,3725,Toor Dal 1kg,2.39,140
13435,3725,Moong Dal 1kg,1.06,130
13436,3725,Rajma (Kidney Beans) 1kg,1.27,160
13437,3725,Turmeric Powder 200g,0.69,60
13438,3726,Moong Dal 1kg,0.81,130
13439,3726,Turmeric Powder 200g,1.62,60
13440,3726,Garam Masala 100g,1.84,80
13441,3726,Biryani Masala 100g,1.03,100
13442,3727,Moong Dal 1kg,1.16,130
13443,3727,Turmeric Powder 200g,1.59,60
13444,3727,Garam Masala 100g,2.36,80
13445,3727,Biryani Masala 100g,0.74,100
13446,3728,Moong Dal 1kg,1.16,130
13447,3728,Turmeric Powder 200g,1.24,60
13448,3728,Biryani Masala 100g,0.7,100
13449,3728,Almonds (Badam) 500g,0.4,450
13450,3729,Biryani Masala 100g,0.57,100
13451,3729,Almonds (Badam) 500g,0.3,450
13452,3729,Cashew Nuts (Kaju) 500g,1.38,550
13453,3729,Peanuts (Groundnut) 500g,1.0,90
13454,3730,Almonds (Badam) 500g,0.65,450
13455,3730,Cashew Nuts (Kaju) 500g,1.06,550
13456,3730,Peanuts (Groundnut) 500g,1.27,90
13457,3730,Sunflower Oil 1L,5.77,202.87
13458,3731,Almonds (Badam) 500g,0.31,450
13459,3731,Peanuts (Groundnut) 500g,0.76,90
13460,3731,Sunflower Oil 1L,3.57,180
13461,3731,Groundnut Oil 1L,0.6,220
13462,3732,Almonds (Badam) 500g,0.37,450
13463,3732,Peanuts (Groundnut) 500g,1.32,90
13464,3732,Groundnut Oil 1L,1.36,220
13465,3732,Mustard Oil 1L,1.26,200
13466,3733,Peanuts (Groundnut) 500g,1.1,90
13467,3733,Groundnut Oil 1L,1.43,220
13468,3733,Mustard Oil 1L,1.91,200
13469,3733,Pure Ghee 1L,3.18,600
13470,3734,Groundnut Oil 1L,0.85,220
13471,3734,Mustard Oil 1L,1.27,200
13472,3734,Sugar 1kg,2.08,45
13473,3734,Jaggery (Bella/Gud) 1kg,4.07,70
13474,3735,Groundnut Oil 1L,0.85,220
13475,3735,Mustard Oil 1L,1.55,230.62
13476,3735,Sugar 1kg,2.49,45
13477,3735,Iodized Salt 1kg,4.14,25
13478,3736,Sugar 1kg,1.95,45
13479,3736,Iodized Salt 1kg,4.27,25
13480,3736,Rock Salt (Sendha Namak) 500g,0.32,40
13481,3737,Sugar 1kg,1.18,45
13482,3737,Rock Salt (Sendha Namak) 500g,0.35,40
13483,3738,Sugar 1kg,2.26,45
13484,3738,Rock Salt (Sendha Namak) 500g,0.41,40
13485,3739,Sona Masoori Rice 5kg,5.72,350
13486,3739,Basmati Rice 5kg,3.7,550
13487,3739,Wheat Flour (Atta) 5kg,5.55,250
13488,3739,Toor Dal 1kg,8.35,140
13489,3740,Sona Masoori Rice 5kg,9.88,350
13490,3740,Basmati Rice 5kg,3.22,550
13491,3740,Wheat Flour (Atta) 5kg,6.16,250
13492,3740,Moong Dal 1kg,2.34,130
13493,3741,Basmati Rice 5kg,3.0,550
13494,3741,Moong Dal 1kg,3.42,113.77
13495,3741,Rajma (Kidney Beans) 1kg,3.43,160
13496,3741,Turmeric Powder 200g,1.29,60
13497,3742,Basmati Rice 5kg,2.2,550
13498,3742,Moong Dal 1kg,1.54,130
13499,3742,Turmeric Powder 200g,1.98,60
13500,3742,Garam Masala 100g,1.08,80
13501,3743,Turmeric Powder 200g,1.6,60
13502,3743,Garam Masala 100g,1.54,80
13503,3743,Biryani Masala 100g,0.72,100
13504,3743,Almonds (Badam) 500g,1.86,450
13505,3744,Garam Masala 100g,1.01,80
13506,3744,Biryani Masala 100g,0.75,100
13507,3744,Cashew Nuts (Kaju) 500g,0.53,550
13508,3744,Peanuts (Groundnut) 500g,0.87,90
13509,3745,Biryani Masala 100g,0.52,100
13510,3745,Cashew Nuts (Kaju) 500g,0.34,550
13511,3745,Peanuts (Groundnut) 500g,1.38,90
13512,3745,Sunflower Oil 1L,2.18,180
13513,3746,Biryani Masala 100g,0.57,100
13514,3746,Cashew Nuts (Kaju) 500g,0.61,550
13515,3746,Peanuts (Groundnut) 500g,1.14,90
13516,3746,Sunflower Oil 1L,1.83,180
13517,3747,Biryani Masala 100g,0.65,100
13518,3747,Cashew Nuts (Kaju) 500g,0.54,550
13519,3747,Peanuts (Groundnut) 500g,1.18,90
13520,3747,Sunflower Oil 1L,2.48,180
13521,3748,Cashew Nuts (Kaju) 500g,0.38,550
13522,3748,Sunflower Oil 1L,1.42,180
13523,3748,Groundnut Oil 1L,1.13,220
13524,3748,Mustard Oil 1L,1.62,200
13525,3749,Sunflower Oil 1L,1.35,180
13526,3749,Groundnut Oil 1L,2.8,220
13527,3749,Mustard Oil 1L,1.43,200
13528,3749,Pure Ghee 1L,1.16,677.06
13529,3750,Groundnut Oil 1L,1.29,177.85
13530,3750,Mustard Oil 1L,0.95,200
13531,3750,Pure Ghee 1L,0.6,600
13532,3750,Sugar 1kg,2.88,45
13533,3751,Mustard Oil 1L,0.83,200
13534,3751,Pure Ghee 1L,1.27,600
13535,3751,Sugar 1kg,2.75,45
13536,3751,Jaggery (Bella/Gud) 1kg,0.91,70
13537,3752,Mustard Oil 1L,1.11,200
13538,3752,Sugar 1kg,1.38,45
13539,3752,Jaggery (Bella/Gud) 1kg,0.97,70
13540,3752,Iodized Salt 1kg,3.67,25
13541,3753,Sugar 1kg,2.16,45
13542,3753,Jaggery (Bella/Gud) 1kg,1.11,70
13543,3753,Iodized Salt 1kg,4.0,25
13544,3753,Rock Salt (Sendha Namak) 500g,0.88,40
13545,3754,Jaggery (Bella/Gud) 1kg,0.64,70
13546,3754,Rock Salt (Sendha Namak) 500g,0.63,40
13547,3755,Sona Masoori Rice 5kg,7.07,350
13548,3755,Basmati Rice 5kg,2.9,550
13549,3755,Wheat Flour (Atta) 5kg,11.88,250
13550,3755,Toor Dal 1kg,2.87,140
13551,3756,Sona Masoori Rice 5kg,3.75,350
13552,3756,Basmati Rice 5kg,1.99,550
13553,3756,Toor Dal 1kg,1.9,140
13554,3756,Moong Dal 1kg,2.06,130
13555,3757,Sona Masoori Rice 5kg,5.38,404.3
13556,3757,Basmati Rice 5kg,3.1,550
13557,3757,Toor Dal 1kg,1.67,140
13558,3757,Moong Dal 1kg,1.03,130
13559,3758,Basmati Rice 5kg,1.92,550
13560,3758,Toor Dal 1kg,1.06,140
13561,3758,Moong Dal 1kg,1.69,130
13562,3758,Rajma (Kidney Beans) 1kg,3.31,160
13563,3759,Basmati Rice 5kg,1.95,550
13564,3759,Moong Dal 1kg,2.37,130
13565,3759,Turmeric Powder 200g,0.72,60
13566,3759,Garam Masala 100g,0.29,80
13567,3760,Turmeric Powder 200g,0.61,60
13568,3760,Garam Masala 100g,0.28,91.96
13569,3760,Biryani Masala 100g,1.11,100
13570,3760,Almonds (Badam) 500g,0.74,450
13571,3761,Turmeric Powder 200g,0.88,60
13572,3761,Garam Masala 100g,0.54,80
13573,3761,Biryani Masala 100g,1.03,100
13574,3761,Almonds (Badam) 500g,1.41,450
13575,3762,Turmeric Powder 200g,0.98,49.67
13576,3762,Garam Masala 100g,0.3,80
13577,3762,Biryani Masala 100g,0.92,100
13578,3762,Cashew Nuts (Kaju) 500g,2.3,550
13579,3763,Turmeric Powder 200g,0.66,60
13580,3763,Garam Masala 100g,0.54,80
13581,3763,Peanuts (Groundnut) 500g,1.84,90
13582,3763,Sunflower Oil 1L,1.36,180
13583,3764,Turmeric Powder 200g,1.08,60
13584,3764,Garam Masala 100g,0.29,80
13585,3764,Peanuts (Groundnut) 500g,2.06,90
13586,3764,Sunflower Oil 1L,2.39,180
13587,3765,Peanuts (Groundnut) 500g,0.96,103.52
13588,3765,Sunflower Oil 1L,1.91,180
13589,3765,Groundnut Oil 1L,1.52,220
13590,3765,Mustard Oil 1L,1.14,200
13591,3766,Sunflower Oil 1L,2.34,180
13592,3766,Groundnut Oil 1L,1.0,220
13593,3766,Mustard Oil 1L,1.63,200
13594,3766,Pure Ghee 1L,1.67,600
13595,3767,Sunflower Oil 1L,1.54,180
13596,3767,Groundnut Oil 1L,1.51,220
13597,3767,Mustard Oil 1L,1.66,200
13598,3767,Pure Ghee 1L,0.77,600
13599,3768,Groundnut Oil 1L,0.89,220
13600,3768,Mustard Oil 1L,0.96,200
13601,3768,Pure Ghee 1L,0.77,600
13602,3768,Sugar 1kg,1.71,45
13603,3769,Mustard Oil 1L,0.77,200
13604,3769,Sugar 1kg,3.49,45
13605,3769,Jaggery (Bella/Gud) 1kg,2.82,70
13606,3769,Iodized Salt 1kg,2.24,25
13607,3770,Sugar 1kg,4.7,45
13608,3770,Jaggery (Bella/Gud) 1kg,1.27,70
13609,3770,Iodized Salt 1kg,2.09,25
13610,3771,Iodized Salt 1kg,0.84,25
13611,3772,Iodized Salt 1kg,1.73,25
13612,3773,Iodized Salt 1kg,1.35,25
13613,3774,Sona Masoori Rice 5kg,15.15,350
13614,3774,Basmati Rice 5kg,2.96,550
13615,3774,Wheat Flour (Atta) 5kg,5.31,250
13616,3774,Toor Dal 1kg,3.66,140
13617,3775,Basmati Rice 5kg,1.71,550
13618,3775,Wheat Flour (Atta) 5kg,3.6,250
13619,3775,Toor Dal 1kg,2.95,140
13620,3775,Moong Dal 1kg,0.9,130
13621,3776,Basmati Rice 5kg,2.9,550
13622,3776,Wheat Flour (Atta) 5kg,4.28,250
13623,3776,Toor Dal 1kg,1.58,140
13624,3776,Moong Dal 1kg,1.25,130
13625,3777,Basmati Rice 5kg,1.87,550
13626,3777,Moong Dal 1kg,0.94,130
13627,3777,Rajma (Kidney Beans) 1kg,0.81,160
13628,3777,Turmeric Powder 200g,1.51,60
13629,3778,Basmati Rice 5kg,1.59,550
13630,3778,Moong Dal 1kg,0.99,130
13631,3778,Rajma (Kidney Beans) 1kg,0.62,160
13632,3778,Turmeric Powder 200g,1.4,53.59
13633,3779,Moong Dal 1kg,1.38,115.69
13634,3779,Rajma (Kidney Beans) 1kg,0.79,160
13635,3779,Turmeric Powder 200g,0.85,60
13636,3779,Garam Masala 100g,0.69,80
13637,3780,Moong Dal 1kg,1.19,130
13638,3780,Rajma (Kidney Beans) 1kg,0.4,160
13639,3780,Turmeric Powder 200g,0.94,60
13640,3780,Garam Masala 100g,0.55,80
13641,3781,Garam Masala 100g,1.22,80
13642,3781,Biryani Masala 100g,1.55,100
13643,3781,Almonds (Badam) 500g,0.64,450
13644,3781,Cashew Nuts (Kaju) 500g,2.6,550
13645,3782,Garam Masala 100g,0.6,80
13646,3782,Biryani Masala 100g,1.48,100
13647,3782,Almonds (Badam) 500g,0.68,450
13648,3782,Peanuts (Groundnut) 500g,3.03,90
13649,3783,Almonds (Badam) 500g,0.53,450
13650,3783,Peanuts (Groundnut) 500g,1.95,90
13651,3783,Sunflower Oil 1L,1.7,180
13652,3783,Groundnut Oil 1L,2.79,220
13653,3784,Almonds (Badam) 500g,0.35,450
13654,3784,Sunflower Oil 1L,2.27,180
13655,3784,Groundnut Oil 1L,2.62,220
13656,3784,Mustard Oil 1L,2.71,200
13657,3785,Sunflower Oil 1L,1.77,180
13658,3785,Mustard Oil 1L,2.96,200
13659,3785,Pure Ghee 1L,1.14,600
13660,3785,Sugar 1kg,1.7,45
13661,3786,Sunflower Oil 1L,1.61,180
13662,3786,Pure Ghee 1L,1.13,600
13663,3786,Sugar 1kg,1.34,45
13664,3786,Jaggery (Bella/Gud) 1kg,1.27,70
13665,3787,Sunflower Oil 1L,1.1,180
13666,3787,Pure Ghee 1L,0.56,600
13667,3787,Sugar 1kg,3.16,45
13668,3787,Jaggery (Bella/Gud) 1kg,1.62,70
13669,3788,Sunflower Oil 1L,1.3,180
13670,3788,Sugar 1kg,2.93,45
13671,3788,Jaggery (Bella/Gud) 1kg,1.3,70
13672,3788,Iodized Salt 1kg,1.65,25
13673,3789,Sugar 1kg,1.24,45
13674,3789,Iodized Salt 1kg,2.32,25
13675,3789,Rock Salt (Sendha Namak) 500g,0.57,40
13676,3790,Iodized Salt 1kg,2.22,21.1
13677,3790,Rock Salt (Sendha Namak) 500g,0.69,40
13678,3791,Iodized Salt 1kg,1.89,25
13679,3791,Rock Salt (Sendha Namak) 500g,0.52,40
13680,3792,Rock Salt (Sendha Namak) 500g,0.43,40
13681,3793,Sona Masoori Rice 5kg,3.46,350
13682,3793,Basmati Rice 5kg,2.83,550
13683,3793,Wheat Flour (Atta) 5kg,5.7,250
13684,3793,Toor Dal 1kg,2.93,140
13685,3794,Sona Masoori Rice 5kg,1.55,350
13686,3794,Basmati Rice 5kg,5.09,550
13687,3794,Wheat Flour (Atta) 5kg,6.18,282.64
13688,3794,Toor Dal 1kg,1.95,140
13689,3795,Sona Masoori Rice 5kg,2.95,350
13690,3795,Basmati Rice 5kg,4.67,550
13691,3795,Toor Dal 1kg,2.57,140
13692,3795,Moong Dal 1kg,0.93,130
13693,3796,Sona Masoori Rice 5kg,3.03,350
13694,3796,Moong Dal 1kg,1.51,130
13695,3796,Rajma (Kidney Beans) 1kg,0.41,160
13696,3796,Turmeric Powder 200g,1.41,60
13697,3797,Sona Masoori Rice 5kg,2.63,350
13698,3797,Moong Dal 1kg,2.25,130
13699,3797,Rajma (Kidney Beans) 1kg,0.69,160
13700,3797,Turmeric Powder 200g,0.63,60
13701,3798,Moong Dal 1kg,2.3,130
13702,3798,Rajma (Kidney Beans) 1kg,0.41,160
13703,3798,Turmeric Powder 200g,0.92,60
13704,3798,Garam Masala 100g,1.33,80
13705,3799,Rajma (Kidney Beans) 1kg,1.05,160
13706,3799,Turmeric Powder 200g,0.62,60
13707,3799,Garam Masala 100g,0.88,80
13708,3799,Biryani Masala 100g,0.82,100
13709,3800,Turmeric Powder 200g,0.64,60
13710,3800,Garam Masala 100g,1.11,80
13711,3800,Biryani Masala 100g,1.99,100
13712,3800,Almonds (Badam) 500g,0.37,450
13713,3801,Turmeric Powder 200g,0.71,60
13714,3801,Almonds (Badam) 500g,0.38,450
13715,3801,Cashew Nuts (Kaju) 500g,0.52,550
13716,3801,Peanuts (Groundnut) 500g,2.13,90
13717,3802,Almonds (Badam) 500g,0.59,450
13718,3802,Cashew Nuts (Kaju) 500g,0.5,550
13719,3802,Peanuts (Groundnut) 500g,3.15,90
13720,3802,Sunflower Oil 1L,4.25,180
13721,3803,Almonds (Badam) 500g,0.53,450
13722,3803,Cashew Nuts (Kaju) 500g,0.36,550
13723,3803,Sunflower Oil 1L,4.82,180
13724,3803,Groundnut Oil 1L,0.75,220
13725,3804,Cashew Nuts (Kaju) 500g,0.48,550
13726,3804,Groundnut Oil 1L,0.82,220
13727,3804,Mustard Oil 1L,1.98,200
13728,3804,Pure Ghee 1L,1.87,600
13729,3805,Cashew Nuts (Kaju) 500g,0.56,550
13730,3805,Groundnut Oil 1L,1.75,220
13731,3805,Mustard Oil 1L,1.57,200
13732,3805,Pure Ghee 1L,1.12,600
13733,3806,Cashew Nuts (Kaju) 500g,0.29,550
13734,3806,Groundnut Oil 1L,0.8,220
13735,3806,Mustard Oil 1L,2.67,200
13736,3806,Sugar 1kg,10.11,45
13737,3807,Groundnut Oil 1L,1.34,220
13738,3807,Jaggery (Bella/Gud) 1kg,0.48,70
13739,3807,Iodized Salt 1kg,0.91,25
13740,3807,Rock Salt (Sendha Namak) 500g,0.35,40
13741,3808,Jaggery (Bella/Gud) 1kg,1.03,70
13742,3808,Iodized Salt 1kg,1.84,25
13743,3808,Rock Salt (Sendha Namak) 500g,0.44,40
13744,3809,Jaggery (Bella/Gud) 1kg,1.0,70
13745,3809,Iodized Salt 1kg,1.8,25
13746,3809,Rock Salt (Sendha Namak) 500g,0.58,40
13747,3810,Jaggery (Bella/Gud) 1kg,0.73,70
13748,3810,Iodized Salt 1kg,1.61,25
13749,3810,Rock Salt (Sendha Namak) 500g,0.55,40
13750,3811,Jaggery (Bella/Gud) 1kg,1.06,83.09
13751,3811,Iodized Salt 1kg,1.45,25
13752,3811,Rock Salt (Sendha Namak) 500g,0.49,40
13753,3812,Iodized Salt 1kg,1.06,25
13754,3812,Rock Salt (Sendha Namak) 500g,0.63,40
13755,3813,Sona Masoori Rice 5kg,4.51,350
13756,3813,Basmati Rice 5kg,6.83,550
13757,3813,Wheat Flour (Atta) 5kg,5.83,250
13758,3813,Toor Dal 1kg,2.6,140
13759,3814,Sona Masoori Rice 5kg,5.37,350
13760,3814,Basmati Rice 5kg,6.56,550
13761,3814,Wheat Flour (Atta) 5kg,6.42,250
13762,3814,Toor Dal 1kg,2.78,140
13763,3815,Sona Masoori Rice 5kg,4.22,350
13764,3815,Toor Dal 1kg,2.3,140
13765,3815,Moong Dal 1kg,7.03,130
13766,3815,Rajma (Kidney Beans) 1kg,1.26,160
13767,3816,Rajma (Kidney Beans) 1kg,1.05,160
13768,3816,Turmeric Powder 200g,1.32,60
13769,3816,Garam Masala 100g,1.25,80
13770,3816,Biryani Masala 100g,0.66,100
13771,3817,Rajma (Kidney Beans) 1kg,1.11,160
13772,3817,Turmeric Powder 200g,1.27,60
13773,3817,Garam Masala 100g,1.46,80
13774,3817,Biryani Masala 100g,1.69,100
13775,3818,Turmeric Powder 200g,0.94,60
13776,3818,Biryani Masala 100g,0.83,100
13777,3818,Almonds (Badam) 500g,0.65,450
13778,3818,Cashew Nuts (Kaju) 500g,1.23,550
13779,3819,Turmeric Powder 200g,0.54,60
13780,3819,Almonds (Badam) 500g,0.77,450
13781,3819,Cashew Nuts (Kaju) 500g,0.58,550
13782,3819,Peanuts (Groundnut) 500g,0.72,90
13783,3820,Turmeric Powder 200g,0.56,60
13784,3820,Almonds (Badam) 500g,0.55,450
13785,3820,Cashew Nuts (Kaju) 500g,0.53,550
13786,3820,Peanuts (Groundnut) 500g,1.0,102.06
13787,3821,Peanuts (Groundnut) 500g,0.97,90
13788,3821,Sunflower Oil 1L,2.6,180
13789,3821,Groundnut Oil 1L,0.63,220
13790,3821,Mustard Oil 1L,1.82,200
13791,3822,Peanuts (Groundnut) 500g,0.54,90
13792,3822,Sunflower Oil 1L,1.94,180
13793,3822,Groundnut Oil 1L,0.92,190.5
13794,3822,Mustard Oil 1L,0.95,161.57
13795,3823,Peanuts (Groundnut) 500g,1.09,90
13796,3823,Sunflower Oil 1L,1.64,180
13797,3823,Groundnut Oil 1L,1.19,220
13798,3823,Mustard Oil 1L,1.74,200
13799,3824,Peanuts (Groundnut) 500g,1.05,90
13800,3824,Sunflower Oil 1L,2.82,180
13801,3824,Groundnut Oil 1L,0.91,220
13802,3824,Mustard Oil 1L,1.36,200
13803,3825,Groundnut Oil 1L,1.17,220
13804,3825,Pure Ghee 1L,3.29,600
13805,3825,Sugar 1kg,3.23,45
13806,3825,Jaggery (Bella/Gud) 1kg,0.76,70
13807,3826,Groundnut Oil 1L,0.66,220
13808,3826,Sugar 1kg,2.36,45
13809,3826,Jaggery (Bella/Gud) 1kg,0.74,70
13810,3826,Iodized Salt 1kg,2.37,25
13811,3827,Sugar 1kg,4.02,45
13812,3827,Jaggery (Bella/Gud) 1kg,0.7,70
13813,3827,Iodized Salt 1kg,2.35,25
13814,3827,Rock Salt (Sendha Namak) 500g,3.12,40
13815,3828,Jaggery (Bella/Gud) 1kg,0.86,70
13816,3828,Iodized Salt 1kg,2.54,25
13817,3829,Jaggery (Bella/Gud) 1kg,0.79,70
13818,3830,Jaggery (Bella/Gud) 1kg,0.47,70
13819,3831,Sona Masoori Rice 5kg,10.14,350
13820,3831,Basmati Rice 5kg,3.89,550
13821,3831,Wheat Flour (Atta) 5kg,3.8,299.08
13822,3831,Toor Dal 1kg,1.87,140
13823,3832,Sona Masoori Rice 5kg,6.21,401.02
13824,3832,Basmati Rice 5kg,3.75,550
13825,3832,Wheat Flour (Atta) 5kg,3.37,250
13826,3832,Toor Dal 1kg,1.97,140
13827,3833,Basmati Rice 5kg,4.01,550
13828,3833,Wheat Flour (Atta) 5kg,2.84,250
13829,3833,Toor Dal 1kg,1.3,140
13830,3833,Moong Dal 1kg,4.43,130
13831,3834,Wheat Flour (Atta) 5kg,1.56,250
13832,3834,Toor Dal 1kg,2.64,140
13833,3834,Moong Dal 1kg,2.2,130
13834,3834,Rajma (Kidney Beans) 1kg,1.26,160
13835,3835,Rajma (Kidney Beans) 1kg,1.84,160
13836,3835,Turmeric Powder 200g,2.02,60
13837,3835,Garam Masala 100g,0.46,80
13838,3835,Biryani Masala 100g,2.84,100
13839,3836,Turmeric Powder 200g,1.01,60
13840,3836,Garam Masala 100g,0.75,80
13841,3836,Almonds (Badam) 500g,0.99,450
13842,3836,Cashew Nuts (Kaju) 500g,0.5,550
13843,3837,Turmeric Powder 200g,0.81,60
13844,3837,Garam Masala 100g,0.57,80
13845,3837,Almonds (Badam) 500g,0.65,450
13846,3837,Cashew Nuts (Kaju) 500g,0.71,550
13847,3838,Turmeric Powder 200g,1.55,60
13848,3838,Garam Masala 100g,0.77,80
13849,3838,Almonds (Badam) 500g,0.36,450
13850,3838,Cashew Nuts (Kaju) 500g,0.7,550
13851,3839,Garam Masala 100g,0.88,80
13852,3839,Cashew Nuts (Kaju) 500g,0.72,550
13853,3839,Peanuts (Groundnut) 500g,0.94,90
13854,3839,Sunflower Oil 1L,3.76,180
13855,3840,Garam Masala 100g,0.83,80
13856,3840,Peanuts (Groundnut) 500g,1.2,90
13857,3840,Sunflower Oil 1L,5.54,180
13858,3840,Groundnut Oil 1L,1.67,220
13859,3841,Peanuts (Groundnut) 500g,1.27,90
13860,3841,Groundnut Oil 1L,1.58,220
13861,3841,Mustard Oil 1L,3.34,200
13862,3841,Pure Ghee 1L,0.58,600
13863,3842,Peanuts (Groundnut) 500g,0.52,90
13864,3842,Groundnut Oil 1L,2.23,220
13865,3842,Mustard Oil 1L,2.43,200
13866,3842,Pure Ghee 1L,0.71,600
13867,3843,Peanuts (Groundnut) 500g,1.03,90
13868,3843,Pure Ghee 1L,0.4,600
13869,3843,Sugar 1kg,1.29,45
13870,3843,Jaggery (Bella/Gud) 1kg,1.43,70
13871,3844,Pure Ghee 1L,0.65,600
13872,3844,Sugar 1kg,2.42,45
13873,3844,Jaggery (Bella/Gud) 1kg,1.25,70
13874,3844,Iodized Salt 1kg,1.69,25
13875,3845,Pure Ghee 1L,0.59,600
13876,3845,Sugar 1kg,2.69,45
13877,3845,Jaggery (Bella/Gud) 1kg,1.35,70
13878,3845,Iodized Salt 1kg,2.23,25
13879,3846,Sugar 1kg,1.73,45
13880,3846,Iodized Salt 1kg,2.35,25
13881,3847,Sugar 1kg,2.55,45
13882,3847,Iodized Salt 1kg,1.99,25
13883,3848,Sona Masoori Rice 5kg,15.5,350
13884,3848,Basmati Rice 5kg,2.94,550
13885,3848,Wheat Flour (Atta) 5kg,2.19,250
13886,3848,Toor Dal 1kg,0.87,140
13887,3849,Basmati Rice 5kg,1.78,550
13888,3849,Wheat Flour (Atta) 5kg,1.55,250
13889,3849,Toor Dal 1kg,1.41,112.93
13890,3849,Moong Dal 1kg,1.9,130
13891,3850,Basmati Rice 5kg,3.59,550
13892,3850,Wheat Flour (Atta) 5kg,2.64,250
13893,3850,Toor Dal 1kg,1.48,140
13894,3850,Moong Dal 1kg,1.67,130
13895,3851,Basmati Rice 5kg,1.93,550
13896,3851,Wheat Flour (Atta) 5kg,1.58,250
13897,3851,Toor Dal 1kg,2.34,140
13898,3851,Moong Dal 1kg,1.83,130
13899,3852,Basmati Rice 5kg,2.15,550
13900,3852,Wheat Flour (Atta) 5kg,2.01,250
13901,3852,Toor Dal 1kg,2.25,140
13902,3852,Moong Dal 1kg,0.98,130
13903,3853,Wheat Flour (Atta) 5kg,1.43,250
13904,3853,Rajma (Kidney Beans) 1kg,0.9,160
13905,3853,Turmeric Powder 200g,1.19,60
13906,3853,Garam Masala 100g,0.27,80
13907,3854,Rajma (Kidney Beans) 1kg,1.02,160
13908,3854,Turmeric Powder 200g,1.78,60
13909,3854,Garam Masala 100g,0.51,80
13910,3854,Biryani Masala 100g,0.65,100
13911,3855,Rajma (Kidney Beans) 1kg,0.6,184.5
13912,3855,Turmeric Powder 200g,1.76,60
13913,3855,Garam Masala 100g,0.46,80
13914,3855,Biryani Masala 100g,0.89,100
13915,3856,Rajma (Kidney Beans) 1kg,0.36,160
13916,3856,Garam Masala 100g,0.49,80
13917,3856,Biryani Masala 100g,0.62,100
13918,3856,Almonds (Badam) 500g,2.03,450
13919,3857,Garam Masala 100g,0.25,80
13920,3857,Biryani Masala 100g,1.06,100
13921,3857,Cashew Nuts (Kaju) 500g,2.74,550
13922,3857,Peanuts (Groundnut) 500g,1.23,100.91
13923,3858,Garam Masala 100g,0.27,80
13924,3858,Peanuts (Groundnut) 500g,1.18,90
13925,3858,Sunflower Oil 1L,10.0,180
13926,3858,Groundnut Oil 1L,4.71,220
13927,3859,Peanuts (Groundnut) 500g,0.98,76.88
13928,3859,Mustard Oil 1L,0.73,200
13929,3859,Pure Ghee 1L,0.55,600
13930,3859,Sugar 1kg,9.45,45
13931,3860,Peanuts (Groundnut) 500g,1.44,103.08
13932,3860,Mustard Oil 1L,1.16,200
13933,3860,Pure Ghee 1L,0.87,600
13934,3860,Jaggery (Bella/Gud) 1kg,1.92,70
13935,3861,Mustard Oil 1L,1.18,200
13936,3861,Pure Ghee 1L,0.54,600
13937,3861,Jaggery (Bella/Gud) 1kg,2.13,70
13938,3861,Iodized Salt 1kg,8.12,25
13939,3862,Mustard Oil 1L,0.96,200
13940,3862,Pure Ghee 1L,0.89,600
13941,3863,Mustard Oil 1L,0.51,200
13942,3864,Mustard Oil 1L,0.99,200
13943,3865,Sona Masoori Rice 5kg,15.69,350
13944,3865,Basmati Rice 5kg,1.4,550
13945,3865,Wheat Flour (Atta) 5kg,5.1,250
13946,3865,Toor Dal 1kg,5.03,140
13947,3866,Basmati Rice 5kg,1.04,550
13948,3866,Wheat Flour (Atta) 5kg,2.78,250
13949,3866,Toor Dal 1kg,3.0,120.3
13950,3866,Moong Dal 1kg,0.85,130
13951,3867,Basmati Rice 5kg,1.94,550
13952,3867,Wheat Flour (Atta) 5kg,4.41,250
13953,3867,Moong Dal 1kg,0.99,130
13954,3867,Rajma (Kidney Beans) 1kg,1.42,160
13955,3868,Basmati Rice 5kg,2.85,550
13956,3868,Moong Dal 1kg,1.52,130
13957,3868,Rajma (Kidney Beans) 1kg,1.11,160
13958,3868,Turmeric Powder 200g,1.73,60
13959,3869,Basmati Rice 5kg,2.07,550
13960,3869,Moong Dal 1kg,1.71,152.15
13961,3869,Rajma (Kidney Beans) 1kg,0.81,181.6
13962,3869,Turmeric Powder 200g,2.18,60
13963,3870,Basmati Rice 5kg,2.75,550
13964,3870,Moong Dal 1kg,1.07,130
13965,3870,Turmeric Powder 200g,0.99,60
13966,3870,Garam Masala 100g,1.54,80
13967,3871,Moong Dal 1kg,0.84,130
13968,3871,Garam Masala 100g,1.42,80
13969,3871,Biryani Masala 100g,1.2,100
13970,3871,Almonds (Badam) 500g,1.15,450
13971,3872,Garam Masala 100g,1.71,80
13972,3872,Biryani Masala 100g,0.93,100
13973,3872,Almonds (Badam) 500g,0.67,450
13974,3872,Cashew Nuts (Kaju) 500g,0.72,550
13975,3873,Biryani Masala 100g,0.99,100
13976,3873,Cashew Nuts (Kaju) 500g,0.5,550
13977,3873,Peanuts (Groundnut) 500g,2.1,90
13978,3873,Sunflower Oil 1L,1.5,180
13979,3874,Cashew Nuts (Kaju) 500g,0.57,550
13980,3874,Peanuts (Groundnut) 500g,1.91,90
13981,3874,Sunflower Oil 1L,3.22,180
13982,3874,Groundnut Oil 1L,0.97,220
13983,3875,Cashew Nuts (Kaju) 500g,0.35,550
13984,3875,Peanuts (Groundnut) 500g,1.18,90
13985,3875,Sunflower Oil 1L,1.29,180
13986,3875,Groundnut Oil 1L,1.23,220
13987,3876,Cashew Nuts (Kaju) 500g,0.37,550
13988,3876,Sunflower Oil 1L,2.03,180
13989,3876,Groundnut Oil 1L,1.25,220
13990,3876,Mustard Oil 1L,5.61,200
13991,3877,Sunflower Oil 1L,1.22,180
13992,3877,Groundnut Oil 1L,0.57,220
13993,3877,Pure Ghee 1L,0.58,600
13994,3877,Sugar 1kg,6.86,38.31
13995,3878,Groundnut Oil 1L,0.83,220
13996,3878,Pure Ghee 1L,0.43,600
13997,3878,Sugar 1kg,2.68,45
13998,3878,Jaggery (Bella/Gud) 1kg,1.12,70
13999,3879,Pure Ghee 1L,0.75,600
14000,3879,Jaggery (Bella/Gud) 1kg,1.15,70
14001,3879,Iodized Salt 1kg,1.74,25
14002,3879,Rock Salt (Sendha Namak) 500g,2.21,40
14003,3880,Pure Ghee 1L,0.48,600
14004,3880,Jaggery (Bella/Gud) 1kg,1.11,70
14005,3880,Iodized Salt 1kg,1.49,25
14006,3881,Pure Ghee 1L,0.62,600
14007,3881,Jaggery (Bella/Gud) 1kg,0.75,70
14008,3881,Iodized Salt 1kg,1.49,25
14009,3882,Pure Ghee 1L,0.4,600
14010,3882,Iodized Salt 1kg,1.67,25
14011,3883,Iodized Salt 1kg,0.88,25
14012,3884,Iodized Salt 1kg,1.04,25
14013,3885,Sona Masoori Rice 5kg,7.06,350
14014,3885,Basmati Rice 5kg,12.32,550
14015,3885,Wheat Flour (Atta) 5kg,3.22,250
14016,3885,Toor Dal 1kg,1.32,140
14017,3886,Sona Masoori Rice 5kg,8.32,350
14018,3886,Wheat Flour (Atta) 5kg,3.05,250
14019,3886,Toor Dal 1kg,1.51,140
14020,3886,Moong Dal 1kg,6.47,130
14021,3887,Wheat Flour (Atta) 5kg,2.4,250
14022,3887,Toor Dal 1kg,1.86,140
14023,3887,Rajma (Kidney Beans) 1kg,0.42,160
14024,3887,Turmeric Powder 200g,0.97,60
14025,3888,Wheat Flour (Atta) 5kg,2.77,250
14026,3888,Toor Dal 1kg,1.39,140
14027,3888,Rajma (Kidney Beans) 1kg,0.89,160
14028,3888,Turmeric Powder 200g,1.09,60
14029,3889,Toor Dal 1kg,1.67,140
14030,3889,Rajma (Kidney Beans) 1kg,0.73,160
14031,3889,Turmeric Powder 200g,1.03,60
14032,3889,Garam Masala 100g,0.92,80
14033,3890,Rajma (Kidney Beans) 1kg,0.78,160
14034,3890,Turmeric Powder 200g,0.9,60
14035,3890,Garam Masala 100g,0.61,80
14036,3890,Biryani Masala 100g,1.39,100
14037,3891,Turmeric Powder 200g,0.94,60
14038,3891,Garam Masala 100g,0.94,80
14039,3891,Biryani Masala 100g,1.56,100
14040,3891,Almonds (Badam) 500g,2.05,450
14041,3892,Garam Masala 100g,0.99,80
14042,3892,Cashew Nuts (Kaju) 500g,2.7,550
14043,3892,Peanuts (Groundnut) 500g,3.98,90
14044,3892,Sunflower Oil 1L,7.72,180
14045,3893,Peanuts (Groundnut) 500g,1.43,90
14046,3893,Sunflower Oil 1L,2.58,180
14047,3893,Groundnut Oil 1L,0.85,220
14048,3893,Mustard Oil 1L,1.46,200
14049,3894,Groundnut Oil 1L,1.82,220
14050,3894,Mustard Oil 1L,0.99,200
14051,3894,Pure Ghee 1L,0.38,600
14052,3894,Sugar 1kg,10.18,45
14053,3895,Groundnut Oil 1L,0.78,220
14054,3895,Mustard Oil 1L,0.82,200
14055,3895,Pure Ghee 1L,0.56,600
14056,3895,Jaggery (Bella/Gud) 1kg,4.02,70
14057,3896,Groundnut Oil 1L,1.06,220
14058,3896,Mustard Oil 1L,1.56,200
14059,3896,Pure Ghee 1L,0.79,600
14060,3896,Iodized Salt 1kg,1.78,22.05
14061,3897,Mustard Oil 1L,1.23,200
14062,3897,Pure Ghee 1L,0.59,600
14063,3897,Iodized Salt 1kg,2.21,25
14064,3897,Rock Salt (Sendha Namak) 500g,2.65,40
14065,3898,Pure Ghee 1L,0.94,600
14066,3898,Iodized Salt 1kg,1.14,25
14067,3899,Iodized Salt 1kg,1.38,25
14068,3900,Iodized Salt 1kg,1.61,25
14069,3901,Sona Masoori Rice 5kg,3.64,350
14070,3901,Basmati Rice 5kg,3.76,550
14071,3901,Wheat Flour (Atta) 5kg,10.89,221.93
14072,3901,Toor Dal 1kg,1.49,140
14073,3902,Sona Masoori Rice 5kg,2.89,350
14074,3902,Basmati Rice 5kg,4.82,550
14075,3902,Toor Dal 1kg,1.66,140
14076,3902,Moong Dal 1kg,1.72,130
14077,3903,Sona Masoori Rice 5kg,2.19,350
14078,3903,Basmati Rice 5kg,3.76,550
14079,3903,Toor Dal 1kg,1.84,140
14080,3903,Moong Dal 1kg,0.71,130
14081,3904,Sona Masoori Rice 5kg,2.75,350
14082,3904,Toor Dal 1kg,1.08,140
14083,3904,Moong Dal 1kg,1.21,130
14084,3904,Rajma (Kidney Beans) 1kg,1.67,160
14085,3905,Sona Masoori Rice 5kg,3.12,350
14086,3905,Toor Dal 1kg,1.33,140
14087,3905,Moong Dal 1kg,0.85,130
14088,3905,Rajma (Kidney Beans) 1kg,0.9,160
14089,3906,Moong Dal 1kg,2.11,130
14090,3906,Turmeric Powder 200g,2.68,60
14091,3906,Garam Masala 100g,3.65,80
14092,3906,Biryani Masala 100g,0.81,100
14093,3907,Turmeric Powder 200g,2.52,60
14094,3907,Biryani Masala 100g,1.01,100
14095,3907,Almonds (Badam) 500g,0.78,450
14096,3907,Cashew Nuts (Kaju) 500g,0.29,550
14097,3908,Biryani Masala 100g,1.27,100
14098,3908,Almonds (Badam) 500g,0.84,450
14099,3908,Cashew Nuts (Kaju) 500g,0.46,550
14100,3908,Peanuts (Groundnut) 500g,1.11,90
14101,3909,Almonds (Badam) 500g,0.47,450
14102,3909,Cashew Nuts (Kaju) 500g,0.56,550
14103,3909,Peanuts (Groundnut) 500g,2.74,90
14104,3909,Sunflower Oil 1L,5.93,180
14105,3910,Cashew Nuts (Kaju) 500g,0.21,550
14106,3910,Peanuts (Groundnut) 500g,1.45,90
14107,3910,Sunflower Oil 1L,3.9,180
14108,3910,Groundnut Oil 1L,2.75,220
14109,3911,Cashew Nuts (Kaju) 500g,0.46,550
14110,3911,Groundnut Oil 1L,1.89,220
14111,3911,Mustard Oil 1L,5.31,200
14112,3911,Pure Ghee 1L,1.11,600
14113,3912,Cashew Nuts (Kaju) 500g,0.52,550
14114,3912,Pure Ghee 1L,0.74,600
14115,3912,Sugar 1kg,4.79,45
14116,3912,Jaggery (Bella/Gud) 1kg,1.08,70
14117,3913,Pure Ghee 1L,0.88,600
14118,3913,Sugar 1kg,4.45,45
14119,3913,Jaggery (Bella/Gud) 1kg,0.98,70
14120,3913,Iodized Salt 1kg,4.89,25
14121,3914,Jaggery (Bella/Gud) 1kg,0.7,70
14122,3914,Iodized Salt 1kg,3.38,25
14123,3914,Rock Salt (Sendha Namak) 500g,0.27,40
14124,3915,Jaggery (Bella/Gud) 1kg,0.92,70
14125,3915,Rock Salt (Sendha Namak) 500g,0.37,40
14126,3916,Rock Salt (Sendha Namak) 500g,0.32,40
14127,3917,Rock Salt (Sendha Namak) 500g,0.16,40
14128,3918,Rock Salt (Sendha Namak) 500g,0.29,40
14129,3919,Rock Salt (Sendha Namak) 500g,0.16,40
14130,3920,Sona Masoori Rice 5kg,4.36,350
14131,3920,Basmati Rice 5kg,3.81,550
14132,3920,Wheat Flour (Atta) 5kg,1.77,250
14133,3920,Toor Dal 1kg,4.7,140
14134,3921,Sona Masoori Rice 5kg,7.22,350
14135,3921,Basmati Rice 5kg,2.77,550
14136,3921,Wheat Flour (Atta) 5kg,3.3,250
14137,3921,Toor Dal 1kg,3.82,140
14138,3922,Sona Masoori Rice 5kg,4.27,350
14139,3922,Basmati Rice 5kg,1.56,550
14140,3922,Wheat Flour (Atta) 5kg,2.9,250
14141,3922,Moong Dal 1kg,1.06,130
14142,3923,Basmati Rice 5kg,3.72,550
14143,3923,Wheat Flour (Atta) 5kg,3.1,250
14144,3923,Moong Dal 1kg,1.42,130
14145,3923,Rajma (Kidney Beans) 1kg,2.07,160
14146,3924,Moong Dal 1kg,1.45,130
14147,3924,Rajma (Kidney Beans) 1kg,1.14,160
14148,3924,Turmeric Powder 200g,1.35,60
14149,3924,Garam Masala 100g,0.3,80
14150,3925,Moong Dal 1kg,1.56,130
14151,3925,Turmeric Powder 200g,1.83,60
14152,3925,Garam Masala 100g,0.16,80
14153,3925,Biryani Masala 100g,0.69,100
14154,3926,Moong Dal 1kg,1.1,130
14155,3926,Turmeric Powder 200g,1.56,60
14156,3926,Garam Masala 100g,0.18,80
14157,3926,Biryani Masala 100g,0.46,100
14158,3927,Garam Masala 100g,0.25,80
14159,3927,Biryani Masala 100g,0.58,100
14160,3927,Almonds (Badam) 500g,1.25,450
14161,3927,Cashew Nuts (Kaju) 500g,0.35,550
14162,3928,Garam Masala 100g,0.25,91.3
14163,3928,Biryani Masala 100g,0.73,100
14164,3928,Almonds (Badam) 500g,0.66,450
14165,3928,Cashew Nuts (Kaju) 500g,0.59,550
14166,3929,Garam Masala 100g,0.19,80
14167,3929,Biryani Masala 100g,0.54,100
14168,3929,Cashew Nuts (Kaju) 500g,0.74,550
14169,3929,Peanuts (Groundnut) 500g,4.84,90
14170,3930,Cashew Nuts (Kaju) 500g,0.39,550
14171,3930,Sunflower Oil 1L,3.48,180
14172,3930,Groundnut Oil 1L,1.45,220
14173,3930,Mustard Oil 1L,2.32,200
14174,3931,Cashew Nuts (Kaju) 500g,0.36,550
14175,3931,Sunflower Oil 1L,3.17,180
14176,3931,Groundnut Oil 1L,0.74,220
14177,3931,Mustard Oil 1L,3.08,200
14178,3932,Sunflower Oil 1L,2.97,180
14179,3932,Groundnut Oil 1L,1.4,220
14180,3932,Pure Ghee 1L,1.22,600
14181,3932,Sugar 1kg,5.14,45
14182,3933,Groundnut Oil 1L,0.8,220
14183,3933,Pure Ghee 1L,1.63,600
14184,3933,Sugar 1kg,2.44,45
14185,3933,Jaggery (Bella/Gud) 1kg,0.48,70
14186,3934,Groundnut Oil 1L,0.91,220
14187,3934,Sugar 1kg,2.29,45
14188,3934,Jaggery (Bella/Gud) 1kg,0.58,70
14189,3934,Iodized Salt 1kg,1.14,25
14190,3935,Jaggery (Bella/Gud) 1kg,0.95,70
14191,3935,Iodized Salt 1kg,1.92,25
14192,3936,Jaggery (Bella/Gud) 1kg,0.86,70
14193,3936,Iodized Salt 1kg,1.54,25
14194,3937,Jaggery (Bella/Gud) 1kg,0.46,83.98
14195,3937,Iodized Salt 1kg,1.82,25
14196,3938,Jaggery (Bella/Gud) 1kg,0.91,70
14197,3938,Iodized Salt 1kg,0.92,25
14198,3939,Sona Masoori Rice 5kg,2.88,350
14199,3939,Basmati Rice 5kg,6.14,550
14200,3939,Wheat Flour (Atta) 5kg,4.21,250
14201,3939,Toor Dal 1kg,2.63,140
14202,3940,Sona Masoori Rice 5kg,2.13,350
14203,3940,Basmati Rice 5kg,4.26,550
14204,3940,Wheat Flour (Atta) 5kg,4.8,250
14205,3940,Toor Dal 1kg,5.49,140
14206,3941,Sona Masoori Rice 5kg,1.51,350
14207,3941,Basmati Rice 5kg,2.89,550
14208,3941,Wheat Flour (Atta) 5kg,3.84,250
14209,3941,Moong Dal 1kg,1.76,130
14210,3942,Sona Masoori Rice 5kg,2.77,350
14211,3942,Moong Dal 1kg,2.37,130
14212,3942,Rajma (Kidney Beans) 1kg,1.53,160
14213,3942,Turmeric Powder 200g,3.39,60
14214,3943,Sona Masoori Rice 5kg,3.18,350
14215,3943,Moong Dal 1kg,2.27,130
14216,3943,Rajma (Kidney Beans) 1kg,1.28,160
14217,3943,Turmeric Powder 200g,1.8,60
14218,3944,Sona Masoori Rice 5kg,3.73,350
14219,3944,Garam Masala 100g,0.6,80
14220,3944,Biryani Masala 100g,1.59,100
14221,3944,Almonds (Badam) 500g,2.09,450
14222,3945,Garam Masala 100g,0.39,80
14223,3945,Biryani Masala 100g,0.66,100
14224,3945,Cashew Nuts (Kaju) 500g,1.03,550
14225,3945,Peanuts (Groundnut) 500g,0.82,90
14226,3946,Garam Masala 100g,0.52,80
14227,3946,Biryani Masala 100g,0.68,100
14228,3946,Cashew Nuts (Kaju) 500g,0.55,550
14229,3946,Peanuts (Groundnut) 500g,1.07,90
14230,3947,Garam Masala 100g,0.55,80
14231,3947,Cashew Nuts (Kaju) 500g,0.78,550
14232,3947,Peanuts (Groundnut) 500g,1.24,90
14233,3947,Sunflower Oil 1L,3.03,180
14234,3948,Garam Masala 100g,0.28,80
14235,3948,Peanuts (Groundnut) 500g,0.81,90
14236,3948,Sunflower Oil 1L,7.51,180
14237,3948,Groundnut Oil 1L,1.7,220
14238,3949,Peanuts (Groundnut) 500g,1.17,90
14239,3949,Groundnut Oil 1L,2.4,220
14240,3949,Mustard Oil 1L,1.39,200
14241,3949,Pure Ghee 1L,3.25,600
14242,3950,Groundnut Oil 1L,1.09,220
14243,3950,Mustard Oil 1L,1.14,200
14244,3950,Sugar 1kg,2.15,45
14245,3950,Jaggery (Bella/Gud) 1kg,1.72,70
14246,3951,Mustard Oil 1L,2.36,200
14247,3951,Sugar 1kg,2.2,45
14248,3951,Jaggery (Bella/Gud) 1kg,2.24,70
14249,3951,Iodized Salt 1kg,2.56,25
14250,3952,Mustard Oil 1L,1.06,200
14251,3952,Sugar 1kg,1.52,45
14252,3952,Iodized Salt 1kg,2.29,25
14253,3952,Rock Salt (Sendha Namak) 500g,0.7,40
14254,3953,Sugar 1kg,1.52,45
14255,3953,Iodized Salt 1kg,2.03,25
14256,3953,Rock Salt (Sendha Namak) 500g,0.46,40
14257,3954,Sugar 1kg,2.22,45
14258,3954,Iodized Salt 1kg,1.31,29.44
14259,3954,Rock Salt (Sendha Namak) 500g,0.44,40
14260,3955,Rock Salt (Sendha Namak) 500g,0.55,40
14261,3956,Rock Salt (Sendha Namak) 500g,0.26,40
14262,3957,Sona Masoori Rice 5kg,4.69,350
14263,3957,Basmati Rice 5kg,3.3,550
14264,3957,Wheat Flour (Atta) 5kg,4.49,250
14265,3957,Toor Dal 1kg,2.92,140
14266,3958,Sona Masoori Rice 5kg,4.52,350
14267,3958,Basmati Rice 5kg,3.71,550
14268,3958,Wheat Flour (Atta) 5kg,3.88,250
14269,3958,Toor Dal 1kg,2.63,140
14270,3959,Sona Masoori Rice 5kg,2.72,350
14271,3959,Basmati Rice 5kg,3.33,550
14272,3959,Wheat Flour (Atta) 5kg,2.5,250
14273,3959,Toor Dal 1kg,2.65,140
14274,3960,Sona Masoori Rice 5kg,4.22,350
14275,3960,Basmati Rice 5kg,2.83,550
14276,3960,Moong Dal 1kg,0.61,130
14277,3960,Rajma (Kidney Beans) 1kg,0.85,160
14278,3961,Moong Dal 1kg,1.46,130
14279,3961,Rajma (Kidney Beans) 1kg,0.55,160
14280,3961,Turmeric Powder 200g,1.72,60
14281,3961,Biryani Masala 100g,0.69,100
14282,3962,Moong Dal 1kg,0.92,130
14283,3962,Rajma (Kidney Beans) 1kg,0.56,160
14284,3962,Turmeric Powder 200g,3.5,60
14285,3962,Biryani Masala 100g,0.52,100
14286,3963,Moong Dal 1kg,1.42,130
14287,3963,Rajma (Kidney Beans) 1kg,0.92,160
14288,3963,Biryani Masala 100g,0.58,100
14289,3963,Almonds (Badam) 500g,0.29,450
14290,3964,Moong Dal 1kg,0.84,130
14291,3964,Rajma (Kidney Beans) 1kg,0.42,160
14292,3964,Biryani Masala 100g,0.42,100
14293,3964,Almonds (Badam) 500g,0.45,450
14294,3965,Moong Dal 1kg,1.53,130
14295,3965,Biryani Masala 100g,0.51,100
14296,3965,Almonds (Badam) 500g,0.5,450
14297,3965,Cashew Nuts (Kaju) 500g,2.48,550
14298,3966,Almonds (Badam) 500g,0.4,450
14299,3966,Peanuts (Groundnut) 500g,2.9,90
14300,3966,Sunflower Oil 1L,2.51,180
14301,3966,Groundnut Oil 1L,4.93,220
14302,3967,Almonds (Badam) 500g,0.33,450
14303,3967,Peanuts (Groundnut) 500g,2.49,90
14304,3967,Sunflower Oil 1L,1.45,180
14305,3967,Mustard Oil 1L,2.26,200
14306,3968,Sunflower Oil 1L,1.78,180
14307,3968,Mustard Oil 1L,2.64,200
14308,3968,Pure Ghee 1L,2.87,600
14309,3968,Sugar 1kg,4.62,45
14310,3969,Sunflower Oil 1L,1.76,180
14311,3969,Mustard Oil 1L,1.18,200
14312,3969,Sugar 1kg,4.4,45
14313,3969,Jaggery (Bella/Gud) 1kg,0.77,70
14314,3970,Sunflower Oil 1L,2.64,148.81
14315,3970,Jaggery (Bella/Gud) 1kg,0.77,70
14316,3970,Iodized Salt 1kg,3.37,25
14317,3970,Rock Salt (Sendha Namak) 500g,2.5,40
14318,3971,Jaggery (Bella/Gud) 1kg,0.83,70
14319,3971,Iodized Salt 1kg,2.69,25
14320,3972,Jaggery (Bella/Gud) 1kg,0.95,70
14321,3972,Iodized Salt 1kg,1.39,25
14322,3973,Jaggery (Bella/Gud) 1kg,0.86,70
14323,3974,Sona Masoori Rice 5kg,6.3,388.18
14324,3974,Basmati Rice 5kg,11.74,550
14325,3974,Wheat Flour (Atta) 5kg,3.01,250
14326,3974,Toor Dal 1kg,1.73,140
14327,3975,Sona Masoori Rice 5kg,4.37,350
14328,3975,Wheat Flour (Atta) 5kg,1.23,250
14329,3975,Toor Dal 1kg,1.82,140
14330,3975,Moong Dal 1kg,4.17,130
14331,3976,Sona Masoori Rice 5kg,2.39,350
14332,3976,Wheat Flour (Atta) 5kg,2.72,250
14333,3976,Toor Dal 1kg,1.26,140
14334,3976,Moong Dal 1kg,2.54,130
14335,3977,Sona Masoori Rice 5kg,2.65,350
14336,3977,Wheat Flour (Atta) 5kg,2.89,250
14337,3977,Toor Dal 1kg,0.69,140
14338,3977,Rajma (Kidney Beans) 1kg,0.34,160
14339,3978,Wheat Flour (Atta) 5kg,2.39,250
14340,3978,Toor Dal 1kg,1.23,140
14341,3978,Rajma (Kidney Beans) 1kg,0.69,160
14342,3978,Turmeric Powder 200g,5.04,60
14343,3979,Toor Dal 1kg,1.1,140
14344,3979,Rajma (Kidney Beans) 1kg,0.68,160
14345,3979,Garam Masala 100g,0.65,80
14346,3979,Biryani Masala 100g,0.39,100
14347,3980,Rajma (Kidney Beans) 1kg,0.8,160
14348,3980,Garam Masala 100g,0.59,80
14349,3980,Biryani Masala 100g,0.85,100
14350,3980,Almonds (Badam) 500g,0.33,450
14351,3981,Rajma (Kidney Beans) 1kg,0.45,160
14352,3981,Garam Masala 100g,1.09,80
14353,3981,Biryani Masala 100g,0.72,100
14354,3981,Almonds (Badam) 500g,0.32,450
14355,3982,Garam Masala 100g,1.1,80
14356,3982,Biryani Masala 100g,0.38,100
14357,3982,Almonds (Badam) 500g,0.34,450
14358,3982,Cashew Nuts (Kaju) 500g,2.65,550
14359,3983,Garam Masala 100g,0.52,80
14360,3983,Biryani Masala 100g,0.33,100
14361,3983,Almonds (Badam) 500g,0.51,450
14362,3983,Peanuts (Groundnut) 500g,1.01,79.81
14363,3984,Biryani Masala 100g,0.53,100
14364,3984,Almonds (Badam) 500g,0.56,450
14365,3984,Peanuts (Groundnut) 500g,1.1,90
14366,3984,Sunflower Oil 1L,1.41,180
14367,3985,Peanuts (Groundnut) 500g,1.32,90
14368,3985,Sunflower Oil 1L,2.78,180
14369,3985,Groundnut Oil 1L,1.09,220
14370,3985,Mustard Oil 1L,1.07,200
14371,3986,Peanuts (Groundnut) 500g,0.56,90
14372,3986,Sunflower Oil 1L,2.3,180
14373,3986,Groundnut Oil 1L,1.74,220
14374,3986,Mustard Oil 1L,1.51,200
14375,3987,Peanuts (Groundnut) 500g,1.08,90
14376,3987,Sunflower Oil 1L,2.82,180
14377,3987,Groundnut Oil 1L,1.19,220
14378,3987,Mustard Oil 1L,0.88,200
14379,3988,Groundnut Oil 1L,1.41,220
14380,3988,Mustard Oil 1L,0.74,200
14381,3988,Pure Ghee 1L,0.8,600
14382,3988,Sugar 1kg,10.3,45
14383,3989,Mustard Oil 1L,1.05,200
14384,3989,Pure Ghee 1L,0.71,600
14385,3989,Jaggery (Bella/Gud) 1kg,1.39,70
14386,3989,Iodized Salt 1kg,1.49,25
14387,3990,Mustard Oil 1L,1.09,168.86
14388,3990,Pure Ghee 1L,0.74,600
14389,3990,Jaggery (Bella/Gud) 1kg,1.24,70
14390,3990,Iodized Salt 1kg,0.92,25
14391,3991,Pure Ghee 1L,0.71,600
14392,3991,Jaggery (Bella/Gud) 1kg,0.82,70
14393,3991,Iodized Salt 1kg,0.58,25
14394,3992,Jaggery (Bella/Gud) 1kg,0.73,70
14395,3992,Iodized Salt 1kg,1.56,25
14396,3993,Iodized Salt 1kg,1.55,25
14397,3994,Iodized Salt 1kg,1.22,25
14398,3995,Sona Masoori Rice 5kg,1.94,350
14399,3995,Basmati Rice 5kg,3.47,550
14400,3995,Wheat Flour (Atta) 5kg,2.89,250
14401,3995,Toor Dal 1kg,1.54,140
14402,3996,Sona Masoori Rice 5kg,1.39,350
14403,3996,Basmati Rice 5kg,4.11,550
14404,3996,Wheat Flour (Atta) 5kg,2.1,250
14405,3996,Toor Dal 1kg,1.03,140
14406,3997,Sona Masoori Rice 5kg,3.67,350
14407,3997,Basmati Rice 5kg,4.7,550
14408,3997,Wheat Flour (Atta) 5kg,3.68,250
14409,3997,Toor Dal 1kg,1.25,140
14410,3998,Sona Masoori Rice 5kg,2.39,350
14411,3998,Wheat Flour (Atta) 5kg,2.06,250
14412,3998,Toor Dal 1kg,2.55,140
14413,3998,Moong Dal 1kg,1.41,130
14414,3999,Sona Masoori Rice 5kg,3.52,350
14415,3999,Wheat Flour (Atta) 5kg,1.69,250
14416,3999,Toor Dal 1kg,0.89,140
14417,3999,Moong Dal 1kg,0.73,130
14418,4000,Sona Masoori Rice 5kg,1.75,350
14419,4000,Moong Dal 1kg,1.32,130
14420,4000,Rajma (Kidney Beans) 1kg,0.84,160
14421,4000,Turmeric Powder 200g,0.79,60
14422,4001,Moong Dal 1kg,1.63,130
14423,4001,Rajma (Kidney Beans) 1kg,0.88,160
14424,4001,Turmeric Powder 200g,0.75,67.94
14425,4001,Biryani Masala 100g,0.73,100
14426,4002,Moong Dal 1kg,1.69,130
14427,4002,Rajma (Kidney Beans) 1kg,1.24,132.15
14428,4002,Turmeric Powder 200g,0.51,60
14429,4002,Biryani Masala 100g,0.84,100
14430,4003,Turmeric Powder 200g,0.93,60
14431,4003,Biryani Masala 100g,0.32,100
14432,4003,Almonds (Badam) 500g,0.28,450
14433,4003,Cashew Nuts (Kaju) 500g,1.72,550
14434,4004,Turmeric Powder 200g,0.85,60
14435,4004,Biryani Masala 100g,0.64,100
14436,4004,Almonds (Badam) 500g,0.42,450
14437,4004,Cashew Nuts (Kaju) 500g,0.86,550
14438,4005,Turmeric Powder 200g,0.82,60
14439,4005,Biryani Masala 100g,0.55,100
14440,4005,Almonds (Badam) 500g,0.33,450
14441,4005,Peanuts (Groundnut) 500g,1.0,90
14442,4006,Almonds (Badam) 500g,0.34,450
14443,4006,Peanuts (Groundnut) 500g,1.15,90
14444,4006,Sunflower Oil 1L,1.38,180
14445,4006,Groundnut Oil 1L,1.42,220
14446,4007,Almonds (Badam) 500g,0.42,450
14447,4007,Peanuts (Groundnut) 500g,1.09,90
14448,4007,Sunflower Oil 1L,2.21,180
14449,4007,Groundnut Oil 1L,1.06,220
14450,4008,Almonds (Badam) 500g,0.35,450
14451,4008,Peanuts (Groundnut) 500g,1.04,90
14452,4008,Sunflower Oil 1L,1.73,180
14453,4008,Groundnut Oil 1L,0.84,220
14454,4009,Peanuts (Groundnut) 500g,1.06,90
14455,4009,Sunflower Oil 1L,1.0,180
14456,4009,Groundnut Oil 1L,0.93,220
14457,4009,Mustard Oil 1L,5.63,200
14458,4010,Sunflower Oil 1L,1.81,180
14459,4010,Groundnut Oil 1L,0.94,220
14460,4010,Pure Ghee 1L,0.67,600
14461,4010,Sugar 1kg,3.26,45
14462,4011,Sunflower Oil 1L,1.94,180
14463,4011,Pure Ghee 1L,1.12,600
14464,4011,Sugar 1kg,3.38,45
14465,4011,Jaggery (Bella/Gud) 1kg,1.72,70
14466,4012,Pure Ghee 1L,1.15,600
14467,4012,Sugar 1kg,4.18,45
14468,4012,Jaggery (Bella/Gud) 1kg,2.12,70
14469,4012,Iodized Salt 1kg,2.01,25
14470,4013,Iodized Salt 1kg,1.95,25
14471,4013,Rock Salt (Sendha Namak) 500g,0.83,40
14472,4014,Iodized Salt 1kg,1.42,25
14473,4014,Rock Salt (Sendha Namak) 500g,1.37,40
14474,4015,Iodized Salt 1kg,0.88,25
14475,4016,Iodized Salt 1kg,1.75,25
14476,4017,Sona Masoori Rice 5kg,15.32,350
14477,4017,Basmati Rice 5kg,2.85,550
14478,4017,Wheat Flour (Atta) 5kg,3.61,250
14479,4017,Toor Dal 1kg,1.45,140
14480,4018,Basmati Rice 5kg,4.17,550
14481,4018,Wheat Flour (Atta) 5kg,3.65,250
14482,4018,Toor Dal 1kg,1.45,140
14483,4018,Moong Dal 1kg,1.86,130
14484,4019,Basmati Rice 5kg,6.1,550
14485,4019,Wheat Flour (Atta) 5kg,4.02,250
14486,4019,Toor Dal 1kg,2.53,140
14487,4019,Moong Dal 1kg,0.86,130
14488,4020,Toor Dal 1kg,3.29,140
14489,4020,Moong Dal 1kg,1.76,130
14490,4020,Rajma (Kidney Beans) 1kg,1.16,160
14491,4020,Turmeric Powder 200g,0.73,49.02
14492,4021,Moong Dal 1kg,1.3,130
14493,4021,Rajma (Kidney Beans) 1kg,2.04,130.42
14494,4021,Turmeric Powder 200g,0.43,60
14495,4021,Garam Masala 100g,0.49,80
14496,4022,Moong Dal 1kg,0.97,130
14497,4022,Turmeric Powder 200g,0.83,60
14498,4022,Garam Masala 100g,0.33,80
14499,4022,Biryani Masala 100g,1.58,100
14500,4023,Turmeric Powder 200g,1.13,60
14501,4023,Garam Masala 100g,0.73,66.86
14502,4023,Biryani Masala 100g,1.43,100
14503,4023,Almonds (Badam) 500g,0.34,450
14504,4024,Turmeric Powder 200g,1.2,71.38
14505,4024,Garam Masala 100g,0.65,80
14506,4024,Almonds (Badam) 500g,0.22,450
14507,4024,Cashew Nuts (Kaju) 500g,1.1,550
14508,4025,Turmeric Powder 200g,1.09,60
14509,4025,Garam Masala 100g,0.31,80
14510,4025,Almonds (Badam) 500g,0.4,450
14511,4025,Cashew Nuts (Kaju) 500g,0.61,550
14512,4026,Garam Masala 100g,0.4,80
14513,4026,Almonds (Badam) 500g,0.4,450
14514,4026,Cashew Nuts (Kaju) 500g,0.83,550
14515,4026,Peanuts (Groundnut) 500g,1.83,90
14516,4027,Almonds (Badam) 500g,0.23,450
14517,4027,Peanuts (Groundnut) 500g,1.83,90
14518,4027,Sunflower Oil 1L,3.32,180
14519,4027,Groundnut Oil 1L,0.93,220
14520,4028,Almonds (Badam) 500g,0.33,450
14521,4028,Peanuts (Groundnut) 500g,1.25,90
14522,4028,Sunflower Oil 1L,2.98,180
14523,4028,Groundnut Oil 1L,1.98,220
14524,4029,Sunflower Oil 1L,3.73,180
14525,4029,Groundnut Oil 1L,1.83,220
14526,4029,Mustard Oil 1L,1.17,200
14527,4029,Pure Ghee 1L,0.77,600
14528,4030,Mustard Oil 1L,1.1,200
14529,4030,Pure Ghee 1L,0.53,600
14530,4030,Sugar 1kg,1.86,45
14531,4030,Jaggery (Bella/Gud) 1kg,1.46,60.07
14532,4031,Mustard Oil 1L,0.82,200
14533,4031,Pure Ghee 1L,0.4,600
14534,4031,Sugar 1kg,1.77,45
14535,4031,Jaggery (Bella/Gud) 1kg,0.68,70
14536,4032,Mustard Oil 1L,1.08,220.59
14537,4032,Pure Ghee 1L,0.55,600
14538,4032,Sugar 1kg,1.39,45
14539,4032,Jaggery (Bella/Gud) 1kg,0.73,70
14540,4033,Mustard Oil 1L,1.1,200
14541,4033,Pure Ghee 1L,0.56,600
14542,4033,Sugar 1kg,2.44,45
14543,4033,Jaggery (Bella/Gud) 1kg,1.44,56.23
14544,4034,Mustard Oil 1L,1.19,200
14545,4034,Sugar 1kg,1.88,45
14546,4034,Iodized Salt 1kg,8.6,25
14547,4034,Rock Salt (Sendha Namak) 500g,0.29,40
14548,4035,Rock Salt (Sendha Namak) 500g,0.42,40
14549,4036,Rock Salt (Sendha Namak) 500g,0.61,40
14550,4037,Rock Salt (Sendha Namak) 500g,0.32,40
14551,4038,Sona Masoori Rice 5kg,3.0,350
14552,4038,Basmati Rice 5kg,1.66,550
14553,4038,Wheat Flour (Atta) 5kg,2.46,250
14554,4038,Toor Dal 1kg,2.23,140
14555,4039,Sona Masoori Rice 5kg,2.66,350
14556,4039,Basmati Rice 5kg,2.53,550
14557,4039,Wheat Flour (Atta) 5kg,1.62,250
14558,4039,Toor Dal 1kg,1.57,140
14559,4040,Sona Masoori Rice 5kg,3.51,350
14560,4040,Basmati Rice 5kg,2.54,550
14561,4040,Wheat Flour (Atta) 5kg,1.22,250
14562,4040,Toor Dal 1kg,2.08,140
14563,4041,Sona Masoori Rice 5kg,2.2,350
14564,4041,Basmati Rice 5kg,2.28,640.92
14565,4041,Wheat Flour (Atta) 5kg,2.0,250
14566,4041,Toor Dal 1kg,2.04,112.5
14567,4042,Sona Masoori Rice 5kg,1.25,350
14568,4042,Basmati Rice 5kg,1.63,550
14569,4042,Wheat Flour (Atta) 5kg,2.88,250
14570,4042,Moong Dal 1kg,2.36,130
14571,4043,Sona Masoori Rice 5kg,1.83,350
14572,4043,Basmati Rice 5kg,1.62,550
14573,4043,Wheat Flour (Atta) 5kg,2.79,250
14574,4043,Moong Dal 1kg,4.13,130
14575,4044,Rajma (Kidney Beans) 1kg,0.69,160
14576,4044,Turmeric Powder 200g,5.22,60
14577,4044,Garam Masala 100g,2.18,80
14578,4044,Biryani Masala 100g,0.61,100
14579,4045,Rajma (Kidney Beans) 1kg,0.94,160
14580,4045,Biryani Masala 100g,0.95,100
14581,4045,Almonds (Badam) 500g,0.53,450
14582,4045,Cashew Nuts (Kaju) 500g,2.36,550
14583,4046,Rajma (Kidney Beans) 1kg,0.39,180.53
14584,4046,Biryani Masala 100g,1.25,100
14585,4046,Almonds (Badam) 500g,0.22,450
14586,4046,Peanuts (Groundnut) 500g,0.5,90
14587,4047,Rajma (Kidney Beans) 1kg,0.68,160
14588,4047,Almonds (Badam) 500g,0.56,450
14589,4047,Peanuts (Groundnut) 500g,1.29,90
14590,4047,Sunflower Oil 1L,10.92,180
14591,4048,Rajma (Kidney Beans) 1kg,0.74,160
14592,4048,Almonds (Badam) 500g,0.51,450
14593,4048,Peanuts (Groundnut) 500g,0.75,90
14594,4048,Groundnut Oil 1L,4.94,220
14595,4049,Almonds (Badam) 500g,0.35,450
14596,4049,Peanuts (Groundnut) 500g,0.96,90
14597,4049,Mustard Oil 1L,2.18,200
14598,4049,Pure Ghee 1L,0.64,600
14599,4050,Peanuts (Groundnut) 500g,1.0,90
14600,4050,Mustard Oil 1L,2.7,200
14601,4050,Pure Ghee 1L,0.62,600
14602,4050,Sugar 1kg,10.9,45
14603,4051,Peanuts (Groundnut) 500g,0.66,90
14604,4051,Mustard Oil 1L,1.25,171.22
14605,4051,Pure Ghee 1L,0.74,600
14606,4051,Jaggery (Bella/Gud) 1kg,0.42,70
14607,4052,Pure Ghee 1L,0.5,600
14608,4052,Jaggery (Bella/Gud) 1kg,0.71,70
14609,4052,Iodized Salt 1kg,1.63,25
14610,4053,Pure Ghee 1L,0.54,600
14611,4053,Jaggery (Bella/Gud) 1kg,1.07,70
14612,4053,Iodized Salt 1kg,1.14,25
14613,4054,Jaggery (Bella/Gud) 1kg,0.97,70
14614,4054,Iodized Salt 1kg,1.32,25
14615,4055,Jaggery (Bella/Gud) 1kg,0.97,70
14616,4055,Iodized Salt 1kg,1.88,25
14617,4056,Iodized Salt 1kg,1.39,25
14618,4057,Sona Masoori Rice 5kg,1.9,350
14619,4057,Basmati Rice 5kg,9.11,550
14620,4057,Wheat Flour (Atta) 5kg,1.9,250
14621,4057,Toor Dal 1kg,0.9,119.4
14622,4058,Sona Masoori Rice 5kg,4.33,350
14623,4058,Basmati Rice 5kg,3.52,550
14624,4058,Wheat Flour (Atta) 5kg,1.91,250
14625,4058,Toor Dal 1kg,1.59,140
14626,4059,Sona Masoori Rice 5kg,3.3,350
14627,4059,Wheat Flour (Atta) 5kg,1.84,250
14628,4059,Toor Dal 1kg,1.66,140
14629,4059,Moong Dal 1kg,1.41,130
14630,4060,Sona Masoori Rice 5kg,1.96,350
14631,4060,Wheat Flour (Atta) 5kg,1.47,250
14632,4060,Toor Dal 1kg,0.95,140
14633,4060,Moong Dal 1kg,1.83,130
14634,4061,Sona Masoori Rice 5kg,4.42,405.82
14635,4061,Wheat Flour (Atta) 5kg,1.86,250
14636,4061,Toor Dal 1kg,0.73,140
14637,4061,Moong Dal 1kg,1.71,130
14638,4062,Wheat Flour (Atta) 5kg,2.1,250
14639,4062,Toor Dal 1kg,1.45,140
14640,4062,Moong Dal 1kg,0.93,130
14641,4062,Rajma (Kidney Beans) 1kg,0.65,160
14642,4063,Moong Dal 1kg,1.18,130
14643,4063,Rajma (Kidney Beans) 1kg,1.72,160
14644,4063,Turmeric Powder 200g,0.82,60
14645,4063,Garam Masala 100g,3.93,80
14646,4064,Rajma (Kidney Beans) 1kg,0.73,160
14647,4064,Turmeric Powder 200g,0.81,70.35
14648,4064,Biryani Masala 100g,0.65,100
14649,4064,Almonds (Badam) 500g,2.07,450
14650,4065,Turmeric Powder 200g,1.27,60
14651,4065,Biryani Masala 100g,0.53,100
14652,4065,Cashew Nuts (Kaju) 500g,2.39,550
14653,4065,Peanuts (Groundnut) 500g,1.92,90
14654,4066,Turmeric Powder 200g,0.58,53.85
14655,4066,Biryani Masala 100g,0.68,112.66
14656,4066,Peanuts (Groundnut) 500g,2.08,90
14657,4066,Sunflower Oil 1L,4.42,180
14658,4067,Turmeric Powder 200g,0.65,60
14659,4067,Biryani Masala 100g,0.87,100
14660,4067,Peanuts (Groundnut) 500g,1.21,90
14661,4067,Sunflower Oil 1L,4.75,180
14662,4068,Turmeric Powder 200g,1.28,60
14663,4068,Groundnut Oil 1L,2.57,195.45
14664,4068,Mustard Oil 1L,1.54,200
14665,4068,Pure Ghee 1L,1.97,600
14666,4069,Groundnut Oil 1L,2.17,220
14667,4069,Mustard Oil 1L,1.93,200
14668,4069,Pure Ghee 1L,0.9,600
14669,4069,Sugar 1kg,9.66,45
14670,4070,Mustard Oil 1L,1.19,200
14671,4070,Jaggery (Bella/Gud) 1kg,1.4,70
14672,4070,Iodized Salt 1kg,0.82,25
14673,4070,Rock Salt (Sendha Namak) 500g,2.71,40
14674,4071,Mustard Oil 1L,1.75,200
14675,4071,Jaggery (Bella/Gud) 1kg,1.2,70
14676,4071,Iodized Salt 1kg,1.97,25
14677,4072,Jaggery (Bella/Gud) 1kg,1.2,70
14678,4072,Iodized Salt 1kg,1.64,25
14679,4073,Iodized Salt 1kg,1.43,25
14680,4074,Iodized Salt 1kg,1.31,27.85
14681,4075,Iodized Salt 1kg,1.51,25
14682,4076,Sona Masoori Rice 5kg,3.21,350
14683,4076,Basmati Rice 5kg,2.49,550
14684,4076,Wheat Flour (Atta) 5kg,4.46,250
14685,4076,Toor Dal 1kg,1.97,140
14686,4077,Sona Masoori Rice 5kg,3.37,350
14687,4077,Basmati Rice 5kg,2.82,550
14688,4077,Wheat Flour (Atta) 5kg,3.0,250
14689,4077,Toor Dal 1kg,1.62,140
14690,4078,Sona Masoori Rice 5kg,1.63,350
14691,4078,Basmati Rice 5kg,2.97,550
14692,4078,Wheat Flour (Atta) 5kg,2.14,250
14693,4078,Toor Dal 1kg,1.44,140
14694,4079,Sona Masoori Rice 5kg,2.46,350
14695,4079,Basmati Rice 5kg,3.14,550
14696,4079,Wheat Flour (Atta) 5kg,3.54,250
14697,4079,Toor Dal 1kg,0.89,140
14698,4080,Sona Masoori Rice 5kg,1.41,350
14699,4080,Basmati Rice 5kg,1.16,550
14700,4080,Toor Dal 1kg,1.81,140
14701,4080,Moong Dal 1kg,1.32,130
14702,4081,Sona Masoori Rice 5kg,1.85,350
14703,4081,Moong Dal 1kg,0.6,130
14704,4081,Rajma (Kidney Beans) 1kg,0.6,160
14705,4081,Turmeric Powder 200g,1.91,60
14706,4082,Moong Dal 1kg,1.2,130
14707,4082,Rajma (Kidney Beans) 1kg,0.54,160
14708,4082,Turmeric Powder 200g,1.67,60
14709,4082,Garam Masala 100g,1.27,80
14710,4083,Moong Dal 1kg,1.48,130
14711,4083,Rajma (Kidney Beans) 1kg,0.58,160
14712,4083,Turmeric Powder 200g,1.41,60
14713,4083,Garam Masala 100g,0.84,80
14714,4084,Moong Dal 1kg,0.94,130
14715,4084,Rajma (Kidney Beans) 1kg,0.54,160
14716,4084,Biryani Masala 100g,0.4,100
14717,4084,Almonds (Badam) 500g,0.75,450
14718,4085,Moong Dal 1kg,1.34,130
14719,4085,Rajma (Kidney Beans) 1kg,0.48,160
14720,4085,Biryani Masala 100g,0.51,100
14721,4085,Almonds (Badam) 500g,1.29,450
14722,4086,Biryani Masala 100g,0.54,100
14723,4086,Cashew Nuts (Kaju) 500g,1.14,550
14724,4086,Peanuts (Groundnut) 500g,1.79,90
14725,4086,Sunflower Oil 1L,1.66,180
14726,4087,Biryani Masala 100g,0.28,100
14727,4087,Cashew Nuts (Kaju) 500g,0.62,550
14728,4087,Peanuts (Groundnut) 500g,1.19,90
14729,4087,Sunflower Oil 1L,1.56,180
14730,4088,Biryani Masala 100g,0.69,100
14731,4088,Cashew Nuts (Kaju) 500g,0.5,550
14732,4088,Peanuts (Groundnut) 500g,1.45,90
14733,4088,Sunflower Oil 1L,2.29,180
14734,4089,Biryani Masala 100g,0.39,100
14735,4089,Cashew Nuts (Kaju) 500g,0.56,550
14736,4089,Peanuts (Groundnut) 500g,1.05,90
14737,4089,Sunflower Oil 1L,2.82,180
14738,4090,Sunflower Oil 1L,1.76,180
14739,4090,Groundnut Oil 1L,0.7,220
14740,4090,Mustard Oil 1L,1.02,200
14741,4090,Pure Ghee 1L,0.4,600
14742,4091,Groundnut Oil 1L,1.11,220
14743,4091,Mustard Oil 1L,1.0,234.69
14744,4091,Pure Ghee 1L,0.61,600
14745,4091,Sugar 1kg,2.85,51.85
14746,4092,Groundnut Oil 1L,1.27,220
14747,4092,Mustard Oil 1L,2.34,200
14748,4092,Pure Ghee 1L,0.38,600
14749,4092,Sugar 1kg,2.19,45
14750,4093,Groundnut Oil 1L,0.6,220
14751,4093,Mustard Oil 1L,1.74,160.27
14752,4093,Pure Ghee 1L,0.45,600
14753,4093,Sugar 1kg,1.12,45
14754,4094,Groundnut Oil 1L,1.62,220
14755,4094,Pure Ghee 1L,0.59,600
14756,4094,Sugar 1kg,1.59,45
14757,4094,Jaggery (Bella/Gud) 1kg,0.98,70
14758,4095,Pure Ghee 1L,0.75,600
14759,4095,Sugar 1kg,3.04,45
14760,4095,Jaggery (Bella/Gud) 1kg,1.07,70
14761,4095,Iodized Salt 1kg,1.06,25
14762,4096,Jaggery (Bella/Gud) 1kg,1.91,70
14763,4096,Iodized Salt 1kg,1.1,29.93
14764,4096,Rock Salt (Sendha Namak) 500g,0.28,40
14765,4097,Iodized Salt 1kg,0.94,25
14766,4097,Rock Salt (Sendha Namak) 500g,0.6,40
14767,4098,Iodized Salt 1kg,2.08,25
14768,4098,Rock Salt (Sendha Namak) 500g,0.5,40
14769,4099,Iodized Salt 1kg,2.05,25
14770,4099,Rock Salt (Sendha Namak) 500g,0.62,40
14771,4100,Iodized Salt 1kg,0.78,25
14772,4101,Sona Masoori Rice 5kg,5.09,350
14773,4101,Basmati Rice 5kg,1.98,550
14774,4101,Wheat Flour (Atta) 5kg,3.92,250
14775,4101,Toor Dal 1kg,8.04,140
14776,4102,Sona Masoori Rice 5kg,2.88,350
14777,4102,Basmati Rice 5kg,2.9,550
14778,4102,Wheat Flour (Atta) 5kg,8.29,250
14779,4102,Moong Dal 1kg,1.05,130
14780,4103,Sona Masoori Rice 5kg,5.57,350
14781,4103,Basmati Rice 5kg,4.63,550
14782,4103,Moong Dal 1kg,0.96,130
14783,4103,Rajma (Kidney Beans) 1kg,0.49,160
14784,4104,Basmati Rice 5kg,3.95,550
14785,4104,Moong Dal 1kg,0.97,130
14786,4104,Rajma (Kidney Beans) 1kg,0.36,160
14787,4104,Turmeric Powder 200g,1.91,60
14788,4105,Moong Dal 1kg,1.81,130
14789,4105,Rajma (Kidney Beans) 1kg,0.39,160
14790,4105,Turmeric Powder 200g,1.41,60
14791,4105,Garam Masala 100g,0.23,80
14792,4106,Moong Dal 1kg,1.77,130
14793,4106,Rajma (Kidney Beans) 1kg,0.42,160
14794,4106,Turmeric Powder 200g,1.91,60
14795,4106,Garam Masala 100g,0.37,80
14796,4107,Moong Dal 1kg,0.78,130
14797,4107,Rajma (Kidney Beans) 1kg,1.02,160
14798,4107,Garam Masala 100g,0.33,80
14799,4107,Biryani Masala 100g,1.37,100
14800,4108,Rajma (Kidney Beans) 1kg,0.7,160
14801,4108,Garam Masala 100g,0.26,80
14802,4108,Biryani Masala 100g,0.9,112.76
14803,4108,Almonds (Badam) 500g,0.3,450
14804,4109,Garam Masala 100g,0.32,80
14805,4109,Biryani Masala 100g,0.72,115.74
14806,4109,Almonds (Badam) 500g,0.3,450
14807,4109,Cashew Nuts (Kaju) 500g,0.43,550
14808,4110,Garam Masala 100g,0.49,80
14809,4110,Almonds (Badam) 500g,0.23,450
14810,4110,Cashew Nuts (Kaju) 500g,0.33,550
14811,4110,Peanuts (Groundnut) 500g,0.54,90
14812,4111,Almonds (Badam) 500g,0.48,450
14813,4111,Cashew Nuts (Kaju) 500g,0.24,550
14814,4111,Peanuts (Groundnut) 500g,0.97,90
14815,4111,Sunflower Oil 1L,4.34,180
14816,4112,Almonds (Badam) 500g,0.22,450
14817,4112,Cashew Nuts (Kaju) 500g,0.43,550
14818,4112,Peanuts (Groundnut) 500g,0.89,90
14819,4112,Sunflower Oil 1L,2.79,180
14820,4113,Almonds (Badam) 500g,0.33,450
14821,4113,Cashew Nuts (Kaju) 500g,0.64,550
14822,4113,Peanuts (Groundnut) 500g,0.78,107.39
14823,4113,Sunflower Oil 1L,3.25,180
14824,4114,Cashew Nuts (Kaju) 500g,0.33,550
14825,4114,Peanuts (Groundnut) 500g,0.67,79.71
14826,4114,Groundnut Oil 1L,5.01,220
14827,4114,Mustard Oil 1L,1.21,231.14
14828,4115,Peanuts (Groundnut) 500g,0.89,90
14829,4115,Mustard Oil 1L,1.01,200
14830,4115,Pure Ghee 1L,0.89,600
14831,4115,Sugar 1kg,1.78,45
14832,4116,Mustard Oil 1L,1.11,200
14833,4116,Pure Ghee 1L,0.77,600
14834,4116,Sugar 1kg,2.33,50.39
14835,4116,Jaggery (Bella/Gud) 1kg,0.96,70
14836,4117,Mustard Oil 1L,0.73,200
14837,4117,Pure Ghee 1L,0.3,600
14838,4117,Sugar 1kg,3.08,45
14839,4117,Jaggery (Bella/Gud) 1kg,0.95,70
14840,4118,Mustard Oil 1L,1.73,200
14841,4118,Pure Ghee 1L,0.54,600
14842,4118,Sugar 1kg,3.33,45
14843,4118,Jaggery (Bella/Gud) 1kg,0.74,70
14844,4119,Pure Ghee 1L,0.64,600
14845,4119,Jaggery (Bella/Gud) 1kg,1.01,70
14846,4119,Iodized Salt 1kg,2.99,25
14847,4119,Rock Salt (Sendha Namak) 500g,0.58,40
14848,4120,Jaggery (Bella/Gud) 1kg,0.72,70
14849,4120,Iodized Salt 1kg,4.74,25
14850,4120,Rock Salt (Sendha Namak) 500g,0.64,40
14851,4121,Rock Salt (Sendha Namak) 500g,0.37,40
14852,4122,Sona Masoori Rice 5kg,3.72,350
14853,4122,Basmati Rice 5kg,13.14,550
14854,4122,Wheat Flour (Atta) 5kg,3.86,250
14855,4122,Toor Dal 1kg,1.68,140
14856,4123,Sona Masoori Rice 5kg,4.06,350
14857,4123,Wheat Flour (Atta) 5kg,9.15,250
14858,4123,Toor Dal 1kg,2.28,140
14859,4123,Moong Dal 1kg,3.22,130
14860,4124,Sona Masoori Rice 5kg,8.71,350
14861,4124,Toor Dal 1kg,3.52,140
14862,4124,Moong Dal 1kg,1.82,130
14863,4124,Rajma (Kidney Beans) 1kg,0.38,160
14864,4125,Moong Dal 1kg,1.14,130
14865,4125,Rajma (Kidney Beans) 1kg,0.7,160
14866,4125,Turmeric Powder 200g,0.88,60
14867,4125,Garam Masala 100g,0.36,80
14868,4126,Moong Dal 1kg,1.41,130
14869,4126,Rajma (Kidney Beans) 1kg,0.61,160
14870,4126,Turmeric Powder 200g,1.36,48.05
14871,4126,Garam Masala 100g,0.57,80
14872,4127,Rajma (Kidney Beans) 1kg,0.97,160
14873,4127,Turmeric Powder 200g,0.77,60
14874,4127,Garam Masala 100g,0.49,80
14875,4127,Biryani Masala 100g,0.61,100
14876,4128,Turmeric Powder 200g,1.52,60
14877,4128,Garam Masala 100g,0.56,80
14878,4128,Biryani Masala 100g,0.82,100
14879,4128,Almonds (Badam) 500g,2.05,450
14880,4129,Turmeric Powder 200g,0.81,60
14881,4129,Garam Masala 100g,0.56,80
14882,4129,Biryani Masala 100g,0.61,100
14883,4129,Cashew Nuts (Kaju) 500g,0.42,550
14884,4130,Garam Masala 100g,0.45,70.76
14885,4130,Biryani Masala 100g,1.14,100
14886,4130,Cashew Nuts (Kaju) 500g,0.57,550
14887,4130,Peanuts (Groundnut) 500g,2.36,90
14888,4131,Cashew Nuts (Kaju) 500g,0.36,550
14889,4131,Peanuts (Groundnut) 500g,2.47,90
14890,4131,Sunflower Oil 1L,2.41,180
14891,4131,Groundnut Oil 1L,2.78,220
14892,4132,Cashew Nuts (Kaju) 500g,0.55,550
14893,4132,Sunflower Oil 1L,1.8,180
14894,4132,Groundnut Oil 1L,2.53,220
14895,4132,Mustard Oil 1L,5.4,200
14896,4133,Cashew Nuts (Kaju) 500g,0.47,550
14897,4133,Sunflower Oil 1L,2.65,180
14898,4133,Pure Ghee 1L,1.31,600
14899,4133,Sugar 1kg,2.4,45
14900,4134,Sunflower Oil 1L,2.33,180
14901,4134,Pure Ghee 1L,0.66,600
14902,4134,Sugar 1kg,1.47,45
14903,4134,Jaggery (Bella/Gud) 1kg,3.6,70
14904,4135,Pure Ghee 1L,1.18,600
14905,4135,Sugar 1kg,0.92,45
14906,4135,Iodized Salt 1kg,4.02,25
14907,4135,Rock Salt (Sendha Namak) 500g,0.61,40
14908,4136,Sugar 1kg,1.51,45
14909,4136,Iodized Salt 1kg,4.32,25
14910,4136,Rock Salt (Sendha Namak) 500g,1.45,40
14911,4137,Sugar 1kg,1.37,45
14912,4137,Rock Salt (Sendha Namak) 500g,0.53,40
14913,4138,Sugar 1kg,2.48,45
14914,4139,Sona Masoori Rice 5kg,1.86,350
14915,4139,Basmati Rice 5kg,2.46,550
14916,4139,Wheat Flour (Atta) 5kg,1.4,250
14917,4139,Toor Dal 1kg,1.28,140
14918,4140,Sona Masoori Rice 5kg,1.74,350
14919,4140,Basmati Rice 5kg,3.02,550
14920,4140,Wheat Flour (Atta) 5kg,1.57,250
14921,4140,Toor Dal 1kg,1.71,140
14922,4141,Sona Masoori Rice 5kg,3.8,350
14923,4141,Basmati Rice 5kg,2.22,550
14924,4141,Wheat Flour (Atta) 5kg,1.77,250
14925,4141,Toor Dal 1kg,2.69,140
14926,4142,Sona Masoori Rice 5kg,4.27,350
14927,4142,Basmati Rice 5kg,2.86,550
14928,4142,Wheat Flour (Atta) 5kg,3.25,250
14929,4142,Toor Dal 1kg,2.08,140
14930,4143,Sona Masoori Rice 5kg,2.21,350
14931,4143,Basmati Rice 5kg,2.69,550
14932,4143,Wheat Flour (Atta) 5kg,1.66,250
14933,4143,Moong Dal 1kg,0.83,130
14934,4144,Wheat Flour (Atta) 5kg,1.38,250
14935,4144,Moong Dal 1kg,1.81,130
14936,4144,Rajma (Kidney Beans) 1kg,3.16,160
14937,4144,Turmeric Powder 200g,4.63,60
14938,4145,Moong Dal 1kg,2.08,130
14939,4145,Garam Masala 100g,0.98,80
14940,4145,Biryani Masala 100g,0.7,100
14941,4145,Almonds (Badam) 500g,1.96,450
14942,4146,Moong Dal 1kg,1.15,130
14943,4146,Garam Masala 100g,1.47,80
14944,4146,Biryani Masala 100g,0.71,100
14945,4146,Cashew Nuts (Kaju) 500g,0.3,550
14946,4147,Moong Dal 1kg,0.78,130
14947,4147,Biryani Masala 100g,0.3,100
14948,4147,Cashew Nuts (Kaju) 500g,0.51,550
14949,4147,Peanuts (Groundnut) 500g,2.26,90
14950,4148,Moong Dal 1kg,1.02,130
14951,4148,Biryani Masala 100g,0.64,100
14952,4148,Cashew Nuts (Kaju) 500g,0.46,550
14953,4148,Peanuts (Groundnut) 500g,1.61,90
14954,4149,Biryani Masala 100g,0.58,100
14955,4149,Cashew Nuts (Kaju) 500g,0.55,550
14956,4149,Peanuts (Groundnut) 500g,1.22,90
14957,4149,Sunflower Oil 1L,2.21,212.62
14958,4150,Biryani Masala 100g,0.33,100
14959,4150,Cashew Nuts (Kaju) 500g,0.4,550
14960,4150,Sunflower Oil 1L,3.82,180
14961,4150,Groundnut Oil 1L,2.78,220
14962,4151,Cashew Nuts (Kaju) 500g,0.46,550
14963,4151,Sunflower Oil 1L,4.74,180
14964,4151,Groundnut Oil 1L,1.74,220
14965,4151,Mustard Oil 1L,1.24,200
14966,4152,Mustard Oil 1L,2.29,200
14967,4152,Pure Ghee 1L,0.87,600
14968,4152,Sugar 1kg,5.77,45
14969,4152,Jaggery (Bella/Gud) 1kg,4.01,70
14970,4153,Mustard Oil 1L,2.42,200
14971,4153,Pure Ghee 1L,0.46,600
14972,4153,Sugar 1kg,4.61,45
14973,4153,Iodized Salt 1kg,3.92,25
14974,4154,Pure Ghee 1L,0.69,600
14975,4154,Iodized Salt 1kg,3.22,25
14976,4154,Rock Salt (Sendha Namak) 500g,0.32,40
14977,4155,Pure Ghee 1L,0.79,600
14978,4155,Rock Salt (Sendha Namak) 500g,0.64,47.27
14979,4156,Rock Salt (Sendha Namak) 500g,0.48,40
14980,4157,Rock Salt (Sendha Namak) 500g,0.4,40
14981,4158,Rock Salt (Sendha Namak) 500g,0.32,40
14982,4159,Rock Salt (Sendha Namak) 500g,0.61,40
14983,4160,Sona Masoori Rice 5kg,4.35,350
14984,4160,Basmati Rice 5kg,3.02,550
14985,4160,Wheat Flour (Atta) 5kg,10.94,250
14986,4160,Toor Dal 1kg,7.78,140
14987,4161,Sona Masoori Rice 5kg,5.63,350
14988,4161,Basmati Rice 5kg,2.62,550
14989,4161,Moong Dal 1kg,7.6,130
14990,4161,Rajma (Kidney Beans) 1kg,3.35,160
14991,4162,Sona Masoori Rice 5kg,5.44,350
14992,4162,Basmati Rice 5kg,3.93,550
14993,4162,Turmeric Powder 200g,3.04,60
14994,4162,Garam Masala 100g,0.19,80
14995,4163,Basmati Rice 5kg,3.31,550
14996,4163,Turmeric Powder 200g,1.62,60
14997,4163,Garam Masala 100g,0.29,80
14998,4163,Biryani Masala 100g,0.9,100
14999,4164,Garam Masala 100g,0.21,80
15000,4164,Biryani Masala 100g,0.93,100
15001,4164,Almonds (Badam) 500g,0.36,450
15002,4164,Cashew Nuts (Kaju) 500g,1.07,550
15003,4165,Garam Masala 100g,0.33,80
15004,4165,Biryani Masala 100g,1.46,100
15005,4165,Almonds (Badam) 500g,0.34,450
15006,4165,Cashew Nuts (Kaju) 500g,1.03,550
15007,4166,Garam Masala 100g,0.27,80
15008,4166,Almonds (Badam) 500g,0.27,450
15009,4166,Cashew Nuts (Kaju) 500g,0.65,550
15010,4166,Peanuts (Groundnut) 500g,1.62,90
15011,4167,Garam Masala 100g,0.37,80
15012,4167,Almonds (Badam) 500g,0.37,450
15013,4167,Peanuts (Groundnut) 500g,2.19,90
15014,4167,Sunflower Oil 1L,2.17,180
15015,4168,Almonds (Badam) 500g,0.57,450
15016,4168,Peanuts (Groundnut) 500g,1.56,90
15017,4168,Sunflower Oil 1L,3.47,180
15018,4168,Groundnut Oil 1L,1.31,220
15019,4169,Sunflower Oil 1L,2.4,180
15020,4169,Groundnut Oil 1L,1.17,220
15021,4169,Mustard Oil 1L,3.77,200
15022,4169,Pure Ghee 1L,0.66,600
15023,4170,Sunflower Oil 1L,2.2,180
15024,4170,Groundnut Oil 1L,0.99,220
15025,4170,Mustard Oil 1L,2.35,200
15026,4170,Pure Ghee 1L,0.56,600
15027,4171,Groundnut Oil 1L,1.32,220
15028,4171,Pure Ghee 1L,0.79,600
15029,4171,Sugar 1kg,2.14,45
15030,4171,Jaggery (Bella/Gud) 1kg,0.56,70
15031,4172,Pure Ghee 1L,0.62,600
15032,4172,Sugar 1kg,1.44,45
15033,4172,Jaggery (Bella/Gud) 1kg,0.8,70
15034,4172,Iodized Salt 1kg,2.03,25
15035,4173,Pure Ghee 1L,0.55,600
15036,4173,Sugar 1kg,2.26,45
15037,4173,Jaggery (Bella/Gud) 1kg,1.03,70
15038,4173,Iodized Salt 1kg,1.86,25
15039,4174,Sugar 1kg,1.91,45
15040,4174,Jaggery (Bella/Gud) 1kg,1.06,70
15041,4174,Iodized Salt 1kg,1.36,25
15042,4174,Rock Salt (Sendha Namak) 500g,0.91,40
15043,4175,Sugar 1kg,2.58,45
15044,4175,Jaggery (Bella/Gud) 1kg,0.4,70
15045,4175,Iodized Salt 1kg,1.2,25
15046,4175,Rock Salt (Sendha Namak) 500g,0.76,40
15047,4176,Iodized Salt 1kg,2.11,25
15048,4176,Rock Salt (Sendha Namak) 500g,0.43,40
15049,4177,Sona Masoori Rice 5kg,10.02,350
15050,4177,Basmati Rice 5kg,5.09,550
15051,4177,Wheat Flour (Atta) 5kg,2.99,250
15052,4177,Toor Dal 1kg,2.12,140
15053,4178,Sona Masoori Rice 5kg,5.71,350
15054,4178,Basmati Rice 5kg,2.91,550
15055,4178,Wheat Flour (Atta) 5kg,2.06,250
15056,4178,Toor Dal 1kg,2.33,140
15057,4179,Basmati Rice 5kg,4.04,550
15058,4179,Wheat Flour (Atta) 5kg,3.26,250
15059,4179,Toor Dal 1kg,1.67,140
15060,4179,Moong Dal 1kg,2.71,130
15061,4180,Wheat Flour (Atta) 5kg,3.15,250
15062,4180,Toor Dal 1kg,2.13,140
15063,4180,Moong Dal 1kg,4.05,130
15064,4180,Rajma (Kidney Beans) 1kg,0.67,160
15065,4181,Rajma (Kidney Beans) 1kg,0.81,160
15066,4181,Turmeric Powder 200g,1.44,60
15067,4181,Garam Masala 100g,0.64,80
15068,4181,Biryani Masala 100g,0.35,100
15069,4182,Rajma (Kidney Beans) 1kg,0.81,160
15070,4182,Turmeric Powder 200g,3.28,60
15071,4182,Garam Masala 100g,0.27,80
15072,4182,Biryani Masala 100g,0.56,100
15073,4183,Rajma (Kidney Beans) 1kg,1.02,160
15074,4183,Garam Masala 100g,0.38,80
15075,4183,Biryani Masala 100g,0.46,100
15076,4183,Almonds (Badam) 500g,0.49,522.68
15077,4184,Garam Masala 100g,0.31,80
15078,4184,Biryani Masala 100g,0.47,100
15079,4184,Almonds (Badam) 500g,0.34,450
15080,4184,Cashew Nuts (Kaju) 500g,0.82,550
15081,4185,Garam Masala 100g,0.5,80
15082,4185,Biryani Masala 100g,0.43,100
15083,4185,Almonds (Badam) 500g,0.44,450
15084,4185,Cashew Nuts (Kaju) 500g,0.79,550
15085,4186,Biryani Masala 100g,0.91,114.57
15086,4186,Almonds (Badam) 500g,0.51,450
15087,4186,Cashew Nuts (Kaju) 500g,0.99,550
15088,4186,Peanuts (Groundnut) 500g,0.96,90
15089,4187,Almonds (Badam) 500g,0.42,450
15090,4187,Peanuts (Groundnut) 500g,1.13,90
15091,4187,Sunflower Oil 1L,1.9,180
15092,4187,Groundnut Oil 1L,1.47,220
15093,4188,Peanuts (Groundnut) 500g,1.42,90
15094,4188,Sunflower Oil 1L,3.91,180
15095,4188,Groundnut Oil 1L,1.13,184.89
15096,4188,Mustard Oil 1L,2.98,200
15097,4189,Peanuts (Groundnut) 500g,1.69,90
15098,4189,Sunflower Oil 1L,3.59,180
15099,4189,Groundnut Oil 1L,0.85,220
15100,4189,Mustard Oil 1L,2.9,200
15101,4190,Groundnut Oil 1L,1.26,220
15102,4190,Pure Ghee 1L,0.49,600
15103,4190,Sugar 1kg,3.89,45
15104,4190,Jaggery (Bella/Gud) 1kg,1.34,70
15105,4191,Pure Ghee 1L,0.79,600
15106,4191,Sugar 1kg,6.68,45
15107,4191,Jaggery (Bella/Gud) 1kg,1.37,70
15108,4191,Iodized Salt 1kg,2.9,25
15109,4192,Pure Ghee 1L,0.76,600
15110,4192,Jaggery (Bella/Gud) 1kg,1.31,70
15111,4192,Iodized Salt 1kg,4.55,25
15112,4192,Rock Salt (Sendha Namak) 500g,0.45,40
15113,4193,Pure Ghee 1L,0.43,600
15114,4193,Rock Salt (Sendha Namak) 500g,0.31,40
15115,4194,Pure Ghee 1L,0.59,600
15116,4194,Rock Salt (Sendha Namak) 500g,0.49,40
15117,4195,Rock Salt (Sendha Namak) 500g,0.66,40
15118,4196,Rock Salt (Sendha Namak) 500g,0.59,40
15119,4197,Sona Masoori Rice 5kg,3.29,293.23
15120,4197,Basmati Rice 5kg,3.97,550
15121,4197,Wheat Flour (Atta) 5kg,3.68,250
15122,4197,Toor Dal 1kg,7.68,140
15123,4198,Sona Masoori Rice 5kg,2.42,350
15124,4198,Basmati Rice 5kg,3.77,550
15125,4198,Wheat Flour (Atta) 5kg,3.22,250
15126,4198,Moong Dal 1kg,6.91,130
15127,4199,Sona Masoori Rice 5kg,2.56,350
15128,4199,Basmati Rice 5kg,3.62,550
15129,4199,Wheat Flour (Atta) 5kg,5.92,250
15130,4199,Rajma (Kidney Beans) 1kg,0.99,160
15131,4200,Sona Masoori Rice 5kg,1.64,350
15132,4200,Basmati Rice 5kg,2.09,550
15133,4200,Rajma (Kidney Beans) 1kg,0.84,160
15134,4200,Turmeric Powder 200g,0.67,60
15135,4201,Sona Masoori Rice 5kg,3.82,350
15136,4201,Rajma (Kidney Beans) 1kg,1.14,160
15137,4201,Turmeric Powder 200g,0.86,60
15138,4201,Biryani Masala 100g,0.53,100
15139,4202,Sona Masoori Rice 5kg,1.67,350
15140,4202,Turmeric Powder 200g,0.5,60
15141,4202,Biryani Masala 100g,0.66,100
15142,4202,Almonds (Badam) 500g,0.29,450
15143,4203,Turmeric Powder 200g,1.2,60
15144,4203,Biryani Masala 100g,0.8,100
15145,4203,Almonds (Badam) 500g,0.39,450
15146,4203,Cashew Nuts (Kaju) 500g,0.38,550
15147,4204,Turmeric Powder 200g,0.78,60
15148,4204,Biryani Masala 100g,0.46,100
15149,4204,Almonds (Badam) 500g,0.7,450
15150,4204,Cashew Nuts (Kaju) 500g,0.44,550
15151,4205,Turmeric Powder 200g,0.57,60
15152,4205,Biryani Masala 100g,0.5,100
15153,4205,Almonds (Badam) 500g,0.28,450
15154,4205,Cashew Nuts (Kaju) 500g,0.29,550
15155,4206,Almonds (Badam) 500g,0.37,450
15156,4206,Cashew Nuts (Kaju) 500g,0.49,550
15157,4206,Peanuts (Groundnut) 500g,1.52,90
15158,4206,Sunflower Oil 1L,2.66,180
15159,4207,Cashew Nuts (Kaju) 500g,0.44,550
15160,4207,Peanuts (Groundnut) 500g,0.69,90
15161,4207,Sunflower Oil 1L,4.99,180
15162,4207,Groundnut Oil 1L,0.78,220
15163,4208,Cashew Nuts (Kaju) 500g,0.34,550
15164,4208,Peanuts (Groundnut) 500g,1.37,90
15165,4208,Sunflower Oil 1L,2.85,180
15166,4208,Groundnut Oil 1L,1.44,220
15167,4209,Peanuts (Groundnut) 500g,1.16,90
15168,4209,Groundnut Oil 1L,1.54,220
15169,4209,Mustard Oil 1L,1.11,200
15170,4209,Pure Ghee 1L,0.78,600
15171,4210,Groundnut Oil 1L,1.17,220
15172,4210,Mustard Oil 1L,1.12,228.39
15173,4210,Pure Ghee 1L,0.7,600
15174,4210,Sugar 1kg,1.24,45
15175,4211,Mustard Oil 1L,0.75,200
15176,4211,Pure Ghee 1L,0.43,600
15177,4211,Sugar 1kg,2.18,45
15178,4211,Jaggery (Bella/Gud) 1kg,4.31,70
15179,4212,Mustard Oil 1L,0.95,200
15180,4212,Pure Ghee 1L,0.66,600
15181,4212,Sugar 1kg,1.95,45
15182,4212,Iodized Salt 1kg,1.16,25
15183,4213,Mustard Oil 1L,1.24,200
15184,4213,Pure Ghee 1L,0.52,600
15185,4213,Sugar 1kg,2.44,45
15186,4213,Iodized Salt 1kg,2.09,25
15187,4214,Mustard Oil 1L,1.17,200
15188,4214,Sugar 1kg,1.5,50.66
15189,4214,Iodized Salt 1kg,1.75,25
15190,4214,Rock Salt (Sendha Namak) 500g,0.29,40
15191,4215,Sugar 1kg,1.64,45
15192,4215,Iodized Salt 1kg,1.0,25
15193,4215,Rock Salt (Sendha Namak) 500g,0.49,40
15194,4216,Iodized Salt 1kg,1.62,25
15195,4216,Rock Salt (Sendha Namak) 500g,0.4,40
15196,4217,Rock Salt (Sendha Namak) 500g,0.4,40
15197,4218,Rock Salt (Sendha Namak) 500g,0.17,40
15198,4219,Rock Salt (Sendha Namak) 500g,0.24,40
15199,4220,Sona Masoori Rice 5kg,4.86,350
15200,4220,Basmati Rice 5kg,3.35,550
15201,4220,Wheat Flour (Atta) 5kg,3.32,250
15202,4220,Toor Dal 1kg,3.49,140
15203,4221,Sona Masoori Rice 5kg,4.96,350
15204,4221,Basmati Rice 5kg,4.25,464.13
15205,4221,Wheat Flour (Atta) 5kg,3.72,282.53
15206,4221,Toor Dal 1kg,4.49,140
15207,4222,Sona Masoori Rice 5kg,2.63,350
15208,4222,Basmati Rice 5kg,4.09,550
15209,4222,Wheat Flour (Atta) 5kg,3.14,250
15210,4222,Moong Dal 1kg,0.86,130
15211,4223,Sona Masoori Rice 5kg,3.12,350
15212,4223,Wheat Flour (Atta) 5kg,2.87,250
15213,4223,Moong Dal 1kg,1.62,152.25
15214,4223,Rajma (Kidney Beans) 1kg,1.05,160
15215,4224,Moong Dal 1kg,1.17,130
15216,4224,Rajma (Kidney Beans) 1kg,0.72,160
15217,4224,Turmeric Powder 200g,0.5,60
15218,4224,Garam Masala 100g,3.56,80
15219,4225,Moong Dal 1kg,1.64,130
15220,4225,Rajma (Kidney Beans) 1kg,0.8,160
15221,4225,Turmeric Powder 200g,0.78,60
15222,4225,Biryani Masala 100g,0.61,100
15223,4226,Moong Dal 1kg,1.16,130
15224,4226,Rajma (Kidney Beans) 1kg,0.7,160
15225,4226,Turmeric Powder 200g,1.13,60
15226,4226,Biryani Masala 100g,0.69,100
15227,4227,Turmeric Powder 200g,0.94,60
15228,4227,Biryani Masala 100g,0.62,100
15229,4227,Almonds (Badam) 500g,0.37,450
15230,4227,Cashew Nuts (Kaju) 500g,0.36,550
15231,4228,Turmeric Powder 200g,1.34,60
15232,4228,Biryani Masala 100g,0.6,100
15233,4228,Almonds (Badam) 500g,0.44,450
15234,4228,Cashew Nuts (Kaju) 500g,0.73,550
15235,4229,Biryani Masala 100g,0.68,100
15236,4229,Almonds (Badam) 500g,0.36,450
15237,4229,Cashew Nuts (Kaju) 500g,0.41,550
15238,4229,Peanuts (Groundnut) 500g,5.13,73.62
15239,4230,Almonds (Badam) 500g,0.21,450
15240,4230,Cashew Nuts (Kaju) 500g,0.92,550
15241,4230,Sunflower Oil 1L,2.11,180
15242,4230,Groundnut Oil 1L,0.68,220
15243,4231,Almonds (Badam) 500g,0.38,450
15244,4231,Cashew Nuts (Kaju) 500g,0.4,550
15245,4231,Sunflower Oil 1L,1.18,180
15246,4231,Groundnut Oil 1L,1.23,220
15247,4232,Almonds (Badam) 500g,0.38,450
15248,4232,Sunflower Oil 1L,1.49,180
15249,4232,Groundnut Oil 1L,0.96,220
15250,4232,Mustard Oil 1L,5.48,200
15251,4233,Sunflower Oil 1L,2.33,180
15252,4233,Groundnut Oil 1L,1.2,220
15253,4233,Pure Ghee 1L,2.95,600
15254,4233,Sugar 1kg,1.87,45
15255,4234,Sunflower Oil 1L,2.02,180
15256,4234,Groundnut Oil 1L,0.64,220
15257,4234,Sugar 1kg,1.83,45
15258,4234,Jaggery (Bella/Gud) 1kg,1.21,70
15259,4235,Sugar 1kg,3.47,45
15260,4235,Jaggery (Bella/Gud) 1kg,0.89,70
15261,4235,Iodized Salt 1kg,2.89,25
15262,4235,Rock Salt (Sendha Namak) 500g,1.24,40
15263,4236,Sugar 1kg,3.22,45
15264,4236,Jaggery (Bella/Gud) 1kg,0.74,70
15265,4236,Iodized Salt 1kg,3.22,25
15266,4237,Jaggery (Bella/Gud) 1kg,0.42,70
15267,4237,Iodized Salt 1kg,2.41,25
15268,4238,Jaggery (Bella/Gud) 1kg,0.96,70
15269,4239,Sona Masoori Rice 5kg,7.32,350
15270,4239,Basmati Rice 5kg,6.75,550
15271,4239,Wheat Flour (Atta) 5kg,3.27,250
15272,4239,Toor Dal 1kg,8.7,140
15273,4240,Sona Masoori Rice 5kg,7.29,350
15274,4240,Basmati Rice 5kg,5.9,550
15275,4240,Wheat Flour (Atta) 5kg,3.6,202.87
15276,4240,Moong Dal 1kg,6.65,130
15277,4241,Wheat Flour (Atta) 5kg,5.24,250
15278,4241,Rajma (Kidney Beans) 1kg,1.79,160
15279,4241,Turmeric Powder 200g,4.68,60
15280,4241,Biryani Masala 100g,0.79,100
15281,4242,Rajma (Kidney Beans) 1kg,1.41,160
15282,4242,Biryani Masala 100g,0.62,100
15283,4242,Almonds (Badam) 500g,0.55,450
15284,4242,Cashew Nuts (Kaju) 500g,0.61,550
15285,4243,Biryani Masala 100g,1.05,100
15286,4243,Almonds (Badam) 500g,0.63,450
15287,4243,Cashew Nuts (Kaju) 500g,0.6,550
15288,4243,Peanuts (Groundnut) 500g,0.51,90
15289,4244,Biryani Masala 100g,0.75,100
15290,4244,Almonds (Badam) 500g,0.65,450
15291,4244,Cashew Nuts (Kaju) 500g,0.24,550
15292,4244,Peanuts (Groundnut) 500g,1.03,90
15293,4245,Cashew Nuts (Kaju) 500g,0.58,550
15294,4245,Peanuts (Groundnut) 500g,0.88,90
15295,4245,Sunflower Oil 1L,2.63,180
15296,4245,Groundnut Oil 1L,1.27,220
15297,4246,Cashew Nuts (Kaju) 500g,0.33,550
15298,4246,Peanuts (Groundnut) 500g,0.94,90
15299,4246,Sunflower Oil 1L,2.59,180
15300,4246,Groundnut Oil 1L,0.91,220
15301,4247,Cashew Nuts (Kaju) 500g,0.32,550
15302,4247,Peanuts (Groundnut) 500g,0.99,90
15303,4247,Sunflower Oil 1L,1.36,180
15304,4247,Groundnut Oil 1L,0.63,220
15305,4248,Peanuts (Groundnut) 500g,0.44,79.61
15306,4248,Sunflower Oil 1L,2.02,180
15307,4248,Groundnut Oil 1L,1.01,220
15308,4248,Mustard Oil 1L,6.48,200
15309,4249,Sunflower Oil 1L,2.15,180
15310,4249,Groundnut Oil 1L,1.21,220
15311,4249,Pure Ghee 1L,1.66,600
15312,4249,Sugar 1kg,2.25,45
15313,4250,Pure Ghee 1L,1.12,600
15314,4250,Sugar 1kg,2.0,45
15315,4250,Jaggery (Bella/Gud) 1kg,2.52,70
15316,4250,Iodized Salt 1kg,2.03,25
15317,4251,Sugar 1kg,5.51,45
15318,4251,Jaggery (Bella/Gud) 1kg,1.87,70
15319,4251,Iodized Salt 1kg,2.47,25
15320,4251,Rock Salt (Sendha Namak) 500g,0.18,40
15321,4252,Iodized Salt 1kg,2.4,25
15322,4252,Rock Salt (Sendha Namak) 500g,0.15,40
15323,4253,Iodized Salt 1kg,1.26,25
15324,4253,Rock Salt (Sendha Namak) 500g,0.22,40
15325,4254,Rock Salt (Sendha Namak) 500g,0.26,40
15326,4255,Sona Masoori Rice 5kg,2.88,350
15327,4255,Basmati Rice 5kg,12.68,550
15328,4255,Wheat Flour (Atta) 5kg,1.93,250
15329,4255,Toor Dal 1kg,1.95,140
15330,4256,Sona Masoori Rice 5kg,2.07,350
15331,4256,Wheat Flour (Atta) 5kg,1.7,250
15332,4256,Toor Dal 1kg,2.54,140
15333,4256,Moong Dal 1kg,0.63,130
15334,4257,Sona Masoori Rice 5kg,2.31,350
15335,4257,Wheat Flour (Atta) 5kg,2.48,250
15336,4257,Toor Dal 1kg,0.85,140
15337,4257,Moong Dal 1kg,1.47,130
15338,4258,Sona Masoori Rice 5kg,3.8,350
15339,4258,Wheat Flour (Atta) 5kg,2.53,250
15340,4258,Toor Dal 1kg,1.24,140
15341,4258,Moong Dal 1kg,1.32,130
15342,4259,Sona Masoori Rice 5kg,4.01,350
15343,4259,Wheat Flour (Atta) 5kg,1.12,250
15344,4259,Toor Dal 1kg,1.0,140
15345,4259,Moong Dal 1kg,0.95,115.86
15346,4260,Wheat Flour (Atta) 5kg,1.07,250
15347,4260,Moong Dal 1kg,0.86,130
15348,4260,Rajma (Kidney Beans) 1kg,0.65,143.49
15349,4260,Turmeric Powder 200g,0.7,60
15350,4261,Moong Dal 1kg,1.68,130
15351,4261,Rajma (Kidney Beans) 1kg,1.27,160
15352,4261,Turmeric Powder 200g,1.16,60
15353,4261,Garam Masala 100g,0.66,80
15354,4262,Rajma (Kidney Beans) 1kg,1.33,160
15355,4262,Turmeric Powder 200g,1.35,60
15356,4262,Garam Masala 100g,0.63,80
15357,4262,Biryani Masala 100g,0.94,100
15358,4263,Turmeric Powder 200g,1.38,60
15359,4263,Garam Masala 100g,0.3,80
15360,4263,Biryani Masala 100g,0.46,100
15361,4263,Almonds (Badam) 500g,0.71,450
15362,4264,Turmeric Powder 200g,0.65,60
15363,4264,Garam Masala 100g,0.76,80
15364,4264,Biryani Masala 100g,0.79,100
15365,4264,Almonds (Badam) 500g,0.42,450
15366,4265,Biryani Masala 100g,0.93,100
15367,4265,Almonds (Badam) 500g,0.48,450
15368,4265,Cashew Nuts (Kaju) 500g,0.66,550
15369,4265,Peanuts (Groundnut) 500g,0.48,90
15370,4266,Almonds (Badam) 500g,0.5,450
15371,4266,Cashew Nuts (Kaju) 500g,0.53,550
15372,4266,Peanuts (Groundnut) 500g,0.79,90
15373,4266,Sunflower Oil 1L,10.26,151.26
15374,4267,Cashew Nuts (Kaju) 500g,0.54,634.39
15375,4267,Peanuts (Groundnut) 500g,0.97,90
15376,4267,Groundnut Oil 1L,1.33,220
15377,4267,Mustard Oil 1L,2.11,200
15378,4268,Cashew Nuts (Kaju) 500g,0.34,550
15379,4268,Peanuts (Groundnut) 500g,0.74,90
15380,4268,Groundnut Oil 1L,1.31,220
15381,4268,Mustard Oil 1L,4.33,200
15382,4269,Cashew Nuts (Kaju) 500g,0.35,550
15383,4269,Peanuts (Groundnut) 500g,0.52,90
15384,4269,Groundnut Oil 1L,1.81,220
15385,4269,Pure Ghee 1L,1.67,600
15386,4270,Cashew Nuts (Kaju) 500g,0.45,550
15387,4270,Peanuts (Groundnut) 500g,1.06,90
15388,4270,Pure Ghee 1L,1.58,600
15389,4270,Sugar 1kg,3.26,45
15390,4271,Sugar 1kg,6.78,45
15391,4271,Jaggery (Bella/Gud) 1kg,3.76,70
15392,4271,Iodized Salt 1kg,1.3,25
15393,4271,Rock Salt (Sendha Namak) 500g,0.97,40
15394,4272,Iodized Salt 1kg,1.31,25
15395,4272,Rock Salt (Sendha Namak) 500g,0.84,40
15396,4273,Iodized Salt 1kg,1.18,25
15397,4273,Rock Salt (Sendha Namak) 500g,0.69,40
15398,4274,Iodized Salt 1kg,0.86,25
15399,4274,Rock Salt (Sendha Namak) 500g,0.49,40
15400,4275,Iodized Salt 1kg,1.42,25
15401,4276,Iodized Salt 1kg,1.69,25
15402,4277,Sona Masoori Rice 5kg,1.59,350
15403,4277,Basmati Rice 5kg,2.77,550
15404,4277,Wheat Flour (Atta) 5kg,3.73,250
15405,4277,Toor Dal 1kg,3.12,140
15406,4278,Sona Masoori Rice 5kg,4.51,350
15407,4278,Basmati Rice 5kg,1.8,550
15408,4278,Wheat Flour (Atta) 5kg,1.95,250
15409,4278,Toor Dal 1kg,1.51,140
15410,4279,Sona Masoori Rice 5kg,3.82,350
15411,4279,Basmati Rice 5kg,2.87,550
15412,4279,Wheat Flour (Atta) 5kg,3.53,250
15413,4279,Toor Dal 1kg,2.98,140
15414,4280,Sona Masoori Rice 5kg,1.97,350
15415,4280,Basmati Rice 5kg,2.96,550
15416,4280,Wheat Flour (Atta) 5kg,2.3,250
15417,4280,Moong Dal 1kg,6.68,130
15418,4281,Sona Masoori Rice 5kg,3.94,350
15419,4281,Basmati Rice 5kg,1.44,550
15420,4281,Wheat Flour (Atta) 5kg,1.39,250
15421,4281,Rajma (Kidney Beans) 1kg,0.5,160
15422,4282,Rajma (Kidney Beans) 1kg,0.75,160
15423,4282,Turmeric Powder 200g,0.92,60
15424,4282,Garam Masala 100g,0.69,80
15425,4282,Biryani Masala 100g,0.43,100
15426,4283,Rajma (Kidney Beans) 1kg,0.31,160
15427,4283,Turmeric Powder 200g,1.39,60
15428,4283,Garam Masala 100g,0.31,80
15429,4283,Biryani Masala 100g,0.99,100
15430,4284,Rajma (Kidney Beans) 1kg,0.63,180.97
15431,4284,Turmeric Powder 200g,0.92,60
15432,4284,Garam Masala 100g,0.55,80
15433,4284,Biryani Masala 100g,0.48,100
15434,4285,Rajma (Kidney Beans) 1kg,0.52,160
15435,4285,Turmeric Powder 200g,1.5,60
15436,4285,Garam Masala 100g,0.53,80
15437,4285,Biryani Masala 100g,1.08,100
15438,4286,Rajma (Kidney Beans) 1kg,0.58,160
15439,4286,Almonds (Badam) 500g,2.18,450
15440,4286,Cashew Nuts (Kaju) 500g,1.4,550
15441,4286,Peanuts (Groundnut) 500g,4.73,90
15442,4287,Cashew Nuts (Kaju) 500g,1.06,550
15443,4287,Sunflower Oil 1L,10.4,180
15444,4287,Groundnut Oil 1L,4.6,220
15445,4287,Mustard Oil 1L,3.48,200
15446,4288,Mustard Oil 1L,1.92,200
15447,4288,Pure Ghee 1L,1.52,600
15448,4288,Sugar 1kg,2.81,45
15449,4288,Jaggery (Bella/Gud) 1kg,0.75,70
15450,4289,Pure Ghee 1L,0.63,600
15451,4289,Sugar 1kg,2.15,45
15452,4289,Jaggery (Bella/Gud) 1kg,0.46,70
15453,4289,Iodized Salt 1kg,2.41,25
15454,4290,Pure Ghee 1L,0.76,600
15455,4290,Sugar 1kg,2.07,45
15456,4290,Jaggery (Bella/Gud) 1kg,0.86,70
15457,4290,Iodized Salt 1kg,1.01,25
15458,4291,Sugar 1kg,2.39,45
15459,4291,Jaggery (Bella/Gud) 1kg,0.69,70
15460,4291,Iodized Salt 1kg,1.14,25
15461,4291,Rock Salt (Sendha Namak) 500g,0.42,40
15462,4292,Jaggery (Bella/Gud) 1kg,0.68,70
15463,4292,Iodized Salt 1kg,2.04,25
15464,4292,Rock Salt (Sendha Namak) 500g,0.18,40
15465,4293,Jaggery (Bella/Gud) 1kg,0.6,70
15466,4293,Iodized Salt 1kg,1.86,25
15467,4293,Rock Salt (Sendha Namak) 500g,0.41,40
15468,4294,Rock Salt (Sendha Namak) 500g,0.34,40
15469,4295,Rock Salt (Sendha Namak) 500g,0.4,40
15470,4296,Sona Masoori Rice 5kg,15.79,350
15471,4296,Basmati Rice 5kg,4.32,550
15472,4296,Wheat Flour (Atta) 5kg,1.58,250
15473,4296,Toor Dal 1kg,7.53,140
15474,4297,Basmati Rice 5kg,2.02,550
15475,4297,Wheat Flour (Atta) 5kg,1.46,250
15476,4297,Moong Dal 1kg,1.59,130
15477,4297,Rajma (Kidney Beans) 1kg,0.77,141.33
15478,4298,Basmati Rice 5kg,3.36,550
15479,4298,Wheat Flour (Atta) 5kg,2.4,250
15480,4298,Moong Dal 1kg,1.19,130
15481,4298,Rajma (Kidney Beans) 1kg,0.43,160
15482,4299,Basmati Rice 5kg,3.66,550
15483,4299,Wheat Flour (Atta) 5kg,2.55,250
15484,4299,Moong Dal 1kg,1.94,130
15485,4299,Rajma (Kidney Beans) 1kg,0.43,160
15486,4300,Wheat Flour (Atta) 5kg,2.46,250
15487,4300,Moong Dal 1kg,2.89,130
15488,4300,Rajma (Kidney Beans) 1kg,0.55,160
15489,4300,Turmeric Powder 200g,1.05,60
15490,4301,Wheat Flour (Atta) 5kg,2.19,250
15491,4301,Rajma (Kidney Beans) 1kg,0.78,160
15492,4301,Turmeric Powder 200g,0.48,60
15493,4301,Biryani Masala 100g,1.48,100
15494,4302,Rajma (Kidney Beans) 1kg,0.4,130.21
15495,4302,Turmeric Powder 200g,0.82,60
15496,4302,Biryani Masala 100g,1.81,100
15497,4302,Almonds (Badam) 500g,0.25,450
15498,4303,Turmeric Powder 200g,0.8,60
15499,4303,Almonds (Badam) 500g,0.48,450
15500,4303,Cashew Nuts (Kaju) 500g,2.82,550
15501,4303,Peanuts (Groundnut) 500g,0.83,90
15502,4304,Turmeric Powder 200g,0.64,60
15503,4304,Almonds (Badam) 500g,0.46,450
15504,4304,Peanuts (Groundnut) 500g,0.67,90
15505,4304,Sunflower Oil 1L,9.21,180
15506,4305,Turmeric Powder 200g,1.09,60
15507,4305,Almonds (Badam) 500g,0.32,450
15508,4305,Peanuts (Groundnut) 500g,1.09,90
15509,4305,Groundnut Oil 1L,1.33,262.08
15510,4306,Almonds (Badam) 500g,0.4,450
15511,4306,Peanuts (Groundnut) 500g,0.84,90
15512,4306,Groundnut Oil 1L,1.21,220
15513,4306,Mustard Oil 1L,6.32,200
15514,4307,Almonds (Badam) 500g,0.25,450
15515,4307,Peanuts (Groundnut) 500g,0.55,90
15516,4307,Groundnut Oil 1L,1.66,220
15517,4307,Pure Ghee 1L,0.62,504.87
15518,4308,Peanuts (Groundnut) 500g,1.06,90
15519,4308,Groundnut Oil 1L,0.96,220
15520,4308,Pure Ghee 1L,0.45,508.34
15521,4308,Sugar 1kg,2.62,45
15522,4309,Pure Ghee 1L,0.52,600
15523,4309,Sugar 1kg,2.48,45
15524,4309,Jaggery (Bella/Gud) 1kg,4.26,70
15525,4309,Iodized Salt 1kg,2.74,25
15526,4310,Pure Ghee 1L,0.58,600
15527,4310,Sugar 1kg,1.27,45
15528,4310,Iodized Salt 1kg,1.71,25
15529,4310,Rock Salt (Sendha Namak) 500g,0.34,40
15530,4311,Pure Ghee 1L,0.3,600
15531,4311,Sugar 1kg,1.08,45
15532,4311,Iodized Salt 1kg,1.9,25
15533,4311,Rock Salt (Sendha Namak) 500g,0.57,40
15534,4312,Pure Ghee 1L,0.61,600
15535,4312,Sugar 1kg,1.67,45
15536,4312,Iodized Salt 1kg,1.34,25
15537,4313,Sona Masoori Rice 5kg,2.01,350
15538,4313,Basmati Rice 5kg,5.34,550
15539,4313,Wheat Flour (Atta) 5kg,2.04,250
15540,4313,Toor Dal 1kg,1.14,140
15541,4314,Sona Masoori Rice 5kg,1.99,350
15542,4314,Basmati Rice 5kg,6.91,550
15543,4314,Wheat Flour (Atta) 5kg,2.65,250
15544,4314,Toor Dal 1kg,1.02,140
15545,4315,Sona Masoori Rice 5kg,4.3,350
15546,4315,Wheat Flour (Atta) 5kg,2.54,250
15547,4315,Toor Dal 1kg,2.14,140
15548,4315,Moong Dal 1kg,3.94,130
15549,4316,Sona Masoori Rice 5kg,2.54,350
15550,4316,Wheat Flour (Atta) 5kg,4.18,250
15551,4316,Toor Dal 1kg,0.86,140
15552,4316,Moong Dal 1kg,2.46,130
15553,4317,Sona Masoori Rice 5kg,4.28,350
15554,4317,Toor Dal 1kg,1.52,140
15555,4317,Rajma (Kidney Beans) 1kg,1.65,160
15556,4317,Turmeric Powder 200g,4.72,60
15557,4318,Toor Dal 1kg,2.05,140
15558,4318,Rajma (Kidney Beans) 1kg,1.66,160
15559,4318,Garam Masala 100g,0.82,80
15560,4318,Biryani Masala 100g,0.54,100
15561,4319,Garam Masala 100g,1.85,80
15562,4319,Biryani Masala 100g,0.83,100
15563,4319,Almonds (Badam) 500g,0.41,450
15564,4319,Cashew Nuts (Kaju) 500g,0.34,550
15565,4320,Biryani Masala 100g,0.93,100
15566,4320,Almonds (Badam) 500g,0.4,450
15567,4320,Cashew Nuts (Kaju) 500g,0.65,550
15568,4320,Peanuts (Groundnut) 500g,1.42,90
15569,4321,Biryani Masala 100g,0.42,100
15570,4321,Almonds (Badam) 500g,0.26,450
15571,4321,Cashew Nuts (Kaju) 500g,0.51,550
15572,4321,Peanuts (Groundnut) 500g,0.66,90
15573,4322,Biryani Masala 100g,0.47,100
15574,4322,Almonds (Badam) 500g,0.42,450
15575,4322,Cashew Nuts (Kaju) 500g,0.37,550
15576,4322,Peanuts (Groundnut) 500g,1.01,90
15577,4323,Almonds (Badam) 500g,0.21,450
15578,4323,Cashew Nuts (Kaju) 500g,0.51,550
15579,4323,Peanuts (Groundnut) 500g,0.9,90
15580,4323,Sunflower Oil 1L,1.32,180
15581,4324,Almonds (Badam) 500g,0.35,450
15582,4324,Peanuts (Groundnut) 500g,0.57,90
15583,4324,Sunflower Oil 1L,2.67,180
15584,4324,Groundnut Oil 1L,1.11,220
15585,4325,Peanuts (Groundnut) 500g,0.59,90
15586,4325,Sunflower Oil 1L,1.6,180
15587,4325,Groundnut Oil 1L,0.74,220
15588,4325,Mustard Oil 1L,2.81,200
15589,4326,Sunflower Oil 1L,2.49,180
15590,4326,Groundnut Oil 1L,0.48,220
15591,4326,Mustard Oil 1L,2.93,200
15592,4326,Pure Ghee 1L,0.92,600
15593,4327,Sunflower Oil 1L,2.53,180
15594,4327,Groundnut Oil 1L,0.58,220
15595,4327,Pure Ghee 1L,1.97,600
15596,4327,Sugar 1kg,3.98,45
15597,4328,Groundnut Oil 1L,1.03,220
15598,4328,Sugar 1kg,6.57,45
15599,4328,Jaggery (Bella/Gud) 1kg,1.7,80.57
15600,4328,Iodized Salt 1kg,2.48,25
15601,4329,Groundnut Oil 1L,1.04,220
15602,4329,Jaggery (Bella/Gud) 1kg,0.99,70
15603,4329,Iodized Salt 1kg,1.87,25
15604,4329,Rock Salt (Sendha Namak) 500g,0.53,40
15605,4330,Jaggery (Bella/Gud) 1kg,1.44,70
15606,4330,Iodized Salt 1kg,3.26,25
15607,4330,Rock Salt (Sendha Namak) 500g,0.45,40
15608,4331,Rock Salt (Sendha Namak) 500g,0.88,40
15609,4332,Sona Masoori Rice 5kg,9.43,350
15610,4332,Basmati Rice 5kg,3.27,550
15611,4332,Wheat Flour (Atta) 5kg,10.9,250
15612,4332,Toor Dal 1kg,0.95,140
15613,4333,Sona Masoori Rice 5kg,6.41,350
15614,4333,Basmati Rice 5kg,2.71,550
15615,4333,Toor Dal 1kg,1.44,140
15616,4333,Moong Dal 1kg,3.24,130
15617,4334,Basmati Rice 5kg,2.27,550
15618,4334,Toor Dal 1kg,1.45,140
15619,4334,Moong Dal 1kg,4.17,130
15620,4334,Rajma (Kidney Beans) 1kg,3.31,160
15621,4335,Basmati Rice 5kg,2.0,550
15622,4335,Toor Dal 1kg,1.89,140
15623,4335,Turmeric Powder 200g,1.04,60
15624,4335,Garam Masala 100g,0.79,80
15625,4336,Basmati Rice 5kg,1.99,550
15626,4336,Toor Dal 1kg,1.4,140
15627,4336,Turmeric Powder 200g,0.99,60
15628,4336,Garam Masala 100g,1.11,80
15629,4337,Toor Dal 1kg,0.93,140
15630,4337,Turmeric Powder 200g,0.93,60
15631,4337,Garam Masala 100g,0.8,80
15632,4337,Biryani Masala 100g,0.57,100
15633,4338,Turmeric Powder 200g,1.07,60
15634,4338,Biryani Masala 100g,0.23,100
15635,4338,Almonds (Badam) 500g,1.42,450
15636,4338,Cashew Nuts (Kaju) 500g,2.46,455.79
15637,4339,Turmeric Powder 200g,0.56,60
15638,4339,Biryani Masala 100g,0.47,100
15639,4339,Almonds (Badam) 500g,0.7,450
15640,4339,Peanuts (Groundnut) 500g,0.87,90
15641,4340,Biryani Masala 100g,0.61,100
15642,4340,Peanuts (Groundnut) 500g,0.67,90
15643,4340,Sunflower Oil 1L,4.6,180
15644,4340,Groundnut Oil 1L,4.83,220
15645,4341,Biryani Masala 100g,0.49,100
15646,4341,Peanuts (Groundnut) 500g,0.87,90
15647,4341,Sunflower Oil 1L,1.6,180
15648,4341,Mustard Oil 1L,1.48,200
15649,4342,Biryani Masala 100g,0.52,100
15650,4342,Peanuts (Groundnut) 500g,0.72,90
15651,4342,Sunflower Oil 1L,4.54,180
15652,4342,Mustard Oil 1L,0.77,200
15653,4343,Peanuts (Groundnut) 500g,0.6,90
15654,4343,Mustard Oil 1L,1.31,200
15655,4343,Pure Ghee 1L,0.47,491.56
15656,4343,Sugar 1kg,1.17,45
15657,4344,Peanuts (Groundnut) 500g,0.93,90
15658,4344,Mustard Oil 1L,0.81,200
15659,4344,Pure Ghee 1L,1.17,600
15660,4344,Sugar 1kg,1.53,45
15661,4345,Mustard Oil 1L,1.04,200
15662,4345,Pure Ghee 1L,1.26,600
15663,4345,Sugar 1kg,1.86,45
15664,4345,Jaggery (Bella/Gud) 1kg,1.21,70
15665,4346,Sugar 1kg,1.0,45
15666,4346,Jaggery (Bella/Gud) 1kg,1.29,70
15667,4346,Iodized Salt 1kg,3.76,25
15668,4346,Rock Salt (Sendha Namak) 500g,1.39,40
15669,4347,Sugar 1kg,1.88,45
15670,4347,Jaggery (Bella/Gud) 1kg,1.17,70
15671,4347,Iodized Salt 1kg,3.86,25
15672,4348,Sugar 1kg,1.73,45
15673,4349,Sona Masoori Rice 5kg,5.0,350
15674,4349,Basmati Rice 5kg,3.3,550
15675,4349,Wheat Flour (Atta) 5kg,1.54,250
15676,4349,Toor Dal 1kg,4.28,140
15677,4350,Sona Masoori Rice 5kg,4.86,350
15678,4350,Basmati Rice 5kg,2.93,550
15679,4350,Wheat Flour (Atta) 5kg,2.07,250
15680,4350,Toor Dal 1kg,3.89,140
15681,4351,Sona Masoori Rice 5kg,4.18,350
15682,4351,Basmati Rice 5kg,6.09,550
15683,4351,Wheat Flour (Atta) 5kg,2.48,250
15684,4351,Moong Dal 1kg,1.06,130
15685,4352,Wheat Flour (Atta) 5kg,1.45,250
15686,4352,Moong Dal 1kg,1.52,130
15687,4352,Rajma (Kidney Beans) 1kg,1.65,160
15688,4352,Turmeric Powder 200g,2.0,60
15689,4353,Wheat Flour (Atta) 5kg,1.81,250
15690,4353,Moong Dal 1kg,1.89,130
15691,4353,Rajma (Kidney Beans) 1kg,1.09,160
15692,4353,Turmeric Powder 200g,1.05,60
15693,4354,Wheat Flour (Atta) 5kg,2.41,250
15694,4354,Moong Dal 1kg,1.87,130
15695,4354,Turmeric Powder 200g,1.69,60
15696,4354,Garam Masala 100g,3.83,80
15697,4355,Biryani Masala 100g,0.3,100
15698,4355,Almonds (Badam) 500g,0.78,450
15699,4355,Cashew Nuts (Kaju) 500g,0.85,550
15700,4355,Peanuts (Groundnut) 500g,0.82,90
15701,4356,Biryani Masala 100g,0.39,100
15702,4356,Almonds (Badam) 500g,1.32,450
15703,4356,Cashew Nuts (Kaju) 500g,0.48,550
15704,4356,Peanuts (Groundnut) 500g,1.01,90
15705,4357,Biryani Masala 100g,0.66,100
15706,4357,Cashew Nuts (Kaju) 500g,1.15,550
15707,4357,Peanuts (Groundnut) 500g,1.77,90
15708,4357,Sunflower Oil 1L,9.13,180
15709,4358,Biryani Masala 100g,0.36,100
15710,4358,Peanuts (Groundnut) 500g,0.9,90
15711,4358,Groundnut Oil 1L,0.93,220
15712,4358,Mustard Oil 1L,1.07,200
15713,4359,Biryani Masala 100g,0.81,100
15714,4359,Peanuts (Groundnut) 500g,1.0,90
15715,4359,Groundnut Oil 1L,1.45,220
15716,4359,Mustard Oil 1L,0.72,168.31
15717,4360,Biryani Masala 100g,0.37,100
15718,4360,Groundnut Oil 1L,1.53,220
15719,4360,Mustard Oil 1L,0.74,200
15720,4360,Pure Ghee 1L,0.98,600
15721,4361,Groundnut Oil 1L,1.18,220
15722,4361,Mustard Oil 1L,0.63,200
15723,4361,Pure Ghee 1L,0.78,600
15724,4361,Sugar 1kg,3.51,45
15725,4362,Mustard Oil 1L,1.07,200
15726,4362,Pure Ghee 1L,0.86,706.88
15727,4362,Sugar 1kg,2.52,45
15728,4362,Jaggery (Bella/Gud) 1kg,1.16,70
15729,4363,Mustard Oil 1L,1.16,200
15730,4363,Pure Ghee 1L,0.49,600
15731,4363,Sugar 1kg,4.82,45
15732,4363,Jaggery (Bella/Gud) 1kg,2.02,70
15733,4364,Jaggery (Bella/Gud) 1kg,1.2,70
15734,4364,Iodized Salt 1kg,3.48,25
15735,4365,Iodized Salt 1kg,3.78,25
15736,4366,Sona Masoori Rice 5kg,6.89,350
15737,4366,Basmati Rice 5kg,13.5,550
15738,4366,Wheat Flour (Atta) 5kg,2.59,250
15739,4366,Toor Dal 1kg,1.33,140
15740,4367,Sona Masoori Rice 5kg,2.48,350
15741,4367,Wheat Flour (Atta) 5kg,3.33,250
15742,4367,Toor Dal 1kg,1.54,140
15743,4367,Moong Dal 1kg,1.5,130
15744,4368,Sona Masoori Rice 5kg,4.8,350
15745,4368,Wheat Flour (Atta) 5kg,3.43,250
15746,4368,Toor Dal 1kg,2.42,140
15747,4368,Moong Dal 1kg,1.68,130
15748,4369,Wheat Flour (Atta) 5kg,1.75,250
15749,4369,Toor Dal 1kg,1.1,140
15750,4369,Moong Dal 1kg,1.57,130
15751,4369,Rajma (Kidney Beans) 1kg,0.39,160
15752,4370,Toor Dal 1kg,1.2,140
15753,4370,Moong Dal 1kg,0.78,130
15754,4370,Rajma (Kidney Beans) 1kg,0.62,160
15755,4370,Turmeric Powder 200g,1.01,60
15756,4371,Toor Dal 1kg,0.95,140
15757,4371,Moong Dal 1kg,1.74,130
15758,4371,Rajma (Kidney Beans) 1kg,0.72,160
15759,4371,Turmeric Powder 200g,0.92,48.93
15760,4372,Rajma (Kidney Beans) 1kg,0.83,160
15761,4372,Turmeric Powder 200g,0.75,60
15762,4372,Garam Masala 100g,1.44,80
15763,4372,Biryani Masala 100g,3.3,100
15764,4373,Turmeric Powder 200g,0.62,60
15765,4373,Garam Masala 100g,0.99,80
15766,4373,Almonds (Badam) 500g,0.9,450
15767,4373,Cashew Nuts (Kaju) 500g,0.79,460.64
15768,4374,Turmeric Powder 200g,1.03,60
15769,4374,Garam Masala 100g,0.63,80
15770,4374,Almonds (Badam) 500g,1.18,450
15771,4374,Cashew Nuts (Kaju) 500g,0.55,550
15772,4375,Turmeric Powder 200g,0.62,60
15773,4375,Garam Masala 100g,1.09,80
15774,4375,Cashew Nuts (Kaju) 500g,1.41,550
15775,4375,Peanuts (Groundnut) 500g,0.69,90
15776,4376,Peanuts (Groundnut) 500g,0.47,90
15777,4376,Sunflower Oil 1L,10.2,180
15778,4376,Groundnut Oil 1L,0.48,220
15779,4376,Mustard Oil 1L,2.28,200
15780,4377,Peanuts (Groundnut) 500g,0.86,90
15781,4377,Groundnut Oil 1L,0.69,255.79
15782,4377,Mustard Oil 1L,1.28,200
15783,4377,Pure Ghee 1L,0.42,600
15784,4378,Peanuts (Groundnut) 500g,0.99,90
15785,4378,Groundnut Oil 1L,1.02,220
15786,4378,Mustard Oil 1L,1.05,200
15787,4378,Pure Ghee 1L,0.93,600
15788,4379,Peanuts (Groundnut) 500g,1.12,90
15789,4379,Groundnut Oil 1L,0.55,220
15790,4379,Mustard Oil 1L,1.39,200
15791,4379,Pure Ghee 1L,0.77,600
15792,4380,Peanuts (Groundnut) 500g,0.4,106.56
15793,4380,Groundnut Oil 1L,1.0,220
15794,4380,Pure Ghee 1L,0.71,600
15795,4380,Sugar 1kg,2.12,38.77
15796,4381,Groundnut Oil 1L,1.22,220
15797,4381,Sugar 1kg,3.77,45
15798,4381,Jaggery (Bella/Gud) 1kg,0.74,70
15799,4381,Iodized Salt 1kg,1.03,25
15800,4382,Sugar 1kg,2.93,45
15801,4382,Jaggery (Bella/Gud) 1kg,1.11,70
15802,4382,Iodized Salt 1kg,2.69,25
15803,4382,Rock Salt (Sendha Namak) 500g,0.1,40
15804,4383,Sugar 1kg,1.63,45
15805,4383,Jaggery (Bella/Gud) 1kg,0.84,70
15806,4383,Iodized Salt 1kg,1.35,25
15807,4383,Rock Salt (Sendha Namak) 500g,0.12,40
15808,4384,Jaggery (Bella/Gud) 1kg,0.62,70
15809,4384,Iodized Salt 1kg,1.11,25
15810,4384,Rock Salt (Sendha Namak) 500g,0.11,40
15811,4385,Jaggery (Bella/Gud) 1kg,0.94,70
15812,4385,Iodized Salt 1kg,2.4,25
15813,4385,Rock Salt (Sendha Namak) 500g,0.24,40
15814,4386,Rock Salt (Sendha Namak) 500g,0.11,40
15815,4387,Rock Salt (Sendha Namak) 500g,0.23,40
15816,4388,Sona Masoori Rice 5kg,7.35,350
15817,4388,Basmati Rice 5kg,9.1,550
15818,4388,Wheat Flour (Atta) 5kg,2.4,250
15819,4388,Toor Dal 1kg,4.09,157.1
15820,4389,Sona Masoori Rice 5kg,7.31,350
15821,4389,Basmati Rice 5kg,4.62,550
15822,4389,Wheat Flour (Atta) 5kg,1.85,250
15823,4389,Toor Dal 1kg,3.77,140
15824,4390,Wheat Flour (Atta) 5kg,2.54,250
15825,4390,Moong Dal 1kg,7.49,130
15826,4390,Rajma (Kidney Beans) 1kg,0.54,160
15827,4390,Turmeric Powder 200g,1.58,60
15828,4391,Wheat Flour (Atta) 5kg,1.45,250
15829,4391,Rajma (Kidney Beans) 1kg,0.71,160
15830,4391,Turmeric Powder 200g,1.29,60
15831,4391,Garam Masala 100g,0.69,80
15832,4392,Wheat Flour (Atta) 5kg,1.3,250
15833,4392,Rajma (Kidney Beans) 1kg,0.51,160
15834,4392,Turmeric Powder 200g,2.2,60
15835,4392,Garam Masala 100g,0.65,80
15836,4393,Wheat Flour (Atta) 5kg,2.31,250
15837,4393,Rajma (Kidney Beans) 1kg,0.36,160
15838,4393,Garam Masala 100g,0.77,80
15839,4393,Biryani Masala 100g,0.67,100
15840,4394,Rajma (Kidney Beans) 1kg,0.88,160
15841,4394,Garam Masala 100g,0.5,80
15842,4394,Biryani Masala 100g,0.47,81.26
15843,4394,Almonds (Badam) 500g,0.42,450
15844,4395,Garam Masala 100g,0.67,80
15845,4395,Biryani Masala 100g,0.61,100
15846,4395,Almonds (Badam) 500g,0.5,450
15847,4395,Cashew Nuts (Kaju) 500g,2.67,550
15848,4396,Biryani Masala 100g,1.12,100
15849,4396,Almonds (Badam) 500g,0.3,503.72
15850,4396,Peanuts (Groundnut) 500g,0.92,90
15851,4396,Sunflower Oil 1L,2.39,180
15852,4397,Biryani Masala 100g,0.4,100
15853,4397,Almonds (Badam) 500g,0.25,450
15854,4397,Peanuts (Groundnut) 500g,1.07,90
15855,4397,Sunflower Oil 1L,4.45,180
15856,4398,Almonds (Badam) 500g,0.36,508.75
15857,4398,Peanuts (Groundnut) 500g,0.8,90
15858,4398,Sunflower Oil 1L,2.34,180
15859,4398,Groundnut Oil 1L,1.35,220
15860,4399,Peanuts (Groundnut) 500g,0.71,90
15861,4399,Groundnut Oil 1L,1.33,220
15862,4399,Mustard Oil 1L,6.55,200
15863,4399,Pure Ghee 1L,0.3,600
15864,4400,Peanuts (Groundnut) 500g,1.12,90
15865,4400,Groundnut Oil 1L,1.03,220
15866,4400,Pure Ghee 1L,0.51,600
15867,4400,Sugar 1kg,4.16,45
15868,4401,Peanuts (Groundnut) 500g,0.65,90
15869,4401,Groundnut Oil 1L,1.14,220
15870,4401,Pure Ghee 1L,0.68,600
15871,4401,Sugar 1kg,4.07,45
15872,4402,Pure Ghee 1L,0.46,600
15873,4402,Sugar 1kg,2.41,45
15874,4402,Jaggery (Bella/Gud) 1kg,1.07,70
15875,4402,Iodized Salt 1kg,2.88,25
15876,4403,Pure Ghee 1L,0.51,600
15877,4403,Jaggery (Bella/Gud) 1kg,1.21,70
15878,4403,Iodized Salt 1kg,1.87,25
15879,4403,Rock Salt (Sendha Namak) 500g,0.18,40
15880,4404,Pure Ghee 1L,0.32,600
15881,4404,Jaggery (Bella/Gud) 1kg,0.68,70
15882,4404,Iodized Salt 1kg,2.74,25
15883,4404,Rock Salt (Sendha Namak) 500g,0.24,40
15884,4405,Jaggery (Bella/Gud) 1kg,0.47,70
15885,4405,Rock Salt (Sendha Namak) 500g,0.24,40
15886,4406,Jaggery (Bella/Gud) 1kg,0.83,70
15887,4406,Rock Salt (Sendha Namak) 500g,0.22,40
15888,4407,Rock Salt (Sendha Namak) 500g,0.13,40
15889,4408,Rock Salt (Sendha Namak) 500g,0.15,40
15890,4409,Sona Masoori Rice 5kg,6.24,350
15891,4409,Basmati Rice 5kg,8.31,550
15892,4409,Wheat Flour (Atta) 5kg,12.18,250
15893,4409,Toor Dal 1kg,1.3,140
15894,4410,Sona Masoori Rice 5kg,9.0,350
15895,4410,Basmati Rice 5kg,4.8,550
15896,4410,Toor Dal 1kg,0.96,140
15897,4410,Moong Dal 1kg,1.23,130
15898,4411,Toor Dal 1kg,0.79,140
15899,4411,Moong Dal 1kg,0.97,130
15900,4411,Rajma (Kidney Beans) 1kg,0.29,160
15901,4411,Turmeric Powder 200g,1.79,60
15902,4412,Toor Dal 1kg,1.78,140
15903,4412,Moong Dal 1kg,1.12,130
15904,4412,Rajma (Kidney Beans) 1kg,0.42,160
15905,4412,Turmeric Powder 200g,1.22,60
15906,4413,Toor Dal 1kg,1.15,140
15907,4413,Moong Dal 1kg,1.56,130
15908,4413,Rajma (Kidney Beans) 1kg,0.68,160
15909,4413,Turmeric Powder 200g,1.82,60
15910,4414,Toor Dal 1kg,1.77,140
15911,4414,Moong Dal 1kg,1.49,130
15912,4414,Rajma (Kidney Beans) 1kg,0.25,160
15913,4414,Garam Masala 100g,3.12,80
15914,4415,Rajma (Kidney Beans) 1kg,0.68,160
15915,4415,Biryani Masala 100g,0.49,100
15916,4415,Almonds (Badam) 500g,1.82,450
15917,4415,Cashew Nuts (Kaju) 500g,0.34,550
15918,4416,Rajma (Kidney Beans) 1kg,0.62,160
15919,4416,Biryani Masala 100g,0.9,100
15920,4416,Cashew Nuts (Kaju) 500g,0.51,550
15921,4416,Peanuts (Groundnut) 500g,5.2,90
15922,4417,Biryani Masala 100g,0.45,100
15923,4417,Cashew Nuts (Kaju) 500g,0.34,550
15924,4417,Sunflower Oil 1L,9.71,180
15925,4417,Groundnut Oil 1L,5.12,220
15926,4418,Biryani Masala 100g,0.7,100
15927,4418,Cashew Nuts (Kaju) 500g,0.67,550
15928,4418,Mustard Oil 1L,1.62,200
15929,4418,Pure Ghee 1L,2.97,600
15930,4419,Biryani Masala 100g,0.64,100
15931,4419,Cashew Nuts (Kaju) 500g,0.73,550
15932,4419,Mustard Oil 1L,4.07,200
15933,4419,Sugar 1kg,9.82,45
15934,4420,Jaggery (Bella/Gud) 1kg,0.62,70
15935,4420,Iodized Salt 1kg,1.72,25
15936,4420,Rock Salt (Sendha Namak) 500g,2.15,40
15937,4421,Jaggery (Bella/Gud) 1kg,1.21,70
15938,4421,Iodized Salt 1kg,1.72,25
15939,4422,Jaggery (Bella/Gud) 1kg,0.83,70
15940,4422,Iodized Salt 1kg,4.16,25
15941,4423,Jaggery (Bella/Gud) 1kg,1.17,70
15942,4424,Sona Masoori Rice 5kg,8.27,350
15943,4424,Basmati Rice 5kg,2.29,550
15944,4424,Wheat Flour (Atta) 5kg,2.76,285.74
15945,4424,Toor Dal 1kg,4.18,140
15946,4425,Sona Masoori Rice 5kg,5.86,350
15947,4425,Basmati Rice 5kg,2.2,550
15948,4425,Wheat Flour (Atta) 5kg,2.38,250
15949,4425,Toor Dal 1kg,4.4,140
15950,4426,Basmati Rice 5kg,1.84,550
15951,4426,Wheat Flour (Atta) 5kg,1.2,250
15952,4426,Moong Dal 1kg,7.09,130
15953,4426,Rajma (Kidney Beans) 1kg,0.91,160
15954,4427,Basmati Rice 5kg,2.64,550
15955,4427,Wheat Flour (Atta) 5kg,1.1,250
15956,4427,Rajma (Kidney Beans) 1kg,1.96,160
15957,4427,Turmeric Powder 200g,0.69,60
15958,4428,Basmati Rice 5kg,3.37,550
15959,4428,Wheat Flour (Atta) 5kg,1.82,250
15960,4428,Turmeric Powder 200g,0.7,60
15961,4428,Garam Masala 100g,0.93,80
15962,4429,Wheat Flour (Atta) 5kg,2.0,250
15963,4429,Turmeric Powder 200g,0.99,60
15964,4429,Garam Masala 100g,0.46,80
15965,4429,Biryani Masala 100g,0.4,100
15966,4430,Turmeric Powder 200g,0.81,60
15967,4430,Biryani Masala 100g,0.62,100
15968,4430,Almonds (Badam) 500g,0.66,450
15969,4430,Cashew Nuts (Kaju) 500g,0.4,550
15970,4431,Turmeric Powder 200g,1.88,60
15971,4431,Biryani Masala 100g,0.43,100
15972,4431,Almonds (Badam) 500g,0.64,450
15973,4431,Cashew Nuts (Kaju) 500g,0.66,550
15974,4432,Biryani Masala 100g,0.55,100
15975,4432,Almonds (Badam) 500g,0.74,450
15976,4432,Cashew Nuts (Kaju) 500g,0.3,550
15977,4432,Peanuts (Groundnut) 500g,1.87,90
15978,4433,Biryani Masala 100g,0.38,100
15979,4433,Cashew Nuts (Kaju) 500g,0.31,550
15980,4433,Peanuts (Groundnut) 500g,1.84,90
15981,4433,Sunflower Oil 1L,4.61,180
15982,4434,Biryani Masala 100g,0.49,100
15983,4434,Cashew Nuts (Kaju) 500g,0.4,550
15984,4434,Peanuts (Groundnut) 500g,1.62,90
15985,4434,Sunflower Oil 1L,5.25,180
15986,4435,Cashew Nuts (Kaju) 500g,0.58,550
15987,4435,Groundnut Oil 1L,4.55,220
15988,4435,Mustard Oil 1L,2.63,200
15989,4435,Pure Ghee 1L,1.55,600
15990,4436,Mustard Oil 1L,3.03,200
15991,4436,Pure Ghee 1L,1.49,600
15992,4436,Sugar 1kg,1.93,45
15993,4436,Jaggery (Bella/Gud) 1kg,1.95,70
15994,4437,Sugar 1kg,1.63,45
15995,4437,Jaggery (Bella/Gud) 1kg,2.37,70
15996,4437,Iodized Salt 1kg,2.37,25
15997,4437,Rock Salt (Sendha Namak) 500g,0.41,40
15998,4438,Sugar 1kg,1.98,45
15999,4438,Iodized Salt 1kg,4.99,25
16000,4438,Rock Salt (Sendha Namak) 500g,0.29,40
16001,4439,Sugar 1kg,2.02,45
16002,4439,Rock Salt (Sendha Namak) 500g,0.5,40
16003,4440,Sugar 1kg,2.24,45
16004,4440,Rock Salt (Sendha Namak) 500g,0.23,40
16005,4441,Rock Salt (Sendha Namak) 500g,0.25,40
16006,4442,Rock Salt (Sendha Namak) 500g,0.33,34.16
16007,4443,Sona Masoori Rice 5kg,3.35,350
16008,4443,Basmati Rice 5kg,6.13,550
16009,4443,Wheat Flour (Atta) 5kg,11.59,250
16010,4443,Toor Dal 1kg,3.03,140
16011,4444,Sona Masoori Rice 5kg,2.53,350
16012,4444,Basmati Rice 5kg,5.79,550
16013,4444,Toor Dal 1kg,2.56,140
16014,4444,Moong Dal 1kg,2.91,152.0
16015,4445,Sona Masoori Rice 5kg,2.05,350
16016,4445,Toor Dal 1kg,2.76,120.11
16017,4445,Moong Dal 1kg,1.12,130
16018,4445,Rajma (Kidney Beans) 1kg,0.59,160
16019,4446,Sona Masoori Rice 5kg,1.95,350
16020,4446,Moong Dal 1kg,2.97,130
16021,4446,Rajma (Kidney Beans) 1kg,0.35,160
16022,4446,Turmeric Powder 200g,1.02,60
16023,4447,Sona Masoori Rice 5kg,2.75,350
16024,4447,Rajma (Kidney Beans) 1kg,0.58,160
16025,4447,Turmeric Powder 200g,1.06,60
16026,4447,Garam Masala 100g,1.16,80
16027,4448,Sona Masoori Rice 5kg,2.96,350
16028,4448,Rajma (Kidney Beans) 1kg,0.6,160
16029,4448,Turmeric Powder 200g,0.86,60
16030,4448,Garam Masala 100g,1.24,80
16031,4449,Rajma (Kidney Beans) 1kg,0.43,160
16032,4449,Turmeric Powder 200g,0.99,60
16033,4449,Biryani Masala 100g,0.83,100
16034,4449,Almonds (Badam) 500g,0.41,450
16035,4450,Rajma (Kidney Beans) 1kg,0.4,160
16036,4450,Turmeric Powder 200g,0.73,60
16037,4450,Biryani Masala 100g,0.71,100
16038,4450,Almonds (Badam) 500g,0.33,450
16039,4451,Turmeric Powder 200g,0.52,60
16040,4451,Biryani Masala 100g,0.82,100
16041,4451,Almonds (Badam) 500g,0.28,401.62
16042,4451,Cashew Nuts (Kaju) 500g,0.79,550
16043,4452,Biryani Masala 100g,0.54,100
16044,4452,Almonds (Badam) 500g,0.39,450
16045,4452,Cashew Nuts (Kaju) 500g,0.51,550
16046,4452,Peanuts (Groundnut) 500g,0.87,90
16047,4453,Almonds (Badam) 500g,0.55,450
16048,4453,Cashew Nuts (Kaju) 500g,0.61,550
16049,4453,Peanuts (Groundnut) 500g,2.22,90
16050,4453,Sunflower Oil 1L,4.61,180
16051,4454,Cashew Nuts (Kaju) 500g,0.72,550
16052,4454,Peanuts (Groundnut) 500g,1.57,90
16053,4454,Sunflower Oil 1L,6.0,180
16054,4454,Groundnut Oil 1L,1.47,220
16055,4455,Groundnut Oil 1L,0.75,220
16056,4455,Mustard Oil 1L,1.25,200
16057,4455,Pure Ghee 1L,0.72,600
16058,4455,Sugar 1kg,3.93,45
16059,4456,Groundnut Oil 1L,1.17,220
16060,4456,Mustard Oil 1L,1.09,200
16061,4456,Pure Ghee 1L,0.64,600
16062,4456,Sugar 1kg,5.56,45
16063,4457,Groundnut Oil 1L,1.19,220
16064,4457,Mustard Oil 1L,1.07,200
16065,4457,Pure Ghee 1L,0.53,600
16066,4457,Jaggery (Bella/Gud) 1kg,0.67,70
16067,4458,Groundnut Oil 1L,0.63,220
16068,4458,Mustard Oil 1L,0.88,200
16069,4458,Pure Ghee 1L,1.25,600
16070,4458,Jaggery (Bella/Gud) 1kg,0.65,70
16071,4459,Mustard Oil 1L,1.66,171.44
16072,4459,Jaggery (Bella/Gud) 1kg,0.6,70
16073,4459,Iodized Salt 1kg,3.09,25
16074,4459,Rock Salt (Sendha Namak) 500g,1.1,40
16075,4460,Jaggery (Bella/Gud) 1kg,0.65,70
16076,4460,Iodized Salt 1kg,4.36,25
16077,4460,Rock Salt (Sendha Namak) 500g,0.61,40
16078,4461,Jaggery (Bella/Gud) 1kg,0.64,70
16079,4462,Jaggery (Bella/Gud) 1kg,1.03,70
16080,4463,Sona Masoori Rice 5kg,3.09,350
16081,4463,Basmati Rice 5kg,11.97,550
16082,4463,Wheat Flour (Atta) 5kg,1.71,250
16083,4463,Toor Dal 1kg,3.98,140
16084,4464,Sona Masoori Rice 5kg,3.17,350
16085,4464,Wheat Flour (Atta) 5kg,1.88,250
16086,4464,Toor Dal 1kg,2.08,140
16087,4464,Moong Dal 1kg,1.53,130
16088,4465,Sona Masoori Rice 5kg,2.94,282.65
16089,4465,Wheat Flour (Atta) 5kg,2.63,250
16090,4465,Toor Dal 1kg,2.09,140
16091,4465,Moong Dal 1kg,1.29,130
16092,4466,Sona Masoori Rice 5kg,3.18,350
16093,4466,Wheat Flour (Atta) 5kg,2.29,250
16094,4466,Moong Dal 1kg,1.13,130
16095,4466,Rajma (Kidney Beans) 1kg,2.31,160
16096,4467,Sona Masoori Rice 5kg,2.83,350
16097,4467,Wheat Flour (Atta) 5kg,4.58,250
16098,4467,Moong Dal 1kg,1.0,130
16099,4467,Rajma (Kidney Beans) 1kg,0.99,160
16100,4468,Moong Dal 1kg,1.46,130
16101,4468,Turmeric Powder 200g,4.73,60
16102,4468,Garam Masala 100g,0.26,80
16103,4468,Biryani Masala 100g,0.64,100
16104,4469,Garam Masala 100g,0.48,80
16105,4469,Biryani Masala 100g,0.75,100
16106,4469,Almonds (Badam) 500g,0.95,450
16107,4469,Cashew Nuts (Kaju) 500g,0.35,550
16108,4470,Garam Masala 100g,0.42,80
16109,4470,Biryani Masala 100g,0.72,100
16110,4470,Almonds (Badam) 500g,0.44,450
16111,4470,Cashew Nuts (Kaju) 500g,0.79,550
16112,4471,Garam Masala 100g,0.55,80
16113,4471,Biryani Masala 100g,0.6,100
16114,4471,Almonds (Badam) 500g,0.53,450
16115,4471,Cashew Nuts (Kaju) 500g,0.89,550
16116,4472,Biryani Masala 100g,0.45,100
16117,4472,Cashew Nuts (Kaju) 500g,0.54,550
16118,4472,Peanuts (Groundnut) 500g,4.6,90
16119,4472,Sunflower Oil 1L,0.98,180
16120,4473,Sunflower Oil 1L,1.98,180
16121,4473,Groundnut Oil 1L,0.86,220
16122,4473,Mustard Oil 1L,1.83,200
16123,4473,Pure Ghee 1L,0.48,600
16124,4474,Sunflower Oil 1L,1.45,180
16125,4474,Groundnut Oil 1L,1.15,220
16126,4474,Mustard Oil 1L,1.7,200
16127,4474,Pure Ghee 1L,0.62,600
16128,4475,Sunflower Oil 1L,2.44,180
16129,4475,Groundnut Oil 1L,1.02,220
16130,4475,Mustard Oil 1L,1.11,200
16131,4475,Pure Ghee 1L,0.36,600
16132,4476,Sunflower Oil 1L,2.66,180
16133,4476,Groundnut Oil 1L,1.8,220
16134,4476,Mustard Oil 1L,1.02,200
16135,4476,Pure Ghee 1L,0.49,600
16136,4477,Pure Ghee 1L,0.3,600
16137,4477,Sugar 1kg,0.95,45
16138,4477,Jaggery (Bella/Gud) 1kg,1.35,70
16139,4477,Iodized Salt 1kg,8.07,25
16140,4478,Pure Ghee 1L,0.56,600
16141,4478,Sugar 1kg,1.19,45
16142,4478,Jaggery (Bella/Gud) 1kg,0.99,70
16143,4479,Sugar 1kg,1.99,45
16144,4479,Jaggery (Bella/Gud) 1kg,1.37,70
16145,4480,Sugar 1kg,1.94,36.96
16146,4481,Sugar 1kg,1.76,45
16147,4482,Sugar 1kg,1.37,45
16148,4483,Sona Masoori Rice 5kg,3.42,350
16149,4483,Basmati Rice 5kg,3.14,550
16150,4483,Wheat Flour (Atta) 5kg,3.08,250
16151,4483,Toor Dal 1kg,0.95,140
16152,4484,Sona Masoori Rice 5kg,3.38,350
16153,4484,Basmati Rice 5kg,2.98,550
16154,4484,Wheat Flour (Atta) 5kg,3.22,250
16155,4484,Toor Dal 1kg,0.75,140
16156,4485,Sona Masoori Rice 5kg,2.17,350
16157,4485,Basmati Rice 5kg,3.64,550
16158,4485,Wheat Flour (Atta) 5kg,1.19,250
16159,4485,Toor Dal 1kg,1.33,140
16160,4486,Sona Masoori Rice 5kg,2.62,350
16161,4486,Basmati Rice 5kg,2.86,550
16162,4486,Wheat Flour (Atta) 5kg,1.1,250
16163,4486,Toor Dal 1kg,1.67,140
16164,4487,Sona Masoori Rice 5kg,2.56,350
16165,4487,Wheat Flour (Atta) 5kg,2.26,250
16166,4487,Toor Dal 1kg,1.82,140
16167,4487,Moong Dal 1kg,0.71,130
16168,4488,Wheat Flour (Atta) 5kg,1.47,283.19
16169,4488,Toor Dal 1kg,1.14,140
16170,4488,Moong Dal 1kg,0.64,130
16171,4488,Rajma (Kidney Beans) 1kg,1.34,160
16172,4489,Moong Dal 1kg,1.07,130
16173,4489,Rajma (Kidney Beans) 1kg,1.76,160
16174,4489,Turmeric Powder 200g,5.08,60
16175,4489,Garam Masala 100g,1.51,80
16176,4490,Moong Dal 1kg,1.35,130
16177,4490,Garam Masala 100g,1.42,80
16178,4490,Biryani Masala 100g,0.96,100
16179,4490,Almonds (Badam) 500g,0.85,450
16180,4491,Moong Dal 1kg,1.28,130
16181,4491,Biryani Masala 100g,0.86,100
16182,4491,Almonds (Badam) 500g,1.06,450
16183,4491,Cashew Nuts (Kaju) 500g,0.77,550
16184,4492,Moong Dal 1kg,1.65,130
16185,4492,Biryani Masala 100g,0.98,100
16186,4492,Cashew Nuts (Kaju) 500g,0.86,550
16187,4492,Peanuts (Groundnut) 500g,2.01,90
16188,4493,Cashew Nuts (Kaju) 500g,0.36,550
16189,4493,Peanuts (Groundnut) 500g,2.9,90
16190,4493,Sunflower Oil 1L,2.17,180
16191,4493,Groundnut Oil 1L,4.88,220
16192,4494,Cashew Nuts (Kaju) 500g,0.43,550
16193,4494,Sunflower Oil 1L,1.2,180
16194,4494,Mustard Oil 1L,6.11,200
16195,4494,Pure Ghee 1L,0.71,600
16196,4495,Sunflower Oil 1L,1.33,180
16197,4495,Pure Ghee 1L,1.18,600
16198,4495,Sugar 1kg,3.26,45
16199,4495,Jaggery (Bella/Gud) 1kg,0.68,70
16200,4496,Sunflower Oil 1L,1.9,180
16201,4496,Pure Ghee 1L,1.24,600
16202,4496,Sugar 1kg,2.89,45
16203,4496,Jaggery (Bella/Gud) 1kg,0.6,70
16204,4497,Sunflower Oil 1L,1.79,180
16205,4497,Sugar 1kg,3.06,45
16206,4497,Jaggery (Bella/Gud) 1kg,0.71,70
16207,4497,Iodized Salt 1kg,2.39,25
16208,4498,Sunflower Oil 1L,1.34,180
16209,4498,Jaggery (Bella/Gud) 1kg,1.02,70
16210,4498,Iodized Salt 1kg,2.39,25
16211,4498,Rock Salt (Sendha Namak) 500g,0.34,40
16212,4499,Jaggery (Bella/Gud) 1kg,0.67,70
16213,4499,Iodized Salt 1kg,2.43,28.94
16214,4499,Rock Salt (Sendha Namak) 500g,0.41,40
16215,4500,Rock Salt (Sendha Namak) 500g,0.23,40
16216,4501,Rock Salt (Sendha Namak) 500g,0.46,40
16217,4502,Rock Salt (Sendha Namak) 500g,0.32,40
16218,4503,Rock Salt (Sendha Namak) 500g,0.43,40
16219,4504,Sona Masoori Rice 5kg,1.53,350
16220,4504,Basmati Rice 5kg,1.49,550
16221,4504,Wheat Flour (Atta) 5kg,11.18,250
16222,4504,Toor Dal 1kg,1.8,140
16223,4505,Sona Masoori Rice 5kg,2.27,350
16224,4505,Basmati Rice 5kg,2.12,550
16225,4505,Toor Dal 1kg,1.39,140
16226,4505,Moong Dal 1kg,1.19,130
16227,4506,Sona Masoori Rice 5kg,3.12,350
16228,4506,Basmati Rice 5kg,1.97,550
16229,4506,Toor Dal 1kg,1.69,140
16230,4506,Moong Dal 1kg,1.66,130
16231,4507,Sona Masoori Rice 5kg,1.86,350
16232,4507,Basmati Rice 5kg,2.29,550
16233,4507,Toor Dal 1kg,1.17,140
16234,4507,Moong Dal 1kg,1.37,130
16235,4508,Sona Masoori Rice 5kg,2.53,350
16236,4508,Basmati Rice 5kg,2.64,620.2
16237,4508,Toor Dal 1kg,1.23,140
16238,4508,Moong Dal 1kg,2.42,130
16239,4509,Sona Masoori Rice 5kg,2.54,350
16240,4509,Basmati Rice 5kg,1.35,550
16241,4509,Rajma (Kidney Beans) 1kg,2.83,160
16242,4509,Turmeric Powder 200g,1.33,60
16243,4510,Turmeric Powder 200g,1.16,60
16244,4510,Garam Masala 100g,2.86,80
16245,4510,Biryani Masala 100g,1.07,100
16246,4510,Almonds (Badam) 500g,0.39,450
16247,4511,Turmeric Powder 200g,0.6,60
16248,4511,Biryani Masala 100g,0.7,100
16249,4511,Almonds (Badam) 500g,0.2,450
16250,4511,Cashew Nuts (Kaju) 500g,0.97,550
16251,4512,Turmeric Powder 200g,1.31,60
16252,4512,Biryani Masala 100g,1.3,100
16253,4512,Almonds (Badam) 500g,0.4,450
16254,4512,Cashew Nuts (Kaju) 500g,0.51,550
16255,4513,Turmeric Powder 200g,0.83,60
16256,4513,Almonds (Badam) 500g,0.3,450
16257,4513,Cashew Nuts (Kaju) 500g,0.53,550
16258,4513,Peanuts (Groundnut) 500g,0.92,90
16259,4514,Almonds (Badam) 500g,0.39,450
16260,4514,Cashew Nuts (Kaju) 500g,0.53,550
16261,4514,Peanuts (Groundnut) 500g,1.22,90
16262,4514,Sunflower Oil 1L,2.34,180
16263,4515,Almonds (Badam) 500g,0.24,450
16264,4515,Peanuts (Groundnut) 500g,1.07,90
16265,4515,Sunflower Oil 1L,1.91,180
16266,4515,Groundnut Oil 1L,1.07,220
16267,4516,Peanuts (Groundnut) 500g,0.64,90
16268,4516,Sunflower Oil 1L,2.04,180
16269,4516,Groundnut Oil 1L,1.2,220
16270,4516,Mustard Oil 1L,1.89,200
16271,4517,Peanuts (Groundnut) 500g,0.62,90
16272,4517,Sunflower Oil 1L,1.58,180
16273,4517,Groundnut Oil 1L,1.52,220
16274,4517,Mustard Oil 1L,1.33,200
16275,4518,Peanuts (Groundnut) 500g,0.91,90
16276,4518,Sunflower Oil 1L,2.21,180
16277,4518,Groundnut Oil 1L,1.18,220
16278,4518,Mustard Oil 1L,1.53,200
16279,4519,Mustard Oil 1L,1.2,200
16280,4519,Pure Ghee 1L,3.0,600
16281,4519,Sugar 1kg,1.86,45
16282,4519,Jaggery (Bella/Gud) 1kg,0.85,70
16283,4520,Sugar 1kg,2.08,45
16284,4520,Jaggery (Bella/Gud) 1kg,1.24,70
16285,4520,Iodized Salt 1kg,0.98,25
16286,4521,Sugar 1kg,2.17,45
16287,4521,Jaggery (Bella/Gud) 1kg,1.07,70
16288,4521,Iodized Salt 1kg,0.76,25
16289,4522,Sugar 1kg,1.22,45
16290,4522,Jaggery (Bella/Gud) 1kg,0.82,70
16291,4522,Iodized Salt 1kg,2.18,25
16292,4523,Sugar 1kg,1.8,45
16293,4523,Iodized Salt 1kg,1.81,25
16294,4524,Iodized Salt 1kg,0.89,25
16295,4525,Iodized Salt 1kg,1.62,25
16296,4526,Sona Masoori Rice 5kg,2.33,350
16297,4526,Basmati Rice 5kg,2.76,550
16298,4526,Wheat Flour (Atta) 5kg,2.65,250
16299,4526,Toor Dal 1kg,3.91,140
16300,4527,Sona Masoori Rice 5kg,2.78,350
16301,4527,Basmati Rice 5kg,3.02,550
16302,4527,Wheat Flour (Atta) 5kg,2.33,250
16303,4527,Toor Dal 1kg,2.15,160.99
16304,4528,Sona Masoori Rice 5kg,2.97,350
16305,4528,Basmati Rice 5kg,2.49,550
16306,4528,Wheat Flour (Atta) 5kg,2.1,250
16307,4528,Toor Dal 1kg,2.68,140
16308,4529,Sona Masoori Rice 5kg,2.5,350
16309,4529,Basmati Rice 5kg,1.75,550
16310,4529,Wheat Flour (Atta) 5kg,3.65,250
16311,4529,Moong Dal 1kg,2.38,130
16312,4530,Sona Masoori Rice 5kg,2.48,350
16313,4530,Basmati Rice 5kg,1.27,550
16314,4530,Wheat Flour (Atta) 5kg,2.22,250
16315,4530,Moong Dal 1kg,0.97,130
16316,4531,Sona Masoori Rice 5kg,2.25,350
16317,4531,Basmati Rice 5kg,1.51,550
16318,4531,Moong Dal 1kg,1.22,130
16319,4531,Rajma (Kidney Beans) 1kg,0.76,160
16320,4532,Moong Dal 1kg,1.44,130
16321,4532,Rajma (Kidney Beans) 1kg,0.68,160
16322,4532,Turmeric Powder 200g,2.4,60
16323,4532,Biryani Masala 100g,1.58,100
16324,4533,Moong Dal 1kg,1.41,130
16325,4533,Rajma (Kidney Beans) 1kg,0.7,160
16326,4533,Turmeric Powder 200g,2.64,60
16327,4533,Biryani Masala 100g,1.36,117.36
16328,4534,Rajma (Kidney Beans) 1kg,0.49,160
16329,4534,Almonds (Badam) 500g,0.68,450
16330,4534,Cashew Nuts (Kaju) 500g,0.87,550
16331,4534,Peanuts (Groundnut) 500g,1.6,90
16332,4535,Almonds (Badam) 500g,0.69,450
16333,4535,Cashew Nuts (Kaju) 500g,0.39,550
16334,4535,Peanuts (Groundnut) 500g,1.08,90
16335,4535,Sunflower Oil 1L,2.35,180
16336,4536,Almonds (Badam) 500g,0.64,450
16337,4536,Cashew Nuts (Kaju) 500g,1.15,550
16338,4536,Peanuts (Groundnut) 500g,1.63,90
16339,4536,Sunflower Oil 1L,2.97,180
16340,4537,Peanuts (Groundnut) 500g,1.06,90
16341,4537,Sunflower Oil 1L,2.39,180
16342,4537,Groundnut Oil 1L,0.61,220
16343,4537,Mustard Oil 1L,6.47,229.57
16344,4538,Sunflower Oil 1L,2.4,180
16345,4538,Groundnut Oil 1L,0.79,220
16346,4538,Pure Ghee 1L,2.74,600
16347,4538,Sugar 1kg,1.53,45
16348,4539,Groundnut Oil 1L,1.24,220
16349,4539,Sugar 1kg,1.79,45
16350,4539,Jaggery (Bella/Gud) 1kg,2.36,70
16351,4539,Iodized Salt 1kg,2.29,25
16352,4540,Groundnut Oil 1L,0.55,220
16353,4540,Sugar 1kg,1.18,45
16354,4540,Jaggery (Bella/Gud) 1kg,1.7,70
16355,4540,Iodized Salt 1kg,1.31,25
16356,4541,Groundnut Oil 1L,1.25,220
16357,4541,Sugar 1kg,1.17,45
16358,4541,Iodized Salt 1kg,1.41,25
16359,4541,Rock Salt (Sendha Namak) 500g,0.37,40
16360,4542,Sugar 1kg,1.52,51.75
16361,4542,Iodized Salt 1kg,1.24,25
16362,4542,Rock Salt (Sendha Namak) 500g,0.43,40
16363,4543,Sugar 1kg,1.95,45
16364,4543,Iodized Salt 1kg,2.03,22.4
16365,4544,Sona Masoori Rice 5kg,15.48,350
16366,4544,Basmati Rice 5kg,2.7,550
16367,4544,Wheat Flour (Atta) 5kg,1.36,212.8
16368,4544,Toor Dal 1kg,1.12,140
16369,4545,Basmati Rice 5kg,1.49,550
16370,4545,Wheat Flour (Atta) 5kg,3.22,250
16371,4545,Toor Dal 1kg,2.58,140
16372,4545,Moong Dal 1kg,1.59,130
16373,4546,Basmati Rice 5kg,3.61,550
16374,4546,Wheat Flour (Atta) 5kg,2.24,205.3
16375,4546,Toor Dal 1kg,1.18,140
16376,4546,Moong Dal 1kg,1.55,130
16377,4547,Basmati Rice 5kg,2.06,550
16378,4547,Wheat Flour (Atta) 5kg,1.95,250
16379,4547,Toor Dal 1kg,2.51,140
16380,4547,Moong Dal 1kg,1.87,130
16381,4548,Basmati Rice 5kg,3.7,550
16382,4548,Wheat Flour (Atta) 5kg,2.26,250
16383,4548,Moong Dal 1kg,1.27,130
16384,4548,Rajma (Kidney Beans) 1kg,0.85,160
16385,4549,Moong Dal 1kg,1.42,130
16386,4549,Rajma (Kidney Beans) 1kg,0.71,160
16387,4549,Turmeric Powder 200g,1.82,60
16388,4549,Garam Masala 100g,1.11,80
16389,4550,Rajma (Kidney Beans) 1kg,0.91,160
16390,4550,Turmeric Powder 200g,2.25,60
16391,4550,Garam Masala 100g,1.46,80
16392,4550,Biryani Masala 100g,1.78,100
16393,4551,Rajma (Kidney Beans) 1kg,0.73,160
16394,4551,Turmeric Powder 200g,0.76,60
16395,4551,Garam Masala 100g,1.09,80
16396,4551,Biryani Masala 100g,1.05,100
16397,4552,Almonds (Badam) 500g,0.23,450
16398,4552,Cashew Nuts (Kaju) 500g,0.87,550
16399,4552,Peanuts (Groundnut) 500g,1.18,90
16400,4552,Sunflower Oil 1L,3.88,180
16401,4553,Almonds (Badam) 500g,0.26,450
16402,4553,Cashew Nuts (Kaju) 500g,0.63,550
16403,4553,Peanuts (Groundnut) 500g,0.88,90
16404,4553,Sunflower Oil 1L,6.4,180
16405,4554,Almonds (Badam) 500g,0.3,450
16406,4554,Cashew Nuts (Kaju) 500g,0.61,550
16407,4554,Peanuts (Groundnut) 500g,0.91,90
16408,4554,Groundnut Oil 1L,5.21,220
16409,4555,Almonds (Badam) 500g,0.45,450
16410,4555,Cashew Nuts (Kaju) 500g,0.6,550
16411,4555,Peanuts (Groundnut) 500g,0.65,90
16412,4555,Mustard Oil 1L,1.44,200
16413,4556,Almonds (Badam) 500g,0.36,450
16414,4556,Peanuts (Groundnut) 500g,0.88,90
16415,4556,Mustard Oil 1L,2.25,200
16416,4556,Pure Ghee 1L,1.2,600
16417,4557,Almonds (Badam) 500g,0.22,450
16418,4557,Mustard Oil 1L,2.87,200
16419,4557,Pure Ghee 1L,0.99,600
16420,4557,Sugar 1kg,1.93,45
16421,4558,Pure Ghee 1L,0.51,600
16422,4558,Sugar 1kg,1.08,45
16423,4558,Jaggery (Bella/Gud) 1kg,0.96,70
16424,4558,Iodized Salt 1kg,4.68,25
16425,4559,Sugar 1kg,2.36,45
16426,4559,Jaggery (Bella/Gud) 1kg,1.43,70
16427,4559,Iodized Salt 1kg,2.71,25
16428,4559,Rock Salt (Sendha Namak) 500g,1.11,40
16429,4560,Sugar 1kg,2.43,45
16430,4560,Jaggery (Bella/Gud) 1kg,1.28,70
16431,4560,Rock Salt (Sendha Namak) 500g,0.5,40
16432,4561,Sugar 1kg,2.44,45
16433,4561,Rock Salt (Sendha Namak) 500g,1.24,40
16434,4562,Sona Masoori Rice 5kg,15.47,350
16435,4562,Basmati Rice 5kg,5.52,550
16436,4562,Wheat Flour (Atta) 5kg,3.22,250
16437,4562,Toor Dal 1kg,1.2,140
16438,4563,Basmati Rice 5kg,3.48,550
16439,4563,Wheat Flour (Atta) 5kg,1.68,250
16440,4563,Toor Dal 1kg,1.6,140
16441,4563,Moong Dal 1kg,1.69,130
16442,4564,Basmati Rice 5kg,3.44,550
16443,4564,Wheat Flour (Atta) 5kg,2.47,250
16444,4564,Toor Dal 1kg,1.38,140
16445,4564,Moong Dal 1kg,2.69,130
16446,4565,Wheat Flour (Atta) 5kg,1.64,250
16447,4565,Toor Dal 1kg,2.06,140
16448,4565,Moong Dal 1kg,3.28,130
16449,4565,Rajma (Kidney Beans) 1kg,1.4,160
16450,4566,Wheat Flour (Atta) 5kg,3.41,250
16451,4566,Toor Dal 1kg,1.03,140
16452,4566,Rajma (Kidney Beans) 1kg,1.37,160
16453,4566,Turmeric Powder 200g,1.25,60
16454,4567,Toor Dal 1kg,0.94,140
16455,4567,Turmeric Powder 200g,1.21,60
16456,4567,Garam Masala 100g,0.39,80
16457,4567,Biryani Masala 100g,1.0,100
16458,4568,Turmeric Powder 200g,0.53,60
16459,4568,Garam Masala 100g,0.47,80
16460,4568,Biryani Masala 100g,0.75,100
16461,4568,Almonds (Badam) 500g,0.54,535.43
16462,4569,Turmeric Powder 200g,1.09,60
16463,4569,Garam Masala 100g,0.54,80
16464,4569,Biryani Masala 100g,1.08,100
16465,4569,Almonds (Badam) 500g,0.71,450
16466,4570,Turmeric Powder 200g,0.61,60
16467,4570,Garam Masala 100g,0.45,80
16468,4570,Almonds (Badam) 500g,0.66,450
16469,4570,Cashew Nuts (Kaju) 500g,1.13,550
16470,4571,Garam Masala 100g,0.5,80
16471,4571,Cashew Nuts (Kaju) 500g,0.69,550
16472,4571,Peanuts (Groundnut) 500g,1.94,90
16473,4571,Sunflower Oil 1L,2.91,180
16474,4572,Cashew Nuts (Kaju) 500g,1.02,550
16475,4572,Peanuts (Groundnut) 500g,1.37,90
16476,4572,Sunflower Oil 1L,3.65,180
16477,4572,Groundnut Oil 1L,1.09,220
16478,4573,Peanuts (Groundnut) 500g,1.67,90
16479,4573,Sunflower Oil 1L,3.41,180
16480,4573,Groundnut Oil 1L,0.56,220
16481,4573,Mustard Oil 1L,1.62,200
16482,4574,Groundnut Oil 1L,1.46,220
16483,4574,Mustard Oil 1L,1.55,200
16484,4574,Pure Ghee 1L,0.71,600
16485,4574,Sugar 1kg,9.8,45
16486,4575,Groundnut Oil 1L,0.76,220
16487,4575,Mustard Oil 1L,2.31,200
16488,4575,Pure Ghee 1L,1.11,600
16489,4575,Jaggery (Bella/Gud) 1kg,0.97,70
16490,4576,Groundnut Oil 1L,1.15,220
16491,4576,Pure Ghee 1L,0.98,600
16492,4576,Jaggery (Bella/Gud) 1kg,0.55,70
16493,4576,Iodized Salt 1kg,1.81,25
16494,4577,Jaggery (Bella/Gud) 1kg,0.54,70
16495,4577,Iodized Salt 1kg,1.18,25
16496,4577,Rock Salt (Sendha Namak) 500g,0.81,40
16497,4578,Jaggery (Bella/Gud) 1kg,0.55,70
16498,4578,Iodized Salt 1kg,0.94,25
16499,4578,Rock Salt (Sendha Namak) 500g,0.78,40
16500,4579,Jaggery (Bella/Gud) 1kg,1.0,70
16501,4579,Iodized Salt 1kg,0.78,25
16502,4580,Iodized Salt 1kg,1.58,25
16503,4581,Iodized Salt 1kg,1.51,25
16504,4582,Sona Masoori Rice 5kg,16.3,350
16505,4582,Basmati Rice 5kg,5.46,550
16506,4582,Wheat Flour (Atta) 5kg,2.28,250
16507,4582,Toor Dal 1kg,1.13,140
16508,4583,Basmati Rice 5kg,6.95,550
16509,4583,Wheat Flour (Atta) 5kg,2.73,250
16510,4583,Toor Dal 1kg,2.1,140
16511,4583,Moong Dal 1kg,3.05,130
16512,4584,Wheat Flour (Atta) 5kg,1.72,203.19
16513,4584,Toor Dal 1kg,1.75,140
16514,4584,Moong Dal 1kg,2.55,130
16515,4584,Rajma (Kidney Beans) 1kg,0.45,160
16516,4585,Wheat Flour (Atta) 5kg,1.73,250
16517,4585,Toor Dal 1kg,1.26,140
16518,4585,Moong Dal 1kg,1.36,130
16519,4585,Rajma (Kidney Beans) 1kg,0.57,160
16520,4586,Wheat Flour (Atta) 5kg,2.67,250
16521,4586,Toor Dal 1kg,2.29,140
16522,4586,Rajma (Kidney Beans) 1kg,0.52,160
16523,4586,Turmeric Powder 200g,0.59,60
16524,4587,Rajma (Kidney Beans) 1kg,0.37,160
16525,4587,Turmeric Powder 200g,1.51,60
16526,4587,Garam Masala 100g,2.36,80
16527,4587,Biryani Masala 100g,0.98,80.0
16528,4588,Rajma (Kidney Beans) 1kg,0.45,160
16529,4588,Turmeric Powder 200g,0.62,60
16530,4588,Biryani Masala 100g,1.42,100
16531,4588,Almonds (Badam) 500g,0.77,450
16532,4589,Rajma (Kidney Beans) 1kg,0.6,160
16533,4589,Turmeric Powder 200g,1.44,60
16534,4589,Biryani Masala 100g,0.86,100
16535,4589,Almonds (Badam) 500g,0.9,450
16536,4590,Turmeric Powder 200g,1.1,60
16537,4590,Almonds (Badam) 500g,0.39,450
16538,4590,Cashew Nuts (Kaju) 500g,0.58,550
16539,4590,Peanuts (Groundnut) 500g,1.44,90
16540,4591,Cashew Nuts (Kaju) 500g,0.44,550
16541,4591,Peanuts (Groundnut) 500g,3.1,90
16542,4591,Sunflower Oil 1L,10.16,180
16543,4591,Groundnut Oil 1L,0.58,220
16544,4592,Cashew Nuts (Kaju) 500g,0.35,550
16545,4592,Groundnut Oil 1L,0.59,220
16546,4592,Mustard Oil 1L,1.45,200
16547,4592,Pure Ghee 1L,3.17,600
16548,4593,Cashew Nuts (Kaju) 500g,0.69,550
16549,4593,Groundnut Oil 1L,1.43,220
16550,4593,Mustard Oil 1L,1.38,200
16551,4593,Sugar 1kg,10.55,45
16552,4594,Cashew Nuts (Kaju) 500g,0.51,550
16553,4594,Groundnut Oil 1L,1.41,220
16554,4594,Mustard Oil 1L,1.02,200
16555,4594,Jaggery (Bella/Gud) 1kg,1.6,70
16556,4595,Cashew Nuts (Kaju) 500g,0.33,550
16557,4595,Groundnut Oil 1L,0.67,220
16558,4595,Mustard Oil 1L,2.15,200
16559,4595,Jaggery (Bella/Gud) 1kg,1.31,70
16560,4596,Groundnut Oil 1L,0.57,220
16561,4596,Jaggery (Bella/Gud) 1kg,0.84,70
16562,4596,Iodized Salt 1kg,4.29,25
16563,4597,Iodized Salt 1kg,3.56,25
16564,4598,Sona Masoori Rice 5kg,1.46,350
16565,4598,Basmati Rice 5kg,12.59,550
16566,4598,Wheat Flour (Atta) 5kg,3.85,250
16567,4598,Toor Dal 1kg,3.23,140
16568,4599,Sona Masoori Rice 5kg,2.13,416.03
16569,4599,Wheat Flour (Atta) 5kg,3.82,277.53
16570,4599,Toor Dal 1kg,1.34,140
16571,4599,Moong Dal 1kg,3.14,130
16572,4600,Sona Masoori Rice 5kg,3.29,350
16573,4600,Wheat Flour (Atta) 5kg,4.47,250
16574,4600,Toor Dal 1kg,2.76,140
16575,4600,Moong Dal 1kg,3.5,130
16576,4601,Sona Masoori Rice 5kg,1.91,350
16577,4601,Toor Dal 1kg,1.4,140
16578,4601,Rajma (Kidney Beans) 1kg,1.38,160
16579,4601,Turmeric Powder 200g,2.29,60
16580,4602,Sona Masoori Rice 5kg,3.02,350
16581,4602,Rajma (Kidney Beans) 1kg,1.42,160
16582,4602,Turmeric Powder 200g,2.71,60
16583,4602,Garam Masala 100g,1.07,80
16584,4603,Sona Masoori Rice 5kg,1.99,350
16585,4603,Garam Masala 100g,0.72,80
16586,4603,Biryani Masala 100g,1.11,100
16587,4603,Almonds (Badam) 500g,1.36,450
16588,4604,Garam Masala 100g,0.69,80
16589,4604,Biryani Masala 100g,0.74,100
16590,4604,Almonds (Badam) 500g,0.69,450
16591,4604,Cashew Nuts (Kaju) 500g,0.39,550
16592,4605,Garam Masala 100g,1.11,80
16593,4605,Biryani Masala 100g,1.07,100
16594,4605,Cashew Nuts (Kaju) 500g,0.61,550
16595,4605,Peanuts (Groundnut) 500g,1.94,90
16596,4606,Cashew Nuts (Kaju) 500g,0.3,550
16597,4606,Peanuts (Groundnut) 500g,1.69,90
16598,4606,Sunflower Oil 1L,2.01,180
16599,4606,Groundnut Oil 1L,1.71,220
16600,4607,Cashew Nuts (Kaju) 500g,0.63,550
16601,4607,Peanuts (Groundnut) 500g,1.18,90
16602,4607,Sunflower Oil 1L,1.76,180
16603,4607,Groundnut Oil 1L,0.96,220
16604,4608,Cashew Nuts (Kaju) 500g,0.73,550
16605,4608,Sunflower Oil 1L,0.95,180
16606,4608,Groundnut Oil 1L,1.7,220
16607,4608,Mustard Oil 1L,5.84,200
16608,4609,Sunflower Oil 1L,2.26,180
16609,4609,Groundnut Oil 1L,0.71,245.96
16610,4609,Pure Ghee 1L,0.67,600
16611,4609,Sugar 1kg,1.68,45
16612,4610,Sunflower Oil 1L,2.65,180
16613,4610,Pure Ghee 1L,0.62,600
16614,4610,Sugar 1kg,2.18,45
16615,4610,Jaggery (Bella/Gud) 1kg,3.68,70
16616,4611,Sunflower Oil 1L,1.12,180
16617,4611,Pure Ghee 1L,0.73,600
16618,4611,Sugar 1kg,1.22,45
16619,4611,Iodized Salt 1kg,1.66,25
16620,4612,Pure Ghee 1L,0.5,510.6
16621,4612,Sugar 1kg,1.32,45
16622,4612,Iodized Salt 1kg,0.92,25
16623,4613,Pure Ghee 1L,0.58,600
16624,4613,Sugar 1kg,1.05,45
16625,4613,Iodized Salt 1kg,1.79,25
16626,4614,Sugar 1kg,2.26,45
16627,4614,Iodized Salt 1kg,2.1,25
16628,4615,Iodized Salt 1kg,1.21,25
16629,4616,Sona Masoori Rice 5kg,5.73,350
16630,4616,Basmati Rice 5kg,7.02,550
16631,4616,Wheat Flour (Atta) 5kg,7.16,250
16632,4616,Toor Dal 1kg,2.32,140
16633,4617,Sona Masoori Rice 5kg,9.31,350
16634,4617,Basmati Rice 5kg,5.05,550
16635,4617,Wheat Flour (Atta) 5kg,5.5,250
16636,4617,Toor Dal 1kg,3.87,140
16637,4618,Toor Dal 1kg,1.46,140
16638,4618,Moong Dal 1kg,6.95,130
16639,4618,Rajma (Kidney Beans) 1kg,1.15,160
16640,4618,Turmeric Powder 200g,4.71,60
16641,4619,Rajma (Kidney Beans) 1kg,1.51,160
16642,4619,Garam Masala 100g,0.51,80
16643,4619,Biryani Masala 100g,0.67,100
16644,4619,Almonds (Badam) 500g,0.55,450
16645,4620,Garam Masala 100g,0.66,80
16646,4620,Biryani Masala 100g,0.38,100
16647,4620,Almonds (Badam) 500g,0.49,450
16648,4620,Cashew Nuts (Kaju) 500g,1.13,550
16649,4621,Garam Masala 100g,1.19,80
16650,4621,Biryani Masala 100g,0.3,100
16651,4621,Almonds (Badam) 500g,0.35,450
16652,4621,Cashew Nuts (Kaju) 500g,1.01,550
16653,4622,Garam Masala 100g,0.58,80
16654,4622,Biryani Masala 100g,0.55,100
16655,4622,Almonds (Badam) 500g,0.47,450
16656,4622,Cashew Nuts (Kaju) 500g,0.76,550
16657,4623,Garam Masala 100g,1.25,80
16658,4623,Biryani Masala 100g,0.61,100
16659,4623,Peanuts (Groundnut) 500g,0.58,90
16660,4623,Sunflower Oil 1L,2.12,180
16661,4624,Biryani Masala 100g,0.54,100
16662,4624,Peanuts (Groundnut) 500g,1.67,90
16663,4624,Sunflower Oil 1L,1.3,180
16664,4624,Groundnut Oil 1L,1.72,220
16665,4625,Peanuts (Groundnut) 500g,1.33,90
16666,4625,Sunflower Oil 1L,1.63,180
16667,4625,Groundnut Oil 1L,1.15,220
16668,4625,Mustard Oil 1L,1.54,200
16669,4626,Peanuts (Groundnut) 500g,1.07,90
16670,4626,Sunflower Oil 1L,2.11,180
16671,4626,Groundnut Oil 1L,1.55,220
16672,4626,Mustard Oil 1L,2.1,200
16673,4627,Sunflower Oil 1L,2.07,180
16674,4627,Mustard Oil 1L,1.21,200
16675,4627,Pure Ghee 1L,0.8,600
16676,4627,Sugar 1kg,10.58,45
16677,4628,Mustard Oil 1L,1.36,200
16678,4628,Pure Ghee 1L,0.84,600
16679,4628,Jaggery (Bella/Gud) 1kg,0.69,70
16680,4628,Iodized Salt 1kg,5.56,25
16681,4629,Pure Ghee 1L,1.1,600
16682,4629,Jaggery (Bella/Gud) 1kg,1.18,70
16683,4629,Iodized Salt 1kg,2.73,25
16684,4629,Rock Salt (Sendha Namak) 500g,1.85,40
16685,4630,Jaggery (Bella/Gud) 1kg,1.0,70
16686,4631,Jaggery (Bella/Gud) 1kg,1.38,70
16687,4632,Sona Masoori Rice 5kg,4.89,350
16688,4632,Basmati Rice 5kg,2.88,550
16689,4632,Wheat Flour (Atta) 5kg,2.46,250
16690,4632,Toor Dal 1kg,7.93,118.87
16691,4633,Sona Masoori Rice 5kg,2.74,350
16692,4633,Basmati Rice 5kg,2.89,550
16693,4633,Wheat Flour (Atta) 5kg,1.54,250
16694,4633,Moong Dal 1kg,1.44,130
16695,4634,Sona Masoori Rice 5kg,4.49,350
16696,4634,Basmati Rice 5kg,1.13,550
16697,4634,Wheat Flour (Atta) 5kg,2.6,250
16698,4634,Moong Dal 1kg,1.31,130
16699,4635,Sona Masoori Rice 5kg,3.44,350
16700,4635,Basmati Rice 5kg,2.31,550
16701,4635,Wheat Flour (Atta) 5kg,1.9,250
16702,4635,Moong Dal 1kg,1.58,130
16703,4636,Basmati Rice 5kg,1.62,550
16704,4636,Wheat Flour (Atta) 5kg,2.41,250
16705,4636,Moong Dal 1kg,1.76,130
16706,4636,Rajma (Kidney Beans) 1kg,0.28,160
16707,4637,Basmati Rice 5kg,2.21,550
16708,4637,Wheat Flour (Atta) 5kg,1.5,250
16709,4637,Moong Dal 1kg,1.13,130
16710,4637,Rajma (Kidney Beans) 1kg,0.33,160
16711,4638,Rajma (Kidney Beans) 1kg,0.74,160
16712,4638,Turmeric Powder 200g,2.2,60
16713,4638,Garam Masala 100g,1.04,80
16714,4638,Biryani Masala 100g,0.42,100
16715,4639,Rajma (Kidney Beans) 1kg,0.55,160
16716,4639,Turmeric Powder 200g,3.14,60
16717,4639,Garam Masala 100g,0.46,80
16718,4639,Biryani Masala 100g,0.57,100
16719,4640,Rajma (Kidney Beans) 1kg,0.47,160
16720,4640,Biryani Masala 100g,0.73,100
16721,4640,Almonds (Badam) 500g,1.88,450
16722,4640,Cashew Nuts (Kaju) 500g,0.54,550
16723,4641,Rajma (Kidney Beans) 1kg,0.77,160
16724,4641,Biryani Masala 100g,0.54,100
16725,4641,Cashew Nuts (Kaju) 500g,0.35,550
16726,4641,Peanuts (Groundnut) 500g,1.12,90
16727,4642,Biryani Masala 100g,0.69,100
16728,4642,Cashew Nuts (Kaju) 500g,0.38,550
16729,4642,Peanuts (Groundnut) 500g,0.53,90
16730,4642,Sunflower Oil 1L,1.55,180
16731,4643,Cashew Nuts (Kaju) 500g,0.29,550
16732,4643,Peanuts (Groundnut) 500g,0.75,90
16733,4643,Sunflower Oil 1L,2.84,180
16734,4643,Groundnut Oil 1L,0.8,220
16735,4644,Cashew Nuts (Kaju) 500g,0.55,550
16736,4644,Peanuts (Groundnut) 500g,0.77,90
16737,4644,Sunflower Oil 1L,3.27,180
16738,4644,Groundnut Oil 1L,1.06,220
16739,4645,Cashew Nuts (Kaju) 500g,0.53,487.73
16740,4645,Peanuts (Groundnut) 500g,0.99,90
16741,4645,Sunflower Oil 1L,2.52,180
16742,4645,Groundnut Oil 1L,0.51,220
16743,4646,Peanuts (Groundnut) 500g,1.03,90
16744,4646,Groundnut Oil 1L,0.65,220
16745,4646,Mustard Oil 1L,6.58,200
16746,4646,Pure Ghee 1L,0.38,600
16747,4647,Groundnut Oil 1L,0.53,220
16748,4647,Pure Ghee 1L,0.33,600
16749,4647,Sugar 1kg,10.89,45
16750,4647,Jaggery (Bella/Gud) 1kg,0.57,70
16751,4648,Groundnut Oil 1L,0.96,220
16752,4648,Pure Ghee 1L,0.87,600
16753,4648,Jaggery (Bella/Gud) 1kg,0.77,70
16754,4648,Iodized Salt 1kg,1.38,25
16755,4649,Pure Ghee 1L,0.84,600
16756,4649,Jaggery (Bella/Gud) 1kg,0.8,70
16757,4649,Iodized Salt 1kg,1.8,25
16758,4650,Pure Ghee 1L,0.65,600
16759,4650,Jaggery (Bella/Gud) 1kg,0.49,70
16760,4650,Iodized Salt 1kg,2.21,25
16761,4651,Jaggery (Bella/Gud) 1kg,0.47,70
16762,4651,Iodized Salt 1kg,1.84,25
16763,4652,Jaggery (Bella/Gud) 1kg,0.79,70
16764,4653,Sona Masoori Rice 5kg,13.58,350
16765,4653,Basmati Rice 5kg,3.17,550
16766,4653,Wheat Flour (Atta) 5kg,3.74,250
16767,4653,Toor Dal 1kg,2.79,140
16768,4654,Basmati Rice 5kg,5.47,550
16769,4654,Wheat Flour (Atta) 5kg,8.0,250
16770,4654,Toor Dal 1kg,5.03,140
16771,4654,Moong Dal 1kg,6.57,130
16772,4655,Basmati Rice 5kg,4.13,550
16773,4655,Rajma (Kidney Beans) 1kg,0.67,160
16774,4655,Turmeric Powder 200g,0.99,60
16775,4655,Garam Masala 100g,0.64,80
16776,4656,Rajma (Kidney Beans) 1kg,1.26,160
16777,4656,Turmeric Powder 200g,1.51,60
16778,4656,Garam Masala 100g,0.68,80
16779,4656,Biryani Masala 100g,0.7,116.76
16780,4657,Rajma (Kidney Beans) 1kg,0.68,160
16781,4657,Turmeric Powder 200g,1.91,60
16782,4657,Biryani Masala 100g,0.7,100
16783,4657,Almonds (Badam) 500g,0.31,450
16784,4658,Turmeric Powder 200g,0.74,60
16785,4658,Biryani Masala 100g,0.28,100
16786,4658,Almonds (Badam) 500g,0.56,450
16787,4658,Cashew Nuts (Kaju) 500g,0.71,550
16788,4659,Biryani Masala 100g,0.6,100
16789,4659,Almonds (Badam) 500g,0.5,450
16790,4659,Cashew Nuts (Kaju) 500g,1.11,550
16791,4659,Peanuts (Groundnut) 500g,1.36,90
16792,4660,Biryani Masala 100g,0.33,100
16793,4660,Almonds (Badam) 500g,0.52,450
16794,4660,Cashew Nuts (Kaju) 500g,0.6,550
16795,4660,Peanuts (Groundnut) 500g,1.78,90
16796,4661,Biryani Masala 100g,0.33,100
16797,4661,Peanuts (Groundnut) 500g,1.67,90
16798,4661,Sunflower Oil 1L,2.11,180
16799,4661,Groundnut Oil 1L,2.42,220
16800,4662,Sunflower Oil 1L,1.18,180
16801,4662,Groundnut Oil 1L,2.43,220
16802,4662,Mustard Oil 1L,2.34,200
16803,4662,Pure Ghee 1L,0.91,600
16804,4663,Sunflower Oil 1L,1.88,180
16805,4663,Mustard Oil 1L,1.84,200
16806,4663,Pure Ghee 1L,0.62,600
16807,4663,Sugar 1kg,4.01,45
16808,4664,Sunflower Oil 1L,1.24,180
16809,4664,Mustard Oil 1L,2.28,200
16810,4664,Pure Ghee 1L,0.96,600
16811,4664,Sugar 1kg,4.4,45
16812,4665,Sunflower Oil 1L,2.64,180
16813,4665,Pure Ghee 1L,0.63,600
16814,4665,Sugar 1kg,1.54,45
16815,4665,Jaggery (Bella/Gud) 1kg,1.11,70
16816,4666,Jaggery (Bella/Gud) 1kg,1.36,70
16817,4666,Iodized Salt 1kg,0.79,25
16818,4666,Rock Salt (Sendha Namak) 500g,0.4,40
16819,4667,Jaggery (Bella/Gud) 1kg,0.57,70
16820,4667,Iodized Salt 1kg,1.37,25
16821,4667,Rock Salt (Sendha Namak) 500g,0.17,40
16822,4668,Jaggery (Bella/Gud) 1kg,0.66,70
16823,4668,Iodized Salt 1kg,1.7,25
16824,4668,Rock Salt (Sendha Namak) 500g,0.23,40
16825,4669,Iodized Salt 1kg,1.74,25
16826,4669,Rock Salt (Sendha Namak) 500g,0.35,40
16827,4670,Iodized Salt 1kg,1.53,25
16828,4671,Sona Masoori Rice 5kg,4.1,350
16829,4671,Basmati Rice 5kg,3.7,550
16830,4671,Wheat Flour (Atta) 5kg,6.18,250
16831,4671,Toor Dal 1kg,1.81,140
16832,4672,Sona Masoori Rice 5kg,2.05,350
16833,4672,Basmati Rice 5kg,2.93,550
16834,4672,Wheat Flour (Atta) 5kg,6.64,250
16835,4672,Toor Dal 1kg,3.3,140
16836,4673,Sona Masoori Rice 5kg,4.14,303.6
16837,4673,Basmati Rice 5kg,3.62,550
16838,4673,Toor Dal 1kg,1.92,140
16839,4673,Moong Dal 1kg,2.06,130
16840,4674,Sona Masoori Rice 5kg,1.87,350
16841,4674,Basmati Rice 5kg,3.52,550
16842,4674,Toor Dal 1kg,1.64,140
16843,4674,Moong Dal 1kg,2.31,130
16844,4675,Sona Masoori Rice 5kg,2.23,350
16845,4675,Moong Dal 1kg,1.11,130
16846,4675,Rajma (Kidney Beans) 1kg,0.95,160
16847,4675,Turmeric Powder 200g,1.01,60
16848,4676,Moong Dal 1kg,1.02,130
16849,4676,Rajma (Kidney Beans) 1kg,1.73,160
16850,4676,Turmeric Powder 200g,1.14,60
16851,4676,Garam Masala 100g,0.66,80
16852,4677,Turmeric Powder 200g,0.62,60
16853,4677,Garam Masala 100g,0.87,80
16854,4677,Biryani Masala 100g,2.74,100
16855,4677,Almonds (Badam) 500g,2.03,450
16856,4678,Turmeric Powder 200g,0.56,60
16857,4678,Garam Masala 100g,0.52,64.67
16858,4678,Cashew Nuts (Kaju) 500g,2.49,550
16859,4678,Peanuts (Groundnut) 500g,2.63,90
16860,4679,Turmeric Powder 200g,0.45,60
16861,4679,Garam Masala 100g,0.83,80
16862,4679,Peanuts (Groundnut) 500g,2.82,90
16863,4679,Sunflower Oil 1L,4.87,180
16864,4680,Turmeric Powder 200g,1.12,60
16865,4680,Garam Masala 100g,0.35,80
16866,4680,Sunflower Oil 1L,5.73,180
16867,4680,Groundnut Oil 1L,0.87,220
16868,4681,Groundnut Oil 1L,2.5,220
16869,4681,Mustard Oil 1L,0.89,200
16870,4681,Pure Ghee 1L,1.01,600
16871,4681,Sugar 1kg,10.02,45
16872,4682,Groundnut Oil 1L,1.53,220
16873,4682,Mustard Oil 1L,0.86,200
16874,4682,Pure Ghee 1L,0.88,600
16875,4682,Jaggery (Bella/Gud) 1kg,1.45,70
16876,4683,Mustard Oil 1L,1.83,200
16877,4683,Pure Ghee 1L,0.5,600
16878,4683,Jaggery (Bella/Gud) 1kg,1.61,70
16879,4683,Iodized Salt 1kg,7.71,25
16880,4684,Mustard Oil 1L,0.89,200
16881,4684,Pure Ghee 1L,0.88,600
16882,4684,Jaggery (Bella/Gud) 1kg,0.59,70
16883,4684,Rock Salt (Sendha Namak) 500g,0.46,40
16884,4685,Mustard Oil 1L,1.63,200
16885,4685,Jaggery (Bella/Gud) 1kg,0.65,70
16886,4685,Rock Salt (Sendha Namak) 500g,0.69,40
16887,4686,Rock Salt (Sendha Namak) 500g,0.43,40
16888,4687,Sona Masoori Rice 5kg,2.38,350
16889,4687,Basmati Rice 5kg,1.26,550
16890,4687,Wheat Flour (Atta) 5kg,2.35,250
16891,4687,Toor Dal 1kg,3.95,140
16892,4688,Sona Masoori Rice 5kg,5.05,350
16893,4688,Basmati Rice 5kg,3.29,550
16894,4688,Wheat Flour (Atta) 5kg,2.46,250
16895,4688,Toor Dal 1kg,4.11,140
16896,4689,Sona Masoori Rice 5kg,3.35,350
16897,4689,Basmati Rice 5kg,2.57,550
16898,4689,Wheat Flour (Atta) 5kg,2.19,250
16899,4689,Moong Dal 1kg,1.96,130
16900,4690,Sona Masoori Rice 5kg,5.16,350
16901,4690,Basmati Rice 5kg,2.85,550
16902,4690,Wheat Flour (Atta) 5kg,2.13,250
16903,4690,Moong Dal 1kg,2.72,113.6
16904,4691,Basmati Rice 5kg,1.88,550
16905,4691,Wheat Flour (Atta) 5kg,2.87,250
16906,4691,Moong Dal 1kg,1.4,130
16907,4691,Rajma (Kidney Beans) 1kg,3.42,160
16908,4692,Moong Dal 1kg,1.24,130
16909,4692,Turmeric Powder 200g,0.46,60
16910,4692,Garam Masala 100g,0.69,80
16911,4692,Biryani Masala 100g,2.74,100
16912,4693,Turmeric Powder 200g,1.16,60
16913,4693,Garam Masala 100g,1.24,80
16914,4693,Almonds (Badam) 500g,0.27,450
16915,4693,Cashew Nuts (Kaju) 500g,0.8,550
16916,4694,Turmeric Powder 200g,1.03,60
16917,4694,Garam Masala 100g,0.84,80
16918,4694,Almonds (Badam) 500g,0.67,450
16919,4694,Cashew Nuts (Kaju) 500g,1.0,550
16920,4695,Turmeric Powder 200g,0.48,60
16921,4695,Garam Masala 100g,0.6,80
16922,4695,Almonds (Badam) 500g,0.31,450
16923,4695,Cashew Nuts (Kaju) 500g,0.94,550
16924,4696,Turmeric Powder 200g,1.09,60
16925,4696,Garam Masala 100g,0.96,80
16926,4696,Almonds (Badam) 500g,0.64,450
16927,4696,Peanuts (Groundnut) 500g,2.14,90
16928,4697,Turmeric Powder 200g,0.62,60
16929,4697,Peanuts (Groundnut) 500g,1.99,90
16930,4697,Sunflower Oil 1L,4.7,180
16931,4697,Groundnut Oil 1L,0.88,220
16932,4698,Peanuts (Groundnut) 500g,1.2,90
16933,4698,Sunflower Oil 1L,6.28,180
16934,4698,Groundnut Oil 1L,0.69,220
16935,4698,Mustard Oil 1L,2.48,200
16936,4699,Groundnut Oil 1L,1.27,220
16937,4699,Mustard Oil 1L,1.19,200
16938,4699,Pure Ghee 1L,0.5,600
16939,4699,Sugar 1kg,2.02,45
16940,4700,Groundnut Oil 1L,1.26,220
16941,4700,Mustard Oil 1L,1.8,200
16942,4700,Pure Ghee 1L,0.36,600
16943,4700,Sugar 1kg,4.27,45
16944,4701,Groundnut Oil 1L,0.58,220
16945,4701,Pure Ghee 1L,0.59,600
16946,4701,Sugar 1kg,3.25,45
16947,4701,Jaggery (Bella/Gud) 1kg,1.49,70
16948,4702,Pure Ghee 1L,0.55,600
16949,4702,Jaggery (Bella/Gud) 1kg,2.47,70
16950,4702,Iodized Salt 1kg,1.61,20.9
16951,4702,Rock Salt (Sendha Namak) 500g,0.35,40
16952,4703,Pure Ghee 1L,0.36,600
16953,4703,Iodized Salt 1kg,0.86,25
16954,4703,Rock Salt (Sendha Namak) 500g,0.35,40
16955,4704,Pure Ghee 1L,0.41,600
16956,4704,Iodized Salt 1kg,2.29,29.59
16957,4704,Rock Salt (Sendha Namak) 500g,0.39,40
16958,4705,Iodized Salt 1kg,1.31,25
16959,4705,Rock Salt (Sendha Namak) 500g,0.19,40
16960,4706,Iodized Salt 1kg,1.5,25
16961,4706,Rock Salt (Sendha Namak) 500g,0.2,40
16962,4707,Rock Salt (Sendha Namak) 500g,0.3,40
16963,4708,Sona Masoori Rice 5kg,5.25,350
16964,4708,Basmati Rice 5kg,13.27,550
16965,4708,Wheat Flour (Atta) 5kg,1.82,250
16966,4708,Toor Dal 1kg,1.44,140
16967,4709,Sona Masoori Rice 5kg,2.72,350
16968,4709,Wheat Flour (Atta) 5kg,2.24,250
16969,4709,Toor Dal 1kg,1.68,140
16970,4709,Moong Dal 1kg,1.71,130
16971,4710,Sona Masoori Rice 5kg,6.72,350
16972,4710,Wheat Flour (Atta) 5kg,3.09,286.21
16973,4710,Toor Dal 1kg,0.95,140
16974,4710,Moong Dal 1kg,1.39,130
16975,4711,Wheat Flour (Atta) 5kg,1.99,250
16976,4711,Toor Dal 1kg,1.57,140
16977,4711,Moong Dal 1kg,1.48,130
16978,4711,Rajma (Kidney Beans) 1kg,0.43,160
16979,4712,Wheat Flour (Atta) 5kg,2.25,250
16980,4712,Toor Dal 1kg,2.67,140
16981,4712,Moong Dal 1kg,0.95,130
16982,4712,Rajma (Kidney Beans) 1kg,0.99,160
16983,4713,Moong Dal 1kg,0.89,130
16984,4713,Rajma (Kidney Beans) 1kg,0.52,160
16985,4713,Turmeric Powder 200g,5.34,60
16986,4713,Biryani Masala 100g,0.29,100
16987,4714,Moong Dal 1kg,1.13,130
16988,4714,Rajma (Kidney Beans) 1kg,0.85,160
16989,4714,Biryani Masala 100g,0.46,100
16990,4714,Almonds (Badam) 500g,0.49,450
16991,4715,Biryani Masala 100g,0.49,100
16992,4715,Almonds (Badam) 500g,0.96,365.93
16993,4715,Cashew Nuts (Kaju) 500g,0.42,550
16994,4715,Peanuts (Groundnut) 500g,2.51,90
16995,4716,Biryani Masala 100g,0.64,100
16996,4716,Almonds (Badam) 500g,0.47,450
16997,4716,Cashew Nuts (Kaju) 500g,0.46,461.1
16998,4716,Peanuts (Groundnut) 500g,2.05,90
16999,4717,Biryani Masala 100g,0.65,100
17000,4717,Cashew Nuts (Kaju) 500g,0.38,550
17001,4717,Sunflower Oil 1L,4.48,180
17002,4717,Groundnut Oil 1L,2.62,220
17003,4718,Biryani Masala 100g,0.54,100
17004,4718,Cashew Nuts (Kaju) 500g,0.36,550
17005,4718,Sunflower Oil 1L,2.84,180
17006,4718,Groundnut Oil 1L,2.28,220
17007,4719,Cashew Nuts (Kaju) 500g,0.59,550
17008,4719,Sunflower Oil 1L,2.67,180
17009,4719,Mustard Oil 1L,1.56,200
17010,4719,Pure Ghee 1L,0.41,600
17011,4720,Cashew Nuts (Kaju) 500g,0.66,550
17012,4720,Mustard Oil 1L,1.18,200
17013,4720,Pure Ghee 1L,0.84,665.39
17014,4720,Sugar 1kg,3.99,45
17015,4721,Mustard Oil 1L,1.86,200
17016,4721,Pure Ghee 1L,0.76,600
17017,4721,Sugar 1kg,6.41,45
17018,4721,Jaggery (Bella/Gud) 1kg,0.89,70
17019,4722,Mustard Oil 1L,0.83,200
17020,4722,Pure Ghee 1L,0.7,600
17021,4722,Jaggery (Bella/Gud) 1kg,0.62,70
17022,4722,Iodized Salt 1kg,2.64,25
17023,4723,Jaggery (Bella/Gud) 1kg,0.68,70
17024,4723,Iodized Salt 1kg,3.36,25
17025,4723,Rock Salt (Sendha Namak) 500g,1.33,40
17026,4724,Jaggery (Bella/Gud) 1kg,0.46,70
17027,4724,Iodized Salt 1kg,1.82,25
17028,4724,Rock Salt (Sendha Namak) 500g,1.12,40
17029,4725,Jaggery (Bella/Gud) 1kg,0.59,70
17030,4726,Jaggery (Bella/Gud) 1kg,0.62,70
17031,4727,Sona Masoori Rice 5kg,6.36,350
17032,4727,Basmati Rice 5kg,5.23,550
17033,4727,Wheat Flour (Atta) 5kg,4.09,224.76
17034,4727,Toor Dal 1kg,8.32,140
17035,4728,Sona Masoori Rice 5kg,3.94,350
17036,4728,Basmati Rice 5kg,3.44,550
17037,4728,Wheat Flour (Atta) 5kg,4.49,250
17038,4728,Moong Dal 1kg,0.74,130
17039,4729,Sona Masoori Rice 5kg,4.72,350
17040,4729,Basmati Rice 5kg,3.65,550
17041,4729,Wheat Flour (Atta) 5kg,3.88,250
17042,4729,Moong Dal 1kg,0.83,130
17043,4730,Moong Dal 1kg,1.21,130
17044,4730,Rajma (Kidney Beans) 1kg,1.24,160
17045,4730,Turmeric Powder 200g,1.74,60
17046,4730,Biryani Masala 100g,2.96,100
17047,4731,Moong Dal 1kg,1.56,130
17048,4731,Rajma (Kidney Beans) 1kg,1.53,160
17049,4731,Turmeric Powder 200g,1.14,60
17050,4731,Almonds (Badam) 500g,0.78,450
17051,4732,Moong Dal 1kg,1.31,130
17052,4732,Turmeric Powder 200g,1.72,60
17053,4732,Almonds (Badam) 500g,0.8,450
17054,4732,Cashew Nuts (Kaju) 500g,0.89,550
17055,4733,Moong Dal 1kg,0.73,130
17056,4733,Turmeric Powder 200g,0.89,60
17057,4733,Almonds (Badam) 500g,0.48,450
17058,4733,Cashew Nuts (Kaju) 500g,0.52,550
17059,4734,Cashew Nuts (Kaju) 500g,1.44,550
17060,4734,Peanuts (Groundnut) 500g,1.19,90
17061,4734,Sunflower Oil 1L,2.55,180
17062,4734,Groundnut Oil 1L,1.94,220
17063,4735,Peanuts (Groundnut) 500g,0.74,90
17064,4735,Sunflower Oil 1L,1.96,180
17065,4735,Groundnut Oil 1L,1.35,220
17066,4735,Mustard Oil 1L,0.98,200
17067,4736,Peanuts (Groundnut) 500g,1.3,90
17068,4736,Sunflower Oil 1L,1.85,180
17069,4736,Groundnut Oil 1L,1.72,220
17070,4736,Mustard Oil 1L,1.43,200
17071,4737,Peanuts (Groundnut) 500g,0.79,90
17072,4737,Sunflower Oil 1L,3.01,180
17073,4737,Mustard Oil 1L,1.32,200
17074,4737,Pure Ghee 1L,0.73,600
17075,4738,Peanuts (Groundnut) 500g,1.42,90
17076,4738,Mustard Oil 1L,0.59,200
17077,4738,Pure Ghee 1L,1.2,600
17078,4738,Sugar 1kg,1.69,45
17079,4739,Mustard Oil 1L,0.78,200
17080,4739,Pure Ghee 1L,0.79,600
17081,4739,Sugar 1kg,1.4,45
17082,4739,Jaggery (Bella/Gud) 1kg,1.09,70
17083,4740,Mustard Oil 1L,0.64,200
17084,4740,Sugar 1kg,2.3,45
17085,4740,Jaggery (Bella/Gud) 1kg,0.81,70
17086,4740,Iodized Salt 1kg,7.05,29.55
17087,4741,Sugar 1kg,3.74,45
17088,4741,Jaggery (Bella/Gud) 1kg,0.63,70
17089,4741,Rock Salt (Sendha Namak) 500g,1.12,40
17090,4742,Jaggery (Bella/Gud) 1kg,0.65,70
17091,4743,Jaggery (Bella/Gud) 1kg,0.59,70
17092,4744,Sona Masoori Rice 5kg,2.91,350
17093,4744,Basmati Rice 5kg,4.12,550
17094,4744,Wheat Flour (Atta) 5kg,2.64,250
17095,4744,Toor Dal 1kg,8.41,140
17096,4745,Sona Masoori Rice 5kg,1.5,350
17097,4745,Basmati Rice 5kg,4.36,550
17098,4745,Wheat Flour (Atta) 5kg,2.16,250
17099,4745,Moong Dal 1kg,3.1,130
17100,4746,Sona Masoori Rice 5kg,3.42,350
17101,4746,Basmati Rice 5kg,5.13,550
17102,4746,Wheat Flour (Atta) 5kg,2.25,250
17103,4746,Moong Dal 1kg,2.69,130
17104,4747,Sona Masoori Rice 5kg,1.91,350
17105,4747,Wheat Flour (Atta) 5kg,2.48,250
17106,4747,Moong Dal 1kg,1.62,130
17107,4747,Rajma (Kidney Beans) 1kg,0.46,160
17108,4748,Sona Masoori Rice 5kg,3.57,350
17109,4748,Wheat Flour (Atta) 5kg,3.03,250
17110,4748,Rajma (Kidney Beans) 1kg,0.66,160
17111,4748,Turmeric Powder 200g,1.4,60
17112,4749,Sona Masoori Rice 5kg,2.93,350
17113,4749,Rajma (Kidney Beans) 1kg,0.44,160
17114,4749,Turmeric Powder 200g,2.16,60
17115,4749,Garam Masala 100g,1.01,80
17116,4750,Rajma (Kidney Beans) 1kg,0.6,160
17117,4750,Turmeric Powder 200g,1.02,60
17118,4750,Garam Masala 100g,0.47,80
17119,4750,Biryani Masala 100g,1.74,100
17120,4751,Rajma (Kidney Beans) 1kg,0.47,160
17121,4751,Garam Masala 100g,0.89,80
17122,4751,Biryani Masala 100g,1.02,100
17123,4751,Almonds (Badam) 500g,0.35,450
17124,4752,Rajma (Kidney Beans) 1kg,0.63,160
17125,4752,Garam Masala 100g,0.82,80
17126,4752,Almonds (Badam) 500g,0.26,450
17127,4752,Cashew Nuts (Kaju) 500g,0.47,550
17128,4753,Garam Masala 100g,0.39,80
17129,4753,Almonds (Badam) 500g,0.61,450
17130,4753,Cashew Nuts (Kaju) 500g,0.84,550
17131,4753,Peanuts (Groundnut) 500g,1.4,90
17132,4754,Garam Masala 100g,0.69,80
17133,4754,Almonds (Badam) 500g,0.6,450
17134,4754,Cashew Nuts (Kaju) 500g,1.16,550
17135,4754,Peanuts (Groundnut) 500g,0.73,90
17136,4755,Peanuts (Groundnut) 500g,0.64,90
17137,4755,Sunflower Oil 1L,2.56,180
17138,4755,Groundnut Oil 1L,3.29,220
17139,4755,Mustard Oil 1L,5.55,200
17140,4756,Peanuts (Groundnut) 500g,1.09,90
17141,4756,Sunflower Oil 1L,2.75,180
17142,4756,Groundnut Oil 1L,1.64,220
17143,4756,Pure Ghee 1L,0.73,600
17144,4757,Peanuts (Groundnut) 500g,0.67,90
17145,4757,Sunflower Oil 1L,3.82,180
17146,4757,Pure Ghee 1L,0.59,600
17147,4757,Sugar 1kg,4.02,45
17148,4758,Pure Ghee 1L,0.54,600
17149,4758,Sugar 1kg,1.49,45
17150,4758,Jaggery (Bella/Gud) 1kg,1.31,70
17151,4758,Iodized Salt 1kg,7.66,25
17152,4759,Pure Ghee 1L,0.36,600
17153,4759,Sugar 1kg,3.62,45
17154,4759,Jaggery (Bella/Gud) 1kg,1.4,70
17155,4760,Pure Ghee 1L,0.44,600
17156,4760,Jaggery (Bella/Gud) 1kg,0.67,70
17157,4761,Pure Ghee 1L,0.27,600
17158,4761,Jaggery (Bella/Gud) 1kg,0.92,70
17159,4762,Sona Masoori Rice 5kg,2.73,350
17160,4762,Basmati Rice 5kg,1.73,550
17161,4762,Wheat Flour (Atta) 5kg,11.0,250
17162,4762,Toor Dal 1kg,1.98,140
17163,4763,Sona Masoori Rice 5kg,2.08,350
17164,4763,Basmati Rice 5kg,1.86,550
17165,4763,Toor Dal 1kg,5.25,140
17166,4763,Moong Dal 1kg,6.78,130
17167,4764,Sona Masoori Rice 5kg,3.76,350
17168,4764,Basmati Rice 5kg,3.15,550
17169,4764,Rajma (Kidney Beans) 1kg,3.44,160
17170,4764,Turmeric Powder 200g,1.65,60
17171,4765,Sona Masoori Rice 5kg,2.48,350
17172,4765,Basmati Rice 5kg,2.89,550
17173,4765,Turmeric Powder 200g,1.94,60
17174,4765,Garam Masala 100g,1.4,80
17175,4766,Sona Masoori Rice 5kg,3.37,350
17176,4766,Basmati Rice 5kg,2.79,550
17177,4766,Turmeric Powder 200g,1.45,60
17178,4766,Garam Masala 100g,0.89,80
17179,4767,Basmati Rice 5kg,1.24,550
17180,4767,Garam Masala 100g,1.82,80
17181,4767,Biryani Masala 100g,1.37,84.57
17182,4767,Almonds (Badam) 500g,0.72,450
17183,4768,Biryani Masala 100g,1.72,100
17184,4768,Almonds (Badam) 500g,0.35,450
17185,4768,Cashew Nuts (Kaju) 500g,2.89,550
17186,4768,Peanuts (Groundnut) 500g,4.64,90
17187,4769,Almonds (Badam) 500g,0.26,450
17188,4769,Sunflower Oil 1L,3.16,180
17189,4769,Groundnut Oil 1L,0.65,220
17190,4769,Mustard Oil 1L,1.38,200
17191,4770,Almonds (Badam) 500g,0.66,450
17192,4770,Sunflower Oil 1L,1.7,180
17193,4770,Groundnut Oil 1L,1.02,220
17194,4770,Mustard Oil 1L,1.75,200
17195,4771,Sunflower Oil 1L,1.76,180
17196,4771,Groundnut Oil 1L,0.92,220
17197,4771,Mustard Oil 1L,2.11,200
17198,4771,Pure Ghee 1L,1.1,600
17199,4772,Sunflower Oil 1L,2.56,180
17200,4772,Groundnut Oil 1L,0.77,220
17201,4772,Mustard Oil 1L,1.18,200
17202,4772,Pure Ghee 1L,0.7,600
17203,4773,Groundnut Oil 1L,0.9,220
17204,4773,Pure Ghee 1L,1.13,600
17205,4773,Sugar 1kg,9.65,45
17206,4773,Jaggery (Bella/Gud) 1kg,1.23,70
17207,4774,Groundnut Oil 1L,0.72,220
17208,4774,Jaggery (Bella/Gud) 1kg,0.79,70
17209,4774,Iodized Salt 1kg,4.55,25
17210,4775,Jaggery (Bella/Gud) 1kg,0.68,70
17211,4775,Iodized Salt 1kg,3.85,25
17212,4776,Jaggery (Bella/Gud) 1kg,1.45,70
17213,4777,Sona Masoori Rice 5kg,5.27,350
17214,4777,Basmati Rice 5kg,2.06,550
17215,4777,Wheat Flour (Atta) 5kg,6.39,250
17216,4777,Toor Dal 1kg,5.59,140
17217,4778,Sona Masoori Rice 5kg,3.25,350
17218,4778,Basmati Rice 5kg,3.06,550
17219,4778,Wheat Flour (Atta) 5kg,5.09,250
17220,4778,Toor Dal 1kg,2.44,140
17221,4779,Sona Masoori Rice 5kg,3.12,350
17222,4779,Basmati Rice 5kg,2.61,550
17223,4779,Moong Dal 1kg,1.33,130
17224,4779,Rajma (Kidney Beans) 1kg,0.89,160
17225,4780,Sona Masoori Rice 5kg,3.88,350
17226,4780,Basmati Rice 5kg,3.07,550
17227,4780,Moong Dal 1kg,2.01,130
17228,4780,Rajma (Kidney Beans) 1kg,0.89,160
17229,4781,Basmati Rice 5kg,2.0,550
17230,4781,Moong Dal 1kg,3.02,130
17231,4781,Rajma (Kidney Beans) 1kg,0.77,160
17232,4781,Turmeric Powder 200g,2.34,60
17233,4782,Turmeric Powder 200g,2.92,60
17234,4782,Garam Masala 100g,0.59,80
17235,4782,Biryani Masala 100g,0.68,100
17236,4782,Almonds (Badam) 500g,0.24,450
17237,4783,Garam Masala 100g,0.55,80
17238,4783,Biryani Masala 100g,0.85,100
17239,4783,Almonds (Badam) 500g,0.3,450
17240,4783,Cashew Nuts (Kaju) 500g,0.32,550
17241,4784,Garam Masala 100g,0.53,80
17242,4784,Biryani Masala 100g,1.18,100
17243,4784,Almonds (Badam) 500g,0.36,450
17244,4784,Cashew Nuts (Kaju) 500g,0.56,550
17245,4785,Garam Masala 100g,0.57,80
17246,4785,Almonds (Badam) 500g,0.28,450
17247,4785,Cashew Nuts (Kaju) 500g,0.62,550
17248,4785,Peanuts (Groundnut) 500g,2.24,90
17249,4786,Garam Masala 100g,0.25,80
17250,4786,Almonds (Badam) 500g,0.42,450
17251,4786,Cashew Nuts (Kaju) 500g,0.49,550
17252,4786,Peanuts (Groundnut) 500g,2.79,90
17253,4787,Garam Masala 100g,0.36,80
17254,4787,Almonds (Badam) 500g,0.37,450
17255,4787,Cashew Nuts (Kaju) 500g,0.29,550
17256,4787,Sunflower Oil 1L,1.74,180
17257,4788,Cashew Nuts (Kaju) 500g,0.53,550
17258,4788,Sunflower Oil 1L,1.04,180
17259,4788,Groundnut Oil 1L,1.2,220
17260,4788,Mustard Oil 1L,0.62,200
17261,4789,Sunflower Oil 1L,2.6,180
17262,4789,Groundnut Oil 1L,1.04,220
17263,4789,Mustard Oil 1L,1.27,200
17264,4789,Pure Ghee 1L,0.37,600
17265,4790,Sunflower Oil 1L,2.0,180
17266,4790,Groundnut Oil 1L,0.99,220
17267,4790,Mustard Oil 1L,1.53,200
17268,4790,Pure Ghee 1L,0.68,600
17269,4791,Sunflower Oil 1L,2.12,180
17270,4791,Groundnut Oil 1L,1.18,220
17271,4791,Mustard Oil 1L,1.48,200
17272,4791,Pure Ghee 1L,0.38,600
17273,4792,Mustard Oil 1L,1.47,200
17274,4792,Pure Ghee 1L,0.43,600
17275,4792,Sugar 1kg,2.61,45
17276,4792,Jaggery (Bella/Gud) 1kg,2.04,70
17277,4793,Pure Ghee 1L,0.59,600
17278,4793,Sugar 1kg,1.65,45
17279,4793,Jaggery (Bella/Gud) 1kg,2.27,70
17280,4793,Iodized Salt 1kg,1.55,25
17281,4794,Pure Ghee 1L,0.28,600
17282,4794,Sugar 1kg,3.02,45
17283,4794,Iodized Salt 1kg,1.26,25
17284,4794,Rock Salt (Sendha Namak) 500g,0.81,40
17285,4795,Sugar 1kg,2.77,45
17286,4795,Iodized Salt 1kg,2.29,25
17287,4795,Rock Salt (Sendha Namak) 500g,0.47,40
17288,4796,Iodized Salt 1kg,1.84,25
17289,4797,Iodized Salt 1kg,1.45,25
17290,4798,Sona Masoori Rice 5kg,14.09,350
17291,4798,Basmati Rice 5kg,4.68,550
17292,4798,Wheat Flour (Atta) 5kg,1.81,250
17293,4798,Toor Dal 1kg,5.24,140
17294,4799,Basmati Rice 5kg,2.29,550
17295,4799,Wheat Flour (Atta) 5kg,2.92,250
17296,4799,Toor Dal 1kg,2.32,140
17297,4799,Moong Dal 1kg,1.94,130
17298,4800,Basmati Rice 5kg,4.71,550
17299,4800,Wheat Flour (Atta) 5kg,2.63,250
17300,4800,Moong Dal 1kg,1.81,130
17301,4800,Rajma (Kidney Beans) 1kg,0.21,160
17302,4801,Wheat Flour (Atta) 5kg,2.33,250
17303,4801,Moong Dal 1kg,2.91,130
17304,4801,Rajma (Kidney Beans) 1kg,0.44,160
17305,4801,Turmeric Powder 200g,5.33,60
17306,4802,Wheat Flour (Atta) 5kg,2.35,250
17307,4802,Rajma (Kidney Beans) 1kg,0.57,160
17308,4802,Garam Masala 100g,0.99,80
17309,4802,Biryani Masala 100g,2.96,114.1
17310,4803,Rajma (Kidney Beans) 1kg,0.58,160
17311,4803,Garam Masala 100g,1.05,80
17312,4803,Almonds (Badam) 500g,1.22,450
17313,4803,Cashew Nuts (Kaju) 500g,2.8,550
17314,4804,Rajma (Kidney Beans) 1kg,0.36,160
17315,4804,Garam Masala 100g,0.52,80
17316,4804,Almonds (Badam) 500g,0.91,450
17317,4804,Peanuts (Groundnut) 500g,1.02,90
17318,4805,Rajma (Kidney Beans) 1kg,0.47,160
17319,4805,Garam Masala 100g,0.53,80
17320,4805,Peanuts (Groundnut) 500g,0.64,90
17321,4805,Sunflower Oil 1L,2.05,180
17322,4806,Garam Masala 100g,0.4,80
17323,4806,Peanuts (Groundnut) 500g,0.95,90
17324,4806,Sunflower Oil 1L,2.08,180
17325,4806,Groundnut Oil 1L,1.65,220
17326,4807,Garam Masala 100g,0.64,80
17327,4807,Peanuts (Groundnut) 500g,0.95,90
17328,4807,Sunflower Oil 1L,1.24,180
17329,4807,Groundnut Oil 1L,1.04,192.96
17330,4808,Peanuts (Groundnut) 500g,0.53,90
17331,4808,Sunflower Oil 1L,1.33,180
17332,4808,Groundnut Oil 1L,1.72,220
17333,4808,Mustard Oil 1L,1.77,200
17334,4809,Peanuts (Groundnut) 500g,0.78,90
17335,4809,Sunflower Oil 1L,2.03,180
17336,4809,Mustard Oil 1L,0.73,200
17337,4809,Pure Ghee 1L,0.51,600
17338,4810,Sunflower Oil 1L,1.67,180
17339,4810,Mustard Oil 1L,1.93,200
17340,4810,Pure Ghee 1L,0.24,600
17341,4810,Sugar 1kg,7.61,45
17342,4811,Mustard Oil 1L,1.87,200
17343,4811,Pure Ghee 1L,0.56,600
17344,4811,Sugar 1kg,2.74,45
17345,4811,Jaggery (Bella/Gud) 1kg,1.87,70
17346,4812,Pure Ghee 1L,0.31,600
17347,4812,Jaggery (Bella/Gud) 1kg,0.71,70
17348,4812,Iodized Salt 1kg,7.36,25
17349,4812,Rock Salt (Sendha Namak) 500g,1.64,40
17350,4813,Pure Ghee 1L,0.57,600
17351,4813,Jaggery (Bella/Gud) 1kg,1.78,70
17352,4813,Rock Salt (Sendha Namak) 500g,1.08,40
17353,4814,Pure Ghee 1L,0.62,600
17354,4815,Sona Masoori Rice 5kg,5.16,350
17355,4815,Basmati Rice 5kg,1.63,550
17356,4815,Wheat Flour (Atta) 5kg,10.94,250
17357,4815,Toor Dal 1kg,1.71,112.01
17358,4816,Sona Masoori Rice 5kg,2.66,350
17359,4816,Basmati Rice 5kg,2.3,550
17360,4816,Toor Dal 1kg,1.4,140
17361,4816,Moong Dal 1kg,2.62,130
17362,4817,Sona Masoori Rice 5kg,3.78,350
17363,4817,Basmati Rice 5kg,3.05,550
17364,4817,Toor Dal 1kg,2.7,140
17365,4817,Moong Dal 1kg,1.45,130
17366,4818,Sona Masoori Rice 5kg,4.27,350
17367,4818,Basmati Rice 5kg,1.21,550
17368,4818,Toor Dal 1kg,1.21,162.55
17369,4818,Moong Dal 1kg,1.07,114.4
17370,4819,Basmati Rice 5kg,1.15,550
17371,4819,Toor Dal 1kg,1.27,140
17372,4819,Moong Dal 1kg,1.74,130
17373,4819,Rajma (Kidney Beans) 1kg,0.51,160
17374,4820,Basmati Rice 5kg,2.73,550
17375,4820,Rajma (Kidney Beans) 1kg,0.52,160
17376,4820,Turmeric Powder 200g,4.74,60
17377,4820,Garam Masala 100g,0.62,80
17378,4821,Rajma (Kidney Beans) 1kg,0.32,160
17379,4821,Garam Masala 100g,0.36,80
17380,4821,Biryani Masala 100g,3.01,100
17381,4821,Almonds (Badam) 500g,0.33,450
17382,4822,Rajma (Kidney Beans) 1kg,0.44,160
17383,4822,Garam Masala 100g,0.68,80
17384,4822,Almonds (Badam) 500g,0.21,450
17385,4822,Cashew Nuts (Kaju) 500g,2.6,550
17386,4823,Rajma (Kidney Beans) 1kg,0.38,160
17387,4823,Garam Masala 100g,0.32,80
17388,4823,Almonds (Badam) 500g,0.32,450
17389,4823,Peanuts (Groundnut) 500g,1.09,90
17390,4824,Rajma (Kidney Beans) 1kg,0.51,160
17391,4824,Garam Masala 100g,0.47,80
17392,4824,Almonds (Badam) 500g,0.34,450
17393,4824,Peanuts (Groundnut) 500g,0.61,90
17394,4825,Almonds (Badam) 500g,0.35,450
17395,4825,Peanuts (Groundnut) 500g,0.88,90
17396,4825,Sunflower Oil 1L,6.12,180
17397,4825,Groundnut Oil 1L,1.63,220
17398,4826,Almonds (Badam) 500g,0.33,450
17399,4826,Peanuts (Groundnut) 500g,1.07,90
17400,4826,Sunflower Oil 1L,4.87,180
17401,4826,Groundnut Oil 1L,1.87,220
17402,4827,Peanuts (Groundnut) 500g,1.01,90
17403,4827,Groundnut Oil 1L,1.24,220
17404,4827,Mustard Oil 1L,1.69,200
17405,4827,Pure Ghee 1L,1.34,600
17406,4828,Mustard Oil 1L,2.22,200
17407,4828,Pure Ghee 1L,0.7,600
17408,4828,Sugar 1kg,1.8,45
17409,4828,Jaggery (Bella/Gud) 1kg,0.59,70
17410,4829,Mustard Oil 1L,0.88,200
17411,4829,Pure Ghee 1L,0.9,600
17412,4829,Sugar 1kg,1.71,45
17413,4829,Jaggery (Bella/Gud) 1kg,0.43,70
17414,4830,Mustard Oil 1L,1.84,200
17415,4830,Sugar 1kg,3.2,45
17416,4830,Jaggery (Bella/Gud) 1kg,0.37,70
17417,4830,Iodized Salt 1kg,1.85,25
17418,4831,Sugar 1kg,2.93,45
17419,4831,Jaggery (Bella/Gud) 1kg,0.53,70
17420,4831,Iodized Salt 1kg,1.14,25
17421,4831,Rock Salt (Sendha Namak) 500g,0.73,40
17422,4832,Jaggery (Bella/Gud) 1kg,0.75,70
17423,4832,Iodized Salt 1kg,0.7,21.72
17424,4832,Rock Salt (Sendha Namak) 500g,0.96,40
17425,4833,Jaggery (Bella/Gud) 1kg,0.99,70
17426,4833,Iodized Salt 1kg,1.18,25
17427,4834,Iodized Salt 1kg,1.03,25
17428,4835,Iodized Salt 1kg,1.6,25
17429,4836,Sona Masoori Rice 5kg,2.52,350
17430,4836,Basmati Rice 5kg,9.34,616.5
17431,4836,Wheat Flour (Atta) 5kg,3.04,250
17432,4836,Toor Dal 1kg,1.12,140
17433,4837,Sona Masoori Rice 5kg,2.19,350
17434,4837,Basmati Rice 5kg,4.44,550
17435,4837,Wheat Flour (Atta) 5kg,2.36,250
17436,4837,Toor Dal 1kg,1.34,140
17437,4838,Sona Masoori Rice 5kg,3.15,350
17438,4838,Wheat Flour (Atta) 5kg,1.67,250
17439,4838,Toor Dal 1kg,1.82,140
17440,4838,Moong Dal 1kg,4.3,130
17441,4839,Sona Masoori Rice 5kg,2.75,350
17442,4839,Wheat Flour (Atta) 5kg,2.42,250
17443,4839,Toor Dal 1kg,0.96,123.92
17444,4839,Moong Dal 1kg,3.27,130
17445,4840,Sona Masoori Rice 5kg,1.53,350
17446,4840,Wheat Flour (Atta) 5kg,2.34,250
17447,4840,Toor Dal 1kg,1.24,140
17448,4840,Rajma (Kidney Beans) 1kg,3.43,160
17449,4841,Sona Masoori Rice 5kg,3.05,350
17450,4841,Toor Dal 1kg,1.35,140
17451,4841,Turmeric Powder 200g,1.86,60
17452,4841,Garam Masala 100g,0.41,80
17453,4842,Turmeric Powder 200g,1.3,60
17454,4842,Garam Masala 100g,0.37,80
17455,4842,Biryani Masala 100g,0.51,100
17456,4842,Almonds (Badam) 500g,2.16,450
17457,4843,Turmeric Powder 200g,2.01,60
17458,4843,Garam Masala 100g,0.2,80
17459,4843,Biryani Masala 100g,0.45,100
17460,4843,Cashew Nuts (Kaju) 500g,0.55,550
17461,4844,Garam Masala 100g,0.21,80
17462,4844,Biryani Masala 100g,0.69,100
17463,4844,Cashew Nuts (Kaju) 500g,0.37,550
17464,4844,Peanuts (Groundnut) 500g,4.98,90
17465,4845,Garam Masala 100g,0.51,80
17466,4845,Biryani Masala 100g,0.56,116.54
17467,4845,Cashew Nuts (Kaju) 500g,0.45,550
17468,4845,Sunflower Oil 1L,3.93,180
17469,4846,Garam Masala 100g,0.51,80
17470,4846,Biryani Masala 100g,0.71,100
17471,4846,Cashew Nuts (Kaju) 500g,0.34,550
17472,4846,Sunflower Oil 1L,2.12,180
17473,4847,Biryani Masala 100g,0.34,100
17474,4847,Cashew Nuts (Kaju) 500g,0.52,550
17475,4847,Sunflower Oil 1L,3.32,180
17476,4847,Groundnut Oil 1L,1.03,220
17477,4848,Cashew Nuts (Kaju) 500g,0.59,550
17478,4848,Groundnut Oil 1L,2.37,220
17479,4848,Mustard Oil 1L,1.4,235.78
17480,4848,Pure Ghee 1L,1.85,600
17481,4849,Groundnut Oil 1L,0.92,220
17482,4849,Mustard Oil 1L,1.49,200
17483,4849,Pure Ghee 1L,0.87,600
17484,4849,Sugar 1kg,1.1,40.23
17485,4850,Mustard Oil 1L,0.56,200
17486,4850,Sugar 1kg,1.99,45
17487,4850,Jaggery (Bella/Gud) 1kg,1.97,59.15
17488,4850,Iodized Salt 1kg,0.81,25
17489,4851,Mustard Oil 1L,1.28,200
17490,4851,Sugar 1kg,1.43,45
17491,4851,Jaggery (Bella/Gud) 1kg,1.89,70
17492,4851,Iodized Salt 1kg,1.37,25
17493,4852,Mustard Oil 1L,0.62,200
17494,4852,Sugar 1kg,1.01,45
17495,4852,Iodized Salt 1kg,1.27,25
17496,4853,Mustard Oil 1L,1.13,200
17497,4853,Sugar 1kg,2.24,45
17498,4853,Iodized Salt 1kg,1.03,25
17499,4854,Sugar 1kg,1.71,45
17500,4854,Iodized Salt 1kg,1.64,25
17501,4855,Iodized Salt 1kg,1.23,25
17502,4856,Sona Masoori Rice 5kg,6.06,350
17503,4856,Basmati Rice 5kg,13.42,550
17504,4856,Wheat Flour (Atta) 5kg,2.72,250
17505,4856,Toor Dal 1kg,2.52,121.93
17506,4857,Sona Masoori Rice 5kg,4.66,350
17507,4857,Wheat Flour (Atta) 5kg,1.63,207.4
17508,4857,Toor Dal 1kg,1.94,140
17509,4857,Moong Dal 1kg,0.82,130
17510,4858,Sona Masoori Rice 5kg,5.71,350
17511,4858,Wheat Flour (Atta) 5kg,3.63,250
17512,4858,Toor Dal 1kg,1.96,140
17513,4858,Moong Dal 1kg,1.66,130
17514,4859,Wheat Flour (Atta) 5kg,2.15,250
17515,4859,Toor Dal 1kg,1.55,140
17516,4859,Moong Dal 1kg,1.32,130
17517,4859,Rajma (Kidney Beans) 1kg,1.08,160
17518,4860,Wheat Flour (Atta) 5kg,2.62,250
17519,4860,Moong Dal 1kg,1.06,152.82
17520,4860,Rajma (Kidney Beans) 1kg,1.58,160
17521,4860,Turmeric Powder 200g,1.14,60
17522,4861,Moong Dal 1kg,0.99,130
17523,4861,Turmeric Powder 200g,0.97,60
17524,4861,Garam Masala 100g,1.45,80
17525,4861,Biryani Masala 100g,2.99,100
17526,4862,Moong Dal 1kg,1.5,130
17527,4862,Turmeric Powder 200g,0.85,60
17528,4862,Almonds (Badam) 500g,0.39,450
17529,4862,Cashew Nuts (Kaju) 500g,0.65,550
17530,4863,Turmeric Powder 200g,0.49,60
17531,4863,Almonds (Badam) 500g,0.29,450
17532,4863,Cashew Nuts (Kaju) 500g,0.32,624.88
17533,4863,Peanuts (Groundnut) 500g,5.14,90
17534,4864,Turmeric Powder 200g,0.78,60
17535,4864,Almonds (Badam) 500g,0.38,450
17536,4864,Cashew Nuts (Kaju) 500g,0.59,550
17537,4864,Sunflower Oil 1L,3.47,180
17538,4865,Turmeric Powder 200g,0.86,60
17539,4865,Almonds (Badam) 500g,0.34,450
17540,4865,Cashew Nuts (Kaju) 500g,0.43,550
17541,4865,Sunflower Oil 1L,2.56,180
17542,4866,Almonds (Badam) 500g,0.2,450
17543,4866,Cashew Nuts (Kaju) 500g,0.81,550
17544,4866,Sunflower Oil 1L,3.84,180
17545,4866,Groundnut Oil 1L,0.36,220
17546,4867,Almonds (Badam) 500g,0.32,450
17547,4867,Groundnut Oil 1L,0.73,220
17548,4867,Mustard Oil 1L,0.9,200
17549,4867,Pure Ghee 1L,0.67,600
17550,4868,Groundnut Oil 1L,0.96,220
17551,4868,Mustard Oil 1L,0.99,200
17552,4868,Pure Ghee 1L,0.42,600
17553,4868,Sugar 1kg,2.91,45
17554,4869,Groundnut Oil 1L,0.56,220
17555,4869,Mustard Oil 1L,1.32,200
17556,4869,Pure Ghee 1L,0.7,600
17557,4869,Sugar 1kg,2.12,45
17558,4870,Groundnut Oil 1L,1.03,220
17559,4870,Mustard Oil 1L,1.23,200
17560,4870,Pure Ghee 1L,0.81,600
17561,4870,Sugar 1kg,3.35,45
17562,4871,Groundnut Oil 1L,0.82,220
17563,4871,Mustard Oil 1L,1.28,200
17564,4871,Pure Ghee 1L,0.45,600
17565,4871,Sugar 1kg,1.72,45
17566,4872,Mustard Oil 1L,0.6,200
17567,4872,Jaggery (Bella/Gud) 1kg,0.57,70
17568,4872,Iodized Salt 1kg,7.92,25
17569,4872,Rock Salt (Sendha Namak) 500g,0.37,40
17570,4873,Jaggery (Bella/Gud) 1kg,0.65,70
17571,4873,Rock Salt (Sendha Namak) 500g,0.62,40
17572,4874,Jaggery (Bella/Gud) 1kg,0.47,70
17573,4874,Rock Salt (Sendha Namak) 500g,0.73,40
17574,4875,Jaggery (Bella/Gud) 1kg,0.52,70
17575,4875,Rock Salt (Sendha Namak) 500g,0.27,40
17576,4876,Jaggery (Bella/Gud) 1kg,0.65,82.74
17577,4877,Jaggery (Bella/Gud) 1kg,0.87,70
17578,4878,Sona Masoori Rice 5kg,3.41,350
17579,4878,Basmati Rice 5kg,13.68,550
17580,4878,Wheat Flour (Atta) 5kg,6.12,250
17581,4878,Toor Dal 1kg,1.68,140
17582,4879,Sona Masoori Rice 5kg,2.73,350
17583,4879,Wheat Flour (Atta) 5kg,5.43,250
17584,4879,Toor Dal 1kg,0.73,140
17585,4879,Moong Dal 1kg,4.1,130
17586,4880,Sona Masoori Rice 5kg,2.89,350
17587,4880,Toor Dal 1kg,1.71,140
17588,4880,Moong Dal 1kg,2.4,130
17589,4880,Rajma (Kidney Beans) 1kg,1.37,160
17590,4881,Sona Masoori Rice 5kg,2.68,350
17591,4881,Toor Dal 1kg,1.6,140
17592,4881,Rajma (Kidney Beans) 1kg,1.97,160
17593,4881,Turmeric Powder 200g,2.71,60
17594,4882,Sona Masoori Rice 5kg,1.99,350
17595,4882,Toor Dal 1kg,1.53,140
17596,4882,Turmeric Powder 200g,1.12,60
17597,4882,Garam Masala 100g,0.52,80
17598,4883,Sona Masoori Rice 5kg,2.31,350
17599,4883,Turmeric Powder 200g,1.23,60
17600,4883,Garam Masala 100g,0.55,80
17601,4883,Biryani Masala 100g,1.12,100
17602,4884,Garam Masala 100g,0.31,80
17603,4884,Biryani Masala 100g,1.06,100
17604,4884,Almonds (Badam) 500g,0.4,450
17605,4884,Cashew Nuts (Kaju) 500g,0.81,550
17606,4885,Garam Masala 100g,0.29,80
17607,4885,Biryani Masala 100g,0.92,100
17608,4885,Almonds (Badam) 500g,0.3,450
17609,4885,Cashew Nuts (Kaju) 500g,1.04,621.03
17610,4886,Garam Masala 100g,0.53,80
17611,4886,Almonds (Badam) 500g,0.55,450
17612,4886,Cashew Nuts (Kaju) 500g,0.83,550
17613,4886,Peanuts (Groundnut) 500g,4.82,90
17614,4887,Garam Masala 100g,0.3,80
17615,4887,Almonds (Badam) 500g,0.24,450
17616,4887,Sunflower Oil 1L,2.87,180
17617,4887,Groundnut Oil 1L,0.66,220
17618,4888,Almonds (Badam) 500g,0.38,450
17619,4888,Sunflower Oil 1L,1.96,180
17620,4888,Groundnut Oil 1L,1.24,220
17621,4888,Mustard Oil 1L,1.07,200
17622,4889,Sunflower Oil 1L,4.65,180
17623,4889,Groundnut Oil 1L,1.4,220
17624,4889,Mustard Oil 1L,2.64,200
17625,4889,Pure Ghee 1L,1.95,600
17626,4890,Groundnut Oil 1L,1.16,220
17627,4890,Mustard Oil 1L,2.66,200
17628,4890,Pure Ghee 1L,1.26,509.73
17629,4890,Sugar 1kg,2.04,37.3
17630,4891,Sugar 1kg,0.95,45
17631,4891,Jaggery (Bella/Gud) 1kg,1.5,70
17632,4891,Iodized Salt 1kg,8.09,25
17633,4891,Rock Salt (Sendha Namak) 500g,1.57,40
17634,4892,Sugar 1kg,1.86,45
17635,4892,Jaggery (Bella/Gud) 1kg,1.3,70
17636,4893,Sugar 1kg,1.25,45
17637,4893,Jaggery (Bella/Gud) 1kg,1.44,70
17638,4894,Sugar 1kg,2.05,45
17639,4895,Sugar 1kg,1.28,45
17640,4896,Sona Masoori Rice 5kg,5.34,350
17641,4896,Basmati Rice 5kg,6.29,550
17642,4896,Wheat Flour (Atta) 5kg,1.34,250
17643,4896,Toor Dal 1kg,2.4,140
17644,4897,Sona Masoori Rice 5kg,4.41,350
17645,4897,Basmati Rice 5kg,7.45,550
17646,4897,Wheat Flour (Atta) 5kg,2.67,250
17647,4897,Toor Dal 1kg,1.51,140
17648,4898,Sona Masoori Rice 5kg,6.4,350
17649,4898,Wheat Flour (Atta) 5kg,2.71,250
17650,4898,Toor Dal 1kg,2.25,140
17651,4898,Moong Dal 1kg,1.41,130
17652,4899,Wheat Flour (Atta) 5kg,2.1,250
17653,4899,Toor Dal 1kg,1.84,140
17654,4899,Moong Dal 1kg,0.69,130
17655,4899,Rajma (Kidney Beans) 1kg,2.9,160
17656,4900,Wheat Flour (Atta) 5kg,2.93,250
17657,4900,Moong Dal 1kg,1.18,130
17658,4900,Turmeric Powder 200g,1.59,60
17659,4900,Garam Masala 100g,0.82,80
17660,4901,Moong Dal 1kg,0.93,130
17661,4901,Turmeric Powder 200g,1.88,60
17662,4901,Garam Masala 100g,0.87,80
17663,4901,Biryani Masala 100g,1.2,100
17664,4902,Moong Dal 1kg,1.47,130
17665,4902,Turmeric Powder 200g,1.25,60
17666,4902,Garam Masala 100g,1.06,80
17667,4902,Biryani Masala 100g,0.45,100
17668,4903,Moong Dal 1kg,1.45,110.66
17669,4903,Biryani Masala 100g,0.94,100
17670,4903,Almonds (Badam) 500g,0.65,534.19
17671,4903,Cashew Nuts (Kaju) 500g,2.79,550
17672,4904,Biryani Masala 100g,0.66,100
17673,4904,Almonds (Badam) 500g,0.33,450
17674,4904,Peanuts (Groundnut) 500g,1.92,90
17675,4904,Sunflower Oil 1L,3.39,180
17676,4905,Almonds (Badam) 500g,0.73,450
17677,4905,Peanuts (Groundnut) 500g,1.81,90
17678,4905,Sunflower Oil 1L,2.51,180
17679,4905,Groundnut Oil 1L,4.46,220
17680,4906,Almonds (Badam) 500g,0.26,450
17681,4906,Peanuts (Groundnut) 500g,1.17,90
17682,4906,Sunflower Oil 1L,4.63,180
17683,4906,Mustard Oil 1L,2.79,200
17684,4907,Mustard Oil 1L,3.55,223.49
17685,4907,Pure Ghee 1L,0.58,600
17686,4907,Sugar 1kg,10.8,45
17687,4907,Jaggery (Bella/Gud) 1kg,1.22,70
17688,4908,Pure Ghee 1L,0.42,600
17689,4908,Jaggery (Bella/Gud) 1kg,1.05,70
17690,4908,Iodized Salt 1kg,0.89,25
17691,4908,Rock Salt (Sendha Namak) 500g,1.03,40
17692,4909,Pure Ghee 1L,0.63,600
17693,4909,Jaggery (Bella/Gud) 1kg,0.42,70
17694,4909,Iodized Salt 1kg,1.53,25
17695,4909,Rock Salt (Sendha Namak) 500g,1.13,40
17696,4910,Pure Ghee 1L,0.43,600
17697,4910,Jaggery (Bella/Gud) 1kg,1.22,70
17698,4910,Iodized Salt 1kg,1.32,25
17699,4911,Pure Ghee 1L,0.66,600
17700,4911,Iodized Salt 1kg,1.59,25
17701,4912,Pure Ghee 1L,0.39,600
17702,4912,Iodized Salt 1kg,1.14,25
17703,4913,Iodized Salt 1kg,1.57,25
17704,4914,Sona Masoori Rice 5kg,7.6,350
17705,4914,Basmati Rice 5kg,5.25,648.16
17706,4914,Wheat Flour (Atta) 5kg,12.38,250
17707,4914,Toor Dal 1kg,8.58,140
17708,4915,Sona Masoori Rice 5kg,7.54,350
17709,4915,Basmati Rice 5kg,7.53,550
17710,4915,Moong Dal 1kg,2.67,130
17711,4915,Rajma (Kidney Beans) 1kg,1.33,160
17712,4916,Moong Dal 1kg,1.8,130
17713,4916,Rajma (Kidney Beans) 1kg,1.4,160
17714,4916,Turmeric Powder 200g,1.16,60
17715,4916,Garam Masala 100g,0.31,80
17716,4917,Moong Dal 1kg,2.96,130
17717,4917,Turmeric Powder 200g,1.68,60
17718,4917,Garam Masala 100g,0.44,80
17719,4917,Biryani Masala 100g,0.67,100
17720,4918,Turmeric Powder 200g,1.33,60
17721,4918,Garam Masala 100g,0.45,80
17722,4918,Biryani Masala 100g,1.25,100
17723,4918,Almonds (Badam) 500g,0.49,450
17724,4919,Turmeric Powder 200g,1.32,60
17725,4919,Biryani Masala 100g,1.13,100
17726,4919,Almonds (Badam) 500g,0.35,450
17727,4919,Cashew Nuts (Kaju) 500g,2.56,550
17728,4920,Almonds (Badam) 500g,0.4,450
17729,4920,Peanuts (Groundnut) 500g,1.38,90
17730,4920,Sunflower Oil 1L,5.01,180
17731,4920,Groundnut Oil 1L,2.67,220
17732,4921,Almonds (Badam) 500g,0.4,450
17733,4921,Peanuts (Groundnut) 500g,1.27,90
17734,4921,Sunflower Oil 1L,5.75,180
17735,4921,Groundnut Oil 1L,1.73,220
17736,4922,Almonds (Badam) 500g,0.37,450
17737,4922,Peanuts (Groundnut) 500g,1.36,90
17738,4922,Mustard Oil 1L,1.45,200
17739,4922,Pure Ghee 1L,0.55,600
17740,4923,Peanuts (Groundnut) 500g,0.94,90
17741,4923,Mustard Oil 1L,1.54,200
17742,4923,Pure Ghee 1L,0.35,600
17743,4923,Sugar 1kg,5.36,45
17744,4924,Mustard Oil 1L,0.6,200
17745,4924,Pure Ghee 1L,0.36,600
17746,4924,Sugar 1kg,4.05,45
17747,4924,Jaggery (Bella/Gud) 1kg,0.55,70
17748,4925,Mustard Oil 1L,0.94,200
17749,4925,Pure Ghee 1L,0.57,600
17750,4925,Jaggery (Bella/Gud) 1kg,0.5,70
17751,4925,Iodized Salt 1kg,3.48,25
17752,4926,Mustard Oil 1L,0.58,200
17753,4926,Pure Ghee 1L,0.84,600
17754,4926,Jaggery (Bella/Gud) 1kg,0.56,70
17755,4926,Iodized Salt 1kg,3.03,25
17756,4927,Mustard Oil 1L,1.3,200
17757,4927,Pure Ghee 1L,0.5,600
17758,4927,Jaggery (Bella/Gud) 1kg,0.58,70
17759,4927,Iodized Salt 1kg,1.95,25
17760,4928,Jaggery (Bella/Gud) 1kg,0.8,57.08
17761,4928,Rock Salt (Sendha Namak) 500g,1.08,40
17762,4929,Jaggery (Bella/Gud) 1kg,0.91,70
17763,4929,Rock Salt (Sendha Namak) 500g,0.6,40
17764,4930,Sona Masoori Rice 5kg,3.49,350
17765,4930,Basmati Rice 5kg,1.6,550
17766,4930,Wheat Flour (Atta) 5kg,3.16,250
17767,4930,Toor Dal 1kg,8.48,140
17768,4931,Sona Masoori Rice 5kg,2.1,350
17769,4931,Basmati Rice 5kg,2.73,550
17770,4931,Wheat Flour (Atta) 5kg,2.86,250
17771,4931,Moong Dal 1kg,3.12,130
17772,4932,Sona Masoori Rice 5kg,2.74,350
17773,4932,Basmati Rice 5kg,3.5,550
17774,4932,Wheat Flour (Atta) 5kg,2.0,250
17775,4932,Moong Dal 1kg,2.72,130
17776,4933,Sona Masoori Rice 5kg,1.97,350
17777,4933,Basmati Rice 5kg,2.07,550
17778,4933,Wheat Flour (Atta) 5kg,1.87,250
17779,4933,Moong Dal 1kg,1.16,130
17780,4934,Sona Masoori Rice 5kg,3.26,350
17781,4934,Basmati Rice 5kg,4.07,550
17782,4934,Wheat Flour (Atta) 5kg,1.62,250
17783,4934,Rajma (Kidney Beans) 1kg,0.78,160
17784,4935,Rajma (Kidney Beans) 1kg,0.75,160
17785,4935,Turmeric Powder 200g,1.05,60
17786,4935,Garam Masala 100g,1.15,80
17787,4935,Biryani Masala 100g,0.71,100
17788,4936,Rajma (Kidney Beans) 1kg,1.47,160
17789,4936,Turmeric Powder 200g,0.62,60
17790,4936,Garam Masala 100g,1.24,80
17791,4936,Biryani Masala 100g,0.83,100
17792,4937,Turmeric Powder 200g,0.73,60
17793,4937,Garam Masala 100g,1.76,80
17794,4937,Biryani Masala 100g,1.03,100
17795,4937,Almonds (Badam) 500g,1.33,499.11
17796,4938,Turmeric Powder 200g,1.03,60
17797,4938,Biryani Masala 100g,0.51,100
17798,4938,Almonds (Badam) 500g,0.72,450
17799,4938,Cashew Nuts (Kaju) 500g,0.72,550
17800,4939,Turmeric Powder 200g,1.12,60
17801,4939,Cashew Nuts (Kaju) 500g,0.76,550
17802,4939,Peanuts (Groundnut) 500g,0.95,90
17803,4939,Sunflower Oil 1L,3.58,180
17804,4940,Cashew Nuts (Kaju) 500g,0.71,550
17805,4940,Peanuts (Groundnut) 500g,1.36,90
17806,4940,Sunflower Oil 1L,2.27,180
17807,4940,Groundnut Oil 1L,1.03,188.0
17808,4941,Cashew Nuts (Kaju) 500g,0.76,550
17809,4941,Peanuts (Groundnut) 500g,0.56,90
17810,4941,Sunflower Oil 1L,3.38,180
17811,4941,Groundnut Oil 1L,2.15,220
17812,4942,Peanuts (Groundnut) 500g,0.54,90
17813,4942,Groundnut Oil 1L,1.1,220
17814,4942,Mustard Oil 1L,3.22,200
17815,4942,Pure Ghee 1L,3.11,600
17816,4943,Peanuts (Groundnut) 500g,0.65,90
17817,4943,Mustard Oil 1L,3.09,200
17818,4943,Sugar 1kg,2.06,45
17819,4943,Jaggery (Bella/Gud) 1kg,1.17,70
17820,4944,Peanuts (Groundnut) 500g,1.1,90
17821,4944,Sugar 1kg,1.62,45
17822,4944,Jaggery (Bella/Gud) 1kg,1.08,70
17823,4944,Iodized Salt 1kg,1.52,25
17824,4945,Sugar 1kg,3.61,45
17825,4945,Jaggery (Bella/Gud) 1kg,1.01,70
17826,4945,Iodized Salt 1kg,2.04,25
17827,4945,Rock Salt (Sendha Namak) 500g,0.49,40
17828,4946,Sugar 1kg,2.46,52.47
17829,4946,Jaggery (Bella/Gud) 1kg,1.09,70
17830,4946,Iodized Salt 1kg,0.88,25
17831,4946,Rock Salt (Sendha Namak) 500g,0.51,40
17832,4947,Iodized Salt 1kg,1.41,25
17833,4947,Rock Salt (Sendha Namak) 500g,0.57,40
17834,4948,Iodized Salt 1kg,1.24,25
17835,4948,Rock Salt (Sendha Namak) 500g,0.76,40
17836,4949,Iodized Salt 1kg,1.15,25
17837,4950,Sona Masoori Rice 5kg,15.68,350
17838,4950,Basmati Rice 5kg,14.07,550
17839,4950,Wheat Flour (Atta) 5kg,2.56,250
17840,4950,Toor Dal 1kg,3.73,140
17841,4951,Wheat Flour (Atta) 5kg,4.26,250
17842,4951,Toor Dal 1kg,4.22,140
17843,4951,Moong Dal 1kg,1.38,130
17844,4951,Rajma (Kidney Beans) 1kg,0.68,160
17845,4952,Wheat Flour (Atta) 5kg,1.85,250
17846,4952,Moong Dal 1kg,1.72,130
17847,4952,Rajma (Kidney Beans) 1kg,0.65,160
17848,4952,Turmeric Powder 200g,5.45,60
17849,4953,Wheat Flour (Atta) 5kg,3.47,250
17850,4953,Moong Dal 1kg,1.18,130
17851,4953,Rajma (Kidney Beans) 1kg,0.91,160
17852,4953,Biryani Masala 100g,0.9,100
17853,4954,Moong Dal 1kg,0.69,130
17854,4954,Rajma (Kidney Beans) 1kg,0.39,160
17855,4954,Biryani Masala 100g,0.77,100
17856,4954,Almonds (Badam) 500g,0.44,450
17857,4955,Moong Dal 1kg,0.76,130
17858,4955,Biryani Masala 100g,0.98,100
17859,4955,Almonds (Badam) 500g,0.46,450
17860,4955,Cashew Nuts (Kaju) 500g,0.45,550
17861,4956,Moong Dal 1kg,1.73,130
17862,4956,Biryani Masala 100g,0.35,100
17863,4956,Almonds (Badam) 500g,0.33,450
17864,4956,Cashew Nuts (Kaju) 500g,0.31,550
17865,4957,Almonds (Badam) 500g,0.35,450
17866,4957,Cashew Nuts (Kaju) 500g,0.48,550
17867,4957,Peanuts (Groundnut) 500g,2.81,90
17868,4957,Sunflower Oil 1L,2.87,180
17869,4958,Almonds (Badam) 500g,0.46,450
17870,4958,Cashew Nuts (Kaju) 500g,0.49,550
17871,4958,Peanuts (Groundnut) 500g,2.43,90
17872,4958,Sunflower Oil 1L,2.45,180
17873,4959,Cashew Nuts (Kaju) 500g,0.55,550
17874,4959,Sunflower Oil 1L,1.64,180
17875,4959,Groundnut Oil 1L,2.63,220
17876,4959,Mustard Oil 1L,1.41,200
17877,4960,Cashew Nuts (Kaju) 500g,0.41,550
17878,4960,Sunflower Oil 1L,2.56,180
17879,4960,Groundnut Oil 1L,1.81,220
17880,4960,Mustard Oil 1L,1.01,200
17881,4961,Mustard Oil 1L,1.2,200
17882,4961,Pure Ghee 1L,0.79,600
17883,4961,Sugar 1kg,9.0,45
17884,4961,Jaggery (Bella/Gud) 1kg,0.84,70
17885,4962,Mustard Oil 1L,1.87,200
17886,4962,Pure Ghee 1L,0.64,600
17887,4962,Jaggery (Bella/Gud) 1kg,0.52,70
17888,4962,Iodized Salt 1kg,2.48,25
17889,4963,Pure Ghee 1L,0.89,600
17890,4963,Jaggery (Bella/Gud) 1kg,0.73,70
17891,4963,Iodized Salt 1kg,1.41,25
17892,4964,Pure Ghee 1L,0.59,600
17893,4964,Jaggery (Bella/Gud) 1kg,0.4,70
17894,4964,Iodized Salt 1kg,3.11,25
17895,4965,Jaggery (Bella/Gud) 1kg,0.96,70
17896,4966,Jaggery (Bella/Gud) 1kg,0.59,70
17897,4967,Sona Masoori Rice 5kg,3.65,350
17898,4967,Basmati Rice 5kg,2.51,550
17899,4967,Wheat Flour (Atta) 5kg,1.54,250
17900,4967,Toor Dal 1kg,1.38,140
17901,4968,Sona Masoori Rice 5kg,4.97,350
17902,4968,Basmati Rice 5kg,1.9,550
17903,4968,Wheat Flour (Atta) 5kg,2.26,250
17904,4968,Toor Dal 1kg,2.54,140
17905,4969,Sona Masoori Rice 5kg,3.2,350
17906,4969,Basmati Rice 5kg,3.09,550
17907,4969,Wheat Flour (Atta) 5kg,2.05,250
17908,4969,Toor Dal 1kg,2.58,140
17909,4970,Sona Masoori Rice 5kg,2.02,405.59
17910,4970,Basmati Rice 5kg,4.12,550
17911,4970,Wheat Flour (Atta) 5kg,2.26,250
17912,4970,Toor Dal 1kg,1.93,157.49
17913,4971,Wheat Flour (Atta) 5kg,2.13,250
17914,4971,Moong Dal 1kg,1.04,130
17915,4971,Rajma (Kidney Beans) 1kg,0.7,160
17916,4971,Turmeric Powder 200g,1.57,60
17917,4972,Wheat Flour (Atta) 5kg,1.59,250
17918,4972,Moong Dal 1kg,1.41,130
17919,4972,Rajma (Kidney Beans) 1kg,1.25,160
17920,4972,Turmeric Powder 200g,1.66,60
17921,4973,Moong Dal 1kg,1.31,130
17922,4973,Rajma (Kidney Beans) 1kg,1.1,160
17923,4973,Turmeric Powder 200g,1.4,60
17924,4973,Garam Masala 100g,0.41,80
17925,4974,Moong Dal 1kg,0.97,130
17926,4974,Garam Masala 100g,0.34,80
17927,4974,Biryani Masala 100g,1.23,100
17928,4974,Almonds (Badam) 500g,1.91,450
17929,4975,Moong Dal 1kg,0.81,130
17930,4975,Garam Masala 100g,0.49,80
17931,4975,Biryani Masala 100g,0.93,89.6
17932,4975,Cashew Nuts (Kaju) 500g,0.45,550
17933,4976,Moong Dal 1kg,1.26,130
17934,4976,Garam Masala 100g,0.68,95.86
17935,4976,Biryani Masala 100g,0.96,100
17936,4976,Cashew Nuts (Kaju) 500g,0.27,472.73
17937,4977,Garam Masala 100g,0.26,80
17938,4977,Cashew Nuts (Kaju) 500g,0.55,550
17939,4977,Peanuts (Groundnut) 500g,1.65,90
17940,4977,Sunflower Oil 1L,9.8,180
17941,4978,Cashew Nuts (Kaju) 500g,0.49,550
17942,4978,Peanuts (Groundnut) 500g,3.24,90
17943,4978,Groundnut Oil 1L,5.02,220
17944,4978,Mustard Oil 1L,6.0,200
17945,4979,Cashew Nuts (Kaju) 500g,0.31,550
17946,4979,Pure Ghee 1L,0.84,600
17947,4979,Sugar 1kg,2.81,45
17948,4979,Jaggery (Bella/Gud) 1kg,0.75,70
17949,4980,Cashew Nuts (Kaju) 500g,0.4,550
17950,4980,Pure Ghee 1L,0.98,600
17951,4980,Sugar 1kg,1.7,45
17952,4980,Jaggery (Bella/Gud) 1kg,0.93,70
17953,4981,Pure Ghee 1L,0.5,600
17954,4981,Sugar 1kg,1.31,45
17955,4981,Jaggery (Bella/Gud) 1kg,1.16,70
17956,4981,Iodized Salt 1kg,1.97,25
17957,4982,Pure Ghee 1L,0.98,600
17958,4982,Sugar 1kg,1.61,45
17959,4982,Jaggery (Bella/Gud) 1kg,1.03,70
17960,4982,Iodized Salt 1kg,2.29,25
17961,4983,Sugar 1kg,2.04,45
17962,4983,Iodized Salt 1kg,1.52,25
17963,4983,Rock Salt (Sendha Namak) 500g,0.46,40
17964,4984,Iodized Salt 1kg,2.61,25
17965,4984,Rock Salt (Sendha Namak) 500g,0.29,40
17966,4985,Rock Salt (Sendha Namak) 500g,0.4,40
17967,4986,Rock Salt (Sendha Namak) 500g,0.31,40
17968,4987,Rock Salt (Sendha Namak) 500g,0.59,40
17969,4988,Rock Salt (Sendha Namak) 500g,0.44,40
17970,4989,Sona Masoori Rice 5kg,15.92,350
17971,4989,Basmati Rice 5kg,12.07,550
17972,4989,Wheat Flour (Atta) 5kg,2.96,250
17973,4989,Toor Dal 1kg,2.38,140
17974,4990,Wheat Flour (Atta) 5kg,3.21,250
17975,4990,Toor Dal 1kg,2.34,140
17976,4990,Moong Dal 1kg,1.29,130
17977,4990,Rajma (Kidney Beans) 1kg,1.14,160
17978,4991,Wheat Flour (Atta) 5kg,1.63,250
17979,4991,Toor Dal 1kg,1.28,140
17980,4991,Moong Dal 1kg,2.61,130
17981,4991,Rajma (Kidney Beans) 1kg,0.79,160
17982,4992,Wheat Flour (Atta) 5kg,1.85,250
17983,4992,Toor Dal 1kg,1.97,140
17984,4992,Moong Dal 1kg,3.15,130
17985,4992,Rajma (Kidney Beans) 1kg,0.44,183.45
17986,4993,Wheat Flour (Atta) 5kg,2.26,250
17987,4993,Rajma (Kidney Beans) 1kg,0.54,133.51
17988,4993,Turmeric Powder 200g,5.31,60
17989,4993,Garam Masala 100g,0.64,80
17990,4994,Wheat Flour (Atta) 5kg,1.2,250
17991,4994,Garam Masala 100g,0.66,80
17992,4994,Biryani Masala 100g,1.3,100
17993,4994,Almonds (Badam) 500g,0.42,450
17994,4995,Garam Masala 100g,0.87,80
17995,4995,Biryani Masala 100g,1.8,100
17996,4995,Almonds (Badam) 500g,0.4,450
17997,4995,Cashew Nuts (Kaju) 500g,0.28,550
17998,4996,Garam Masala 100g,0.9,80
17999,4996,Almonds (Badam) 500g,0.41,450
18000,4996,Cashew Nuts (Kaju) 500g,0.25,550
18001,4996,Peanuts (Groundnut) 500g,1.64,90
18002,4997,Almonds (Badam) 500g,0.63,450
18003,4997,Cashew Nuts (Kaju) 500g,0.29,550
18004,4997,Peanuts (Groundnut) 500g,1.53,90
18005,4997,Sunflower Oil 1L,4.88,180
18006,4998,Cashew Nuts (Kaju) 500g,0.53,550
18007,4998,Peanuts (Groundnut) 500g,0.86,90
18008,4998,Sunflower Oil 1L,4.49,180
18009,4998,Groundnut Oil 1L,1.36,220
18010,4999,Cashew Nuts (Kaju) 500g,0.7,550
18011,4999,Peanuts (Groundnut) 500g,1.22,90
18012,4999,Groundnut Oil 1L,0.74,220
18013,4999,Mustard Oil 1L,2.11,200
18014,5000,Cashew Nuts (Kaju) 500g,0.52,550
18015,5000,Groundnut Oil 1L,1.31,220
18016,5000,Mustard Oil 1L,1.49,200
18017,5000,Pure Ghee 1L,0.65,600
18018,5001,Groundnut Oil 1L,1.61,220
18019,5001,Mustard Oil 1L,1.61,200
18020,5001,Pure Ghee 1L,1.16,600
18021,5001,Sugar 1kg,1.34,45
18022,5002,Mustard Oil 1L,1.09,200
18023,5002,Pure Ghee 1L,1.03,600
18024,5002,Sugar 1kg,1.78,45
18025,5002,Jaggery (Bella/Gud) 1kg,0.81,70
18026,5003,Sugar 1kg,2.34,45
18027,5003,Jaggery (Bella/Gud) 1kg,0.6,70
18028,5003,Iodized Salt 1kg,1.6,25
18029,5004,Sugar 1kg,1.21,45
18030,5004,Jaggery (Bella/Gud) 1kg,0.51,70
18031,5004,Iodized Salt 1kg,1.35,25
18032,5005,Sugar 1kg,1.24,45
18033,5005,Jaggery (Bella/Gud) 1kg,0.81,70
18034,5005,Iodized Salt 1kg,1.4,25
18035,5006,Sugar 1kg,2.24,45
18036,5006,Jaggery (Bella/Gud) 1kg,0.83,70
18037,5006,Iodized Salt 1kg,1.38,25
18038,5007,Jaggery (Bella/Gud) 1kg,0.49,70
18039,5007,Iodized Salt 1kg,2.09,25
18040,5008,Sona Masoori Rice 5kg,2.83,350
18041,5008,Basmati Rice 5kg,4.29,550
18042,5008,Wheat Flour (Atta) 5kg,6.07,250
18043,5008,Toor Dal 1kg,1.89,140
18044,5009,Sona Masoori Rice 5kg,1.84,287.55
18045,5009,Basmati Rice 5kg,9.81,550
18046,5009,Wheat Flour (Atta) 5kg,5.74,290.51
18047,5009,Toor Dal 1kg,0.9,140
18048,5010,Sona Masoori Rice 5kg,4.47,350
18049,5010,Toor Dal 1kg,0.9,140
18050,5010,Moong Dal 1kg,3.14,130
18051,5010,Rajma (Kidney Beans) 1kg,1.38,160
18052,5011,Sona Masoori Rice 5kg,3.38,350
18053,5011,Toor Dal 1kg,2.34,156.9
18054,5011,Moong Dal 1kg,4.01,130
18055,5011,Rajma (Kidney Beans) 1kg,1.98,160
18056,5012,Sona Masoori Rice 5kg,3.48,350
18057,5012,Toor Dal 1kg,2.08,140
18058,5012,Turmeric Powder 200g,0.97,60
18059,5012,Garam Masala 100g,0.83,80
18060,5013,Turmeric Powder 200g,1.04,60
18061,5013,Garam Masala 100g,0.96,80
18062,5013,Biryani Masala 100g,0.54,100
18063,5013,Almonds (Badam) 500g,1.35,450
18064,5014,Turmeric Powder 200g,0.57,53.74
18065,5014,Garam Masala 100g,1.35,80
18066,5014,Biryani Masala 100g,0.57,100
18067,5014,Almonds (Badam) 500g,0.5,450
18068,5015,Turmeric Powder 200g,0.65,60
18069,5015,Garam Masala 100g,0.89,80
18070,5015,Biryani Masala 100g,0.6,100
18071,5015,Cashew Nuts (Kaju) 500g,0.42,550
18072,5016,Turmeric Powder 200g,0.68,60
18073,5016,Biryani Masala 100g,0.78,100
18074,5016,Cashew Nuts (Kaju) 500g,0.39,550
18075,5016,Peanuts (Groundnut) 500g,0.86,90
18076,5017,Turmeric Powder 200g,0.93,60
18077,5017,Biryani Masala 100g,0.6,100
18078,5017,Cashew Nuts (Kaju) 500g,0.44,550
18079,5017,Peanuts (Groundnut) 500g,0.96,90
18080,5018,Cashew Nuts (Kaju) 500g,0.69,550
18081,5018,Peanuts (Groundnut) 500g,0.57,90
18082,5018,Sunflower Oil 1L,9.43,180
18083,5018,Groundnut Oil 1L,1.26,220
18084,5019,Cashew Nuts (Kaju) 500g,0.4,550
18085,5019,Peanuts (Groundnut) 500g,0.71,90
18086,5019,Groundnut Oil 1L,1.94,220
18087,5019,Mustard Oil 1L,1.27,200
18088,5020,Cashew Nuts (Kaju) 500g,0.65,550
18089,5020,Peanuts (Groundnut) 500g,0.59,90
18090,5020,Groundnut Oil 1L,1.16,220
18091,5020,Mustard Oil 1L,1.76,200
18092,5021,Peanuts (Groundnut) 500g,0.92,90
18093,5021,Mustard Oil 1L,1.18,200
18094,5021,Pure Ghee 1L,3.2,600
18095,5021,Sugar 1kg,2.47,45
18096,5022,Mustard Oil 1L,1.68,200
18097,5022,Sugar 1kg,1.9,45
18098,5022,Jaggery (Bella/Gud) 1kg,0.86,78.39
18099,5022,Iodized Salt 1kg,4.06,25
18100,5023,Sugar 1kg,2.01,45
18101,5023,Jaggery (Bella/Gud) 1kg,0.91,70
18102,5023,Iodized Salt 1kg,4.09,25
18103,5024,Sugar 1kg,1.81,45
18104,5024,Jaggery (Bella/Gud) 1kg,0.6,70
18105,5025,Sugar 1kg,1.72,45
18106,5025,Jaggery (Bella/Gud) 1kg,0.5,70
18107,5026,Jaggery (Bella/Gud) 1kg,1.12,70
18108,5027,Sona Masoori Rice 5kg,4.01,299.07
18109,5027,Basmati Rice 5kg,3.08,550
18110,5027,Wheat Flour (Atta) 5kg,3.01,250
18111,5027,Toor Dal 1kg,1.49,140
18112,5028,Sona Masoori Rice 5kg,2.7,350
18113,5028,Basmati Rice 5kg,3.99,550
18114,5028,Wheat Flour (Atta) 5kg,2.38,250
18115,5028,Toor Dal 1kg,1.7,140
18116,5029,Sona Masoori Rice 5kg,1.99,350
18117,5029,Basmati Rice 5kg,1.64,550
18118,5029,Wheat Flour (Atta) 5kg,1.39,250
18119,5029,Toor Dal 1kg,2.61,140
18120,5030,Sona Masoori Rice 5kg,4.23,350
18121,5030,Basmati Rice 5kg,1.51,550
18122,5030,Wheat Flour (Atta) 5kg,1.35,250
18123,5030,Toor Dal 1kg,1.77,140
18124,5031,Sona Masoori Rice 5kg,2.89,350
18125,5031,Basmati Rice 5kg,2.26,550
18126,5031,Wheat Flour (Atta) 5kg,2.99,250
18127,5031,Moong Dal 1kg,0.83,130
18128,5032,Moong Dal 1kg,1.88,130
18129,5032,Rajma (Kidney Beans) 1kg,2.18,182.41
18130,5032,Turmeric Powder 200g,2.09,60
18131,5032,Garam Masala 100g,1.25,80
18132,5033,Moong Dal 1kg,1.03,130
18133,5033,Rajma (Kidney Beans) 1kg,1.15,160
18134,5033,Turmeric Powder 200g,3.24,60
18135,5033,Garam Masala 100g,0.65,80
18136,5034,Moong Dal 1kg,1.24,130
18137,5034,Biryani Masala 100g,3.05,100
18138,5034,Almonds (Badam) 500g,0.31,450
18139,5034,Cashew Nuts (Kaju) 500g,0.61,550
18140,5035,Moong Dal 1kg,1.03,130
18141,5035,Almonds (Badam) 500g,0.41,450
18142,5035,Cashew Nuts (Kaju) 500g,0.62,550
18143,5035,Peanuts (Groundnut) 500g,4.63,90
18144,5036,Moong Dal 1kg,1.55,130
18145,5036,Almonds (Badam) 500g,0.4,450
18146,5036,Cashew Nuts (Kaju) 500g,0.53,550
18147,5036,Sunflower Oil 1L,9.27,180
18148,5037,Almonds (Badam) 500g,0.35,450
18149,5037,Cashew Nuts (Kaju) 500g,0.59,550
18150,5037,Groundnut Oil 1L,0.88,220
18151,5037,Mustard Oil 1L,2.76,200
18152,5038,Almonds (Badam) 500g,0.15,450
18153,5038,Cashew Nuts (Kaju) 500g,0.32,550
18154,5038,Groundnut Oil 1L,0.84,220
18155,5038,Mustard Oil 1L,3.27,200
18156,5039,Almonds (Badam) 500g,0.31,450
18157,5039,Groundnut Oil 1L,1.45,220
18158,5039,Pure Ghee 1L,3.13,600
18159,5039,Sugar 1kg,1.81,45
18160,5040,Groundnut Oil 1L,0.53,220
18161,5040,Sugar 1kg,1.92,45
18162,5040,Jaggery (Bella/Gud) 1kg,1.82,70
18163,5040,Iodized Salt 1kg,2.98,25
18164,5041,Groundnut Oil 1L,0.76,220
18165,5041,Sugar 1kg,4.21,45
18166,5041,Jaggery (Bella/Gud) 1kg,0.84,70
18167,5041,Iodized Salt 1kg,1.62,25
18168,5042,Sugar 1kg,2.92,45
18169,5042,Jaggery (Bella/Gud) 1kg,1.23,70
18170,5042,Iodized Salt 1kg,3.15,25
18171,5042,Rock Salt (Sendha Namak) 500g,0.59,40
18172,5043,Rock Salt (Sendha Namak) 500g,0.41,40
18173,5044,Rock Salt (Sendha Namak) 500g,0.62,40
18174,5045,Rock Salt (Sendha Namak) 500g,0.55,40
18175,5046,Rock Salt (Sendha Namak) 500g,0.57,40
18176,5047,Rock Salt (Sendha Namak) 500g,0.25,40
18177,5048,Sona Masoori Rice 5kg,1.91,350
18178,5048,Basmati Rice 5kg,1.7,550
18179,5048,Wheat Flour (Atta) 5kg,6.32,213.14
18180,5048,Toor Dal 1kg,1.7,140
18181,5049,Sona Masoori Rice 5kg,2.11,350
18182,5049,Basmati Rice 5kg,3.0,550
18183,5049,Wheat Flour (Atta) 5kg,6.32,250
18184,5049,Toor Dal 1kg,2.36,140
18185,5050,Sona Masoori Rice 5kg,3.11,350
18186,5050,Basmati Rice 5kg,2.45,550
18187,5050,Toor Dal 1kg,3.44,140
18188,5050,Moong Dal 1kg,7.11,130
18189,5051,Sona Masoori Rice 5kg,2.53,350
18190,5051,Basmati Rice 5kg,2.68,550
18191,5051,Rajma (Kidney Beans) 1kg,1.1,160
18192,5051,Turmeric Powder 200g,0.55,60
18193,5052,Sona Masoori Rice 5kg,1.41,350
18194,5052,Basmati Rice 5kg,3.12,550
18195,5052,Rajma (Kidney Beans) 1kg,0.84,160
18196,5052,Turmeric Powder 200g,0.78,52.33
18197,5053,Sona Masoori Rice 5kg,3.2,350
18198,5053,Rajma (Kidney Beans) 1kg,0.49,160
18199,5053,Turmeric Powder 200g,1.29,60
18200,5053,Biryani Masala 100g,0.74,100
18201,5054,Rajma (Kidney Beans) 1kg,0.57,160
18202,5054,Turmeric Powder 200g,1.1,60
18203,5054,Biryani Masala 100g,1.22,100
18204,5054,Almonds (Badam) 500g,0.7,450
18205,5055,Rajma (Kidney Beans) 1kg,0.41,160
18206,5055,Turmeric Powder 200g,1.06,60
18207,5055,Biryani Masala 100g,1.22,100
18208,5055,Almonds (Badam) 500g,0.85,450
18209,5056,Almonds (Badam) 500g,0.39,450
18210,5056,Cashew Nuts (Kaju) 500g,0.49,550
18211,5056,Peanuts (Groundnut) 500g,0.86,90
18212,5056,Sunflower Oil 1L,3.35,180
18213,5057,Cashew Nuts (Kaju) 500g,0.4,550
18214,5057,Peanuts (Groundnut) 500g,1.64,90
18215,5057,Sunflower Oil 1L,2.18,180
18216,5057,Groundnut Oil 1L,1.45,220
18217,5058,Cashew Nuts (Kaju) 500g,0.4,550
18218,5058,Peanuts (Groundnut) 500g,2.31,80.69
18219,5058,Sunflower Oil 1L,1.79,180
18220,5058,Groundnut Oil 1L,1.26,220
18221,5059,Cashew Nuts (Kaju) 500g,0.39,550
18222,5059,Sunflower Oil 1L,2.91,180
18223,5059,Groundnut Oil 1L,1.93,220
18224,5059,Mustard Oil 1L,5.72,200
18225,5060,Cashew Nuts (Kaju) 500g,0.38,550
18226,5060,Pure Ghee 1L,2.97,694.98
18227,5060,Sugar 1kg,9.98,45
18228,5060,Jaggery (Bella/Gud) 1kg,1.07,70
18229,5061,Cashew Nuts (Kaju) 500g,0.47,550
18230,5061,Jaggery (Bella/Gud) 1kg,1.21,70
18231,5061,Iodized Salt 1kg,1.54,25
18232,5061,Rock Salt (Sendha Namak) 500g,0.35,40
18233,5062,Jaggery (Bella/Gud) 1kg,1.0,70
18234,5062,Iodized Salt 1kg,1.83,25
18235,5062,Rock Salt (Sendha Namak) 500g,0.63,40
18236,5063,Jaggery (Bella/Gud) 1kg,0.97,70
18237,5063,Iodized Salt 1kg,2.36,25
18238,5063,Rock Salt (Sendha Namak) 500g,0.28,40
18239,5064,Iodized Salt 1kg,1.4,25
18240,5064,Rock Salt (Sendha Namak) 500g,0.66,40
18241,5065,Iodized Salt 1kg,1.19,25
18242,5066,Sona Masoori Rice 5kg,3.43,350
18243,5066,Basmati Rice 5kg,1.1,550
18244,5066,Wheat Flour (Atta) 5kg,1.34,250
18245,5066,Toor Dal 1kg,1.86,140
18246,5067,Sona Masoori Rice 5kg,3.14,350
18247,5067,Basmati Rice 5kg,2.63,550
18248,5067,Wheat Flour (Atta) 5kg,1.7,250
18249,5067,Toor Dal 1kg,2.41,140
18250,5068,Sona Masoori Rice 5kg,3.92,350
18251,5068,Basmati Rice 5kg,2.61,550
18252,5068,Wheat Flour (Atta) 5kg,2.84,250
18253,5068,Toor Dal 1kg,1.69,140
18254,5069,Sona Masoori Rice 5kg,3.44,350
18255,5069,Basmati Rice 5kg,2.11,550
18256,5069,Wheat Flour (Atta) 5kg,2.33,250
18257,5069,Toor Dal 1kg,1.64,140
18258,5070,Sona Masoori Rice 5kg,2.41,350
18259,5070,Basmati Rice 5kg,1.31,550
18260,5070,Wheat Flour (Atta) 5kg,3.59,250
18261,5070,Moong Dal 1kg,1.54,130
18262,5071,Basmati Rice 5kg,2.78,550
18263,5071,Moong Dal 1kg,2.11,130
18264,5071,Rajma (Kidney Beans) 1kg,0.46,160
18265,5071,Turmeric Powder 200g,1.09,60
18266,5072,Moong Dal 1kg,0.88,130
18267,5072,Rajma (Kidney Beans) 1kg,0.3,160
18268,5072,Turmeric Powder 200g,0.85,60
18269,5072,Garam Masala 100g,3.97,80
18270,5073,Moong Dal 1kg,1.29,130
18271,5073,Rajma (Kidney Beans) 1kg,0.76,160
18272,5073,Turmeric Powder 200g,0.64,60
18273,5073,Biryani Masala 100g,0.64,100
18274,5074,Moong Dal 1kg,1.27,130
18275,5074,Rajma (Kidney Beans) 1kg,0.6,160
18276,5074,Turmeric Powder 200g,0.7,60
18277,5074,Biryani Masala 100g,0.36,100
18278,5075,Rajma (Kidney Beans) 1kg,0.65,160
18279,5075,Turmeric Powder 200g,0.87,60
18280,5075,Biryani Masala 100g,0.5,100
18281,5075,Almonds (Badam) 500g,2.06,450
18282,5076,Rajma (Kidney Beans) 1kg,0.59,160
18283,5076,Turmeric Powder 200g,0.73,60
18284,5076,Biryani Masala 100g,0.44,100
18285,5076,Cashew Nuts (Kaju) 500g,0.41,550
18286,5077,Biryani Masala 100g,0.57,100
18287,5077,Cashew Nuts (Kaju) 500g,0.49,550
18288,5077,Peanuts (Groundnut) 500g,1.32,90
18289,5077,Sunflower Oil 1L,1.3,180
18290,5078,Biryani Masala 100g,0.26,100
18291,5078,Cashew Nuts (Kaju) 500g,0.82,550
18292,5078,Peanuts (Groundnut) 500g,0.65,90
18293,5078,Sunflower Oil 1L,1.85,180
18294,5079,Cashew Nuts (Kaju) 500g,0.57,550
18295,5079,Peanuts (Groundnut) 500g,0.71,90
18296,5079,Sunflower Oil 1L,1.94,180
18297,5079,Groundnut Oil 1L,1.32,220
18298,5080,Cashew Nuts (Kaju) 500g,0.66,550
18299,5080,Peanuts (Groundnut) 500g,1.1,90
18300,5080,Sunflower Oil 1L,2.42,180
18301,5080,Groundnut Oil 1L,0.53,220
18302,5081,Peanuts (Groundnut) 500g,0.72,90
18303,5081,Sunflower Oil 1L,2.09,180
18304,5081,Groundnut Oil 1L,0.74,220
18305,5081,Mustard Oil 1L,1.52,200
18306,5082,Peanuts (Groundnut) 500g,0.89,90
18307,5082,Sunflower Oil 1L,1.27,180
18308,5082,Groundnut Oil 1L,1.01,220
18309,5082,Mustard Oil 1L,0.75,200
18310,5083,Groundnut Oil 1L,0.86,178.21
18311,5083,Mustard Oil 1L,1.09,200
18312,5083,Pure Ghee 1L,0.71,600
18313,5083,Sugar 1kg,3.47,45
18314,5084,Mustard Oil 1L,1.16,200
18315,5084,Pure Ghee 1L,0.59,600
18316,5084,Sugar 1kg,3.08,45
18317,5084,Jaggery (Bella/Gud) 1kg,1.47,70
18318,5085,Mustard Oil 1L,1.53,200
18319,5085,Pure Ghee 1L,0.4,600
18320,5085,Sugar 1kg,4.24,45
18321,5085,Jaggery (Bella/Gud) 1kg,0.98,70
18322,5086,Pure Ghee 1L,0.97,600
18323,5086,Jaggery (Bella/Gud) 1kg,1.73,70
18324,5086,Iodized Salt 1kg,1.62,25
18325,5086,Rock Salt (Sendha Namak) 500g,0.23,40
18326,5087,Pure Ghee 1L,0.54,600
18327,5087,Iodized Salt 1kg,1.27,25
18328,5087,Rock Salt (Sendha Namak) 500g,0.64,40
18329,5088,Iodized Salt 1kg,0.88,25
18330,5088,Rock Salt (Sendha Namak) 500g,0.6,40
18331,5089,Iodized Salt 1kg,1.46,25
18332,5090,Iodized Salt 1kg,1.28,25
18333,5091,Iodized Salt 1kg,1.21,25
18334,5092,Sona Masoori Rice 5kg,5.89,350
18335,5092,Basmati Rice 5kg,2.76,550
18336,5092,Wheat Flour (Atta) 5kg,5.81,250
18337,5092,Toor Dal 1kg,1.15,140
18338,5093,Sona Masoori Rice 5kg,4.07,405.61
18339,5093,Basmati Rice 5kg,2.7,550
18340,5093,Wheat Flour (Atta) 5kg,2.43,250
18341,5093,Toor Dal 1kg,1.41,161.25
18342,5094,Sona Masoori Rice 5kg,5.88,350
18343,5094,Basmati Rice 5kg,3.95,550
18344,5094,Wheat Flour (Atta) 5kg,3.55,250
18345,5094,Toor Dal 1kg,1.97,140
18346,5095,Basmati Rice 5kg,3.07,550
18347,5095,Toor Dal 1kg,1.7,140
18348,5095,Moong Dal 1kg,1.2,130
18349,5095,Rajma (Kidney Beans) 1kg,0.78,160
18350,5096,Toor Dal 1kg,2.5,140
18351,5096,Moong Dal 1kg,2.16,130
18352,5096,Rajma (Kidney Beans) 1kg,0.92,160
18353,5096,Turmeric Powder 200g,1.14,60
18354,5097,Moong Dal 1kg,1.29,130
18355,5097,Rajma (Kidney Beans) 1kg,0.96,160
18356,5097,Turmeric Powder 200g,0.99,60
18357,5097,Garam Masala 100g,0.32,80
18358,5098,Moong Dal 1kg,1.18,130
18359,5098,Turmeric Powder 200g,0.93,60
18360,5098,Garam Masala 100g,0.34,80
18361,5098,Biryani Masala 100g,3.2,100
18362,5099,Moong Dal 1kg,1.07,130
18363,5099,Turmeric Powder 200g,0.45,60
18364,5099,Garam Masala 100g,0.58,80
18365,5099,Almonds (Badam) 500g,0.77,450
18366,5100,Turmeric Powder 200g,0.83,60
18367,5100,Garam Masala 100g,0.29,66.37
18368,5100,Almonds (Badam) 500g,0.67,450
18369,5100,Cashew Nuts (Kaju) 500g,0.62,550
18370,5101,Turmeric Powder 200g,1.12,60
18371,5101,Almonds (Badam) 500g,0.71,450
18372,5101,Cashew Nuts (Kaju) 500g,0.4,550
18373,5101,Peanuts (Groundnut) 500g,1.18,90
18374,5102,Cashew Nuts (Kaju) 500g,0.41,550
18375,5102,Peanuts (Groundnut) 500g,0.74,90
18376,5102,Sunflower Oil 1L,2.21,180
18377,5102,Groundnut Oil 1L,2.4,220
18378,5103,Cashew Nuts (Kaju) 500g,0.57,550
18379,5103,Peanuts (Groundnut) 500g,1.35,90
18380,5103,Sunflower Oil 1L,1.22,180
18381,5103,Groundnut Oil 1L,2.31,220
18382,5104,Cashew Nuts (Kaju) 500g,0.63,550
18383,5104,Peanuts (Groundnut) 500g,2.1,90
18384,5104,Sunflower Oil 1L,2.15,180
18385,5104,Mustard Oil 1L,5.97,200
18386,5105,Sunflower Oil 1L,1.74,180
18387,5105,Pure Ghee 1L,1.12,600
18388,5105,Sugar 1kg,2.41,45
18389,5105,Jaggery (Bella/Gud) 1kg,3.65,70
18390,5106,Sunflower Oil 1L,1.25,180
18391,5106,Pure Ghee 1L,0.85,600
18392,5106,Sugar 1kg,1.68,45
18393,5106,Iodized Salt 1kg,1.32,25
18394,5107,Sunflower Oil 1L,1.87,180
18395,5107,Pure Ghee 1L,0.45,600
18396,5107,Sugar 1kg,2.51,45
18397,5107,Iodized Salt 1kg,1.32,25
18398,5108,Pure Ghee 1L,0.48,600
18399,5108,Sugar 1kg,2.85,45
18400,5108,Iodized Salt 1kg,2.14,25
18401,5108,Rock Salt (Sendha Namak) 500g,0.22,40
18402,5109,Iodized Salt 1kg,2.26,21.44
18403,5109,Rock Salt (Sendha Namak) 500g,0.49,40
18404,5110,Iodized Salt 1kg,0.9,25
18405,5110,Rock Salt (Sendha Namak) 500g,0.48,40
18406,5111,Rock Salt (Sendha Namak) 500g,0.53,40
18407,5112,Rock Salt (Sendha Namak) 500g,0.57,40
18408,5113,Sona Masoori Rice 5kg,8.01,350
18409,5113,Basmati Rice 5kg,13.23,550
18410,5113,Wheat Flour (Atta) 5kg,1.81,250
18411,5113,Toor Dal 1kg,7.66,140
18412,5114,Sona Masoori Rice 5kg,7.65,350
18413,5114,Wheat Flour (Atta) 5kg,2.33,250
18414,5114,Moong Dal 1kg,6.48,130
18415,5114,Rajma (Kidney Beans) 1kg,1.3,160
18416,5115,Wheat Flour (Atta) 5kg,3.49,250
18417,5115,Rajma (Kidney Beans) 1kg,1.76,160
18418,5115,Turmeric Powder 200g,0.89,60
18419,5115,Garam Masala 100g,0.38,80
18420,5116,Wheat Flour (Atta) 5kg,1.5,250
18421,5116,Turmeric Powder 200g,0.9,60
18422,5116,Garam Masala 100g,0.73,80
18423,5116,Biryani Masala 100g,0.5,100
18424,5117,Wheat Flour (Atta) 5kg,2.67,250
18425,5117,Turmeric Powder 200g,0.63,60
18426,5117,Garam Masala 100g,0.82,80
18427,5117,Biryani Masala 100g,0.4,100
18428,5118,Turmeric Powder 200g,0.77,60
18429,5118,Garam Masala 100g,0.81,80
18430,5118,Biryani Masala 100g,0.35,100
18431,5118,Almonds (Badam) 500g,1.08,450
18432,5119,Turmeric Powder 200g,0.89,60
18433,5119,Garam Masala 100g,0.49,80
18434,5119,Biryani Masala 100g,0.49,100
18435,5119,Almonds (Badam) 500g,0.85,450
18436,5120,Turmeric Powder 200g,0.59,60
18437,5120,Biryani Masala 100g,0.44,100
18438,5120,Cashew Nuts (Kaju) 500g,1.24,550
18439,5120,Peanuts (Groundnut) 500g,4.72,90
18440,5121,Biryani Masala 100g,0.54,100
18441,5121,Cashew Nuts (Kaju) 500g,1.49,550
18442,5121,Sunflower Oil 1L,4.92,180
18443,5121,Groundnut Oil 1L,0.47,220
18444,5122,Sunflower Oil 1L,4.63,180
18445,5122,Groundnut Oil 1L,0.98,220
18446,5122,Mustard Oil 1L,3.71,200
18447,5122,Pure Ghee 1L,2.7,508.0
18448,5123,Groundnut Oil 1L,0.91,220
18449,5123,Mustard Oil 1L,2.58,200
18450,5123,Sugar 1kg,10.11,45
18451,5123,Jaggery (Bella/Gud) 1kg,4.0,70
18452,5124,Groundnut Oil 1L,0.8,220
18453,5124,Iodized Salt 1kg,7.86,25
18454,5124,Rock Salt (Sendha Namak) 500g,3.13,40
18455,5125,Groundnut Oil 1L,0.7,220
18456,5126,Groundnut Oil 1L,0.6,220
18457,5127,Sona Masoori Rice 5kg,15.26,350
18458,5127,Basmati Rice 5kg,1.84,550
18459,5127,Wheat Flour (Atta) 5kg,2.46,250
18460,5127,Toor Dal 1kg,3.2,140
18461,5128,Basmati Rice 5kg,1.6,550
18462,5128,Wheat Flour (Atta) 5kg,3.54,250
18463,5128,Toor Dal 1kg,1.89,140
18464,5128,Moong Dal 1kg,6.61,130
18465,5129,Basmati Rice 5kg,2.12,550
18466,5129,Wheat Flour (Atta) 5kg,3.98,250
18467,5129,Toor Dal 1kg,3.19,140
18468,5129,Rajma (Kidney Beans) 1kg,0.57,160
18469,5130,Basmati Rice 5kg,3.03,550
18470,5130,Wheat Flour (Atta) 5kg,2.43,250
18471,5130,Rajma (Kidney Beans) 1kg,0.38,160
18472,5130,Turmeric Powder 200g,0.68,60
18473,5131,Basmati Rice 5kg,2.0,550
18474,5131,Rajma (Kidney Beans) 1kg,0.66,160
18475,5131,Turmeric Powder 200g,0.81,60
18476,5131,Biryani Masala 100g,1.5,100
18477,5132,Basmati Rice 5kg,2.93,550
18478,5132,Rajma (Kidney Beans) 1kg,0.73,160
18479,5132,Turmeric Powder 200g,0.94,60
18480,5132,Biryani Masala 100g,1.66,100
18481,5133,Rajma (Kidney Beans) 1kg,0.42,160
18482,5133,Turmeric Powder 200g,0.5,60
18483,5133,Almonds (Badam) 500g,0.73,450
18484,5133,Cashew Nuts (Kaju) 500g,2.85,550
18485,5134,Turmeric Powder 200g,0.93,60
18486,5134,Almonds (Badam) 500g,0.77,450
18487,5134,Peanuts (Groundnut) 500g,1.52,90
18488,5134,Sunflower Oil 1L,10.84,180
18489,5135,Turmeric Powder 200g,0.84,60
18490,5135,Almonds (Badam) 500g,0.64,450
18491,5135,Peanuts (Groundnut) 500g,1.6,90
18492,5135,Groundnut Oil 1L,1.3,220
18493,5136,Peanuts (Groundnut) 500g,1.92,90
18494,5136,Groundnut Oil 1L,1.14,220
18495,5136,Mustard Oil 1L,2.25,200
18496,5136,Pure Ghee 1L,1.17,600
18497,5137,Groundnut Oil 1L,2.25,220
18498,5137,Mustard Oil 1L,3.4,200
18499,5137,Pure Ghee 1L,0.8,600
18500,5137,Sugar 1kg,4.08,45
18501,5138,Pure Ghee 1L,1.07,600
18502,5138,Sugar 1kg,6.33,38.18
18503,5138,Jaggery (Bella/Gud) 1kg,0.74,70
18504,5138,Iodized Salt 1kg,1.76,25
18505,5139,Jaggery (Bella/Gud) 1kg,0.39,70
18506,5139,Iodized Salt 1kg,3.14,25
18507,5140,Jaggery (Bella/Gud) 1kg,0.71,70
18508,5140,Iodized Salt 1kg,2.89,25
18509,5141,Jaggery (Bella/Gud) 1kg,0.74,70
18510,5142,Jaggery (Bella/Gud) 1kg,0.81,70
18511,5143,Jaggery (Bella/Gud) 1kg,0.78,70
18512,5144,Sona Masoori Rice 5kg,7.56,350
18513,5144,Basmati Rice 5kg,12.06,490.91
18514,5144,Wheat Flour (Atta) 5kg,11.98,250
18515,5144,Toor Dal 1kg,4.75,140
18516,5145,Sona Masoori Rice 5kg,7.71,350
18517,5145,Toor Dal 1kg,2.67,140
18518,5145,Moong Dal 1kg,3.06,130
18519,5145,Rajma (Kidney Beans) 1kg,1.0,160
18520,5146,Moong Dal 1kg,4.22,130
18521,5146,Rajma (Kidney Beans) 1kg,0.72,160
18522,5146,Turmeric Powder 200g,4.62,60
18523,5146,Biryani Masala 100g,0.67,100
18524,5147,Rajma (Kidney Beans) 1kg,1.03,160
18525,5147,Biryani Masala 100g,0.68,100
18526,5147,Almonds (Badam) 500g,0.56,450
18527,5147,Cashew Nuts (Kaju) 500g,0.86,550
18528,5148,Biryani Masala 100g,0.43,118.72
18529,5148,Almonds (Badam) 500g,1.42,450
18530,5148,Cashew Nuts (Kaju) 500g,0.81,550
18531,5148,Peanuts (Groundnut) 500g,1.02,90
18532,5149,Biryani Masala 100g,0.58,100
18533,5149,Cashew Nuts (Kaju) 500g,0.89,550
18534,5149,Peanuts (Groundnut) 500g,1.07,90
18535,5149,Sunflower Oil 1L,2.62,180
18536,5150,Biryani Masala 100g,0.63,100
18537,5150,Peanuts (Groundnut) 500g,1.04,90
18538,5150,Sunflower Oil 1L,1.97,180
18539,5150,Groundnut Oil 1L,1.11,220
18540,5151,Peanuts (Groundnut) 500g,0.41,90
18541,5151,Sunflower Oil 1L,1.36,180
18542,5151,Groundnut Oil 1L,2.46,220
18543,5151,Mustard Oil 1L,3.03,200
18544,5152,Peanuts (Groundnut) 500g,1.03,90
18545,5152,Sunflower Oil 1L,2.23,180
18546,5152,Groundnut Oil 1L,1.53,220
18547,5152,Mustard Oil 1L,2.56,200
18548,5153,Sunflower Oil 1L,1.31,159.62
18549,5153,Pure Ghee 1L,0.39,600
18550,5153,Sugar 1kg,1.94,45
18551,5153,Jaggery (Bella/Gud) 1kg,0.49,70
18552,5154,Pure Ghee 1L,0.7,600
18553,5154,Sugar 1kg,2.32,45
18554,5154,Jaggery (Bella/Gud) 1kg,0.47,70
18555,5154,Iodized Salt 1kg,1.75,25
18556,5155,Pure Ghee 1L,0.52,600
18557,5155,Sugar 1kg,2.62,45
18558,5155,Jaggery (Bella/Gud) 1kg,0.5,70
18559,5155,Iodized Salt 1kg,1.29,25
18560,5156,Pure Ghee 1L,0.67,600
18561,5156,Sugar 1kg,2.05,45
18562,5156,Jaggery (Bella/Gud) 1kg,0.43,70
18563,5156,Iodized Salt 1kg,1.73,25
18564,5157,Pure Ghee 1L,0.84,600
18565,5157,Sugar 1kg,1.48,45
18566,5157,Jaggery (Bella/Gud) 1kg,0.85,70
18567,5157,Iodized Salt 1kg,1.37,25
18568,5158,Jaggery (Bella/Gud) 1kg,0.89,70
18569,5158,Iodized Salt 1kg,0.81,25
18570,5158,Rock Salt (Sendha Namak) 500g,0.34,40
18571,5159,Iodized Salt 1kg,1.03,25
18572,5159,Rock Salt (Sendha Namak) 500g,0.35,40
18573,5160,Rock Salt (Sendha Namak) 500g,0.21,40
18574,5161,Rock Salt (Sendha Namak) 500g,0.23,40
18575,5162,Rock Salt (Sendha Namak) 500g,0.37,40
18576,5163,Sona Masoori Rice 5kg,4.53,350
18577,5163,Basmati Rice 5kg,1.13,550
18578,5163,Wheat Flour (Atta) 5kg,6.21,250
18579,5163,Toor Dal 1kg,2.65,140
18580,5164,Sona Masoori Rice 5kg,4.32,350
18581,5164,Basmati Rice 5kg,2.56,550
18582,5164,Wheat Flour (Atta) 5kg,4.62,250
18583,5164,Toor Dal 1kg,2.59,140
18584,5165,Sona Masoori Rice 5kg,5.85,350
18585,5165,Basmati Rice 5kg,2.41,550
18586,5165,Toor Dal 1kg,3.16,140
18587,5165,Moong Dal 1kg,1.04,130
18588,5166,Basmati Rice 5kg,2.44,550
18589,5166,Moong Dal 1kg,1.66,114.88
18590,5166,Rajma (Kidney Beans) 1kg,0.58,160
18591,5166,Turmeric Powder 200g,5.1,60
18592,5167,Basmati Rice 5kg,1.98,550
18593,5167,Moong Dal 1kg,2.61,130
18594,5167,Rajma (Kidney Beans) 1kg,1.34,160
18595,5167,Garam Masala 100g,1.55,80
18596,5168,Basmati Rice 5kg,2.52,550
18597,5168,Moong Dal 1kg,1.87,130
18598,5168,Rajma (Kidney Beans) 1kg,0.47,160
18599,5168,Garam Masala 100g,0.95,80
18600,5169,Rajma (Kidney Beans) 1kg,0.62,160
18601,5169,Biryani Masala 100g,1.6,100
18602,5169,Almonds (Badam) 500g,0.85,498.32
18603,5169,Cashew Nuts (Kaju) 500g,0.64,550
18604,5170,Biryani Masala 100g,1.29,100
18605,5170,Almonds (Badam) 500g,0.66,450
18606,5170,Cashew Nuts (Kaju) 500g,0.79,550
18607,5170,Peanuts (Groundnut) 500g,0.68,90
18608,5171,Almonds (Badam) 500g,0.6,450
18609,5171,Cashew Nuts (Kaju) 500g,0.46,550
18610,5171,Peanuts (Groundnut) 500g,1.04,90
18611,5171,Sunflower Oil 1L,3.41,180
18612,5172,Cashew Nuts (Kaju) 500g,0.94,550
18613,5172,Peanuts (Groundnut) 500g,1.18,90
18614,5172,Sunflower Oil 1L,3.79,180
18615,5172,Groundnut Oil 1L,1.03,220
18616,5173,Peanuts (Groundnut) 500g,1.1,90
18617,5173,Sunflower Oil 1L,2.44,180
18618,5173,Groundnut Oil 1L,1.37,220
18619,5173,Mustard Oil 1L,2.39,200
18620,5174,Peanuts (Groundnut) 500g,0.57,90
18621,5174,Groundnut Oil 1L,2.0,220
18622,5174,Mustard Oil 1L,2.35,200
18623,5174,Pure Ghee 1L,0.37,600
18624,5175,Mustard Oil 1L,1.89,233.11
18625,5175,Pure Ghee 1L,0.87,600
18626,5175,Sugar 1kg,3.94,45
18627,5175,Jaggery (Bella/Gud) 1kg,0.46,70
18628,5176,Pure Ghee 1L,0.86,688.61
18629,5176,Sugar 1kg,2.06,45
18630,5176,Jaggery (Bella/Gud) 1kg,0.83,70
18631,5176,Iodized Salt 1kg,2.17,29.77
18632,5177,Pure Ghee 1L,0.54,600
18633,5177,Sugar 1kg,2.29,45
18634,5177,Jaggery (Bella/Gud) 1kg,0.82,56.61
18635,5177,Iodized Salt 1kg,1.62,28.18
18636,5178,Pure Ghee 1L,0.44,600
18637,5178,Sugar 1kg,2.17,45
18638,5178,Jaggery (Bella/Gud) 1kg,0.8,70
18639,5178,Iodized Salt 1kg,1.82,25
18640,5179,Jaggery (Bella/Gud) 1kg,0.33,70
18641,5179,Iodized Salt 1kg,1.8,25
18642,5180,Jaggery (Bella/Gud) 1kg,0.87,70
18643,5181,Sona Masoori Rice 5kg,2.11,350
18644,5181,Basmati Rice 5kg,1.68,550
18645,5181,Wheat Flour (Atta) 5kg,6.68,250
18646,5181,Toor Dal 1kg,2.06,140
18647,5182,Sona Masoori Rice 5kg,3.71,350
18648,5182,Basmati Rice 5kg,2.72,550
18649,5182,Wheat Flour (Atta) 5kg,5.58,250
18650,5182,Toor Dal 1kg,1.88,140
18651,5183,Sona Masoori Rice 5kg,3.28,296.32
18652,5183,Basmati Rice 5kg,4.15,550
18653,5183,Toor Dal 1kg,2.11,140
18654,5183,Moong Dal 1kg,2.15,130
18655,5184,Sona Masoori Rice 5kg,1.73,350
18656,5184,Basmati Rice 5kg,3.28,550
18657,5184,Toor Dal 1kg,0.89,140
18658,5184,Moong Dal 1kg,2.5,130
18659,5185,Sona Masoori Rice 5kg,2.78,350
18660,5185,Basmati Rice 5kg,1.96,550
18661,5185,Toor Dal 1kg,1.68,140
18662,5185,Moong Dal 1kg,2.09,130
18663,5186,Sona Masoori Rice 5kg,2.66,350
18664,5186,Rajma (Kidney Beans) 1kg,1.31,160
18665,5186,Turmeric Powder 200g,1.3,60
18666,5186,Garam Masala 100g,0.49,80
18667,5187,Rajma (Kidney Beans) 1kg,0.85,160
18668,5187,Turmeric Powder 200g,1.98,60
18669,5187,Garam Masala 100g,0.49,80
18670,5187,Biryani Masala 100g,4.96,100
18671,5188,Rajma (Kidney Beans) 1kg,0.95,160
18672,5188,Turmeric Powder 200g,2.04,60
18673,5188,Garam Masala 100g,1.08,80
18674,5188,Biryani Masala 100g,5.61,100
18675,5189,Garam Masala 100g,0.5,80
18676,5189,Almonds (Badam) 500g,1.21,450
18677,5189,Cashew Nuts (Kaju) 500g,0.93,550
18678,5189,Peanuts (Groundnut) 500g,0.59,90
18679,5190,Garam Masala 100g,0.43,80
18680,5190,Almonds (Badam) 500g,2.77,450
18681,5190,Cashew Nuts (Kaju) 500g,1.19,550
18682,5190,Peanuts (Groundnut) 500g,0.97,90
18683,5191,Garam Masala 100g,1.22,80
18684,5191,Almonds (Badam) 500g,1.15,450
18685,5191,Cashew Nuts (Kaju) 500g,0.72,550
18686,5191,Peanuts (Groundnut) 500g,0.9,90
18687,5192,Almonds (Badam) 500g,2.2,450
18688,5192,Peanuts (Groundnut) 500g,1.06,75.44
18689,5192,Sunflower Oil 1L,2.39,160.87
18690,5192,Groundnut Oil 1L,1.57,220
18691,5193,Peanuts (Groundnut) 500g,1.24,90
18692,5193,Sunflower Oil 1L,1.18,180
18693,5193,Groundnut Oil 1L,2.72,220
18694,5193,Mustard Oil 1L,0.79,200
18695,5194,Sunflower Oil 1L,2.0,180
18696,5194,Mustard Oil 1L,0.89,200
18697,5194,Pure Ghee 1L,10.37,600
18698,5194,Sugar 1kg,1.63,45
18699,5195,Sunflower Oil 1L,1.36,180
18700,5195,Mustard Oil 1L,1.11,170.99
18701,5195,Sugar 1kg,1.96,45
18702,5195,Jaggery (Bella/Gud) 1kg,1.07,70
18703,5196,Sunflower Oil 1L,1.87,180
18704,5196,Mustard Oil 1L,0.91,200
18705,5196,Sugar 1kg,1.67,45
18706,5196,Jaggery (Bella/Gud) 1kg,0.51,70
18707,5197,Sunflower Oil 1L,1.86,180
18708,5197,Mustard Oil 1L,1.06,200
18709,5197,Sugar 1kg,2.33,45
18710,5197,Jaggery (Bella/Gud) 1kg,0.94,70
18711,5198,Mustard Oil 1L,1.13,200
18712,5198,Sugar 1kg,1.44,45
18713,5198,Jaggery (Bella/Gud) 1kg,1.21,70
18714,5198,Iodized Salt 1kg,0.87,25
18715,5199,Iodized Salt 1kg,1.27,25
18716,5199,Rock Salt (Sendha Namak) 500g,0.22,40
18717,5200,Iodized Salt 1kg,1.34,25
18718,5200,Rock Salt (Sendha Namak) 500g,0.13,40
18719,5201,Iodized Salt 1kg,0.99,25
18720,5201,Rock Salt (Sendha Namak) 500g,0.15,40
18721,5202,Iodized Salt 1kg,1.56,25
18722,5202,Rock Salt (Sendha Namak) 500g,0.11,40
18723,5203,Iodized Salt 1kg,1.71,25
18724,5203,Rock Salt (Sendha Namak) 500g,0.2,40
18725,5204,Sona Masoori Rice 5kg,3.69,283.48
18726,5204,Basmati Rice 5kg,1.76,550
18727,5204,Wheat Flour (Atta) 5kg,1.46,250
18728,5204,Toor Dal 1kg,3.15,140
18729,5205,Sona Masoori Rice 5kg,3.79,350
18730,5205,Basmati Rice 5kg,2.06,550
18731,5205,Wheat Flour (Atta) 5kg,1.31,250
18732,5205,Toor Dal 1kg,1.99,155.44
18733,5206,Sona Masoori Rice 5kg,5.36,350
18734,5206,Basmati Rice 5kg,2.46,550
18735,5206,Wheat Flour (Atta) 5kg,2.06,250
18736,5206,Toor Dal 1kg,2.22,140
18737,5207,Sona Masoori Rice 5kg,2.31,350
18738,5207,Basmati Rice 5kg,3.34,550
18739,5207,Wheat Flour (Atta) 5kg,1.89,250
18740,5207,Moong Dal 1kg,3.3,130
18741,5208,Basmati Rice 5kg,2.81,550
18742,5208,Wheat Flour (Atta) 5kg,3.14,250
18743,5208,Moong Dal 1kg,3.8,130
18744,5208,Rajma (Kidney Beans) 1kg,0.58,160
18745,5209,Wheat Flour (Atta) 5kg,2.51,250
18746,5209,Rajma (Kidney Beans) 1kg,0.54,160
18747,5209,Turmeric Powder 200g,1.31,60
18748,5209,Garam Masala 100g,1.95,80
18749,5210,Rajma (Kidney Beans) 1kg,0.85,160
18750,5210,Turmeric Powder 200g,1.25,60
18751,5210,Biryani Masala 100g,3.89,100
18752,5210,Almonds (Badam) 500g,2.7,450
18753,5211,Rajma (Kidney Beans) 1kg,0.7,160
18754,5211,Turmeric Powder 200g,0.86,60
18755,5211,Biryani Masala 100g,7.31,100
18756,5211,Almonds (Badam) 500g,4.36,450
18757,5212,Rajma (Kidney Beans) 1kg,0.47,160
18758,5212,Turmeric Powder 200g,0.64,60
18759,5212,Cashew Nuts (Kaju) 500g,1.85,550
18760,5212,Peanuts (Groundnut) 500g,5.27,90
18761,5213,Turmeric Powder 200g,1.42,60
18762,5213,Cashew Nuts (Kaju) 500g,0.89,550
18763,5213,Sunflower Oil 1L,1.69,180
18764,5213,Groundnut Oil 1L,1.34,220
18765,5214,Sunflower Oil 1L,2.38,180
18766,5214,Groundnut Oil 1L,1.56,220
18767,5214,Mustard Oil 1L,6.33,200
18768,5214,Pure Ghee 1L,9.82,491.67
18769,5215,Sunflower Oil 1L,1.97,180
18770,5215,Groundnut Oil 1L,0.9,220
18771,5215,Sugar 1kg,2.22,38.3
18772,5215,Jaggery (Bella/Gud) 1kg,0.77,70
18773,5216,Sunflower Oil 1L,1.72,180
18774,5216,Groundnut Oil 1L,0.76,220
18775,5216,Sugar 1kg,3.1,45
18776,5216,Jaggery (Bella/Gud) 1kg,1.41,70
18777,5217,Sunflower Oil 1L,2.28,180
18778,5217,Sugar 1kg,2.7,45
18779,5217,Jaggery (Bella/Gud) 1kg,1.19,70
18780,5217,Iodized Salt 1kg,0.96,27.74
18781,5218,Sugar 1kg,2.42,45
18782,5218,Jaggery (Bella/Gud) 1kg,0.64,70
18783,5218,Iodized Salt 1kg,1.51,25
18784,5219,Iodized Salt 1kg,0.89,25
18785,5220,Iodized Salt 1kg,1.81,25
18786,5221,Iodized Salt 1kg,1.66,25
18787,5222,Iodized Salt 1kg,1.42,20.29
18788,5223,Sona Masoori Rice 5kg,8.26,350
18789,5223,Basmati Rice 5kg,4.5,550
18790,5223,Wheat Flour (Atta) 5kg,3.07,250
18791,5223,Toor Dal 1kg,1.75,140
18792,5224,Sona Masoori Rice 5kg,7.87,350
18793,5224,Basmati Rice 5kg,1.84,550
18794,5224,Wheat Flour (Atta) 5kg,3.44,250
18795,5224,Toor Dal 1kg,0.99,140
18796,5225,Basmati Rice 5kg,4.41,550
18797,5225,Wheat Flour (Atta) 5kg,1.56,250
18798,5225,Toor Dal 1kg,1.53,140
18799,5225,Moong Dal 1kg,3.92,130
18800,5226,Basmati Rice 5kg,1.87,550
18801,5226,Wheat Flour (Atta) 5kg,3.26,250
18802,5226,Toor Dal 1kg,1.64,140
18803,5226,Moong Dal 1kg,1.5,155.71
18804,5227,Toor Dal 1kg,1.26,140
18805,5227,Moong Dal 1kg,1.91,130
18806,5227,Rajma (Kidney Beans) 1kg,0.61,160
18807,5227,Turmeric Powder 200g,1.21,60
18808,5228,Toor Dal 1kg,0.78,140
18809,5228,Rajma (Kidney Beans) 1kg,0.56,160
18810,5228,Turmeric Powder 200g,1.24,60
18811,5228,Garam Masala 100g,1.23,80
18812,5229,Rajma (Kidney Beans) 1kg,0.67,160
18813,5229,Turmeric Powder 200g,1.39,60
18814,5229,Garam Masala 100g,1.34,80
18815,5229,Biryani Masala 100g,9.98,100
18816,5230,Rajma (Kidney Beans) 1kg,0.51,160
18817,5230,Turmeric Powder 200g,1.07,60
18818,5230,Almonds (Badam) 500g,2.96,450
18819,5230,Cashew Nuts (Kaju) 500g,1.13,550
18820,5231,Rajma (Kidney Beans) 1kg,0.47,160
18821,5231,Almonds (Badam) 500g,1.1,450
18822,5231,Cashew Nuts (Kaju) 500g,1.48,550
18823,5231,Peanuts (Groundnut) 500g,1.5,90
18824,5232,Almonds (Badam) 500g,2.42,450
18825,5232,Peanuts (Groundnut) 500g,1.26,90
18826,5232,Sunflower Oil 1L,1.3,180
18827,5232,Groundnut Oil 1L,1.08,220
18828,5233,Peanuts (Groundnut) 500g,1.91,90
18829,5233,Sunflower Oil 1L,2.46,180
18830,5233,Groundnut Oil 1L,0.8,220
18831,5233,Mustard Oil 1L,1.08,200
18832,5234,Sunflower Oil 1L,2.41,180
18833,5234,Groundnut Oil 1L,0.68,220
18834,5234,Mustard Oil 1L,2.39,200
18835,5234,Pure Ghee 1L,2.09,600
18836,5235,Sunflower Oil 1L,2.56,180
18837,5235,Groundnut Oil 1L,1.24,220
18838,5235,Mustard Oil 1L,1.16,200
18839,5235,Pure Ghee 1L,1.68,600
18840,5236,Sunflower Oil 1L,2.23,180
18841,5236,Groundnut Oil 1L,0.63,220
18842,5236,Mustard Oil 1L,1.85,200
18843,5236,Pure Ghee 1L,1.45,600
18844,5237,Groundnut Oil 1L,0.59,220
18845,5237,Pure Ghee 1L,2.32,600
18846,5237,Sugar 1kg,2.01,45
18847,5237,Jaggery (Bella/Gud) 1kg,0.97,70
18848,5238,Pure Ghee 1L,1.68,600
18849,5238,Sugar 1kg,2.23,45
18850,5238,Jaggery (Bella/Gud) 1kg,0.97,70
18851,5238,Iodized Salt 1kg,3.65,25
18852,5239,Pure Ghee 1L,1.76,600
18853,5239,Sugar 1kg,2.3,45
18854,5239,Jaggery (Bella/Gud) 1kg,0.42,70
18855,5239,Iodized Salt 1kg,1.7,25
18856,5240,Sugar 1kg,1.09,45
18857,5240,Jaggery (Bella/Gud) 1kg,0.81,70
18858,5240,Iodized Salt 1kg,2.7,25
18859,5240,Rock Salt (Sendha Namak) 500g,0.28,40
18860,5241,Sugar 1kg,1.75,45
18861,5241,Jaggery (Bella/Gud) 1kg,0.69,70
18862,5241,Rock Salt (Sendha Namak) 500g,0.33,40
18863,5242,Rock Salt (Sendha Namak) 500g,0.71,40
18864,5243,Rock Salt (Sendha Namak) 500g,0.7,40
18865,5244,Rock Salt (Sendha Namak) 500g,0.61,40
18866,5245,Sona Masoori Rice 5kg,2.85,350
18867,5245,Basmati Rice 5kg,3.22,550
18868,5245,Wheat Flour (Atta) 5kg,1.9,250
18869,5245,Toor Dal 1kg,4.19,140
18870,5246,Sona Masoori Rice 5kg,2.34,350
18871,5246,Basmati Rice 5kg,2.94,550
18872,5246,Wheat Flour (Atta) 5kg,2.3,250
18873,5246,Toor Dal 1kg,4.6,140
18874,5247,Sona Masoori Rice 5kg,2.94,350
18875,5247,Basmati Rice 5kg,3.2,550
18876,5247,Wheat Flour (Atta) 5kg,1.25,223.25
18877,5247,Moong Dal 1kg,7.4,130
18878,5248,Sona Masoori Rice 5kg,2.57,350
18879,5248,Basmati Rice 5kg,1.58,550
18880,5248,Wheat Flour (Atta) 5kg,1.29,250
18881,5248,Rajma (Kidney Beans) 1kg,3.04,160
18882,5249,Sona Masoori Rice 5kg,1.68,350
18883,5249,Basmati Rice 5kg,2.03,550
18884,5249,Wheat Flour (Atta) 5kg,2.21,250
18885,5249,Turmeric Powder 200g,1.76,60
18886,5250,Sona Masoori Rice 5kg,1.71,350
18887,5250,Wheat Flour (Atta) 5kg,2.14,250
18888,5250,Turmeric Powder 200g,3.41,60
18889,5250,Garam Masala 100g,0.4,80
18890,5251,Garam Masala 100g,0.79,80
18891,5251,Biryani Masala 100g,5.44,100
18892,5251,Almonds (Badam) 500g,1.88,450
18893,5251,Cashew Nuts (Kaju) 500g,0.67,550
18894,5252,Garam Masala 100g,0.69,80
18895,5252,Biryani Masala 100g,5.41,100
18896,5252,Almonds (Badam) 500g,2.96,450
18897,5252,Cashew Nuts (Kaju) 500g,0.56,550
18898,5253,Garam Masala 100g,0.51,80
18899,5253,Almonds (Badam) 500g,2.22,450
18900,5253,Cashew Nuts (Kaju) 500g,0.6,550
18901,5253,Peanuts (Groundnut) 500g,2.46,90
18902,5254,Garam Masala 100g,0.46,80
18903,5254,Cashew Nuts (Kaju) 500g,0.72,550
18904,5254,Peanuts (Groundnut) 500g,2.85,90
18905,5254,Sunflower Oil 1L,4.86,180
18906,5255,Sunflower Oil 1L,6.09,180
18907,5255,Groundnut Oil 1L,3.76,220
18908,5255,Mustard Oil 1L,0.87,200
18909,5255,Pure Ghee 1L,1.8,600
18910,5256,Groundnut Oil 1L,1.26,220
18911,5256,Mustard Oil 1L,0.98,200
18912,5256,Pure Ghee 1L,2.37,600
18913,5256,Sugar 1kg,3.44,45
18914,5257,Mustard Oil 1L,0.98,200
18915,5257,Pure Ghee 1L,1.11,600
18916,5257,Sugar 1kg,2.58,45
18917,5257,Jaggery (Bella/Gud) 1kg,1.03,70
18918,5258,Mustard Oil 1L,1.25,200
18919,5258,Pure Ghee 1L,2.64,529.48
18920,5258,Sugar 1kg,2.76,45
18921,5258,Jaggery (Bella/Gud) 1kg,0.55,70
18922,5259,Mustard Oil 1L,1.23,200
18923,5259,Pure Ghee 1L,2.3,600
18924,5259,Sugar 1kg,1.32,45
18925,5259,Jaggery (Bella/Gud) 1kg,1.01,70
18926,5260,Mustard Oil 1L,1.16,200
18927,5260,Pure Ghee 1L,1.06,600
18928,5260,Jaggery (Bella/Gud) 1kg,1.31,70
18929,5260,Iodized Salt 1kg,1.36,25
18930,5261,Iodized Salt 1kg,2.93,25
18931,5261,Rock Salt (Sendha Namak) 500g,0.45,40
18932,5262,Iodized Salt 1kg,3.53,25
18933,5262,Rock Salt (Sendha Namak) 500g,0.57,35.61
18934,5263,Rock Salt (Sendha Namak) 500g,0.73,40
18935,5264,Rock Salt (Sendha Namak) 500g,0.87,40
18936,5265,Sona Masoori Rice 5kg,5.89,350
18937,5265,Basmati Rice 5kg,3.56,550
18938,5265,Wheat Flour (Atta) 5kg,8.96,250
18939,5265,Toor Dal 1kg,0.83,140
18940,5266,Sona Masoori Rice 5kg,7.95,350
18941,5266,Basmati Rice 5kg,1.77,550
18942,5266,Wheat Flour (Atta) 5kg,4.07,250
18943,5266,Toor Dal 1kg,1.48,140
18944,5267,Basmati Rice 5kg,3.15,550
18945,5267,Toor Dal 1kg,1.42,140
18946,5267,Moong Dal 1kg,2.36,130
18947,5267,Rajma (Kidney Beans) 1kg,0.75,160
18948,5268,Basmati Rice 5kg,2.46,550
18949,5268,Toor Dal 1kg,2.23,140
18950,5268,Moong Dal 1kg,1.62,130
18951,5268,Rajma (Kidney Beans) 1kg,0.44,160
18952,5269,Basmati Rice 5kg,2.43,550
18953,5269,Toor Dal 1kg,2.15,140
18954,5269,Moong Dal 1kg,1.86,130
18955,5269,Rajma (Kidney Beans) 1kg,0.4,160
18956,5270,Moong Dal 1kg,1.27,130
18957,5270,Rajma (Kidney Beans) 1kg,0.44,160
18958,5270,Turmeric Powder 200g,1.33,60
18959,5270,Garam Masala 100g,0.97,80
18960,5271,Rajma (Kidney Beans) 1kg,0.31,160
18961,5271,Turmeric Powder 200g,0.98,60
18962,5271,Garam Masala 100g,1.93,80
18963,5271,Biryani Masala 100g,9.98,100
18964,5272,Rajma (Kidney Beans) 1kg,0.49,160
18965,5272,Turmeric Powder 200g,0.65,60
18966,5272,Almonds (Badam) 500g,1.87,450
18967,5272,Cashew Nuts (Kaju) 500g,0.86,550
18968,5273,Turmeric Powder 200g,1.24,60
18969,5273,Almonds (Badam) 500g,2.52,450
18970,5273,Cashew Nuts (Kaju) 500g,0.74,550
18971,5273,Peanuts (Groundnut) 500g,2.02,90
18972,5274,Turmeric Powder 200g,0.65,60
18973,5274,Almonds (Badam) 500g,2.07,450
18974,5274,Cashew Nuts (Kaju) 500g,0.77,550
18975,5274,Peanuts (Groundnut) 500g,1.94,90
18976,5275,Turmeric Powder 200g,0.57,60
18977,5275,Cashew Nuts (Kaju) 500g,0.64,550
18978,5275,Peanuts (Groundnut) 500g,1.2,90
18979,5275,Sunflower Oil 1L,1.48,180
18980,5276,Sunflower Oil 1L,2.39,180
18981,5276,Groundnut Oil 1L,0.43,220
18982,5276,Mustard Oil 1L,3.31,200
18983,5276,Pure Ghee 1L,2.02,600
18984,5277,Sunflower Oil 1L,2.86,180
18985,5277,Groundnut Oil 1L,0.99,220
18986,5277,Mustard Oil 1L,3.22,200
18987,5277,Pure Ghee 1L,1.42,600
18988,5278,Sunflower Oil 1L,2.74,180
18989,5278,Groundnut Oil 1L,0.98,220
18990,5278,Pure Ghee 1L,3.74,600
18991,5278,Sugar 1kg,2.18,45
18992,5279,Groundnut Oil 1L,1.06,220
18993,5279,Pure Ghee 1L,3.61,600
18994,5279,Sugar 1kg,2.16,45
18995,5279,Jaggery (Bella/Gud) 1kg,0.96,70
18996,5280,Groundnut Oil 1L,0.38,220
18997,5280,Sugar 1kg,2.85,45
18998,5280,Jaggery (Bella/Gud) 1kg,0.83,70
18999,5280,Iodized Salt 1kg,2.63,25
19000,5281,Groundnut Oil 1L,0.75,220
19001,5281,Sugar 1kg,3.29,45
19002,5281,Jaggery (Bella/Gud) 1kg,1.09,70
19003,5281,Iodized Salt 1kg,4.34,25
19004,5282,Jaggery (Bella/Gud) 1kg,1.11,70
19005,5282,Rock Salt (Sendha Namak) 500g,0.36,40
19006,5283,Rock Salt (Sendha Namak) 500g,0.42,40
19007,5284,Rock Salt (Sendha Namak) 500g,0.37,40
19008,5285,Rock Salt (Sendha Namak) 500g,0.42,40
19009,5286,Rock Salt (Sendha Namak) 500g,0.35,40
19010,5287,Rock Salt (Sendha Namak) 500g,0.27,45.93
19011,5288,Sona Masoori Rice 5kg,3.38,350
19012,5288,Basmati Rice 5kg,4.86,550
19013,5288,Wheat Flour (Atta) 5kg,2.22,250
19014,5288,Toor Dal 1kg,7.82,140
19015,5289,Sona Masoori Rice 5kg,2.4,350
19016,5289,Basmati Rice 5kg,3.75,550
19017,5289,Wheat Flour (Atta) 5kg,3.75,250
19018,5289,Moong Dal 1kg,6.78,130
19019,5290,Sona Masoori Rice 5kg,2.34,350
19020,5290,Basmati Rice 5kg,4.14,550
19021,5290,Wheat Flour (Atta) 5kg,6.38,250
19022,5290,Rajma (Kidney Beans) 1kg,0.95,160
19023,5291,Sona Masoori Rice 5kg,1.66,350
19024,5291,Rajma (Kidney Beans) 1kg,0.41,160
19025,5291,Turmeric Powder 200g,0.9,60
19026,5291,Garam Masala 100g,1.51,80
19027,5292,Sona Masoori Rice 5kg,4.41,350
19028,5292,Rajma (Kidney Beans) 1kg,0.42,160
19029,5292,Turmeric Powder 200g,1.52,60
19030,5292,Garam Masala 100g,1.9,80
19031,5293,Sona Masoori Rice 5kg,1.74,350
19032,5293,Rajma (Kidney Beans) 1kg,0.44,160
19033,5293,Turmeric Powder 200g,0.83,60
19034,5293,Garam Masala 100g,0.69,80
19035,5294,Rajma (Kidney Beans) 1kg,0.47,160
19036,5294,Turmeric Powder 200g,1.32,60
19037,5294,Biryani Masala 100g,3.82,100
19038,5294,Almonds (Badam) 500g,1.23,450
19039,5295,Rajma (Kidney Beans) 1kg,0.43,160
19040,5295,Biryani Masala 100g,2.96,100
19041,5295,Almonds (Badam) 500g,1.74,377.6
19042,5295,Cashew Nuts (Kaju) 500g,2.58,550
19043,5296,Biryani Masala 100g,3.76,100
19044,5296,Almonds (Badam) 500g,1.75,450
19045,5296,Peanuts (Groundnut) 500g,2.37,90
19046,5296,Sunflower Oil 1L,4.65,180
19047,5297,Almonds (Badam) 500g,1.83,450
19048,5297,Peanuts (Groundnut) 500g,2.22,90
19049,5297,Sunflower Oil 1L,6.34,180
19050,5297,Groundnut Oil 1L,2.55,220
19051,5298,Groundnut Oil 1L,2.44,220
19052,5298,Mustard Oil 1L,1.01,200
19053,5298,Pure Ghee 1L,3.81,600
19054,5298,Sugar 1kg,2.96,45
19055,5299,Mustard Oil 1L,1.05,200
19056,5299,Pure Ghee 1L,7.35,600
19057,5299,Sugar 1kg,1.42,37.39
19058,5299,Jaggery (Bella/Gud) 1kg,0.54,70
19059,5300,Mustard Oil 1L,1.4,200
19060,5300,Sugar 1kg,1.91,45
19061,5300,Jaggery (Bella/Gud) 1kg,0.95,70
19062,5300,Iodized Salt 1kg,7.69,21.51
19063,5301,Mustard Oil 1L,1.1,200
19064,5301,Sugar 1kg,2.82,45
19065,5301,Jaggery (Bella/Gud) 1kg,0.9,70
19066,5302,Mustard Oil 1L,0.55,200
19067,5302,Jaggery (Bella/Gud) 1kg,0.93,81.37
19068,5303,Mustard Oil 1L,1.45,200
19069,5303,Jaggery (Bella/Gud) 1kg,0.78,70
19070,5304,Sona Masoori Rice 5kg,5.28,350
19071,5304,Basmati Rice 5kg,4.84,550
19072,5304,Wheat Flour (Atta) 5kg,10.92,250
19073,5304,Toor Dal 1kg,1.03,140
19074,5305,Sona Masoori Rice 5kg,2.58,350
19075,5305,Basmati Rice 5kg,8.22,550
19076,5305,Toor Dal 1kg,1.56,140
19077,5305,Moong Dal 1kg,2.2,130
19078,5306,Sona Masoori Rice 5kg,2.26,350
19079,5306,Toor Dal 1kg,1.55,140
19080,5306,Moong Dal 1kg,2.92,130
19081,5306,Rajma (Kidney Beans) 1kg,1.44,160
19082,5307,Sona Masoori Rice 5kg,3.81,350
19083,5307,Toor Dal 1kg,1.01,140
19084,5307,Moong Dal 1kg,2.26,130
19085,5307,Rajma (Kidney Beans) 1kg,0.62,160
19086,5308,Toor Dal 1kg,0.96,140
19087,5308,Rajma (Kidney Beans) 1kg,0.66,160
19088,5308,Turmeric Powder 200g,1.24,60
19089,5308,Garam Masala 100g,1.4,80
19090,5309,Toor Dal 1kg,1.37,140
19091,5309,Turmeric Powder 200g,0.77,60
19092,5309,Garam Masala 100g,0.92,80
19093,5309,Biryani Masala 100g,10.06,100
19094,5310,Turmeric Powder 200g,0.75,60
19095,5310,Garam Masala 100g,1.5,80
19096,5310,Almonds (Badam) 500g,1.47,450
19097,5310,Cashew Nuts (Kaju) 500g,0.43,550
19098,5311,Turmeric Powder 200g,1.08,60
19099,5311,Garam Masala 100g,0.84,80
19100,5311,Almonds (Badam) 500g,1.63,450
19101,5311,Cashew Nuts (Kaju) 500g,0.56,641.9
19102,5312,Turmeric Powder 200g,0.93,60
19103,5312,Almonds (Badam) 500g,1.13,450
19104,5312,Cashew Nuts (Kaju) 500g,0.28,654.2
19105,5312,Peanuts (Groundnut) 500g,1.17,90
19106,5313,Almonds (Badam) 500g,1.77,450
19107,5313,Cashew Nuts (Kaju) 500g,0.35,457.35
19108,5313,Peanuts (Groundnut) 500g,2.08,90
19109,5313,Sunflower Oil 1L,1.89,180
19110,5314,Almonds (Badam) 500g,1.62,450
19111,5314,Cashew Nuts (Kaju) 500g,0.32,550
19112,5314,Peanuts (Groundnut) 500g,1.59,90
19113,5314,Sunflower Oil 1L,1.59,180
19114,5315,Cashew Nuts (Kaju) 500g,0.61,550
19115,5315,Sunflower Oil 1L,1.82,180
19116,5315,Groundnut Oil 1L,1.12,220
19117,5315,Mustard Oil 1L,1.14,200
19118,5316,Sunflower Oil 1L,1.39,180
19119,5316,Groundnut Oil 1L,1.35,220
19120,5316,Mustard Oil 1L,1.26,200
19121,5316,Pure Ghee 1L,1.38,600
19122,5317,Sunflower Oil 1L,1.83,180
19123,5317,Groundnut Oil 1L,1.06,220
19124,5317,Mustard Oil 1L,1.32,200
19125,5317,Pure Ghee 1L,0.96,600
19126,5318,Sunflower Oil 1L,1.82,180
19127,5318,Groundnut Oil 1L,1.44,220
19128,5318,Mustard Oil 1L,1.86,200
19129,5318,Pure Ghee 1L,1.56,600
19130,5319,Pure Ghee 1L,2.48,600
19131,5319,Sugar 1kg,2.91,45
19132,5319,Jaggery (Bella/Gud) 1kg,3.76,70
19133,5319,Iodized Salt 1kg,2.22,25
19134,5320,Pure Ghee 1L,1.47,600
19135,5320,Sugar 1kg,3.93,45
19136,5320,Iodized Salt 1kg,2.94,25
19137,5321,Pure Ghee 1L,1.75,600
19138,5321,Sugar 1kg,3.34,45
19139,5321,Iodized Salt 1kg,2.08,25
19140,5322,Sona Masoori Rice 5kg,13.53,350
19141,5322,Basmati Rice 5kg,1.42,550
19142,5322,Wheat Flour (Atta) 5kg,2.81,250
19143,5322,Toor Dal 1kg,2.35,112.78
19144,5323,Basmati Rice 5kg,2.92,550
19145,5323,Wheat Flour (Atta) 5kg,2.81,250
19146,5323,Toor Dal 1kg,2.08,140
19147,5323,Moong Dal 1kg,2.6,130
19148,5324,Basmati Rice 5kg,2.93,550
19149,5324,Wheat Flour (Atta) 5kg,1.58,250
19150,5324,Toor Dal 1kg,1.46,140
19151,5324,Moong Dal 1kg,2.24,130
19152,5325,Basmati Rice 5kg,3.03,550
19153,5325,Wheat Flour (Atta) 5kg,2.63,250
19154,5325,Toor Dal 1kg,2.2,140
19155,5325,Moong Dal 1kg,2.52,130
19156,5326,Basmati Rice 5kg,2.05,550
19157,5326,Wheat Flour (Atta) 5kg,1.32,250
19158,5326,Rajma (Kidney Beans) 1kg,0.46,160
19159,5326,Turmeric Powder 200g,5.38,60
19160,5327,Wheat Flour (Atta) 5kg,1.57,250
19161,5327,Rajma (Kidney Beans) 1kg,0.49,160
19162,5327,Garam Masala 100g,2.16,80
19163,5327,Biryani Masala 100g,5.95,100
19164,5328,Rajma (Kidney Beans) 1kg,0.62,160
19165,5328,Biryani Masala 100g,4.39,100
19166,5328,Almonds (Badam) 500g,1.83,450
19167,5328,Cashew Nuts (Kaju) 500g,0.72,550
19168,5329,Rajma (Kidney Beans) 1kg,0.59,160
19169,5329,Almonds (Badam) 500g,1.12,450
19170,5329,Cashew Nuts (Kaju) 500g,0.65,550
19171,5329,Peanuts (Groundnut) 500g,1.0,90
19172,5330,Rajma (Kidney Beans) 1kg,0.71,160
19173,5330,Almonds (Badam) 500g,1.01,450
19174,5330,Cashew Nuts (Kaju) 500g,0.34,550
19175,5330,Peanuts (Groundnut) 500g,1.24,90
19176,5331,Almonds (Badam) 500g,1.24,450
19177,5331,Cashew Nuts (Kaju) 500g,0.4,550
19178,5331,Peanuts (Groundnut) 500g,1.04,90
19179,5331,Sunflower Oil 1L,2.94,180
19180,5332,Almonds (Badam) 500g,0.73,450
19181,5332,Cashew Nuts (Kaju) 500g,0.8,550
19182,5332,Peanuts (Groundnut) 500g,0.99,90
19183,5332,Sunflower Oil 1L,3.3,180
19184,5333,Almonds (Badam) 500g,1.32,450
19185,5333,Peanuts (Groundnut) 500g,0.72,90
19186,5333,Sunflower Oil 1L,2.38,180
19187,5333,Groundnut Oil 1L,0.49,220
19188,5334,Sunflower Oil 1L,2.36,180
19189,5334,Groundnut Oil 1L,0.5,220
19190,5334,Mustard Oil 1L,1.64,200
19191,5334,Pure Ghee 1L,9.7,600
19192,5335,Groundnut Oil 1L,0.72,220
19193,5335,Mustard Oil 1L,4.04,200
19194,5335,Sugar 1kg,10.13,45
19195,5335,Jaggery (Bella/Gud) 1kg,1.11,70
19196,5336,Groundnut Oil 1L,0.99,220
19197,5336,Jaggery (Bella/Gud) 1kg,1.01,70
19198,5336,Iodized Salt 1kg,2.31,25
19199,5336,Rock Salt (Sendha Namak) 500g,2.84,40
19200,5337,Groundnut Oil 1L,0.66,220
19201,5337,Jaggery (Bella/Gud) 1kg,1.05,70
19202,5337,Iodized Salt 1kg,1.06,25
19203,5338,Groundnut Oil 1L,0.96,220
19204,5338,Jaggery (Bella/Gud) 1kg,0.68,70
19205,5338,Iodized Salt 1kg,2.06,25
19206,5339,Iodized Salt 1kg,2.0,25
19207,5340,Sona Masoori Rice 5kg,3.08,350
19208,5340,Basmati Rice 5kg,4.71,550
19209,5340,Wheat Flour (Atta) 5kg,5.56,250
19210,5340,Toor Dal 1kg,2.26,140
19211,5341,Sona Masoori Rice 5kg,2.45,350
19212,5341,Basmati Rice 5kg,3.03,550
19213,5341,Wheat Flour (Atta) 5kg,6.04,250
19214,5341,Toor Dal 1kg,5.92,140
19215,5342,Sona Masoori Rice 5kg,2.11,350
19216,5342,Basmati Rice 5kg,3.56,550
19217,5342,Moong Dal 1kg,3.22,130
19218,5342,Rajma (Kidney Beans) 1kg,0.75,160
19219,5343,Sona Masoori Rice 5kg,2.09,350
19220,5343,Basmati Rice 5kg,1.73,550
19221,5343,Moong Dal 1kg,4.39,130
19222,5343,Rajma (Kidney Beans) 1kg,0.89,160
19223,5344,Sona Masoori Rice 5kg,3.02,350
19224,5344,Rajma (Kidney Beans) 1kg,0.45,160
19225,5344,Turmeric Powder 200g,5.05,60
19226,5344,Garam Masala 100g,1.46,80
19227,5345,Sona Masoori Rice 5kg,1.67,350
19228,5345,Rajma (Kidney Beans) 1kg,0.52,160
19229,5345,Garam Masala 100g,0.67,80
19230,5345,Biryani Masala 100g,10.89,100
19231,5346,Rajma (Kidney Beans) 1kg,0.4,160
19232,5346,Garam Masala 100g,1.32,80
19233,5346,Almonds (Badam) 500g,1.44,450
19234,5346,Cashew Nuts (Kaju) 500g,0.86,550
19235,5347,Garam Masala 100g,0.54,80
19236,5347,Almonds (Badam) 500g,1.58,450
19237,5347,Cashew Nuts (Kaju) 500g,1.68,550
19238,5347,Peanuts (Groundnut) 500g,0.79,90
19239,5348,Garam Masala 100g,0.74,80
19240,5348,Almonds (Badam) 500g,1.49,450
19241,5348,Peanuts (Groundnut) 500g,0.63,90
19242,5348,Sunflower Oil 1L,3.29,180
19243,5349,Almonds (Badam) 500g,1.37,450
19244,5349,Peanuts (Groundnut) 500g,0.86,90
19245,5349,Sunflower Oil 1L,2.33,180
19246,5349,Groundnut Oil 1L,2.61,220
19247,5350,Almonds (Badam) 500g,0.96,450
19248,5350,Peanuts (Groundnut) 500g,0.56,90
19249,5350,Sunflower Oil 1L,5.0,180
19250,5350,Groundnut Oil 1L,1.91,220
19251,5351,Almonds (Badam) 500g,0.78,450
19252,5351,Peanuts (Groundnut) 500g,1.08,90
19253,5351,Mustard Oil 1L,1.9,200
19254,5351,Pure Ghee 1L,1.88,600
19255,5352,Peanuts (Groundnut) 500g,0.64,90
19256,5352,Mustard Oil 1L,1.45,200
19257,5352,Pure Ghee 1L,2.73,600
19258,5352,Sugar 1kg,1.92,45
19259,5353,Mustard Oil 1L,1.72,200
19260,5353,Pure Ghee 1L,4.28,600
19261,5353,Sugar 1kg,1.58,45
19262,5353,Jaggery (Bella/Gud) 1kg,0.61,70
19263,5354,Mustard Oil 1L,0.77,200
19264,5354,Pure Ghee 1L,1.71,600
19265,5354,Sugar 1kg,1.87,45
19266,5354,Jaggery (Bella/Gud) 1kg,0.37,70
19267,5355,Sugar 1kg,2.27,45
19268,5355,Jaggery (Bella/Gud) 1kg,0.69,70
19269,5355,Iodized Salt 1kg,1.8,25
19270,5355,Rock Salt (Sendha Namak) 500g,0.33,40
19271,5356,Sugar 1kg,2.32,45
19272,5356,Jaggery (Bella/Gud) 1kg,0.81,70
19273,5356,Iodized Salt 1kg,1.4,25
19274,5356,Rock Salt (Sendha Namak) 500g,0.34,40
19275,5357,Jaggery (Bella/Gud) 1kg,0.4,70
19276,5357,Iodized Salt 1kg,1.75,25
19277,5357,Rock Salt (Sendha Namak) 500g,0.19,40
19278,5358,Jaggery (Bella/Gud) 1kg,0.83,70
19279,5358,Iodized Salt 1kg,1.54,25
19280,5358,Rock Salt (Sendha Namak) 500g,0.52,40
19281,5359,Iodized Salt 1kg,1.51,25
19282,5360,Sona Masoori Rice 5kg,9.94,350
19283,5360,Basmati Rice 5kg,4.38,550
19284,5360,Wheat Flour (Atta) 5kg,5.36,250
19285,5360,Toor Dal 1kg,8.29,140
19286,5361,Sona Masoori Rice 5kg,4.96,350
19287,5361,Basmati Rice 5kg,2.87,550
19288,5361,Wheat Flour (Atta) 5kg,5.65,250
19289,5361,Moong Dal 1kg,0.85,130
19290,5362,Basmati Rice 5kg,1.72,550
19291,5362,Moong Dal 1kg,1.14,130
19292,5362,Rajma (Kidney Beans) 1kg,0.4,160
19293,5362,Turmeric Powder 200g,1.54,60
19294,5363,Basmati Rice 5kg,2.18,550
19295,5363,Moong Dal 1kg,1.23,130
19296,5363,Rajma (Kidney Beans) 1kg,0.91,160
19297,5363,Turmeric Powder 200g,3.05,60
19298,5364,Basmati Rice 5kg,2.76,550
19299,5364,Moong Dal 1kg,1.34,130
19300,5364,Rajma (Kidney Beans) 1kg,0.86,160
19301,5364,Biryani Masala 100g,5.03,100
19302,5365,Moong Dal 1kg,1.36,130
19303,5365,Rajma (Kidney Beans) 1kg,0.67,160
19304,5365,Biryani Masala 100g,2.96,100
19305,5365,Almonds (Badam) 500g,1.71,450
19306,5366,Moong Dal 1kg,0.59,150.11
19307,5366,Biryani Masala 100g,1.88,100
19308,5366,Almonds (Badam) 500g,1.96,450
19309,5366,Cashew Nuts (Kaju) 500g,0.88,550
19310,5367,Almonds (Badam) 500g,1.68,450
19311,5367,Cashew Nuts (Kaju) 500g,0.32,550
19312,5367,Peanuts (Groundnut) 500g,2.54,90
19313,5367,Sunflower Oil 1L,2.09,180
19314,5368,Almonds (Badam) 500g,1.39,450
19315,5368,Cashew Nuts (Kaju) 500g,0.76,550
19316,5368,Peanuts (Groundnut) 500g,1.81,90
19317,5368,Sunflower Oil 1L,2.02,180
19318,5369,Cashew Nuts (Kaju) 500g,0.58,550
19319,5369,Peanuts (Groundnut) 500g,1.08,90
19320,5369,Sunflower Oil 1L,3.41,180
19321,5369,Groundnut Oil 1L,4.31,220
19322,5370,Sunflower Oil 1L,3.05,180
19323,5370,Mustard Oil 1L,6.23,200
19324,5370,Pure Ghee 1L,1.59,600
19325,5370,Sugar 1kg,9.55,45
19326,5371,Pure Ghee 1L,2.59,600
19327,5371,Jaggery (Bella/Gud) 1kg,0.9,70
19328,5371,Iodized Salt 1kg,1.59,25
19329,5371,Rock Salt (Sendha Namak) 500g,0.21,40
19330,5372,Pure Ghee 1L,1.55,600
19331,5372,Jaggery (Bella/Gud) 1kg,0.95,70
19332,5372,Iodized Salt 1kg,2.26,25
19333,5372,Rock Salt (Sendha Namak) 500g,0.37,40
19334,5373,Pure Ghee 1L,1.87,600
19335,5373,Jaggery (Bella/Gud) 1kg,0.85,70
19336,5373,Iodized Salt 1kg,3.03,28.06
19337,5373,Rock Salt (Sendha Namak) 500g,0.38,40
19338,5374,Pure Ghee 1L,2.14,600
19339,5374,Jaggery (Bella/Gud) 1kg,1.1,70
19340,5375,Sona Masoori Rice 5kg,3.08,350
19341,5375,Basmati Rice 5kg,12.62,550
19342,5375,Wheat Flour (Atta) 5kg,12.26,250
19343,5375,Toor Dal 1kg,1.24,140
19344,5376,Sona Masoori Rice 5kg,3.66,350
19345,5376,Toor Dal 1kg,1.32,140
19346,5376,Moong Dal 1kg,6.51,130
19347,5376,Rajma (Kidney Beans) 1kg,0.64,160
19348,5377,Sona Masoori Rice 5kg,3.34,392.35
19349,5377,Toor Dal 1kg,1.08,140
19350,5377,Rajma (Kidney Beans) 1kg,0.7,160
19351,5377,Turmeric Powder 200g,0.77,60
19352,5378,Sona Masoori Rice 5kg,2.67,350
19353,5378,Toor Dal 1kg,0.97,140
19354,5378,Rajma (Kidney Beans) 1kg,0.42,160
19355,5378,Turmeric Powder 200g,0.66,60
19356,5379,Sona Masoori Rice 5kg,2.21,350
19357,5379,Toor Dal 1kg,1.11,140
19358,5379,Rajma (Kidney Beans) 1kg,0.62,160
19359,5379,Turmeric Powder 200g,0.9,60
19360,5380,Toor Dal 1kg,1.79,140
19361,5380,Rajma (Kidney Beans) 1kg,0.36,160
19362,5380,Turmeric Powder 200g,0.93,60
19363,5380,Biryani Masala 100g,1.02,100
19364,5381,Turmeric Powder 200g,0.84,52.73
19365,5381,Biryani Masala 100g,2.21,100
19366,5381,Almonds (Badam) 500g,1.05,450
19367,5381,Cashew Nuts (Kaju) 500g,0.87,550
19368,5382,Turmeric Powder 200g,0.72,60
19369,5382,Biryani Masala 100g,2.69,100
19370,5382,Almonds (Badam) 500g,1.02,450
19371,5382,Cashew Nuts (Kaju) 500g,1.25,550
19372,5383,Biryani Masala 100g,1.01,100
19373,5383,Almonds (Badam) 500g,1.73,450
19374,5383,Cashew Nuts (Kaju) 500g,0.72,550
19375,5383,Peanuts (Groundnut) 500g,0.54,90
19376,5384,Biryani Masala 100g,2.27,100
19377,5384,Almonds (Badam) 500g,1.36,450
19378,5384,Peanuts (Groundnut) 500g,0.5,90
19379,5384,Sunflower Oil 1L,2.15,180
19380,5385,Biryani Masala 100g,2.22,100
19381,5385,Almonds (Badam) 500g,0.75,450
19382,5385,Peanuts (Groundnut) 500g,1.19,90
19383,5385,Sunflower Oil 1L,1.43,180
19384,5386,Almonds (Badam) 500g,1.08,450
19385,5386,Peanuts (Groundnut) 500g,0.66,90
19386,5386,Sunflower Oil 1L,1.5,180
19387,5386,Groundnut Oil 1L,1.36,220
19388,5387,Peanuts (Groundnut) 500g,1.39,90
19389,5387,Sunflower Oil 1L,2.14,180
19390,5387,Groundnut Oil 1L,1.77,220
19391,5387,Mustard Oil 1L,1.39,200
19392,5388,Peanuts (Groundnut) 500g,1.0,90
19393,5388,Sunflower Oil 1L,2.57,180
19394,5388,Groundnut Oil 1L,1.5,220
19395,5388,Mustard Oil 1L,3.61,200
19396,5389,Mustard Oil 1L,1.68,200
19397,5389,Pure Ghee 1L,2.02,600
19398,5389,Sugar 1kg,1.34,45
19399,5389,Jaggery (Bella/Gud) 1kg,3.64,70
19400,5390,Pure Ghee 1L,1.24,600
19401,5390,Sugar 1kg,1.33,45
19402,5390,Iodized Salt 1kg,3.87,25
19403,5391,Pure Ghee 1L,1.99,600
19404,5391,Sugar 1kg,1.51,45
19405,5391,Iodized Salt 1kg,4.3,25
19406,5392,Pure Ghee 1L,1.94,600
19407,5392,Sugar 1kg,1.51,45
19408,5393,Pure Ghee 1L,2.45,600
19409,5393,Sugar 1kg,1.45,45
19410,5394,Pure Ghee 1L,1.0,600
19411,5394,Sugar 1kg,2.28,45
19412,5395,Sona Masoori Rice 5kg,3.48,350
19413,5395,Basmati Rice 5kg,5.89,550
19414,5395,Wheat Flour (Atta) 5kg,5.13,250
19415,5395,Toor Dal 1kg,5.16,140
19416,5396,Sona Masoori Rice 5kg,3.03,350
19417,5396,Basmati Rice 5kg,6.15,550
19418,5396,Wheat Flour (Atta) 5kg,5.96,250
19419,5396,Toor Dal 1kg,2.71,140
19420,5397,Sona Masoori Rice 5kg,3.02,350
19421,5397,Moong Dal 1kg,2.62,130
19422,5397,Rajma (Kidney Beans) 1kg,0.99,160
19423,5397,Turmeric Powder 200g,5.32,60
19424,5398,Sona Masoori Rice 5kg,3.27,350
19425,5398,Moong Dal 1kg,2.76,130
19426,5398,Rajma (Kidney Beans) 1kg,0.82,160
19427,5398,Garam Masala 100g,0.73,80
19428,5399,Sona Masoori Rice 5kg,1.94,350
19429,5399,Moong Dal 1kg,1.5,130
19430,5399,Rajma (Kidney Beans) 1kg,1.48,160
19431,5399,Garam Masala 100g,0.47,80
19432,5400,Garam Masala 100g,0.44,80
19433,5400,Biryani Masala 100g,3.73,100
19434,5400,Almonds (Badam) 500g,1.08,450
19435,5400,Cashew Nuts (Kaju) 500g,0.46,550
19436,5401,Garam Masala 100g,0.86,80
19437,5401,Biryani Masala 100g,2.75,100
19438,5401,Almonds (Badam) 500g,1.45,450
19439,5401,Cashew Nuts (Kaju) 500g,0.57,550
19440,5402,Garam Masala 100g,0.55,80
19441,5402,Biryani Masala 100g,3.83,100
19442,5402,Almonds (Badam) 500g,1.4,450
19443,5402,Cashew Nuts (Kaju) 500g,0.48,550
19444,5403,Garam Masala 100g,0.84,80
19445,5403,Almonds (Badam) 500g,1.18,450
19446,5403,Cashew Nuts (Kaju) 500g,0.75,550
19447,5403,Peanuts (Groundnut) 500g,5.15,90
19448,5404,Almonds (Badam) 500g,1.49,450
19449,5404,Cashew Nuts (Kaju) 500g,0.76,550
19450,5404,Sunflower Oil 1L,3.18,180
19451,5404,Groundnut Oil 1L,1.54,220
19452,5405,Sunflower Oil 1L,3.76,180
19453,5405,Groundnut Oil 1L,0.98,220
19454,5405,Mustard Oil 1L,2.29,200
19455,5405,Pure Ghee 1L,2.49,600
19456,5406,Sunflower Oil 1L,2.95,180
19457,5406,Groundnut Oil 1L,1.64,220
19458,5406,Mustard Oil 1L,1.39,200
19459,5406,Pure Ghee 1L,3.73,600
19460,5407,Mustard Oil 1L,2.22,200
19461,5407,Pure Ghee 1L,4.31,600
19462,5407,Sugar 1kg,4.98,45
19463,5407,Jaggery (Bella/Gud) 1kg,4.05,70
19464,5408,Sugar 1kg,5.08,45
19465,5408,Iodized Salt 1kg,2.45,25
19466,5408,Rock Salt (Sendha Namak) 500g,0.59,40
19467,5409,Iodized Salt 1kg,5.34,25
19468,5409,Rock Salt (Sendha Namak) 500g,0.74,40
19469,5410,Sona Masoori Rice 5kg,2.39,350
19470,5410,Basmati Rice 5kg,6.01,550
19471,5410,Wheat Flour (Atta) 5kg,1.52,250
19472,5410,Toor Dal 1kg,2.03,140
19473,5411,Sona Masoori Rice 5kg,3.38,350
19474,5411,Basmati Rice 5kg,7.79,550
19475,5411,Wheat Flour (Atta) 5kg,2.93,250
19476,5411,Toor Dal 1kg,3.45,140
19477,5412,Sona Masoori Rice 5kg,2.65,350
19478,5412,Wheat Flour (Atta) 5kg,2.22,250
19479,5412,Toor Dal 1kg,2.6,140
19480,5412,Moong Dal 1kg,2.63,130
19481,5413,Sona Masoori Rice 5kg,1.66,350
19482,5413,Wheat Flour (Atta) 5kg,3.64,250
19483,5413,Moong Dal 1kg,1.48,130
19484,5413,Rajma (Kidney Beans) 1kg,3.31,183.05
19485,5414,Sona Masoori Rice 5kg,3.55,350
19486,5414,Wheat Flour (Atta) 5kg,1.81,250
19487,5414,Moong Dal 1kg,1.77,130
19488,5414,Turmeric Powder 200g,0.93,60
19489,5415,Sona Masoori Rice 5kg,2.73,350
19490,5415,Moong Dal 1kg,1.63,130
19491,5415,Turmeric Powder 200g,1.36,60
19492,5415,Garam Masala 100g,0.48,93.37
19493,5416,Turmeric Powder 200g,0.89,60
19494,5416,Garam Masala 100g,0.87,80
19495,5416,Biryani Masala 100g,11.44,100
19496,5416,Almonds (Badam) 500g,2.31,450
19497,5417,Turmeric Powder 200g,0.77,60
19498,5417,Garam Masala 100g,0.93,80
19499,5417,Almonds (Badam) 500g,1.04,450
19500,5417,Cashew Nuts (Kaju) 500g,0.93,550
19501,5418,Turmeric Powder 200g,0.61,60
19502,5418,Almonds (Badam) 500g,1.34,450
19503,5418,Cashew Nuts (Kaju) 500g,0.84,550
19504,5418,Peanuts (Groundnut) 500g,4.81,90
19505,5419,Almonds (Badam) 500g,2.13,450
19506,5419,Cashew Nuts (Kaju) 500g,0.79,550
19507,5419,Sunflower Oil 1L,3.86,180
19508,5419,Groundnut Oil 1L,2.04,220
19509,5420,Cashew Nuts (Kaju) 500g,0.48,550
19510,5420,Sunflower Oil 1L,3.05,180
19511,5420,Groundnut Oil 1L,2.51,220
19512,5420,Mustard Oil 1L,1.26,200
19513,5421,Sunflower Oil 1L,2.82,180
19514,5421,Mustard Oil 1L,1.44,200
19515,5421,Pure Ghee 1L,6.29,600
19516,5421,Sugar 1kg,2.96,45
19517,5422,Mustard Oil 1L,1.32,200
19518,5422,Pure Ghee 1L,5.01,600
19519,5422,Sugar 1kg,3.86,45
19520,5422,Jaggery (Bella/Gud) 1kg,1.15,70
19521,5423,Mustard Oil 1L,1.02,200
19522,5423,Sugar 1kg,2.68,45
19523,5423,Jaggery (Bella/Gud) 1kg,0.92,70
19524,5423,Iodized Salt 1kg,1.06,25
19525,5424,Mustard Oil 1L,0.73,168.31
19526,5424,Jaggery (Bella/Gud) 1kg,1.46,70
19527,5424,Iodized Salt 1kg,2.11,25
19528,5424,Rock Salt (Sendha Namak) 500g,0.19,40
19529,5425,Jaggery (Bella/Gud) 1kg,0.81,70
19530,5425,Iodized Salt 1kg,1.92,25
19531,5425,Rock Salt (Sendha Namak) 500g,0.31,40
19532,5426,Iodized Salt 1kg,2.46,25
19533,5426,Rock Salt (Sendha Namak) 500g,0.33,40
19534,5427,Rock Salt (Sendha Namak) 500g,0.16,40
19535,5428,Sona Masoori Rice 5kg,2.45,350
19536,5428,Basmati Rice 5kg,3.44,550
19537,5428,Wheat Flour (Atta) 5kg,1.37,250
19538,5428,Toor Dal 1kg,1.85,140
19539,5429,Sona Masoori Rice 5kg,4.87,350
19540,5429,Basmati Rice 5kg,2.53,550
19541,5429,Wheat Flour (Atta) 5kg,1.6,250
19542,5429,Toor Dal 1kg,0.94,140
19543,5430,Sona Masoori Rice 5kg,4.65,350
19544,5430,Basmati Rice 5kg,1.97,550
19545,5430,Wheat Flour (Atta) 5kg,1.88,250
19546,5430,Toor Dal 1kg,1.38,140
19547,5431,Sona Masoori Rice 5kg,4.45,350
19548,5431,Basmati Rice 5kg,2.14,550
19549,5431,Wheat Flour (Atta) 5kg,1.92,250
19550,5431,Toor Dal 1kg,1.89,140
19551,5432,Basmati Rice 5kg,4.18,550
19552,5432,Wheat Flour (Atta) 5kg,1.85,250
19553,5432,Toor Dal 1kg,1.43,140
19554,5432,Moong Dal 1kg,2.58,130
19555,5433,Wheat Flour (Atta) 5kg,2.22,250
19556,5433,Moong Dal 1kg,2.52,130
19557,5433,Rajma (Kidney Beans) 1kg,0.84,160
19558,5433,Turmeric Powder 200g,1.38,60
19559,5434,Moong Dal 1kg,1.63,130
19560,5434,Rajma (Kidney Beans) 1kg,0.56,160
19561,5434,Turmeric Powder 200g,1.25,60
19562,5434,Garam Masala 100g,0.36,80
19563,5435,Rajma (Kidney Beans) 1kg,0.71,160
19564,5435,Turmeric Powder 200g,1.45,60
19565,5435,Garam Masala 100g,0.61,80
19566,5435,Biryani Masala 100g,5.98,100
19567,5436,Rajma (Kidney Beans) 1kg,0.59,160
19568,5436,Turmeric Powder 200g,0.59,60
19569,5436,Garam Masala 100g,0.51,80
19570,5436,Biryani Masala 100g,5.45,100
19571,5437,Garam Masala 100g,0.38,80
19572,5437,Almonds (Badam) 500g,1.17,450
19573,5437,Cashew Nuts (Kaju) 500g,0.82,550
19574,5437,Peanuts (Groundnut) 500g,1.8,90
19575,5438,Almonds (Badam) 500g,1.43,450
19576,5438,Cashew Nuts (Kaju) 500g,0.43,550
19577,5438,Peanuts (Groundnut) 500g,1.28,90
19578,5438,Sunflower Oil 1L,5.1,180
19579,5439,Almonds (Badam) 500g,1.49,450
19580,5439,Cashew Nuts (Kaju) 500g,0.76,550
19581,5439,Peanuts (Groundnut) 500g,1.82,90
19582,5439,Sunflower Oil 1L,5.47,180
19583,5440,Almonds (Badam) 500g,1.3,450
19584,5440,Cashew Nuts (Kaju) 500g,0.53,550
19585,5440,Groundnut Oil 1L,0.92,220
19586,5440,Mustard Oil 1L,2.17,200
19587,5441,Almonds (Badam) 500g,1.09,450
19588,5441,Cashew Nuts (Kaju) 500g,0.4,550
19589,5441,Groundnut Oil 1L,0.91,220
19590,5441,Mustard Oil 1L,1.75,200
19591,5442,Almonds (Badam) 500g,1.08,450
19592,5442,Groundnut Oil 1L,0.49,220
19593,5442,Mustard Oil 1L,2.68,200
19594,5442,Pure Ghee 1L,4.43,600
19595,5443,Groundnut Oil 1L,0.93,220
19596,5443,Pure Ghee 1L,6.82,600
19597,5443,Sugar 1kg,9.64,45
19598,5443,Jaggery (Bella/Gud) 1kg,0.44,70
19599,5444,Groundnut Oil 1L,0.95,220
19600,5444,Jaggery (Bella/Gud) 1kg,0.8,70
19601,5444,Iodized Salt 1kg,7.94,25
19602,5445,Jaggery (Bella/Gud) 1kg,0.55,70
19603,5446,Jaggery (Bella/Gud) 1kg,0.48,70
19604,5447,Jaggery (Bella/Gud) 1kg,0.81,70
19605,5448,Jaggery (Bella/Gud) 1kg,1.07,70
19606,5449,Sona Masoori Rice 5kg,1.62,350
19607,5449,Basmati Rice 5kg,1.76,550
19608,5449,Wheat Flour (Atta) 5kg,3.81,250
19609,5449,Toor Dal 1kg,7.7,140
19610,5450,Sona Masoori Rice 5kg,3.52,350
19611,5450,Basmati Rice 5kg,2.48,550
19612,5450,Wheat Flour (Atta) 5kg,3.69,250
19613,5450,Moong Dal 1kg,1.57,130
19614,5451,Sona Masoori Rice 5kg,3.79,350
19615,5451,Basmati Rice 5kg,2.63,550
19616,5451,Wheat Flour (Atta) 5kg,1.62,250
19617,5451,Moong Dal 1kg,1.09,130
19618,5452,Sona Masoori Rice 5kg,3.17,350
19619,5452,Basmati Rice 5kg,1.83,550
19620,5452,Wheat Flour (Atta) 5kg,2.53,250
19621,5452,Moong Dal 1kg,1.32,130
19622,5453,Sona Masoori Rice 5kg,2.31,350
19623,5453,Basmati Rice 5kg,1.81,550
19624,5453,Moong Dal 1kg,2.52,130
19625,5453,Rajma (Kidney Beans) 1kg,0.73,160
19626,5454,Sona Masoori Rice 5kg,1.43,350
19627,5454,Basmati Rice 5kg,2.24,550
19628,5454,Rajma (Kidney Beans) 1kg,0.69,160
19629,5454,Turmeric Powder 200g,4.79,60
19630,5455,Rajma (Kidney Beans) 1kg,0.62,160
19631,5455,Biryani Masala 100g,10.52,100
19632,5455,Almonds (Badam) 500g,4.85,450
19633,5455,Cashew Nuts (Kaju) 500g,0.75,550
19634,5456,Rajma (Kidney Beans) 1kg,0.67,160
19635,5456,Almonds (Badam) 500g,2.2,450
19636,5456,Cashew Nuts (Kaju) 500g,0.62,550
19637,5456,Peanuts (Groundnut) 500g,1.95,90
19638,5457,Rajma (Kidney Beans) 1kg,0.66,160
19639,5457,Cashew Nuts (Kaju) 500g,0.5,550
19640,5457,Peanuts (Groundnut) 500g,1.72,90
19641,5457,Sunflower Oil 1L,1.39,180
19642,5458,Cashew Nuts (Kaju) 500g,0.85,550
19643,5458,Peanuts (Groundnut) 500g,0.88,90
19644,5458,Sunflower Oil 1L,1.95,180
19645,5458,Groundnut Oil 1L,1.01,220
19646,5459,Sunflower Oil 1L,1.65,180
19647,5459,Groundnut Oil 1L,0.65,220
19648,5459,Mustard Oil 1L,3.05,200
19649,5459,Pure Ghee 1L,1.73,600
19650,5460,Sunflower Oil 1L,1.82,180
19651,5460,Groundnut Oil 1L,0.97,220
19652,5460,Mustard Oil 1L,2.61,200
19653,5460,Pure Ghee 1L,4.55,600
19654,5461,Sunflower Oil 1L,1.43,180
19655,5461,Groundnut Oil 1L,0.95,220
19656,5461,Pure Ghee 1L,4.07,600
19657,5461,Sugar 1kg,2.69,45
19658,5462,Sunflower Oil 1L,0.9,180
19659,5462,Groundnut Oil 1L,0.38,220
19660,5462,Sugar 1kg,1.18,45
19661,5462,Jaggery (Bella/Gud) 1kg,2.52,70
19662,5463,Groundnut Oil 1L,0.8,185.64
19663,5463,Sugar 1kg,2.6,45
19664,5463,Jaggery (Bella/Gud) 1kg,1.18,70
19665,5463,Iodized Salt 1kg,2.42,25
19666,5464,Sugar 1kg,2.66,36.68
19667,5464,Iodized Salt 1kg,1.78,25
19668,5464,Rock Salt (Sendha Namak) 500g,0.28,40
19669,5465,Iodized Salt 1kg,2.44,25
19670,5465,Rock Salt (Sendha Namak) 500g,0.34,40
19671,5466,Iodized Salt 1kg,1.01,20.5
19672,5466,Rock Salt (Sendha Namak) 500g,0.61,40
19673,5467,Rock Salt (Sendha Namak) 500g,0.68,33.83
19674,5468,Rock Salt (Sendha Namak) 500g,0.57,40
19675,5469,Rock Salt (Sendha Namak) 500g,0.58,40
19676,5470,Sona Masoori Rice 5kg,4.43,350
19677,5470,Basmati Rice 5kg,5.07,550
19678,5470,Wheat Flour (Atta) 5kg,2.74,250
19679,5470,Toor Dal 1kg,1.51,140
19680,5471,Sona Masoori Rice 5kg,5.24,350
19681,5471,Basmati Rice 5kg,2.96,550
19682,5471,Wheat Flour (Atta) 5kg,1.46,250
19683,5471,Toor Dal 1kg,1.56,140
19684,5472,Sona Masoori Rice 5kg,3.85,350
19685,5472,Basmati Rice 5kg,5.7,550
19686,5472,Wheat Flour (Atta) 5kg,3.45,250
19687,5472,Toor Dal 1kg,1.64,140
19688,5473,Wheat Flour (Atta) 5kg,3.66,250
19689,5473,Toor Dal 1kg,1.11,140
19690,5473,Moong Dal 1kg,6.6,130
19691,5473,Rajma (Kidney Beans) 1kg,0.85,160
19692,5474,Toor Dal 1kg,1.06,140
19693,5474,Rajma (Kidney Beans) 1kg,0.46,160
19694,5474,Turmeric Powder 200g,1.05,60
19695,5474,Garam Masala 100g,0.46,80
19696,5475,Toor Dal 1kg,0.76,140
19697,5475,Rajma (Kidney Beans) 1kg,0.51,160
19698,5475,Turmeric Powder 200g,0.84,60
19699,5475,Garam Masala 100g,0.17,80
19700,5476,Rajma (Kidney Beans) 1kg,1.12,160
19701,5476,Turmeric Powder 200g,0.85,60
19702,5476,Garam Masala 100g,0.19,80
19703,5476,Biryani Masala 100g,9.62,119.37
19704,5477,Turmeric Powder 200g,1.18,60
19705,5477,Garam Masala 100g,0.21,80
19706,5477,Almonds (Badam) 500g,2.8,450
19707,5477,Cashew Nuts (Kaju) 500g,0.74,630.84
19708,5478,Turmeric Powder 200g,0.97,60
19709,5478,Garam Masala 100g,0.28,80
19710,5478,Almonds (Badam) 500g,1.74,450
19711,5478,Cashew Nuts (Kaju) 500g,0.46,550
19712,5479,Garam Masala 100g,0.31,80
19713,5479,Almonds (Badam) 500g,2.91,450
19714,5479,Cashew Nuts (Kaju) 500g,0.95,550
19715,5479,Peanuts (Groundnut) 500g,0.94,90
19716,5480,Cashew Nuts (Kaju) 500g,0.49,550
19717,5480,Peanuts (Groundnut) 500g,0.97,90
19718,5480,Sunflower Oil 1L,1.73,180
19719,5480,Groundnut Oil 1L,0.69,220
19720,5481,Peanuts (Groundnut) 500g,1.0,90
19721,5481,Sunflower Oil 1L,1.56,180
19722,5481,Groundnut Oil 1L,1.74,220
19723,5481,Mustard Oil 1L,3.96,200
19724,5482,Peanuts (Groundnut) 500g,0.87,90
19725,5482,Sunflower Oil 1L,3.24,180
19726,5482,Groundnut Oil 1L,1.72,247.67
19727,5482,Mustard Oil 1L,2.76,200
19728,5483,Peanuts (Groundnut) 500g,0.55,90
19729,5483,Sunflower Oil 1L,2.86,180
19730,5483,Pure Ghee 1L,2.77,600
19731,5483,Sugar 1kg,4.95,45
19732,5484,Peanuts (Groundnut) 500g,1.12,90
19733,5484,Pure Ghee 1L,1.65,600
19734,5484,Sugar 1kg,5.03,53.08
19735,5484,Jaggery (Bella/Gud) 1kg,2.02,70
19736,5485,Pure Ghee 1L,1.44,600
19737,5485,Jaggery (Bella/Gud) 1kg,2.17,70
19738,5485,Iodized Salt 1kg,2.28,25
19739,5485,Rock Salt (Sendha Namak) 500g,2.29,40
19740,5486,Pure Ghee 1L,2.92,600
19741,5486,Iodized Salt 1kg,2.35,25
19742,5487,Pure Ghee 1L,2.63,600
19743,5487,Iodized Salt 1kg,1.47,25
19744,5488,Iodized Salt 1kg,1.72,25
19745,5489,Sona Masoori Rice 5kg,3.06,350
19746,5489,Basmati Rice 5kg,6.07,550
19747,5489,Wheat Flour (Atta) 5kg,5.06,250
19748,5489,Toor Dal 1kg,1.56,140
19749,5490,Sona Masoori Rice 5kg,2.44,350
19750,5490,Basmati Rice 5kg,6.45,550
19751,5490,Wheat Flour (Atta) 5kg,3.18,250
19752,5490,Toor Dal 1kg,1.38,140
19753,5491,Sona Masoori Rice 5kg,3.52,350
19754,5491,Wheat Flour (Atta) 5kg,3.78,250
19755,5491,Toor Dal 1kg,1.81,140
19756,5491,Moong Dal 1kg,7.62,130
19757,5492,Sona Masoori Rice 5kg,2.47,350
19758,5492,Toor Dal 1kg,2.27,140
19759,5492,Rajma (Kidney Beans) 1kg,0.85,160
19760,5492,Turmeric Powder 200g,1.13,60
19761,5493,Sona Masoori Rice 5kg,2.18,350
19762,5493,Toor Dal 1kg,1.6,140
19763,5493,Rajma (Kidney Beans) 1kg,0.63,160
19764,5493,Turmeric Powder 200g,1.18,60
19765,5494,Rajma (Kidney Beans) 1kg,0.49,160
19766,5494,Turmeric Powder 200g,0.93,60
19767,5494,Garam Masala 100g,2.81,80
19768,5494,Biryani Masala 100g,2.39,100
19769,5495,Rajma (Kidney Beans) 1kg,0.68,160
19770,5495,Turmeric Powder 200g,0.85,60
19771,5495,Biryani Masala 100g,2.62,100
19772,5495,Almonds (Badam) 500g,2.2,450
19773,5496,Rajma (Kidney Beans) 1kg,0.48,160
19774,5496,Turmeric Powder 200g,0.99,60
19775,5496,Biryani Masala 100g,2.44,100
19776,5496,Almonds (Badam) 500g,2.33,450
19777,5497,Biryani Masala 100g,2.2,100
19778,5497,Almonds (Badam) 500g,1.55,450
19779,5497,Cashew Nuts (Kaju) 500g,0.66,550
19780,5497,Peanuts (Groundnut) 500g,1.63,90
19781,5498,Almonds (Badam) 500g,1.51,450
19782,5498,Cashew Nuts (Kaju) 500g,0.51,550
19783,5498,Peanuts (Groundnut) 500g,1.35,90
19784,5498,Sunflower Oil 1L,2.15,180
19785,5499,Cashew Nuts (Kaju) 500g,0.42,550
19786,5499,Peanuts (Groundnut) 500g,1.07,90
19787,5499,Sunflower Oil 1L,3.03,180
19788,5499,Groundnut Oil 1L,0.73,220
19789,5500,Cashew Nuts (Kaju) 500g,0.54,550
19790,5500,Peanuts (Groundnut) 500g,0.95,90
19791,5500,Sunflower Oil 1L,3.74,180
19792,5500,Groundnut Oil 1L,0.94,220
19793,5501,Cashew Nuts (Kaju) 500g,0.48,550
19794,5501,Sunflower Oil 1L,1.85,180
19795,5501,Groundnut Oil 1L,1.07,220
19796,5501,Mustard Oil 1L,1.33,200
19797,5502,Groundnut Oil 1L,1.5,220
19798,5502,Mustard Oil 1L,1.17,200
19799,5502,Pure Ghee 1L,2.84,600
19800,5502,Sugar 1kg,10.01,45
19801,5503,Mustard Oil 1L,0.8,164.83
19802,5503,Pure Ghee 1L,4.61,600
19803,5503,Jaggery (Bella/Gud) 1kg,1.11,70
19804,5503,Iodized Salt 1kg,2.14,25
19805,5504,Mustard Oil 1L,1.16,200
19806,5504,Pure Ghee 1L,3.06,600
19807,5504,Jaggery (Bella/Gud) 1kg,1.24,70
19808,5504,Iodized Salt 1kg,1.95,25
19809,5505,Mustard Oil 1L,0.82,200
19810,5505,Jaggery (Bella/Gud) 1kg,1.27,70
19811,5505,Iodized Salt 1kg,1.11,25
19812,5505,Rock Salt (Sendha Namak) 500g,1.33,40
19813,5506,Mustard Oil 1L,1.49,200
19814,5506,Jaggery (Bella/Gud) 1kg,0.72,80.19
19815,5506,Iodized Salt 1kg,2.07,25
19816,5506,Rock Salt (Sendha Namak) 500g,1.21,40
19817,5507,Iodized Salt 1kg,0.84,25
19818,5508,Sona Masoori Rice 5kg,5.32,350
19819,5508,Basmati Rice 5kg,3.67,550
19820,5508,Wheat Flour (Atta) 5kg,2.79,250
19821,5508,Toor Dal 1kg,1.3,140
19822,5509,Sona Masoori Rice 5kg,9.62,350
19823,5509,Basmati Rice 5kg,1.84,550
19824,5509,Wheat Flour (Atta) 5kg,5.01,250
19825,5509,Toor Dal 1kg,1.54,140
19826,5510,Basmati Rice 5kg,3.37,550
19827,5510,Wheat Flour (Atta) 5kg,3.1,250
19828,5510,Toor Dal 1kg,1.01,140
19829,5510,Moong Dal 1kg,3.22,130
19830,5511,Basmati Rice 5kg,3.78,550
19831,5511,Toor Dal 1kg,1.45,140
19832,5511,Moong Dal 1kg,3.32,130
19833,5511,Rajma (Kidney Beans) 1kg,3.39,160
19834,5512,Toor Dal 1kg,0.99,140
19835,5512,Turmeric Powder 200g,1.22,60
19836,5512,Garam Masala 100g,1.36,80
19837,5512,Biryani Masala 100g,2.95,100
19838,5513,Toor Dal 1kg,1.13,140
19839,5513,Turmeric Powder 200g,1.05,60
19840,5513,Garam Masala 100g,0.99,80
19841,5513,Biryani Masala 100g,2.79,100
19842,5514,Turmeric Powder 200g,0.79,60
19843,5514,Garam Masala 100g,0.59,93.05
19844,5514,Biryani Masala 100g,3.19,100
19845,5514,Almonds (Badam) 500g,1.43,450
19846,5515,Turmeric Powder 200g,0.66,60
19847,5515,Biryani Masala 100g,2.13,100
19848,5515,Almonds (Badam) 500g,0.84,450
19849,5515,Cashew Nuts (Kaju) 500g,0.91,550
19850,5516,Turmeric Powder 200g,1.02,60
19851,5516,Almonds (Badam) 500g,0.88,450
19852,5516,Cashew Nuts (Kaju) 500g,0.72,550
19853,5516,Peanuts (Groundnut) 500g,0.86,90
19854,5517,Almonds (Badam) 500g,1.38,450
19855,5517,Cashew Nuts (Kaju) 500g,0.66,550
19856,5517,Peanuts (Groundnut) 500g,0.52,90
19857,5517,Sunflower Oil 1L,2.42,180
19858,5518,Almonds (Badam) 500g,1.43,450
19859,5518,Cashew Nuts (Kaju) 500g,0.46,550
19860,5518,Peanuts (Groundnut) 500g,1.12,90
19861,5518,Sunflower Oil 1L,2.86,180
19862,5519,Almonds (Badam) 500g,1.38,450
19863,5519,Peanuts (Groundnut) 500g,0.69,90
19864,5519,Sunflower Oil 1L,5.47,180
19865,5519,Groundnut Oil 1L,1.12,220
19866,5520,Peanuts (Groundnut) 500g,0.57,90
19867,5520,Groundnut Oil 1L,0.53,220
19868,5520,Mustard Oil 1L,1.58,200
19869,5520,Pure Ghee 1L,5.68,600
19870,5521,Peanuts (Groundnut) 500g,0.83,90
19871,5521,Groundnut Oil 1L,0.6,220
19872,5521,Mustard Oil 1L,2.55,200
19873,5521,Pure Ghee 1L,5.58,600
19874,5522,Groundnut Oil 1L,1.08,220
19875,5522,Mustard Oil 1L,1.03,200
19876,5522,Sugar 1kg,2.84,45
19877,5522,Jaggery (Bella/Gud) 1kg,0.93,70
19878,5523,Groundnut Oil 1L,0.84,220
19879,5523,Mustard Oil 1L,1.17,200
19880,5523,Sugar 1kg,2.09,45
19881,5523,Jaggery (Bella/Gud) 1kg,1.05,70
19882,5524,Groundnut Oil 1L,0.54,220
19883,5524,Sugar 1kg,2.39,45
19884,5524,Jaggery (Bella/Gud) 1kg,0.65,70
19885,5524,Iodized Salt 1kg,0.81,25
19886,5525,Sugar 1kg,2.68,45
19887,5525,Jaggery (Bella/Gud) 1kg,0.93,57.09
19888,5525,Iodized Salt 1kg,1.84,25
19889,5525,Rock Salt (Sendha Namak) 500g,0.47,40
19890,5526,Jaggery (Bella/Gud) 1kg,0.81,70
19891,5526,Iodized Salt 1kg,0.96,25
19892,5526,Rock Salt (Sendha Namak) 500g,0.47,40
19893,5527,Iodized Salt 1kg,1.55,25
19894,5527,Rock Salt (Sendha Namak) 500g,0.4,40
19895,5528,Iodized Salt 1kg,2.18,25
19896,5529,Sona Masoori Rice 5kg,1.27,302.15
19897,5529,Basmati Rice 5kg,4.04,611.58
19898,5529,Wheat Flour (Atta) 5kg,3.32,250
19899,5529,Toor Dal 1kg,2.88,140
19900,5530,Sona Masoori Rice 5kg,3.04,350
19901,5530,Basmati Rice 5kg,3.15,550
19902,5530,Wheat Flour (Atta) 5kg,2.01,250
19903,5530,Toor Dal 1kg,4.98,140
19904,5531,Sona Masoori Rice 5kg,3.26,350
19905,5531,Basmati Rice 5kg,6.56,550
19906,5531,Wheat Flour (Atta) 5kg,2.58,250
19907,5531,Moong Dal 1kg,1.23,130
19908,5532,Sona Masoori Rice 5kg,3.56,350
19909,5532,Wheat Flour (Atta) 5kg,1.91,250
19910,5532,Moong Dal 1kg,1.71,130
19911,5532,Rajma (Kidney Beans) 1kg,1.14,160
19912,5533,Sona Masoori Rice 5kg,2.23,350
19913,5533,Wheat Flour (Atta) 5kg,2.81,250
19914,5533,Moong Dal 1kg,1.19,130
19915,5533,Rajma (Kidney Beans) 1kg,1.01,160
19916,5534,Sona Masoori Rice 5kg,1.59,350
19917,5534,Moong Dal 1kg,2.13,130
19918,5534,Rajma (Kidney Beans) 1kg,1.0,160
19919,5534,Turmeric Powder 200g,1.37,50.31
19920,5535,Moong Dal 1kg,1.13,145.73
19921,5535,Turmeric Powder 200g,1.7,60
19922,5535,Garam Masala 100g,1.89,80
19923,5535,Biryani Masala 100g,2.77,100
19924,5536,Turmeric Powder 200g,2.26,60
19925,5536,Garam Masala 100g,0.8,80
19926,5536,Biryani Masala 100g,3.93,100
19927,5536,Almonds (Badam) 500g,3.13,450
19928,5537,Garam Masala 100g,1.69,80
19929,5537,Biryani Masala 100g,3.94,100
19930,5537,Almonds (Badam) 500g,3.28,450
19931,5537,Cashew Nuts (Kaju) 500g,0.48,550
19932,5538,Cashew Nuts (Kaju) 500g,0.41,550
19933,5538,Peanuts (Groundnut) 500g,1.87,90
19934,5538,Sunflower Oil 1L,2.14,180
19935,5538,Groundnut Oil 1L,4.48,220
19936,5539,Cashew Nuts (Kaju) 500g,0.52,550
19937,5539,Peanuts (Groundnut) 500g,1.79,90
19938,5539,Sunflower Oil 1L,4.79,180
19939,5539,Mustard Oil 1L,6.64,200
19940,5540,Cashew Nuts (Kaju) 500g,0.56,550
19941,5540,Peanuts (Groundnut) 500g,1.62,90
19942,5540,Sunflower Oil 1L,3.52,180
19943,5540,Pure Ghee 1L,3.27,600
19944,5541,Cashew Nuts (Kaju) 500g,0.51,550
19945,5541,Pure Ghee 1L,2.9,600
19946,5541,Sugar 1kg,2.49,45
19947,5541,Jaggery (Bella/Gud) 1kg,0.69,70
19948,5542,Cashew Nuts (Kaju) 500g,0.46,550
19949,5542,Pure Ghee 1L,4.61,600
19950,5542,Sugar 1kg,2.34,45
19951,5542,Jaggery (Bella/Gud) 1kg,0.83,70
19952,5543,Sugar 1kg,2.7,45
19953,5543,Jaggery (Bella/Gud) 1kg,0.45,70
19954,5543,Iodized Salt 1kg,0.93,25
19955,5543,Rock Salt (Sendha Namak) 500g,0.9,40
19956,5544,Sugar 1kg,2.05,45
19957,5544,Jaggery (Bella/Gud) 1kg,0.78,70
19958,5544,Iodized Salt 1kg,0.84,25
19959,5544,Rock Salt (Sendha Namak) 500g,1.12,40
19960,5545,Jaggery (Bella/Gud) 1kg,0.86,70
19961,5545,Iodized Salt 1kg,1.81,25
19962,5546,Iodized Salt 1kg,2.2,25
19963,5547,Iodized Salt 1kg,1.77,25
19964,5548,Sona Masoori Rice 5kg,8.26,350
19965,5548,Basmati Rice 5kg,2.8,550
19966,5548,Wheat Flour (Atta) 5kg,2.41,250
19967,5548,Toor Dal 1kg,1.56,140
19968,5549,Sona Masoori Rice 5kg,7.99,350
19969,5549,Basmati Rice 5kg,1.49,550
19970,5549,Wheat Flour (Atta) 5kg,2.91,210.67
19971,5549,Toor Dal 1kg,1.08,140
19972,5550,Basmati Rice 5kg,2.5,550
19973,5550,Wheat Flour (Atta) 5kg,3.68,250
19974,5550,Toor Dal 1kg,1.93,140
19975,5550,Moong Dal 1kg,0.79,130
19976,5551,Basmati Rice 5kg,2.12,550
19977,5551,Wheat Flour (Atta) 5kg,2.22,250
19978,5551,Toor Dal 1kg,1.07,140
19979,5551,Moong Dal 1kg,1.5,130
19980,5552,Basmati Rice 5kg,2.35,550
19981,5552,Wheat Flour (Atta) 5kg,1.72,250
19982,5552,Toor Dal 1kg,1.7,140
19983,5552,Moong Dal 1kg,1.61,130
19984,5553,Basmati Rice 5kg,3.24,550
19985,5553,Moong Dal 1kg,1.27,147.03
19986,5553,Rajma (Kidney Beans) 1kg,2.78,160
19987,5553,Turmeric Powder 200g,1.09,60
19988,5554,Moong Dal 1kg,0.8,130
19989,5554,Turmeric Powder 200g,0.45,60
19990,5554,Biryani Masala 100g,1.69,100
19991,5554,Almonds (Badam) 500g,2.66,450
19992,5555,Moong Dal 1kg,1.07,130
19993,5555,Turmeric Powder 200g,0.71,51.75
19994,5555,Biryani Masala 100g,3.18,100
19995,5555,Almonds (Badam) 500g,1.61,450
19996,5556,Turmeric Powder 200g,0.54,60
19997,5556,Biryani Masala 100g,2.13,100
19998,5556,Almonds (Badam) 500g,2.1,497.91
19999,5556,Cashew Nuts (Kaju) 500g,1.19,550
20000,5557,Turmeric Powder 200g,1.11,60
20001,5557,Biryani Masala 100g,1.47,100
20002,5557,Cashew Nuts (Kaju) 500g,0.77,550
20003,5557,Peanuts (Groundnut) 500g,2.96,105.64
20004,5558,Turmeric Powder 200g,1.0,60
20005,5558,Biryani Masala 100g,1.28,100
20006,5558,Cashew Nuts (Kaju) 500g,0.98,550
20007,5558,Peanuts (Groundnut) 500g,2.1,90
20008,5559,Sunflower Oil 1L,4.87,180
20009,5559,Groundnut Oil 1L,0.96,220
20010,5559,Mustard Oil 1L,1.06,200
20011,5559,Pure Ghee 1L,3.26,600
20012,5560,Sunflower Oil 1L,4.78,180
20013,5560,Groundnut Oil 1L,1.2,220
20014,5560,Mustard Oil 1L,1.76,200
20015,5560,Pure Ghee 1L,2.58,718.66
20016,5561,Groundnut Oil 1L,0.7,220
20017,5561,Mustard Oil 1L,1.08,200
20018,5561,Pure Ghee 1L,4.15,600
20019,5561,Sugar 1kg,2.95,45
20020,5562,Groundnut Oil 1L,0.51,261.52
20021,5562,Mustard Oil 1L,1.73,200
20022,5562,Sugar 1kg,2.08,37.4
20023,5562,Jaggery (Bella/Gud) 1kg,2.55,70
20024,5563,Groundnut Oil 1L,0.85,220
20025,5563,Mustard Oil 1L,0.94,200
20026,5563,Sugar 1kg,4.06,45
20027,5563,Jaggery (Bella/Gud) 1kg,1.85,70
20028,5564,Iodized Salt 1kg,1.22,25
20029,5565,Iodized Salt 1kg,1.33,25
20030,5566,Iodized Salt 1kg,1.44,25
20031,5567,Iodized Salt 1kg,1.29,25
20032,5568,Iodized Salt 1kg,0.65,25
20033,5569,Iodized Salt 1kg,1.3,25
20034,5570,Sona Masoori Rice 5kg,13.66,350
20035,5570,Basmati Rice 5kg,1.55,550
20036,5570,Wheat Flour (Atta) 5kg,4.65,250
20037,5570,Toor Dal 1kg,1.54,140
20038,5571,Basmati Rice 5kg,1.52,550
20039,5571,Wheat Flour (Atta) 5kg,3.3,250
20040,5571,Toor Dal 1kg,2.37,140
20041,5571,Moong Dal 1kg,1.39,130
20042,5572,Basmati Rice 5kg,3.38,550
20043,5572,Wheat Flour (Atta) 5kg,3.97,250
20044,5572,Toor Dal 1kg,1.42,140
20045,5572,Moong Dal 1kg,1.7,130
20046,5573,Basmati Rice 5kg,1.37,550
20047,5573,Toor Dal 1kg,2.1,140
20048,5573,Moong Dal 1kg,1.86,130
20049,5573,Rajma (Kidney Beans) 1kg,0.94,160
20050,5574,Basmati Rice 5kg,3.08,550
20051,5574,Moong Dal 1kg,1.45,130
20052,5574,Rajma (Kidney Beans) 1kg,1.06,185.97
20053,5574,Turmeric Powder 200g,4.62,60
20054,5575,Basmati Rice 5kg,2.87,550
20055,5575,Rajma (Kidney Beans) 1kg,0.76,160
20056,5575,Garam Masala 100g,4.37,80
20057,5575,Biryani Masala 100g,2.76,100
20058,5576,Biryani Masala 100g,1.06,100
20059,5576,Almonds (Badam) 500g,1.73,497.91
20060,5576,Cashew Nuts (Kaju) 500g,1.12,550
20061,5576,Peanuts (Groundnut) 500g,1.27,90
20062,5577,Biryani Masala 100g,2.37,100
20063,5577,Almonds (Badam) 500g,1.92,450
20064,5577,Cashew Nuts (Kaju) 500g,0.74,550
20065,5577,Peanuts (Groundnut) 500g,0.9,90
20066,5578,Biryani Masala 100g,1.35,100
20067,5578,Almonds (Badam) 500g,1.93,385.19
20068,5578,Cashew Nuts (Kaju) 500g,0.66,550
20069,5578,Peanuts (Groundnut) 500g,0.75,90
20070,5579,Biryani Masala 100g,1.62,100
20071,5579,Almonds (Badam) 500g,1.0,450
20072,5579,Cashew Nuts (Kaju) 500g,0.53,550
20073,5579,Peanuts (Groundnut) 500g,1.14,90
20074,5580,Biryani Masala 100g,1.72,100
20075,5580,Almonds (Badam) 500g,0.91,450
20076,5580,Peanuts (Groundnut) 500g,1.25,90
20077,5580,Sunflower Oil 1L,2.44,201.18
20078,5581,Sunflower Oil 1L,2.17,180
20079,5581,Groundnut Oil 1L,1.96,220
20080,5581,Mustard Oil 1L,0.9,200
20081,5581,Pure Ghee 1L,6.02,600
20082,5582,Sunflower Oil 1L,3.03,180
20083,5582,Groundnut Oil 1L,2.65,220
20084,5582,Mustard Oil 1L,1.4,200
20085,5582,Pure Ghee 1L,4.6,600
20086,5583,Sunflower Oil 1L,2.81,180
20087,5583,Mustard Oil 1L,1.74,200
20088,5583,Sugar 1kg,10.61,45
20089,5583,Jaggery (Bella/Gud) 1kg,1.17,70
20090,5584,Mustard Oil 1L,0.93,220.68
20091,5584,Jaggery (Bella/Gud) 1kg,0.56,70
20092,5584,Iodized Salt 1kg,5.02,25
20093,5584,Rock Salt (Sendha Namak) 500g,0.5,40
20094,5585,Mustard Oil 1L,1.1,200
20095,5585,Jaggery (Bella/Gud) 1kg,1.03,70
20096,5585,Iodized Salt 1kg,3.06,25
20097,5585,Rock Salt (Sendha Namak) 500g,0.43,40
20098,5586,Jaggery (Bella/Gud) 1kg,0.51,70
20099,5586,Rock Salt (Sendha Namak) 500g,0.47,40
20100,5587,Jaggery (Bella/Gud) 1kg,0.94,70
20101,5587,Rock Salt (Sendha Namak) 500g,0.37,40
20102,5588,Rock Salt (Sendha Namak) 500g,0.21,40
20103,5589,Sona Masoori Rice 5kg,6.76,350
20104,5589,Basmati Rice 5kg,12.64,550
20105,5589,Wheat Flour (Atta) 5kg,3.35,250
20106,5589,Toor Dal 1kg,4.65,140
20107,5590,Sona Masoori Rice 5kg,8.56,350
20108,5590,Wheat Flour (Atta) 5kg,1.58,250
20109,5590,Toor Dal 1kg,3.15,140
20110,5590,Moong Dal 1kg,1.03,130
20111,5591,Wheat Flour (Atta) 5kg,4.08,250
20112,5591,Moong Dal 1kg,1.36,130
20113,5591,Rajma (Kidney Beans) 1kg,3.33,160
20114,5591,Turmeric Powder 200g,2.3,60
20115,5592,Wheat Flour (Atta) 5kg,2.82,250
20116,5592,Moong Dal 1kg,2.33,130
20117,5592,Turmeric Powder 200g,2.71,60
20118,5592,Garam Masala 100g,3.92,80
20119,5593,Moong Dal 1kg,2.05,130
20120,5593,Biryani Masala 100g,4.41,100
20121,5593,Almonds (Badam) 500g,0.87,450
20122,5593,Cashew Nuts (Kaju) 500g,2.63,550
20123,5594,Biryani Masala 100g,6.98,100
20124,5594,Almonds (Badam) 500g,1.32,450
20125,5594,Peanuts (Groundnut) 500g,4.7,90
20126,5594,Sunflower Oil 1L,3.01,180
20127,5595,Almonds (Badam) 500g,0.89,450
20128,5595,Sunflower Oil 1L,1.91,180
20129,5595,Groundnut Oil 1L,0.77,220
20130,5595,Mustard Oil 1L,0.82,200
20131,5596,Almonds (Badam) 500g,1.46,450
20132,5596,Sunflower Oil 1L,2.68,180
20133,5596,Groundnut Oil 1L,0.59,220
20134,5596,Mustard Oil 1L,1.49,200
20135,5597,Almonds (Badam) 500g,1.44,450
20136,5597,Sunflower Oil 1L,1.9,180
20137,5597,Groundnut Oil 1L,1.43,220
20138,5597,Mustard Oil 1L,2.39,200
20139,5598,Almonds (Badam) 500g,0.78,450
20140,5598,Groundnut Oil 1L,0.77,220
20141,5598,Mustard Oil 1L,1.45,200
20142,5598,Pure Ghee 1L,9.97,600
20143,5599,Groundnut Oil 1L,0.64,220
20144,5599,Sugar 1kg,3.51,45
20145,5599,Jaggery (Bella/Gud) 1kg,1.34,70
20146,5599,Iodized Salt 1kg,1.74,25
20147,5600,Sugar 1kg,3.97,45
20148,5600,Jaggery (Bella/Gud) 1kg,0.49,70
20149,5600,Iodized Salt 1kg,2.31,25
20150,5601,Sugar 1kg,3.0,45
20151,5601,Jaggery (Bella/Gud) 1kg,1.37,70
20152,5601,Iodized Salt 1kg,2.05,25
20153,5602,Jaggery (Bella/Gud) 1kg,1.0,70
20154,5602,Iodized Salt 1kg,1.92,25
20155,5603,Sona Masoori Rice 5kg,4.84,350
20156,5603,Basmati Rice 5kg,7.64,550
20157,5603,Wheat Flour (Atta) 5kg,3.07,250
20158,5603,Toor Dal 1kg,1.88,140
20159,5604,Sona Masoori Rice 5kg,4.82,350
20160,5604,Basmati Rice 5kg,6.02,550
20161,5604,Wheat Flour (Atta) 5kg,2.64,250
20162,5604,Toor Dal 1kg,2.21,140
20163,5605,Sona Masoori Rice 5kg,6.28,350
20164,5605,Wheat Flour (Atta) 5kg,2.24,250
20165,5605,Toor Dal 1kg,2.94,140
20166,5605,Moong Dal 1kg,3.19,130
20167,5606,Wheat Flour (Atta) 5kg,3.37,250
20168,5606,Toor Dal 1kg,1.16,140
20169,5606,Moong Dal 1kg,3.77,130
20170,5606,Rajma (Kidney Beans) 1kg,1.14,160
20171,5607,Rajma (Kidney Beans) 1kg,1.82,160
20172,5607,Turmeric Powder 200g,1.39,60
20173,5607,Garam Masala 100g,0.28,80
20174,5607,Biryani Masala 100g,5.29,100
20175,5608,Turmeric Powder 200g,1.42,48.15
20176,5608,Garam Masala 100g,0.67,80
20177,5608,Biryani Masala 100g,4.19,100
20178,5608,Almonds (Badam) 500g,1.25,450
20179,5609,Turmeric Powder 200g,1.31,60
20180,5609,Garam Masala 100g,0.28,80
20181,5609,Almonds (Badam) 500g,1.51,450
20182,5609,Cashew Nuts (Kaju) 500g,0.78,550
20183,5610,Turmeric Powder 200g,0.51,60
20184,5610,Garam Masala 100g,0.49,80
20185,5610,Almonds (Badam) 500g,1.42,450
20186,5610,Cashew Nuts (Kaju) 500g,0.98,550
20187,5611,Turmeric Powder 200g,0.83,60
20188,5611,Garam Masala 100g,0.57,64.3
20189,5611,Almonds (Badam) 500g,2.57,450
20190,5611,Cashew Nuts (Kaju) 500g,0.81,550
20191,5612,Garam Masala 100g,0.44,80
20192,5612,Peanuts (Groundnut) 500g,1.68,90
20193,5612,Sunflower Oil 1L,1.96,180
20194,5612,Groundnut Oil 1L,1.95,220
20195,5613,Peanuts (Groundnut) 500g,0.68,90
20196,5613,Sunflower Oil 1L,2.36,180
20197,5613,Groundnut Oil 1L,1.41,220
20198,5613,Mustard Oil 1L,1.82,200
20199,5614,Peanuts (Groundnut) 500g,1.53,90
20200,5614,Sunflower Oil 1L,3.53,180
20201,5614,Groundnut Oil 1L,1.52,220
20202,5614,Mustard Oil 1L,1.06,200
20203,5615,Peanuts (Groundnut) 500g,1.36,90
20204,5615,Sunflower Oil 1L,2.25,180
20205,5615,Mustard Oil 1L,1.09,200
20206,5615,Pure Ghee 1L,2.09,600
20207,5616,Mustard Oil 1L,2.81,200
20208,5616,Pure Ghee 1L,2.55,600
20209,5616,Sugar 1kg,1.63,45
20210,5616,Jaggery (Bella/Gud) 1kg,1.82,70
20211,5617,Pure Ghee 1L,1.42,600
20212,5617,Sugar 1kg,1.34,45
20213,5617,Jaggery (Bella/Gud) 1kg,1.16,70
20214,5617,Iodized Salt 1kg,2.58,25
20215,5618,Pure Ghee 1L,1.56,600
20216,5618,Sugar 1kg,1.98,45
20217,5618,Jaggery (Bella/Gud) 1kg,1.21,70
20218,5618,Iodized Salt 1kg,3.35,21.76
20219,5619,Pure Ghee 1L,3.02,511.07
20220,5619,Sugar 1kg,2.17,45
20221,5619,Iodized Salt 1kg,1.76,25
20222,5619,Rock Salt (Sendha Namak) 500g,0.36,40
20223,5620,Sugar 1kg,2.09,45
20224,5620,Rock Salt (Sendha Namak) 500g,0.51,40
20225,5621,Sugar 1kg,1.64,45
20226,5621,Rock Salt (Sendha Namak) 500g,0.29,40
20227,5622,Rock Salt (Sendha Namak) 500g,0.35,40
20228,5623,Rock Salt (Sendha Namak) 500g,0.43,40
20229,5624,Sona Masoori Rice 5kg,4.98,391.34
20230,5624,Basmati Rice 5kg,6.2,550
20231,5624,Wheat Flour (Atta) 5kg,4.77,250
20232,5624,Toor Dal 1kg,1.94,140
20233,5625,Sona Masoori Rice 5kg,4.72,350
20234,5625,Basmati Rice 5kg,6.39,550
20235,5625,Wheat Flour (Atta) 5kg,7.93,250
20236,5625,Toor Dal 1kg,0.89,140
20237,5626,Sona Masoori Rice 5kg,3.21,350
20238,5626,Toor Dal 1kg,0.85,140
20239,5626,Moong Dal 1kg,1.39,130
20240,5626,Rajma (Kidney Beans) 1kg,0.26,160
20241,5627,Sona Masoori Rice 5kg,3.1,350
20242,5627,Toor Dal 1kg,1.59,140
20243,5627,Moong Dal 1kg,1.34,130
20244,5627,Rajma (Kidney Beans) 1kg,0.58,160
20245,5628,Toor Dal 1kg,1.95,140
20246,5628,Moong Dal 1kg,1.35,130
20247,5628,Rajma (Kidney Beans) 1kg,0.57,160
20248,5628,Turmeric Powder 200g,4.79,60
20249,5629,Moong Dal 1kg,0.77,130
20250,5629,Rajma (Kidney Beans) 1kg,0.37,160
20251,5629,Garam Masala 100g,0.28,80
20252,5629,Biryani Masala 100g,2.96,100
20253,5630,Moong Dal 1kg,1.37,130
20254,5630,Rajma (Kidney Beans) 1kg,0.5,160
20255,5630,Garam Masala 100g,0.31,80
20256,5630,Biryani Masala 100g,1.97,100
20257,5631,Moong Dal 1kg,1.17,130
20258,5631,Rajma (Kidney Beans) 1kg,0.28,160
20259,5631,Garam Masala 100g,0.24,80
20260,5631,Biryani Masala 100g,1.11,100
20261,5632,Garam Masala 100g,0.31,80
20262,5632,Biryani Masala 100g,2.69,100
20263,5632,Almonds (Badam) 500g,1.07,450
20264,5632,Cashew Nuts (Kaju) 500g,0.66,550
20265,5633,Garam Masala 100g,0.17,80
20266,5633,Biryani Masala 100g,1.83,100
20267,5633,Almonds (Badam) 500g,1.47,450
20268,5633,Cashew Nuts (Kaju) 500g,0.26,550
20269,5634,Garam Masala 100g,0.35,80
20270,5634,Almonds (Badam) 500g,2.32,450
20271,5634,Cashew Nuts (Kaju) 500g,0.36,550
20272,5634,Peanuts (Groundnut) 500g,2.53,90
20273,5635,Almonds (Badam) 500g,2.15,450
20274,5635,Cashew Nuts (Kaju) 500g,0.27,550
20275,5635,Peanuts (Groundnut) 500g,2.75,90
20276,5635,Sunflower Oil 1L,0.97,180
20277,5636,Cashew Nuts (Kaju) 500g,0.64,550
20278,5636,Sunflower Oil 1L,1.18,180
20279,5636,Groundnut Oil 1L,0.65,220
20280,5636,Mustard Oil 1L,1.55,200
20281,5637,Cashew Nuts (Kaju) 500g,0.6,550
20282,5637,Sunflower Oil 1L,1.83,180
20283,5637,Groundnut Oil 1L,1.11,220
20284,5637,Mustard Oil 1L,1.77,200
20285,5638,Sunflower Oil 1L,2.32,180
20286,5638,Groundnut Oil 1L,1.02,220
20287,5638,Mustard Oil 1L,3.22,200
20288,5638,Pure Ghee 1L,10.55,600
20289,5639,Sunflower Oil 1L,1.49,180
20290,5639,Groundnut Oil 1L,0.59,220
20291,5639,Sugar 1kg,2.24,45
20292,5639,Jaggery (Bella/Gud) 1kg,1.18,70
20293,5640,Sunflower Oil 1L,2.0,180
20294,5640,Groundnut Oil 1L,0.88,220
20295,5640,Sugar 1kg,2.4,45
20296,5640,Jaggery (Bella/Gud) 1kg,1.06,70
20297,5641,Groundnut Oil 1L,0.67,220
20298,5641,Sugar 1kg,2.23,45
20299,5641,Jaggery (Bella/Gud) 1kg,0.63,70
20300,5641,Iodized Salt 1kg,3.19,27.59
20301,5642,Sugar 1kg,2.95,45
20302,5642,Jaggery (Bella/Gud) 1kg,0.61,58.34
20303,5642,Iodized Salt 1kg,1.91,25
20304,5642,Rock Salt (Sendha Namak) 500g,0.21,40
20305,5643,Jaggery (Bella/Gud) 1kg,0.62,70
20306,5643,Iodized Salt 1kg,1.78,25
20307,5643,Rock Salt (Sendha Namak) 500g,0.2,40
20308,5644,Rock Salt (Sendha Namak) 500g,0.21,40
20309,5645,Rock Salt (Sendha Namak) 500g,0.25,40
20310,5646,Rock Salt (Sendha Namak) 500g,0.28,40
20311,5647,Rock Salt (Sendha Namak) 500g,0.18,40
20312,5648,Sona Masoori Rice 5kg,2.17,350
20313,5648,Basmati Rice 5kg,3.31,550
20314,5648,Wheat Flour (Atta) 5kg,6.76,250
20315,5648,Toor Dal 1kg,0.72,140
20316,5649,Sona Masoori Rice 5kg,1.64,350
20317,5649,Basmati Rice 5kg,1.53,550
20318,5649,Wheat Flour (Atta) 5kg,4.8,250
20319,5649,Toor Dal 1kg,0.91,140
20320,5650,Sona Masoori Rice 5kg,3.04,350
20321,5650,Basmati Rice 5kg,2.52,550
20322,5650,Toor Dal 1kg,1.51,140
20323,5650,Moong Dal 1kg,1.15,130
20324,5651,Sona Masoori Rice 5kg,3.04,350
20325,5651,Basmati Rice 5kg,2.16,550
20326,5651,Toor Dal 1kg,1.05,140
20327,5651,Moong Dal 1kg,1.11,130
20328,5652,Sona Masoori Rice 5kg,3.01,350
20329,5652,Basmati Rice 5kg,3.37,550
20330,5652,Toor Dal 1kg,1.82,140
20331,5652,Moong Dal 1kg,0.91,130
20332,5653,Sona Masoori Rice 5kg,1.58,350
20333,5653,Toor Dal 1kg,1.44,140
20334,5653,Moong Dal 1kg,1.12,130
20335,5653,Rajma (Kidney Beans) 1kg,0.94,160
20336,5654,Moong Dal 1kg,0.84,130
20337,5654,Rajma (Kidney Beans) 1kg,0.81,160
20338,5654,Turmeric Powder 200g,0.91,60
20339,5654,Garam Masala 100g,0.36,80
20340,5655,Moong Dal 1kg,1.68,130
20341,5655,Rajma (Kidney Beans) 1kg,1.24,160
20342,5655,Turmeric Powder 200g,0.85,60
20343,5655,Garam Masala 100g,0.4,80
20344,5656,Turmeric Powder 200g,1.02,60
20345,5656,Garam Masala 100g,0.6,80
20346,5656,Biryani Masala 100g,1.93,100
20347,5656,Almonds (Badam) 500g,1.23,450
20348,5657,Turmeric Powder 200g,0.96,60
20349,5657,Garam Masala 100g,0.38,80
20350,5657,Biryani Masala 100g,1.92,100
20351,5657,Almonds (Badam) 500g,0.65,450
20352,5658,Turmeric Powder 200g,0.69,60
20353,5658,Garam Masala 100g,0.44,80
20354,5658,Biryani Masala 100g,1.58,100
20355,5658,Almonds (Badam) 500g,1.33,450
20356,5659,Turmeric Powder 200g,0.95,60
20357,5659,Biryani Masala 100g,2.96,100
20358,5659,Almonds (Badam) 500g,1.28,450
20359,5659,Cashew Nuts (Kaju) 500g,0.8,550
20360,5660,Biryani Masala 100g,3.08,100
20361,5660,Almonds (Badam) 500g,1.51,450
20362,5660,Cashew Nuts (Kaju) 500g,1.14,550
20363,5660,Peanuts (Groundnut) 500g,2.65,90
20364,5661,Almonds (Badam) 500g,1.04,450
20365,5661,Cashew Nuts (Kaju) 500g,0.62,550
20366,5661,Peanuts (Groundnut) 500g,2.79,90
20367,5661,Sunflower Oil 1L,4.19,180
20368,5662,Sunflower Oil 1L,5.82,180
20369,5662,Groundnut Oil 1L,1.27,220
20370,5662,Mustard Oil 1L,1.14,200
20371,5662,Pure Ghee 1L,1.9,600
20372,5663,Groundnut Oil 1L,0.76,220
20373,5663,Mustard Oil 1L,1.77,200
20374,5663,Pure Ghee 1L,1.46,600
20375,5663,Sugar 1kg,10.77,45
20376,5664,Groundnut Oil 1L,1.01,220
20377,5664,Mustard Oil 1L,1.15,200
20378,5664,Pure Ghee 1L,1.78,600
20379,5664,Jaggery (Bella/Gud) 1kg,0.58,70
20380,5665,Groundnut Oil 1L,1.08,220
20381,5665,Mustard Oil 1L,1.65,200
20382,5665,Pure Ghee 1L,2.21,600
20383,5665,Jaggery (Bella/Gud) 1kg,0.48,70
20384,5666,Groundnut Oil 1L,0.86,220
20385,5666,Mustard Oil 1L,0.81,200
20386,5666,Pure Ghee 1L,1.31,600
20387,5666,Jaggery (Bella/Gud) 1kg,0.58,70
20388,5667,Pure Ghee 1L,1.07,600
20389,5667,Jaggery (Bella/Gud) 1kg,1.2,70
20390,5667,Iodized Salt 1kg,2.39,25
20391,5667,Rock Salt (Sendha Namak) 500g,0.38,40
20392,5668,Jaggery (Bella/Gud) 1kg,1.03,70
20393,5668,Iodized Salt 1kg,1.29,29.73
20394,5668,Rock Salt (Sendha Namak) 500g,0.46,40
20395,5669,Iodized Salt 1kg,0.97,25
20396,5669,Rock Salt (Sendha Namak) 500g,0.5,40
20397,5670,Iodized Salt 1kg,1.38,25
20398,5670,Rock Salt (Sendha Namak) 500g,0.57,40
20399,5671,Iodized Salt 1kg,1.88,25
20400,5671,Rock Salt (Sendha Namak) 500g,0.48,40
20401,5672,Rock Salt (Sendha Namak) 500g,0.54,40
20402,5673,Sona Masoori Rice 5kg,9.03,350
20403,5673,Basmati Rice 5kg,3.09,550
20404,5673,Wheat Flour (Atta) 5kg,5.09,250
20405,5673,Toor Dal 1kg,7.44,140
20406,5674,Sona Masoori Rice 5kg,6.94,350
20407,5674,Basmati Rice 5kg,1.88,550
20408,5674,Wheat Flour (Atta) 5kg,6.4,250
20409,5674,Moong Dal 1kg,1.83,130
20410,5675,Basmati Rice 5kg,3.93,550
20411,5675,Moong Dal 1kg,1.85,130
20412,5675,Rajma (Kidney Beans) 1kg,0.28,160
20413,5675,Turmeric Powder 200g,4.6,60
20414,5676,Basmati Rice 5kg,3.9,550
20415,5676,Moong Dal 1kg,0.94,130
20416,5676,Rajma (Kidney Beans) 1kg,0.45,160
20417,5676,Garam Masala 100g,0.77,80
20418,5677,Moong Dal 1kg,0.89,130
20419,5677,Rajma (Kidney Beans) 1kg,0.53,160
20420,5677,Garam Masala 100g,0.33,80
20421,5677,Biryani Masala 100g,2.53,100
20422,5678,Moong Dal 1kg,1.5,130
20423,5678,Rajma (Kidney Beans) 1kg,0.32,160
20424,5678,Garam Masala 100g,0.76,80
20425,5678,Biryani Masala 100g,1.41,100
20426,5679,Rajma (Kidney Beans) 1kg,0.51,160
20427,5679,Garam Masala 100g,0.78,80
20428,5679,Biryani Masala 100g,1.86,100
20429,5679,Almonds (Badam) 500g,2.42,450
20430,5680,Rajma (Kidney Beans) 1kg,0.6,160
20431,5680,Garam Masala 100g,0.61,80
20432,5680,Biryani Masala 100g,1.01,100
20433,5680,Almonds (Badam) 500g,2.12,450
20434,5681,Biryani Masala 100g,1.01,100
20435,5681,Almonds (Badam) 500g,1.49,450
20436,5681,Cashew Nuts (Kaju) 500g,2.79,550
20437,5681,Peanuts (Groundnut) 500g,2.05,90
20438,5682,Biryani Masala 100g,2.4,113.41
20439,5682,Almonds (Badam) 500g,1.36,450
20440,5682,Peanuts (Groundnut) 500g,2.6,90
20441,5682,Sunflower Oil 1L,4.32,180
20442,5683,Sunflower Oil 1L,1.92,180
20443,5683,Groundnut Oil 1L,1.36,220
20444,5683,Mustard Oil 1L,1.26,200
20445,5683,Pure Ghee 1L,1.14,600
20446,5684,Sunflower Oil 1L,3.32,180
20447,5684,Groundnut Oil 1L,1.47,220
20448,5684,Mustard Oil 1L,1.08,200
20449,5684,Pure Ghee 1L,2.62,600
20450,5685,Groundnut Oil 1L,1.07,220
20451,5685,Mustard Oil 1L,1.26,200
20452,5685,Pure Ghee 1L,2.58,600
20453,5685,Sugar 1kg,2.81,45
20454,5686,Groundnut Oil 1L,0.79,220
20455,5686,Mustard Oil 1L,1.18,200
20456,5686,Pure Ghee 1L,1.08,600
20457,5686,Sugar 1kg,3.42,45
20458,5687,Mustard Oil 1L,1.47,200
20459,5687,Pure Ghee 1L,2.22,600
20460,5687,Sugar 1kg,3.24,45
20461,5687,Jaggery (Bella/Gud) 1kg,2.56,70
20462,5688,Jaggery (Bella/Gud) 1kg,1.83,70
20463,5688,Iodized Salt 1kg,1.79,25
20464,5689,Iodized Salt 1kg,0.83,25
20465,5690,Iodized Salt 1kg,0.87,25
20466,5691,Iodized Salt 1kg,0.89,25
20467,5692,Iodized Salt 1kg,1.19,28.17
20468,5693,Iodized Salt 1kg,1.27,25
20469,5694,Sona Masoori Rice 5kg,10.33,350
20470,5694,Basmati Rice 5kg,1.15,550
20471,5694,Wheat Flour (Atta) 5kg,3.04,250
20472,5694,Toor Dal 1kg,1.43,140
20473,5695,Sona Masoori Rice 5kg,5.82,350
20474,5695,Basmati Rice 5kg,2.09,550
20475,5695,Wheat Flour (Atta) 5kg,2.47,250
20476,5695,Toor Dal 1kg,2.37,140
20477,5696,Basmati Rice 5kg,3.0,550
20478,5696,Wheat Flour (Atta) 5kg,3.16,250
20479,5696,Toor Dal 1kg,1.37,140
20480,5696,Moong Dal 1kg,3.69,130
20481,5697,Basmati Rice 5kg,2.92,550
20482,5697,Wheat Flour (Atta) 5kg,3.12,250
20483,5697,Toor Dal 1kg,2.56,140
20484,5697,Moong Dal 1kg,2.69,130
20485,5698,Basmati Rice 5kg,2.72,550
20486,5698,Rajma (Kidney Beans) 1kg,2.96,160
20487,5698,Turmeric Powder 200g,1.08,60
20488,5698,Garam Masala 100g,0.68,80
20489,5699,Basmati Rice 5kg,1.2,550
20490,5699,Turmeric Powder 200g,0.81,49.07
20491,5699,Garam Masala 100g,1.0,80
20492,5699,Biryani Masala 100g,1.17,100
20493,5700,Turmeric Powder 200g,1.57,60
20494,5700,Garam Masala 100g,0.37,80
20495,5700,Biryani Masala 100g,1.63,100
20496,5700,Almonds (Badam) 500g,7.7,450
20497,5701,Turmeric Powder 200g,1.41,60
20498,5701,Garam Masala 100g,0.8,80
20499,5701,Biryani Masala 100g,2.02,100
20500,5701,Cashew Nuts (Kaju) 500g,0.65,550
20501,5702,Turmeric Powder 200g,0.56,60
20502,5702,Garam Masala 100g,0.62,80
20503,5702,Biryani Masala 100g,1.19,100
20504,5702,Cashew Nuts (Kaju) 500g,0.87,550
20505,5703,Biryani Masala 100g,1.38,100
20506,5703,Cashew Nuts (Kaju) 500g,1.05,550
20507,5703,Peanuts (Groundnut) 500g,0.95,90
20508,5703,Sunflower Oil 1L,1.23,180
20509,5704,Biryani Masala 100g,2.22,100
20510,5704,Peanuts (Groundnut) 500g,1.32,90
20511,5704,Sunflower Oil 1L,2.11,180
20512,5704,Groundnut Oil 1L,0.59,220
20513,5705,Peanuts (Groundnut) 500g,2.12,90
20514,5705,Sunflower Oil 1L,1.44,180
20515,5705,Groundnut Oil 1L,0.77,220
20516,5705,Mustard Oil 1L,4.31,200
20517,5706,Peanuts (Groundnut) 500g,0.86,90
20518,5706,Sunflower Oil 1L,2.33,180
20519,5706,Groundnut Oil 1L,1.2,220
20520,5706,Mustard Oil 1L,2.43,200
20521,5707,Sunflower Oil 1L,2.7,180
20522,5707,Groundnut Oil 1L,0.86,220
20523,5707,Pure Ghee 1L,3.9,600
20524,5707,Sugar 1kg,2.07,45
20525,5708,Groundnut Oil 1L,1.31,220
20526,5708,Pure Ghee 1L,3.86,600
20527,5708,Sugar 1kg,0.97,45
20528,5708,Jaggery (Bella/Gud) 1kg,1.08,70
20529,5709,Pure Ghee 1L,2.03,600
20530,5709,Sugar 1kg,2.63,45
20531,5709,Jaggery (Bella/Gud) 1kg,0.53,70
20532,5709,Iodized Salt 1kg,2.83,25
20533,5710,Sugar 1kg,1.9,45
20534,5710,Jaggery (Bella/Gud) 1kg,1.03,70
20535,5710,Iodized Salt 1kg,4.9,25
20536,5710,Rock Salt (Sendha Namak) 500g,0.27,40
20537,5711,Sugar 1kg,2.86,45
20538,5711,Jaggery (Bella/Gud) 1kg,0.98,70
20539,5711,Rock Salt (Sendha Namak) 500g,0.41,40
20540,5712,Jaggery (Bella/Gud) 1kg,0.56,77.07
20541,5712,Rock Salt (Sendha Namak) 500g,0.45,40
20542,5713,Sona Masoori Rice 5kg,5.23,350
20543,5713,Basmati Rice 5kg,12.39,550
20544,5713,Wheat Flour (Atta) 5kg,1.31,250
20545,5713,Toor Dal 1kg,2.81,140
20546,5714,Sona Masoori Rice 5kg,8.92,350
20547,5714,Wheat Flour (Atta) 5kg,2.95,250
20548,5714,Toor Dal 1kg,4.52,140
20549,5714,Moong Dal 1kg,2.32,130
20550,5715,Wheat Flour (Atta) 5kg,3.01,250
20551,5715,Moong Dal 1kg,1.91,130
20552,5715,Rajma (Kidney Beans) 1kg,3.2,160
20553,5715,Turmeric Powder 200g,1.09,60
20554,5716,Wheat Flour (Atta) 5kg,1.69,250
20555,5716,Moong Dal 1kg,1.16,130
20556,5716,Turmeric Powder 200g,1.29,60
20557,5716,Garam Masala 100g,1.96,80
20558,5717,Wheat Flour (Atta) 5kg,2.55,250
20559,5717,Moong Dal 1kg,1.92,130
20560,5717,Turmeric Powder 200g,0.63,60
20561,5717,Biryani Masala 100g,1.65,100
20562,5718,Turmeric Powder 200g,0.53,60
20563,5718,Biryani Masala 100g,1.22,100
20564,5718,Almonds (Badam) 500g,1.5,450
20565,5718,Cashew Nuts (Kaju) 500g,2.91,550
20566,5719,Turmeric Powder 200g,0.6,60
20567,5719,Biryani Masala 100g,2.06,100
20568,5719,Almonds (Badam) 500g,1.21,450
20569,5719,Peanuts (Groundnut) 500g,1.22,90
20570,5720,Turmeric Powder 200g,0.55,60
20571,5720,Biryani Masala 100g,1.45,100
20572,5720,Almonds (Badam) 500g,1.01,450
20573,5720,Peanuts (Groundnut) 500g,0.62,90
20574,5721,Biryani Masala 100g,1.59,100
20575,5721,Almonds (Badam) 500g,1.0,450
20576,5721,Peanuts (Groundnut) 500g,1.17,90
20577,5721,Sunflower Oil 1L,3.94,180
20578,5722,Biryani Masala 100g,2.45,100
20579,5722,Almonds (Badam) 500g,0.8,516.56
20580,5722,Peanuts (Groundnut) 500g,1.48,90
20581,5722,Sunflower Oil 1L,2.55,180
20582,5723,Almonds (Badam) 500g,0.93,450
20583,5723,Peanuts (Groundnut) 500g,0.79,90
20584,5723,Sunflower Oil 1L,4.42,180
20585,5723,Groundnut Oil 1L,0.91,220
20586,5724,Groundnut Oil 1L,0.7,220
20587,5724,Mustard Oil 1L,0.89,200
20588,5724,Pure Ghee 1L,5.07,600
20589,5724,Sugar 1kg,6.53,45
20590,5725,Groundnut Oil 1L,0.8,220
20591,5725,Mustard Oil 1L,1.06,200
20592,5725,Pure Ghee 1L,2.08,600
20593,5725,Sugar 1kg,2.54,45
20594,5726,Groundnut Oil 1L,0.87,220
20595,5726,Mustard Oil 1L,1.15,200
20596,5726,Pure Ghee 1L,2.63,600
20597,5726,Jaggery (Bella/Gud) 1kg,2.47,70
20598,5727,Groundnut Oil 1L,0.59,220
20599,5727,Mustard Oil 1L,0.88,200
20600,5727,Jaggery (Bella/Gud) 1kg,1.45,70
20601,5727,Iodized Salt 1kg,0.93,20.59
20602,5728,Groundnut Oil 1L,0.52,220
20603,5728,Mustard Oil 1L,1.16,200
20604,5728,Iodized Salt 1kg,1.03,25
20605,5728,Rock Salt (Sendha Namak) 500g,1.09,40
20606,5729,Mustard Oil 1L,1.2,200
20607,5729,Iodized Salt 1kg,0.91,25
20608,5729,Rock Salt (Sendha Namak) 500g,0.95,40
20609,5730,Iodized Salt 1kg,2.17,25
20610,5731,Iodized Salt 1kg,1.14,25
20611,5732,Iodized Salt 1kg,1.54,25
20612,5733,Sona Masoori Rice 5kg,2.56,350
20613,5733,Basmati Rice 5kg,3.73,550
20614,5733,Wheat Flour (Atta) 5kg,4.91,250
20615,5733,Toor Dal 1kg,7.92,140
20616,5734,Sona Masoori Rice 5kg,2.57,350
20617,5734,Basmati Rice 5kg,2.85,652.2
20618,5734,Wheat Flour (Atta) 5kg,2.74,250
20619,5734,Moong Dal 1kg,1.97,130
20620,5735,Sona Masoori Rice 5kg,2.58,350
20621,5735,Basmati Rice 5kg,2.97,550
20622,5735,Wheat Flour (Atta) 5kg,4.7,250
20623,5735,Moong Dal 1kg,2.03,130
20624,5736,Sona Masoori Rice 5kg,2.74,350
20625,5736,Basmati Rice 5kg,4.78,550
20626,5736,Moong Dal 1kg,1.29,130
20627,5736,Rajma (Kidney Beans) 1kg,1.07,160
20628,5737,Sona Masoori Rice 5kg,2.44,350
20629,5737,Moong Dal 1kg,2.39,130
20630,5737,Rajma (Kidney Beans) 1kg,0.75,160
20631,5737,Turmeric Powder 200g,5.06,60
20632,5738,Sona Masoori Rice 5kg,1.98,350
20633,5738,Rajma (Kidney Beans) 1kg,0.93,160
20634,5738,Garam Masala 100g,2.36,80
20635,5738,Biryani Masala 100g,1.59,100
20636,5739,Biryani Masala 100g,1.64,100
20637,5739,Almonds (Badam) 500g,2.1,450
20638,5739,Cashew Nuts (Kaju) 500g,2.75,550
20639,5739,Peanuts (Groundnut) 500g,1.83,90
20640,5740,Biryani Masala 100g,1.81,100
20641,5740,Almonds (Badam) 500g,2.52,450
20642,5740,Peanuts (Groundnut) 500g,3.32,90
20643,5740,Sunflower Oil 1L,2.31,180
20644,5741,Biryani Masala 100g,3.23,118.96
20645,5741,Almonds (Badam) 500g,1.7,450
20646,5741,Sunflower Oil 1L,2.39,180
20647,5741,Groundnut Oil 1L,2.7,220
20648,5742,Biryani Masala 100g,2.42,100
20649,5742,Almonds (Badam) 500g,1.38,450
20650,5742,Sunflower Oil 1L,2.79,180
20651,5742,Groundnut Oil 1L,1.53,220
20652,5743,Sunflower Oil 1L,2.79,180
20653,5743,Mustard Oil 1L,2.31,200
20654,5743,Pure Ghee 1L,5.88,600
20655,5743,Sugar 1kg,5.38,45
20656,5744,Mustard Oil 1L,4.46,200
20657,5744,Pure Ghee 1L,3.74,600
20658,5744,Sugar 1kg,3.87,45
20659,5744,Jaggery (Bella/Gud) 1kg,0.65,70
20660,5745,Jaggery (Bella/Gud) 1kg,0.95,70
20661,5745,Iodized Salt 1kg,2.32,25
20662,5745,Rock Salt (Sendha Namak) 500g,1.81,44.89
20663,5746,Jaggery (Bella/Gud) 1kg,0.99,70
20664,5746,Iodized Salt 1kg,4.66,25
20665,5747,Jaggery (Bella/Gud) 1kg,0.69,70
20666,5748,Jaggery (Bella/Gud) 1kg,0.67,70
20667,5749,Sona Masoori Rice 5kg,1.62,350
20668,5749,Basmati Rice 5kg,2.08,550
20669,5749,Wheat Flour (Atta) 5kg,3.43,201.96
20670,5749,Toor Dal 1kg,0.94,140
20671,5750,Sona Masoori Rice 5kg,3.02,411.03
20672,5750,Basmati Rice 5kg,2.6,550
20673,5750,Wheat Flour (Atta) 5kg,2.88,250
20674,5750,Toor Dal 1kg,2.14,140
20675,5751,Sona Masoori Rice 5kg,1.77,350
20676,5751,Basmati Rice 5kg,1.67,550
20677,5751,Wheat Flour (Atta) 5kg,1.34,250
20678,5751,Toor Dal 1kg,1.15,140
20679,5752,Sona Masoori Rice 5kg,3.19,350
20680,5752,Basmati Rice 5kg,1.15,550
20681,5752,Wheat Flour (Atta) 5kg,1.45,250
20682,5752,Toor Dal 1kg,1.07,140
20683,5753,Sona Masoori Rice 5kg,3.27,350
20684,5753,Basmati Rice 5kg,2.72,550
20685,5753,Wheat Flour (Atta) 5kg,1.44,250
20686,5753,Toor Dal 1kg,2.31,140
20687,5754,Sona Masoori Rice 5kg,2.99,350
20688,5754,Basmati Rice 5kg,2.63,550
20689,5754,Wheat Flour (Atta) 5kg,1.63,250
20690,5754,Moong Dal 1kg,2.8,130
20691,5755,Moong Dal 1kg,3.76,130
20692,5755,Rajma (Kidney Beans) 1kg,2.58,160
20693,5755,Turmeric Powder 200g,5.49,60
20694,5755,Biryani Masala 100g,1.86,100
20695,5756,Biryani Masala 100g,1.85,100
20696,5756,Almonds (Badam) 500g,1.35,450
20697,5756,Cashew Nuts (Kaju) 500g,0.54,550
20698,5756,Peanuts (Groundnut) 500g,5.39,90
20699,5757,Biryani Masala 100g,1.88,100
20700,5757,Almonds (Badam) 500g,1.5,450
20701,5757,Cashew Nuts (Kaju) 500g,0.64,550
20702,5757,Sunflower Oil 1L,1.55,180
20703,5758,Biryani Masala 100g,1.95,100
20704,5758,Almonds (Badam) 500g,2.28,450
20705,5758,Cashew Nuts (Kaju) 500g,0.51,550
20706,5758,Sunflower Oil 1L,1.86,180
20707,5759,Biryani Masala 100g,1.9,100
20708,5759,Almonds (Badam) 500g,2.21,450
20709,5759,Cashew Nuts (Kaju) 500g,0.77,550
20710,5759,Sunflower Oil 1L,1.24,180
20711,5760,Biryani Masala 100g,1.43,100
20712,5760,Cashew Nuts (Kaju) 500g,0.32,550
20713,5760,Sunflower Oil 1L,1.63,180
20714,5760,Groundnut Oil 1L,4.83,220
20715,5761,Sunflower Oil 1L,1.92,180
20716,5761,Mustard Oil 1L,6.09,200
20717,5761,Pure Ghee 1L,2.98,600
20718,5761,Sugar 1kg,2.95,45
20719,5762,Sunflower Oil 1L,1.94,180
20720,5762,Pure Ghee 1L,1.9,675.81
20721,5762,Sugar 1kg,1.2,45
20722,5762,Jaggery (Bella/Gud) 1kg,1.0,70
20723,5763,Pure Ghee 1L,3.07,600
20724,5763,Sugar 1kg,1.57,45
20725,5763,Jaggery (Bella/Gud) 1kg,0.94,70
20726,5763,Iodized Salt 1kg,7.91,25
20727,5764,Pure Ghee 1L,3.29,600
20728,5764,Sugar 1kg,2.65,45
20729,5764,Jaggery (Bella/Gud) 1kg,0.68,70
20730,5764,Rock Salt (Sendha Namak) 500g,1.33,40
20731,5765,Sugar 1kg,2.19,45
20732,5765,Jaggery (Bella/Gud) 1kg,1.07,70
20733,5765,Rock Salt (Sendha Namak) 500g,1.69,40
20734,5766,Jaggery (Bella/Gud) 1kg,0.68,70
20735,5767,Sona Masoori Rice 5kg,2.56,350
20736,5767,Basmati Rice 5kg,1.77,550
20737,5767,Wheat Flour (Atta) 5kg,6.11,250
20738,5767,Toor Dal 1kg,1.91,140
20739,5768,Sona Masoori Rice 5kg,2.71,350
20740,5768,Basmati Rice 5kg,2.52,550
20741,5768,Wheat Flour (Atta) 5kg,5.74,250
20742,5768,Toor Dal 1kg,2.28,140
20743,5769,Sona Masoori Rice 5kg,5.52,350
20744,5769,Basmati Rice 5kg,3.54,550
20745,5769,Toor Dal 1kg,2.29,140
20746,5769,Moong Dal 1kg,6.88,130
20747,5770,Sona Masoori Rice 5kg,5.52,350
20748,5770,Basmati Rice 5kg,3.39,617.22
20749,5770,Toor Dal 1kg,1.04,140
20750,5770,Rajma (Kidney Beans) 1kg,0.5,160
20751,5771,Basmati Rice 5kg,1.95,550
20752,5771,Rajma (Kidney Beans) 1kg,0.5,160
20753,5771,Turmeric Powder 200g,5.24,60
20754,5771,Garam Masala 100g,0.46,80
20755,5772,Rajma (Kidney Beans) 1kg,0.58,160
20756,5772,Garam Masala 100g,0.56,80
20757,5772,Biryani Masala 100g,2.77,100
20758,5772,Almonds (Badam) 500g,2.71,450
20759,5773,Rajma (Kidney Beans) 1kg,0.57,160
20760,5773,Garam Masala 100g,0.33,80
20761,5773,Biryani Masala 100g,1.8,100
20762,5773,Almonds (Badam) 500g,3.68,450
20763,5774,Rajma (Kidney Beans) 1kg,0.5,160
20764,5774,Garam Masala 100g,0.46,80
20765,5774,Biryani Masala 100g,2.64,100
20766,5774,Cashew Nuts (Kaju) 500g,0.67,550
20767,5775,Rajma (Kidney Beans) 1kg,0.35,160
20768,5775,Garam Masala 100g,0.39,80
20769,5775,Biryani Masala 100g,1.37,100
20770,5775,Cashew Nuts (Kaju) 500g,0.44,550
20771,5776,Garam Masala 100g,0.36,89.16
20772,5776,Biryani Masala 100g,2.51,100
20773,5776,Cashew Nuts (Kaju) 500g,0.27,550
20774,5776,Peanuts (Groundnut) 500g,1.17,90
20775,5777,Cashew Nuts (Kaju) 500g,0.58,550
20776,5777,Peanuts (Groundnut) 500g,1.53,90
20777,5777,Sunflower Oil 1L,1.53,180
20778,5777,Groundnut Oil 1L,1.49,220
20779,5778,Cashew Nuts (Kaju) 500g,0.64,550
20780,5778,Peanuts (Groundnut) 500g,0.62,90
20781,5778,Sunflower Oil 1L,1.56,180
20782,5778,Groundnut Oil 1L,0.61,220
20783,5779,Cashew Nuts (Kaju) 500g,0.36,550
20784,5779,Peanuts (Groundnut) 500g,0.77,90
20785,5779,Sunflower Oil 1L,2.03,180
20786,5779,Groundnut Oil 1L,0.58,220
20787,5780,Peanuts (Groundnut) 500g,1.35,90
20788,5780,Sunflower Oil 1L,1.72,147.31
20789,5780,Groundnut Oil 1L,1.25,220
20790,5780,Mustard Oil 1L,1.21,200
20791,5781,Sunflower Oil 1L,1.51,180
20792,5781,Groundnut Oil 1L,1.0,220
20793,5781,Mustard Oil 1L,0.56,200
20794,5781,Pure Ghee 1L,2.12,600
20795,5782,Sunflower Oil 1L,1.4,180
20796,5782,Mustard Oil 1L,1.32,200
20797,5782,Pure Ghee 1L,1.22,600
20798,5782,Sugar 1kg,3.11,45
20799,5783,Mustard Oil 1L,1.33,200
20800,5783,Pure Ghee 1L,1.15,600
20801,5783,Sugar 1kg,4.32,45
20802,5783,Jaggery (Bella/Gud) 1kg,1.66,62.89
20803,5784,Mustard Oil 1L,1.23,200
20804,5784,Pure Ghee 1L,2.03,600
20805,5784,Sugar 1kg,3.18,45
20806,5784,Jaggery (Bella/Gud) 1kg,1.48,70
20807,5785,Pure Ghee 1L,1.47,600
20808,5785,Jaggery (Bella/Gud) 1kg,0.98,70
20809,5785,Iodized Salt 1kg,1.05,25
20810,5786,Pure Ghee 1L,2.18,600
20811,5786,Iodized Salt 1kg,2.11,25
20812,5787,Iodized Salt 1kg,1.19,25
20813,5788,Iodized Salt 1kg,1.75,25
20814,5789,Iodized Salt 1kg,0.93,25
20815,5790,Sona Masoori Rice 5kg,6.15,350
20816,5790,Basmati Rice 5kg,3.15,550
20817,5790,Wheat Flour (Atta) 5kg,2.34,250
20818,5790,Toor Dal 1kg,2.38,140
20819,5791,Sona Masoori Rice 5kg,7.7,350
20820,5791,Basmati Rice 5kg,3.12,550
20821,5791,Wheat Flour (Atta) 5kg,3.22,250
20822,5791,Toor Dal 1kg,1.53,140
20823,5792,Basmati Rice 5kg,1.38,550
20824,5792,Wheat Flour (Atta) 5kg,5.79,250
20825,5792,Toor Dal 1kg,2.23,140
20826,5792,Moong Dal 1kg,7.47,130
20827,5793,Basmati Rice 5kg,3.13,550
20828,5793,Toor Dal 1kg,1.72,140
20829,5793,Rajma (Kidney Beans) 1kg,0.36,160
20830,5793,Turmeric Powder 200g,0.84,60
20831,5794,Basmati Rice 5kg,2.97,550
20832,5794,Rajma (Kidney Beans) 1kg,0.57,160
20833,5794,Turmeric Powder 200g,1.41,60
20834,5794,Garam Masala 100g,1.45,80
20835,5795,Rajma (Kidney Beans) 1kg,0.48,160
20836,5795,Turmeric Powder 200g,1.41,60
20837,5795,Garam Masala 100g,1.12,80
20838,5795,Biryani Masala 100g,10.69,100
20839,5796,Rajma (Kidney Beans) 1kg,0.76,160
20840,5796,Turmeric Powder 200g,0.98,60
20841,5796,Garam Masala 100g,1.33,80
20842,5796,Almonds (Badam) 500g,0.75,450
20843,5797,Rajma (Kidney Beans) 1kg,0.56,160
20844,5797,Almonds (Badam) 500g,2.12,450
20845,5797,Cashew Nuts (Kaju) 500g,0.39,550
20846,5797,Peanuts (Groundnut) 500g,1.57,90
20847,5798,Rajma (Kidney Beans) 1kg,0.52,160
20848,5798,Almonds (Badam) 500g,0.93,450
20849,5798,Cashew Nuts (Kaju) 500g,0.54,550
20850,5798,Peanuts (Groundnut) 500g,1.07,90
20851,5799,Almonds (Badam) 500g,1.88,450
20852,5799,Cashew Nuts (Kaju) 500g,0.35,550
20853,5799,Peanuts (Groundnut) 500g,1.4,90
20854,5799,Sunflower Oil 1L,9.67,180
20855,5800,Almonds (Badam) 500g,1.53,450
20856,5800,Cashew Nuts (Kaju) 500g,0.54,550
20857,5800,Peanuts (Groundnut) 500g,0.56,100.94
20858,5800,Groundnut Oil 1L,0.83,220
20859,5801,Cashew Nuts (Kaju) 500g,0.6,550
20860,5801,Groundnut Oil 1L,1.51,220
20861,5801,Mustard Oil 1L,6.21,200
20862,5801,Pure Ghee 1L,2.88,600
20863,5802,Cashew Nuts (Kaju) 500g,0.45,550
20864,5802,Groundnut Oil 1L,1.06,220
20865,5802,Pure Ghee 1L,2.39,600
20866,5802,Sugar 1kg,1.86,45
20867,5803,Groundnut Oil 1L,1.23,220
20868,5803,Pure Ghee 1L,2.69,600
20869,5803,Sugar 1kg,1.95,45
20870,5803,Jaggery (Bella/Gud) 1kg,0.53,70
20871,5804,Pure Ghee 1L,1.64,600
20872,5804,Sugar 1kg,2.3,45
20873,5804,Jaggery (Bella/Gud) 1kg,0.96,70
20874,5804,Iodized Salt 1kg,5.5,25
20875,5805,Pure Ghee 1L,1.33,600
20876,5805,Sugar 1kg,1.51,45
20877,5805,Jaggery (Bella/Gud) 1kg,0.44,70
20878,5805,Iodized Salt 1kg,2.74,25
20879,5806,Sugar 1kg,1.96,45
20880,5806,Jaggery (Bella/Gud) 1kg,0.6,70
20881,5806,Rock Salt (Sendha Namak) 500g,0.48,40
20882,5807,Jaggery (Bella/Gud) 1kg,0.79,70
20883,5807,Rock Salt (Sendha Namak) 500g,0.27,40
20884,5808,Jaggery (Bella/Gud) 1kg,0.94,70
20885,5808,Rock Salt (Sendha Namak) 500g,0.31,40
20886,5809,Sona Masoori Rice 5kg,6.7,350
20887,5809,Basmati Rice 5kg,6.56,550
20888,5809,Wheat Flour (Atta) 5kg,3.15,250
20889,5809,Toor Dal 1kg,2.27,140
20890,5810,Sona Masoori Rice 5kg,3.49,350
20891,5810,Basmati Rice 5kg,2.86,550
20892,5810,Wheat Flour (Atta) 5kg,2.85,250
20893,5810,Toor Dal 1kg,1.67,140
20894,5811,Sona Masoori Rice 5kg,4.77,350
20895,5811,Basmati Rice 5kg,3.26,550
20896,5811,Wheat Flour (Atta) 5kg,3.15,250
20897,5811,Toor Dal 1kg,2.25,140
20898,5812,Wheat Flour (Atta) 5kg,1.74,250
20899,5812,Toor Dal 1kg,2.09,140
20900,5812,Moong Dal 1kg,1.57,130
20901,5812,Rajma (Kidney Beans) 1kg,0.67,160
20902,5813,Wheat Flour (Atta) 5kg,2.12,250
20903,5813,Moong Dal 1kg,0.89,130
20904,5813,Rajma (Kidney Beans) 1kg,0.42,160
20905,5813,Turmeric Powder 200g,1.63,60
20906,5814,Moong Dal 1kg,1.3,130
20907,5814,Rajma (Kidney Beans) 1kg,0.69,160
20908,5814,Turmeric Powder 200g,2.12,60
20909,5814,Garam Masala 100g,0.83,80
20910,5815,Moong Dal 1kg,1.63,130
20911,5815,Rajma (Kidney Beans) 1kg,0.48,160
20912,5815,Turmeric Powder 200g,1.59,60
20913,5815,Garam Masala 100g,0.7,80
20914,5816,Moong Dal 1kg,1.54,130
20915,5816,Rajma (Kidney Beans) 1kg,0.57,160
20916,5816,Garam Masala 100g,0.88,80
20917,5816,Biryani Masala 100g,1.19,100
20918,5817,Garam Masala 100g,0.46,80
20919,5817,Biryani Masala 100g,2.64,100
20920,5817,Almonds (Badam) 500g,6.81,450
20921,5817,Cashew Nuts (Kaju) 500g,0.49,550
20922,5818,Biryani Masala 100g,2.49,100
20923,5818,Cashew Nuts (Kaju) 500g,0.32,550
20924,5818,Peanuts (Groundnut) 500g,0.54,90
20925,5818,Sunflower Oil 1L,1.82,180
20926,5819,Biryani Masala 100g,1.32,100
20927,5819,Cashew Nuts (Kaju) 500g,0.44,550
20928,5819,Peanuts (Groundnut) 500g,0.84,90
20929,5819,Sunflower Oil 1L,0.85,180
20930,5820,Biryani Masala 100g,3.1,100
20931,5820,Cashew Nuts (Kaju) 500g,0.82,550
20932,5820,Peanuts (Groundnut) 500g,0.64,90
20933,5820,Sunflower Oil 1L,1.89,180
20934,5821,Cashew Nuts (Kaju) 500g,0.72,550
20935,5821,Peanuts (Groundnut) 500g,0.99,90
20936,5821,Sunflower Oil 1L,1.46,180
20937,5821,Groundnut Oil 1L,1.58,220
20938,5822,Peanuts (Groundnut) 500g,1.15,90
20939,5822,Sunflower Oil 1L,2.08,180
20940,5822,Groundnut Oil 1L,1.7,220
20941,5822,Mustard Oil 1L,3.19,200
20942,5823,Peanuts (Groundnut) 500g,1.16,90
20943,5823,Sunflower Oil 1L,1.99,180
20944,5823,Groundnut Oil 1L,0.76,220
20945,5823,Mustard Oil 1L,3.13,220.98
20946,5824,Groundnut Oil 1L,0.78,220
20947,5824,Pure Ghee 1L,6.82,600
20948,5824,Sugar 1kg,5.14,45
20949,5824,Jaggery (Bella/Gud) 1kg,1.06,70
20950,5825,Pure Ghee 1L,4.67,600
20951,5825,Sugar 1kg,5.25,45
20952,5825,Jaggery (Bella/Gud) 1kg,0.59,70
20953,5825,Iodized Salt 1kg,2.14,25
20954,5826,Jaggery (Bella/Gud) 1kg,0.4,70
20955,5826,Iodized Salt 1kg,1.24,25
20956,5826,Rock Salt (Sendha Namak) 500g,0.96,40
20957,5827,Jaggery (Bella/Gud) 1kg,0.8,70
20958,5827,Iodized Salt 1kg,2.31,25
20959,5827,Rock Salt (Sendha Namak) 500g,0.66,40
20960,5828,Jaggery (Bella/Gud) 1kg,0.63,70
20961,5828,Iodized Salt 1kg,1.75,25
20962,5829,Jaggery (Bella/Gud) 1kg,0.67,70
20963,5830,Sona Masoori Rice 5kg,14.03,350
20964,5830,Basmati Rice 5kg,1.45,550
20965,5830,Wheat Flour (Atta) 5kg,2.14,250
20966,5830,Toor Dal 1kg,2.17,140
20967,5831,Basmati Rice 5kg,2.37,550
20968,5831,Wheat Flour (Atta) 5kg,1.34,250
20969,5831,Toor Dal 1kg,1.65,140
20970,5831,Moong Dal 1kg,0.93,130
20971,5832,Basmati Rice 5kg,2.52,550
20972,5832,Wheat Flour (Atta) 5kg,3.55,250
20973,5832,Toor Dal 1kg,1.76,140
20974,5832,Moong Dal 1kg,1.93,130
20975,5833,Basmati Rice 5kg,2.73,550
20976,5833,Wheat Flour (Atta) 5kg,3.93,250
20977,5833,Toor Dal 1kg,2.0,140
20978,5833,Moong Dal 1kg,1.94,130
20979,5834,Basmati Rice 5kg,1.9,550
20980,5834,Toor Dal 1kg,1.12,140
20981,5834,Moong Dal 1kg,1.77,130
20982,5834,Rajma (Kidney Beans) 1kg,2.61,160
20983,5835,Basmati Rice 5kg,2.27,550
20984,5835,Turmeric Powder 200g,4.83,60
20985,5835,Garam Masala 100g,0.55,80
20986,5835,Biryani Masala 100g,3.68,100
20987,5836,Garam Masala 100g,0.79,80
20988,5836,Biryani Masala 100g,2.52,100
20989,5836,Almonds (Badam) 500g,0.87,450
20990,5836,Cashew Nuts (Kaju) 500g,2.77,550
20991,5837,Garam Masala 100g,0.56,80
20992,5837,Biryani Masala 100g,3.57,100
20993,5837,Almonds (Badam) 500g,1.76,450
20994,5837,Peanuts (Groundnut) 500g,0.85,78.75
20995,5838,Garam Masala 100g,0.59,80
20996,5838,Almonds (Badam) 500g,1.63,450
20997,5838,Peanuts (Groundnut) 500g,0.85,90
20998,5838,Sunflower Oil 1L,9.61,180
20999,5839,Garam Masala 100g,0.63,80
21000,5839,Almonds (Badam) 500g,1.57,450
21001,5839,Peanuts (Groundnut) 500g,0.98,90
21002,5839,Groundnut Oil 1L,1.55,220
21003,5840,Garam Masala 100g,0.55,80
21004,5840,Almonds (Badam) 500g,1.0,450
21005,5840,Peanuts (Groundnut) 500g,0.45,90
21006,5840,Groundnut Oil 1L,1.36,220
21007,5841,Peanuts (Groundnut) 500g,0.87,90
21008,5841,Groundnut Oil 1L,1.54,220
21009,5841,Mustard Oil 1L,0.87,200
21010,5841,Pure Ghee 1L,5.1,600
21011,5842,Peanuts (Groundnut) 500g,0.99,90
21012,5842,Mustard Oil 1L,1.04,200
21013,5842,Pure Ghee 1L,3.06,600
21014,5842,Sugar 1kg,3.71,45
21015,5843,Mustard Oil 1L,1.26,200
21016,5843,Pure Ghee 1L,3.25,600
21017,5843,Sugar 1kg,5.93,45
21018,5843,Jaggery (Bella/Gud) 1kg,1.14,70
21019,5844,Mustard Oil 1L,0.82,200
21020,5844,Jaggery (Bella/Gud) 1kg,0.98,70
21021,5844,Iodized Salt 1kg,2.86,25
21022,5844,Rock Salt (Sendha Namak) 500g,1.21,40
21023,5845,Mustard Oil 1L,1.49,200
21024,5845,Jaggery (Bella/Gud) 1kg,1.64,70
21025,5845,Iodized Salt 1kg,4.5,25
21026,5845,Rock Salt (Sendha Namak) 500g,1.25,40
21027,5846,Mustard Oil 1L,1.15,200
21028,5847,Sona Masoori Rice 5kg,15.41,350
21029,5847,Basmati Rice 5kg,4.03,550
21030,5847,Wheat Flour (Atta) 5kg,12.9,250
21031,5847,Toor Dal 1kg,1.25,140
21032,5848,Basmati Rice 5kg,2.56,550
21033,5848,Toor Dal 1kg,1.0,140
21034,5848,Moong Dal 1kg,3.42,130
21035,5848,Rajma (Kidney Beans) 1kg,1.11,160
21036,5849,Basmati Rice 5kg,3.97,550
21037,5849,Toor Dal 1kg,1.94,140
21038,5849,Moong Dal 1kg,3.44,130
21039,5849,Rajma (Kidney Beans) 1kg,1.85,160
21040,5850,Basmati Rice 5kg,2.01,550
21041,5850,Toor Dal 1kg,1.78,140
21042,5850,Turmeric Powder 200g,4.59,60
21043,5850,Garam Masala 100g,0.13,80
21044,5851,Toor Dal 1kg,2.36,140
21045,5851,Garam Masala 100g,0.31,80
21046,5851,Biryani Masala 100g,11.42,100
21047,5851,Almonds (Badam) 500g,1.7,450
21048,5852,Garam Masala 100g,0.27,80
21049,5852,Almonds (Badam) 500g,2.1,450
21050,5852,Cashew Nuts (Kaju) 500g,2.06,550
21051,5852,Peanuts (Groundnut) 500g,4.55,102.43
21052,5853,Garam Masala 100g,0.22,80
21053,5853,Almonds (Badam) 500g,3.66,450
21054,5853,Cashew Nuts (Kaju) 500g,1.02,550
21055,5853,Sunflower Oil 1L,4.96,180
21056,5854,Garam Masala 100g,0.13,80
21057,5854,Sunflower Oil 1L,4.97,180
21058,5854,Groundnut Oil 1L,0.71,220
21059,5854,Mustard Oil 1L,0.82,200
21060,5855,Garam Masala 100g,0.27,80
21061,5855,Groundnut Oil 1L,1.18,220
21062,5855,Mustard Oil 1L,1.29,163.32
21063,5855,Pure Ghee 1L,10.71,600
21064,5856,Groundnut Oil 1L,0.57,220
21065,5856,Mustard Oil 1L,0.92,200
21066,5856,Sugar 1kg,2.67,45
21067,5856,Jaggery (Bella/Gud) 1kg,3.8,70
21068,5857,Groundnut Oil 1L,1.0,220
21069,5857,Mustard Oil 1L,0.99,200
21070,5857,Sugar 1kg,1.2,45
21071,5857,Iodized Salt 1kg,7.65,25
21072,5858,Groundnut Oil 1L,1.31,220
21073,5858,Mustard Oil 1L,1.8,200
21074,5858,Sugar 1kg,1.76,45
21075,5858,Rock Salt (Sendha Namak) 500g,0.59,40
21076,5859,Mustard Oil 1L,1.01,200
21077,5859,Sugar 1kg,1.95,45
21078,5859,Rock Salt (Sendha Namak) 500g,0.37,40
21079,5860,Sugar 1kg,2.19,45
21080,5860,Rock Salt (Sendha Namak) 500g,0.51,40
21081,5861,Rock Salt (Sendha Namak) 500g,0.25,40
21082,5862,Rock Salt (Sendha Namak) 500g,0.52,33.37
21083,5863,Sona Masoori Rice 5kg,15.14,350
21084,5863,Basmati Rice 5kg,3.18,550
21085,5863,Wheat Flour (Atta) 5kg,3.23,250
21086,5863,Toor Dal 1kg,8.64,140
21087,5864,Basmati Rice 5kg,4.5,550
21088,5864,Wheat Flour (Atta) 5kg,2.04,250
21089,5864,Moong Dal 1kg,0.94,130
21090,5864,Rajma (Kidney Beans) 1kg,1.63,160
21091,5865,Basmati Rice 5kg,4.91,550
21092,5865,Wheat Flour (Atta) 5kg,1.9,250
21093,5865,Moong Dal 1kg,2.07,130
21094,5865,Rajma (Kidney Beans) 1kg,1.67,160
21095,5866,Wheat Flour (Atta) 5kg,3.55,250
21096,5866,Moong Dal 1kg,2.01,130
21097,5866,Turmeric Powder 200g,1.59,60
21098,5866,Biryani Masala 100g,2.78,100
21099,5867,Wheat Flour (Atta) 5kg,1.65,250
21100,5867,Moong Dal 1kg,2.2,130
21101,5867,Turmeric Powder 200g,0.77,60
21102,5867,Biryani Masala 100g,1.1,100
21103,5868,Turmeric Powder 200g,1.39,60
21104,5868,Biryani Masala 100g,1.43,100
21105,5868,Almonds (Badam) 500g,1.72,450
21106,5868,Cashew Nuts (Kaju) 500g,3.11,550
21107,5869,Turmeric Powder 200g,0.99,60
21108,5869,Biryani Masala 100g,1.91,100
21109,5869,Almonds (Badam) 500g,0.87,450
21110,5869,Peanuts (Groundnut) 500g,0.98,90
21111,5870,Biryani Masala 100g,1.7,100
21112,5870,Almonds (Badam) 500g,1.78,450
21113,5870,Peanuts (Groundnut) 500g,0.94,90
21114,5870,Sunflower Oil 1L,7.13,180
21115,5871,Biryani Masala 100g,2.37,100
21116,5871,Almonds (Badam) 500g,1.75,450
21117,5871,Peanuts (Groundnut) 500g,0.36,90
21118,5871,Sunflower Oil 1L,3.42,180
21119,5872,Almonds (Badam) 500g,1.29,450
21120,5872,Peanuts (Groundnut) 500g,0.83,90
21121,5872,Groundnut Oil 1L,2.63,220
21122,5872,Mustard Oil 1L,2.44,200
21123,5873,Peanuts (Groundnut) 500g,0.66,90
21124,5873,Groundnut Oil 1L,2.17,220
21125,5873,Mustard Oil 1L,4.21,200
21126,5873,Pure Ghee 1L,0.87,600
21127,5874,Peanuts (Groundnut) 500g,0.97,90
21128,5874,Pure Ghee 1L,1.12,600
21129,5874,Sugar 1kg,4.92,45
21130,5874,Jaggery (Bella/Gud) 1kg,1.5,70
21131,5875,Pure Ghee 1L,2.03,600
21132,5875,Sugar 1kg,5.09,45
21133,5875,Jaggery (Bella/Gud) 1kg,1.28,70
21134,5875,Iodized Salt 1kg,2.3,25
21135,5876,Pure Ghee 1L,1.72,600
21136,5876,Jaggery (Bella/Gud) 1kg,0.86,70
21137,5876,Iodized Salt 1kg,5.85,25
21138,5877,Pure Ghee 1L,2.04,600
21139,5878,Pure Ghee 1L,1.79,600
21140,5879,Sona Masoori Rice 5kg,2.03,350
21141,5879,Basmati Rice 5kg,6.82,550
21142,5879,Wheat Flour (Atta) 5kg,6.51,250
21143,5879,Toor Dal 1kg,2.56,140
21144,5880,Sona Masoori Rice 5kg,1.69,350
21145,5880,Basmati Rice 5kg,7.2,550
21146,5880,Wheat Flour (Atta) 5kg,5.88,250
21147,5880,Toor Dal 1kg,2.17,140
21148,5881,Sona Masoori Rice 5kg,2.25,350
21149,5881,Toor Dal 1kg,2.71,124.9
21150,5881,Moong Dal 1kg,3.57,152.34
21151,5881,Rajma (Kidney Beans) 1kg,0.68,160
21152,5882,Sona Masoori Rice 5kg,3.06,350
21153,5882,Moong Dal 1kg,3.89,130
21154,5882,Rajma (Kidney Beans) 1kg,0.78,160
21155,5882,Turmeric Powder 200g,1.0,60
21156,5883,Sona Masoori Rice 5kg,2.8,350
21157,5883,Rajma (Kidney Beans) 1kg,0.5,160
21158,5883,Turmeric Powder 200g,1.94,60
21159,5883,Garam Masala 100g,1.9,80
21160,5884,Sona Masoori Rice 5kg,2.41,350
21161,5884,Rajma (Kidney Beans) 1kg,0.81,160
21162,5884,Turmeric Powder 200g,2.09,60
21163,5884,Biryani Masala 100g,10.21,100
21164,5885,Almonds (Badam) 500g,7.44,450
21165,5885,Cashew Nuts (Kaju) 500g,0.43,550
21166,5885,Peanuts (Groundnut) 500g,0.96,90
21167,5885,Sunflower Oil 1L,2.21,180
21168,5886,Cashew Nuts (Kaju) 500g,1.08,550
21169,5886,Peanuts (Groundnut) 500g,1.33,90
21170,5886,Sunflower Oil 1L,2.49,180
21171,5886,Groundnut Oil 1L,2.07,220
21172,5887,Cashew Nuts (Kaju) 500g,0.86,550
21173,5887,Peanuts (Groundnut) 500g,1.06,90
21174,5887,Sunflower Oil 1L,1.5,180
21175,5887,Groundnut Oil 1L,1.46,220
21176,5888,Cashew Nuts (Kaju) 500g,0.63,550
21177,5888,Peanuts (Groundnut) 500g,0.97,77.26
21178,5888,Sunflower Oil 1L,2.38,180
21179,5888,Groundnut Oil 1L,0.99,220
21180,5889,Peanuts (Groundnut) 500g,0.57,90
21181,5889,Sunflower Oil 1L,1.18,180
21182,5889,Mustard Oil 1L,2.17,200
21183,5889,Pure Ghee 1L,1.98,704.26
21184,5890,Mustard Oil 1L,2.82,200
21185,5890,Pure Ghee 1L,1.77,600
21186,5890,Sugar 1kg,1.62,45
21187,5890,Jaggery (Bella/Gud) 1kg,3.63,70
21188,5891,Mustard Oil 1L,1.54,200
21189,5891,Pure Ghee 1L,0.95,600
21190,5891,Sugar 1kg,1.71,45
21191,5891,Iodized Salt 1kg,2.94,25
21192,5892,Pure Ghee 1L,2.02,600
21193,5892,Sugar 1kg,2.44,45
21194,5892,Iodized Salt 1kg,2.3,25
21195,5892,Rock Salt (Sendha Namak) 500g,0.36,40
21196,5893,Pure Ghee 1L,1.86,600
21197,5893,Sugar 1kg,1.0,45
21198,5893,Iodized Salt 1kg,1.64,25
21199,5893,Rock Salt (Sendha Namak) 500g,0.23,40
21200,5894,Pure Ghee 1L,1.7,600
21201,5894,Sugar 1kg,1.09,45
21202,5894,Rock Salt (Sendha Namak) 500g,0.27,40
21203,5895,Sugar 1kg,1.54,45
21204,5895,Rock Salt (Sendha Namak) 500g,0.28,40
21205,5896,Rock Salt (Sendha Namak) 500g,0.29,40
21206,5897,Rock Salt (Sendha Namak) 500g,0.35,40
21207,5898,Sona Masoori Rice 5kg,15.28,350
21208,5898,Basmati Rice 5kg,3.23,550
21209,5898,Wheat Flour (Atta) 5kg,2.77,250
21210,5898,Toor Dal 1kg,8.34,140
21211,5899,Basmati Rice 5kg,2.57,550
21212,5899,Wheat Flour (Atta) 5kg,2.79,250
21213,5899,Moong Dal 1kg,1.57,130
21214,5899,Rajma (Kidney Beans) 1kg,2.76,160
21215,5900,Basmati Rice 5kg,2.47,550
21216,5900,Wheat Flour (Atta) 5kg,3.24,250
21217,5900,Moong Dal 1kg,0.94,130
21218,5900,Turmeric Powder 200g,0.79,60
21219,5901,Basmati Rice 5kg,1.39,550
21220,5901,Wheat Flour (Atta) 5kg,3.82,250
21221,5901,Moong Dal 1kg,1.67,130
21222,5901,Turmeric Powder 200g,1.2,60
21223,5902,Basmati Rice 5kg,1.38,550
21224,5902,Moong Dal 1kg,1.24,130
21225,5902,Turmeric Powder 200g,1.5,60
21226,5902,Garam Masala 100g,1.09,80
21227,5903,Basmati Rice 5kg,1.71,550
21228,5903,Moong Dal 1kg,0.69,130
21229,5903,Turmeric Powder 200g,1.72,60
21230,5903,Garam Masala 100g,0.76,89.26
21231,5904,Moong Dal 1kg,1.37,130
21232,5904,Garam Masala 100g,1.15,80
21233,5904,Biryani Masala 100g,1.82,100
21234,5904,Almonds (Badam) 500g,2.37,450
21235,5905,Garam Masala 100g,0.85,80
21236,5905,Biryani Masala 100g,1.56,100
21237,5905,Almonds (Badam) 500g,1.98,450
21238,5905,Cashew Nuts (Kaju) 500g,1.92,550
21239,5906,Biryani Masala 100g,1.81,100
21240,5906,Almonds (Badam) 500g,2.07,450
21241,5906,Cashew Nuts (Kaju) 500g,1.01,550
21242,5906,Peanuts (Groundnut) 500g,1.07,90
21243,5907,Biryani Masala 100g,1.72,100
21244,5907,Peanuts (Groundnut) 500g,1.45,90
21245,5907,Sunflower Oil 1L,3.24,180
21246,5907,Groundnut Oil 1L,1.96,242.18
21247,5908,Biryani Masala 100g,1.99,100
21248,5908,Peanuts (Groundnut) 500g,0.73,90
21249,5908,Sunflower Oil 1L,7.05,180
21250,5908,Groundnut Oil 1L,1.13,220
21251,5909,Biryani Masala 100g,1.09,100
21252,5909,Peanuts (Groundnut) 500g,0.69,90
21253,5909,Groundnut Oil 1L,1.34,220
21254,5909,Mustard Oil 1L,1.16,200
21255,5910,Peanuts (Groundnut) 500g,1.09,90
21256,5910,Mustard Oil 1L,0.62,200
21257,5910,Pure Ghee 1L,6.46,600
21258,5910,Sugar 1kg,9.61,45
21259,5911,Mustard Oil 1L,0.98,200
21260,5911,Pure Ghee 1L,3.47,600
21261,5911,Jaggery (Bella/Gud) 1kg,0.5,70
21262,5911,Iodized Salt 1kg,2.34,25
21263,5912,Mustard Oil 1L,1.43,200
21264,5912,Jaggery (Bella/Gud) 1kg,1.17,70
21265,5912,Iodized Salt 1kg,3.12,25
21266,5912,Rock Salt (Sendha Namak) 500g,0.53,33.94
21267,5913,Mustard Oil 1L,1.27,200
21268,5913,Jaggery (Bella/Gud) 1kg,1.37,70
21269,5913,Iodized Salt 1kg,2.13,25
21270,5913,Rock Salt (Sendha Namak) 500g,0.35,40
21271,5914,Mustard Oil 1L,0.82,200
21272,5914,Jaggery (Bella/Gud) 1kg,0.86,70
21273,5914,Rock Salt (Sendha Namak) 500g,0.31,40
21274,5915,Rock Salt (Sendha Namak) 500g,0.26,40
21275,5916,Rock Salt (Sendha Namak) 500g,0.23,40
21276,5917,Rock Salt (Sendha Namak) 500g,0.23,40
21277,5918,Sona Masoori Rice 5kg,9.67,350
21278,5918,Basmati Rice 5kg,13.04,550
21279,5918,Wheat Flour (Atta) 5kg,5.64,250
21280,5918,Toor Dal 1kg,2.43,140
21281,5919,Sona Masoori Rice 5kg,4.73,350
21282,5919,Wheat Flour (Atta) 5kg,5.87,250
21283,5919,Toor Dal 1kg,1.47,140
21284,5919,Moong Dal 1kg,7.36,130
21285,5920,Toor Dal 1kg,3.94,140
21286,5920,Rajma (Kidney Beans) 1kg,1.2,160
21287,5920,Turmeric Powder 200g,0.53,60
21288,5920,Garam Masala 100g,1.31,80
21289,5921,Rajma (Kidney Beans) 1kg,1.09,160
21290,5921,Turmeric Powder 200g,0.79,60
21291,5921,Garam Masala 100g,0.82,80
21292,5921,Biryani Masala 100g,1.73,100
21293,5922,Rajma (Kidney Beans) 1kg,0.91,160
21294,5922,Turmeric Powder 200g,1.09,60
21295,5922,Garam Masala 100g,1.41,80
21296,5922,Biryani Masala 100g,3.27,100
21297,5923,Turmeric Powder 200g,1.08,60
21298,5923,Biryani Masala 100g,2.29,100
21299,5923,Almonds (Badam) 500g,2.6,450
21300,5923,Cashew Nuts (Kaju) 500g,1.57,550
21301,5924,Turmeric Powder 200g,0.81,60
21302,5924,Biryani Masala 100g,3.68,100
21303,5924,Almonds (Badam) 500g,2.51,450
21304,5924,Cashew Nuts (Kaju) 500g,1.28,550
21305,5925,Turmeric Powder 200g,1.08,60
21306,5925,Almonds (Badam) 500g,1.64,450
21307,5925,Peanuts (Groundnut) 500g,0.97,90
21308,5925,Sunflower Oil 1L,1.66,180
21309,5926,Peanuts (Groundnut) 500g,0.6,90
21310,5926,Sunflower Oil 1L,2.09,180
21311,5926,Groundnut Oil 1L,4.51,220
21312,5926,Mustard Oil 1L,1.03,200
21313,5927,Peanuts (Groundnut) 500g,1.31,90
21314,5927,Sunflower Oil 1L,4.14,180
21315,5927,Mustard Oil 1L,1.4,200
21316,5927,Pure Ghee 1L,2.28,600
21317,5928,Peanuts (Groundnut) 500g,1.27,90
21318,5928,Sunflower Oil 1L,2.46,180
21319,5928,Mustard Oil 1L,0.67,200
21320,5928,Pure Ghee 1L,1.85,600
21321,5929,Peanuts (Groundnut) 500g,1.11,90
21322,5929,Mustard Oil 1L,1.31,200
21323,5929,Pure Ghee 1L,1.91,600
21324,5929,Sugar 1kg,2.6,45
21325,5930,Mustard Oil 1L,0.68,200
21326,5930,Pure Ghee 1L,1.95,600
21327,5930,Sugar 1kg,1.95,45
21328,5930,Jaggery (Bella/Gud) 1kg,0.65,70
21329,5931,Mustard Oil 1L,1.64,200
21330,5931,Pure Ghee 1L,1.66,600
21331,5931,Sugar 1kg,1.69,45
21332,5931,Jaggery (Bella/Gud) 1kg,0.71,70
21333,5932,Sugar 1kg,3.29,45
21334,5932,Jaggery (Bella/Gud) 1kg,0.79,70
21335,5932,Iodized Salt 1kg,0.79,25
21336,5932,Rock Salt (Sendha Namak) 500g,0.67,40
21337,5933,Jaggery (Bella/Gud) 1kg,0.48,70
21338,5933,Iodized Salt 1kg,1.5,25
21339,5933,Rock Salt (Sendha Namak) 500g,0.78,40
21340,5934,Jaggery (Bella/Gud) 1kg,0.52,70
21341,5934,Iodized Salt 1kg,0.58,25
21342,5934,Rock Salt (Sendha Namak) 500g,0.54,40
21343,5935,Jaggery (Bella/Gud) 1kg,0.57,70
21344,5935,Iodized Salt 1kg,1.36,25
21345,5935,Rock Salt (Sendha Namak) 500g,0.51,40
21346,5936,Iodized Salt 1kg,1.3,25
21347,5936,Rock Salt (Sendha Namak) 500g,0.42,40
21348,5937,Iodized Salt 1kg,1.68,25
21349,5938,Sona Masoori Rice 5kg,4.48,350
21350,5938,Basmati Rice 5kg,3.13,550
21351,5938,Wheat Flour (Atta) 5kg,1.77,250
21352,5938,Toor Dal 1kg,1.24,140
21353,5939,Sona Masoori Rice 5kg,4.25,350
21354,5939,Basmati Rice 5kg,3.62,550
21355,5939,Wheat Flour (Atta) 5kg,3.0,250
21356,5939,Toor Dal 1kg,0.91,140
21357,5940,Sona Masoori Rice 5kg,6.14,350
21358,5940,Basmati Rice 5kg,1.72,550
21359,5940,Wheat Flour (Atta) 5kg,1.26,250
21360,5940,Toor Dal 1kg,2.23,140
21361,5941,Basmati Rice 5kg,2.59,550
21362,5941,Wheat Flour (Atta) 5kg,2.7,250
21363,5941,Toor Dal 1kg,1.22,140
21364,5941,Moong Dal 1kg,6.74,130
21365,5942,Basmati Rice 5kg,2.63,493.64
21366,5942,Wheat Flour (Atta) 5kg,2.2,250
21367,5942,Toor Dal 1kg,2.06,140
21368,5942,Rajma (Kidney Beans) 1kg,3.08,160
21369,5943,Turmeric Powder 200g,2.22,60
21370,5943,Garam Masala 100g,0.86,80
21371,5943,Biryani Masala 100g,3.38,100
21372,5943,Almonds (Badam) 500g,2.13,450
21373,5944,Turmeric Powder 200g,1.61,60
21374,5944,Garam Masala 100g,0.71,80
21375,5944,Biryani Masala 100g,1.74,100
21376,5944,Almonds (Badam) 500g,3.07,450
21377,5945,Turmeric Powder 200g,1.21,60
21378,5945,Garam Masala 100g,0.86,80
21379,5945,Biryani Masala 100g,2.9,100
21380,5945,Almonds (Badam) 500g,2.3,450
21381,5946,Biryani Masala 100g,2.95,100
21382,5946,Cashew Nuts (Kaju) 500g,0.56,550
21383,5946,Peanuts (Groundnut) 500g,4.82,90
21384,5946,Sunflower Oil 1L,3.39,180
21385,5947,Cashew Nuts (Kaju) 500g,0.78,550
21386,5947,Sunflower Oil 1L,6.63,180
21387,5947,Groundnut Oil 1L,0.8,220
21388,5947,Mustard Oil 1L,0.98,200
21389,5948,Cashew Nuts (Kaju) 500g,0.5,550
21390,5948,Groundnut Oil 1L,0.72,220
21391,5948,Mustard Oil 1L,1.57,200
21392,5948,Pure Ghee 1L,10.14,600
21393,5949,Cashew Nuts (Kaju) 500g,0.39,550
21394,5949,Groundnut Oil 1L,1.27,220
21395,5949,Mustard Oil 1L,0.99,200
21396,5949,Sugar 1kg,1.59,45
21397,5950,Cashew Nuts (Kaju) 500g,0.58,550
21398,5950,Groundnut Oil 1L,0.7,220
21399,5950,Mustard Oil 1L,1.58,200
21400,5950,Sugar 1kg,1.69,45
21401,5951,Groundnut Oil 1L,1.03,220
21402,5951,Mustard Oil 1L,0.77,200
21403,5951,Sugar 1kg,2.46,45
21404,5951,Jaggery (Bella/Gud) 1kg,1.27,70
21405,5952,Sugar 1kg,2.17,45
21406,5952,Jaggery (Bella/Gud) 1kg,0.5,70
21407,5952,Iodized Salt 1kg,1.54,25
21408,5952,Rock Salt (Sendha Namak) 500g,0.5,40
21409,5953,Sugar 1kg,2.32,45
21410,5953,Jaggery (Bella/Gud) 1kg,1.28,70
21411,5953,Iodized Salt 1kg,1.0,25
21412,5953,Rock Salt (Sendha Namak) 500g,0.7,40
21413,5954,Jaggery (Bella/Gud) 1kg,0.59,70
21414,5954,Iodized Salt 1kg,1.99,25
21415,5955,Iodized Salt 1kg,1.19,25
21416,5956,Iodized Salt 1kg,2.15,25
21417,5957,Sona Masoori Rice 5kg,5.16,350
21418,5957,Basmati Rice 5kg,2.95,550
21419,5957,Wheat Flour (Atta) 5kg,2.95,250
21420,5957,Toor Dal 1kg,2.42,140
21421,5958,Sona Masoori Rice 5kg,3.84,350
21422,5958,Basmati Rice 5kg,3.47,550
21423,5958,Wheat Flour (Atta) 5kg,4.12,250
21424,5958,Toor Dal 1kg,3.07,140
21425,5959,Sona Masoori Rice 5kg,6.16,350
21426,5959,Basmati Rice 5kg,3.11,550
21427,5959,Wheat Flour (Atta) 5kg,4.03,250
21428,5959,Toor Dal 1kg,2.69,140
21429,5960,Basmati Rice 5kg,3.66,550
21430,5960,Moong Dal 1kg,7.23,130
21431,5960,Rajma (Kidney Beans) 1kg,3.25,160
21432,5960,Turmeric Powder 200g,1.84,60
21433,5961,Turmeric Powder 200g,2.74,60
21434,5961,Garam Masala 100g,1.19,80
21435,5961,Biryani Masala 100g,10.65,100
21436,5961,Almonds (Badam) 500g,3.4,450
21437,5962,Garam Masala 100g,1.71,80
21438,5962,Almonds (Badam) 500g,3.06,450
21439,5962,Cashew Nuts (Kaju) 500g,0.66,550
21440,5962,Peanuts (Groundnut) 500g,1.92,90
21441,5963,Cashew Nuts (Kaju) 500g,1.81,550
21442,5963,Peanuts (Groundnut) 500g,2.91,90
21443,5963,Sunflower Oil 1L,3.63,180
21444,5963,Groundnut Oil 1L,2.82,220
21445,5964,Cashew Nuts (Kaju) 500g,0.63,550
21446,5964,Sunflower Oil 1L,1.94,180
21447,5964,Groundnut Oil 1L,1.96,220
21448,5964,Mustard Oil 1L,1.21,200
21449,5965,Sunflower Oil 1L,3.57,180
21450,5965,Mustard Oil 1L,1.09,200
21451,5965,Pure Ghee 1L,2.06,600
21452,5965,Sugar 1kg,5.45,37.25
21453,5966,Mustard Oil 1L,1.12,200
21454,5966,Pure Ghee 1L,2.25,600
21455,5966,Sugar 1kg,4.48,45
21456,5966,Jaggery (Bella/Gud) 1kg,3.69,70
21457,5967,Mustard Oil 1L,1.35,200
21458,5967,Pure Ghee 1L,2.0,600
21459,5967,Iodized Salt 1kg,2.01,25
21460,5968,Mustard Oil 1L,1.09,200
21461,5968,Pure Ghee 1L,2.06,600
21462,5968,Iodized Salt 1kg,2.26,25
21463,5969,Pure Ghee 1L,2.14,600
21464,5969,Iodized Salt 1kg,2.42,25
21465,5970,Iodized Salt 1kg,1.12,25
21466,5971,Sona Masoori Rice 5kg,6.54,350
21467,5971,Basmati Rice 5kg,1.33,550
21468,5971,Wheat Flour (Atta) 5kg,2.36,250
21469,5971,Toor Dal 1kg,2.28,140
21470,5972,Sona Masoori Rice 5kg,4.24,350
21471,5972,Basmati Rice 5kg,1.71,550
21472,5972,Wheat Flour (Atta) 5kg,3.0,250
21473,5972,Toor Dal 1kg,0.99,140
21474,5973,Sona Masoori Rice 5kg,5.42,350
21475,5973,Basmati Rice 5kg,1.78,550
21476,5973,Wheat Flour (Atta) 5kg,1.55,250
21477,5973,Toor Dal 1kg,2.16,140
21478,5974,Basmati Rice 5kg,1.87,550
21479,5974,Wheat Flour (Atta) 5kg,3.15,250
21480,5974,Toor Dal 1kg,2.47,140
21481,5974,Moong Dal 1kg,1.36,130
21482,5975,Basmati Rice 5kg,2.82,550
21483,5975,Wheat Flour (Atta) 5kg,1.27,250
21484,5975,Moong Dal 1kg,1.67,130
21485,5975,Rajma (Kidney Beans) 1kg,0.67,160
21486,5976,Basmati Rice 5kg,2.97,550
21487,5976,Moong Dal 1kg,0.83,130
21488,5976,Rajma (Kidney Beans) 1kg,0.77,160
21489,5976,Turmeric Powder 200g,1.8,60
21490,5977,Moong Dal 1kg,0.98,130
21491,5977,Rajma (Kidney Beans) 1kg,0.91,160
21492,5977,Turmeric Powder 200g,1.61,60
21493,5977,Garam Masala 100g,1.97,80
21494,5978,Moong Dal 1kg,1.87,130
21495,5978,Rajma (Kidney Beans) 1kg,0.59,160
21496,5978,Turmeric Powder 200g,1.7,60
21497,5978,Garam Masala 100g,0.95,80
21498,5979,Moong Dal 1kg,0.92,130
21499,5979,Garam Masala 100g,1.76,80
21500,5979,Biryani Masala 100g,3.72,100
21501,5979,Almonds (Badam) 500g,1.42,450
21502,5980,Biryani Masala 100g,3.22,100
21503,5980,Almonds (Badam) 500g,1.53,450
21504,5980,Cashew Nuts (Kaju) 500g,0.58,550
21505,5980,Peanuts (Groundnut) 500g,4.64,90
21506,5981,Biryani Masala 100g,1.79,100
21507,5981,Almonds (Badam) 500g,1.34,450
21508,5981,Cashew Nuts (Kaju) 500g,0.52,550
21509,5981,Sunflower Oil 1L,1.61,180
21510,5982,Biryani Masala 100g,2.48,100
21511,5982,Almonds (Badam) 500g,0.73,381.91
21512,5982,Cashew Nuts (Kaju) 500g,0.56,550
21513,5982,Sunflower Oil 1L,2.3,180
21514,5983,Almonds (Badam) 500g,0.86,450
21515,5983,Cashew Nuts (Kaju) 500g,0.35,550
21516,5983,Sunflower Oil 1L,1.78,180
21517,5983,Groundnut Oil 1L,2.2,220
21518,5984,Almonds (Badam) 500g,1.67,450
21519,5984,Cashew Nuts (Kaju) 500g,0.6,550
21520,5984,Sunflower Oil 1L,1.12,180
21521,5984,Groundnut Oil 1L,2.15,220
21522,5985,Sunflower Oil 1L,2.0,180
21523,5985,Mustard Oil 1L,1.7,200
21524,5985,Pure Ghee 1L,2.46,600
21525,5985,Sugar 1kg,2.05,45
21526,5986,Sunflower Oil 1L,2.14,180
21527,5986,Mustard Oil 1L,0.94,200
21528,5986,Pure Ghee 1L,3.47,600
21529,5986,Sugar 1kg,1.42,45
21530,5987,Mustard Oil 1L,1.48,200
21531,5987,Pure Ghee 1L,2.02,600
21532,5987,Sugar 1kg,2.74,45
21533,5987,Jaggery (Bella/Gud) 1kg,2.93,70
21534,5988,Mustard Oil 1L,1.36,200
21535,5988,Pure Ghee 1L,2.08,600
21536,5988,Sugar 1kg,1.48,45
21537,5988,Jaggery (Bella/Gud) 1kg,1.19,70
21538,5989,Mustard Oil 1L,1.19,200
21539,5989,Sugar 1kg,1.54,45
21540,5989,Iodized Salt 1kg,6.96,25
21541,5989,Rock Salt (Sendha Namak) 500g,0.32,40
21542,5990,Rock Salt (Sendha Namak) 500g,0.13,40
21543,5991,Rock Salt (Sendha Namak) 500g,0.12,40
21544,5992,Rock Salt (Sendha Namak) 500g,0.31,40
21545,5993,Sona Masoori Rice 5kg,4.08,350
21546,5993,Basmati Rice 5kg,2.37,550
21547,5993,Wheat Flour (Atta) 5kg,5.06,250
21548,5993,Toor Dal 1kg,4.29,140
21549,5994,Sona Masoori Rice 5kg,1.71,350
21550,5994,Basmati Rice 5kg,1.81,550
21551,5994,Wheat Flour (Atta) 5kg,6.18,204.66
21552,5994,Toor Dal 1kg,4.31,140
21553,5995,Sona Masoori Rice 5kg,4.23,350
21554,5995,Basmati Rice 5kg,2.82,550
21555,5995,Moong Dal 1kg,7.19,130
21556,5995,Rajma (Kidney Beans) 1kg,0.76,160
21557,5996,Sona Masoori Rice 5kg,1.7,350
21558,5996,Basmati Rice 5kg,2.47,550
21559,5996,Rajma (Kidney Beans) 1kg,0.87,160
21560,5996,Turmeric Powder 200g,1.03,60
21561,5997,Sona Masoori Rice 5kg,2.02,350
21562,5997,Basmati Rice 5kg,2.92,550
21563,5997,Rajma (Kidney Beans) 1kg,1.23,160
21564,5997,Turmeric Powder 200g,1.09,60
21565,5998,Basmati Rice 5kg,1.72,550
21566,5998,Turmeric Powder 200g,0.77,60
21567,5998,Garam Masala 100g,1.59,80
21568,5998,Biryani Masala 100g,1.42,100
21569,5999,Turmeric Powder 200g,0.66,60
21570,5999,Biryani Masala 100g,1.58,100
21571,5999,Almonds (Badam) 500g,7.11,450
21572,5999,Cashew Nuts (Kaju) 500g,2.62,550
21573,6000,Turmeric Powder 200g,1.08,60
21574,6000,Biryani Masala 100g,1.66,100
21575,6000,Peanuts (Groundnut) 500g,5.36,90
21576,6000,Sunflower Oil 1L,1.49,180
21577,6001,Turmeric Powder 200g,0.74,49.34
21578,6001,Biryani Masala 100g,2.03,100
21579,6001,Sunflower Oil 1L,1.43,180
21580,6001,Groundnut Oil 1L,0.83,220
21581,6002,Biryani Masala 100g,1.92,100
21582,6002,Sunflower Oil 1L,2.06,180
21583,6002,Groundnut Oil 1L,0.66,220
21584,6002,Mustard Oil 1L,1.26,200
21585,6003,Biryani Masala 100g,1.38,100
21586,6003,Sunflower Oil 1L,2.18,180
21587,6003,Groundnut Oil 1L,1.63,220
21588,6003,Mustard Oil 1L,1.29,200
21589,6004,Sunflower Oil 1L,1.85,180
21590,6004,Groundnut Oil 1L,1.29,220
21591,6004,Mustard Oil 1L,1.17,200
21592,6004,Pure Ghee 1L,2.45,600
21593,6005,Sunflower Oil 1L,0.99,180
21594,6005,Mustard Oil 1L,1.3,200
21595,6005,Pure Ghee 1L,1.58,600
21596,6005,Sugar 1kg,1.88,45
21597,6006,Mustard Oil 1L,1.6,200
21598,6006,Pure Ghee 1L,2.43,600
21599,6006,Sugar 1kg,1.27,45
21600,6006,Jaggery (Bella/Gud) 1kg,1.86,70
21601,6007,Pure Ghee 1L,2.04,600
21602,6007,Sugar 1kg,1.94,45
21603,6007,Jaggery (Bella/Gud) 1kg,2.54,70
21604,6007,Iodized Salt 1kg,1.57,25
21605,6008,Pure Ghee 1L,1.29,674.02
21606,6008,Sugar 1kg,1.31,45
21607,6008,Iodized Salt 1kg,1.42,25
21608,6008,Rock Salt (Sendha Namak) 500g,1.11,40
21609,6009,Sugar 1kg,1.73,45
21610,6009,Iodized Salt 1kg,1.71,25
21611,6009,Rock Salt (Sendha Namak) 500g,1.65,40
21612,6010,Sugar 1kg,1.68,45
21613,6010,Iodized Salt 1kg,0.7,25
21614,6011,Iodized Salt 1kg,0.72,25
21615,6012,Iodized Salt 1kg,0.74,25
21616,6013,Sona Masoori Rice 5kg,4.52,350
21617,6013,Basmati Rice 5kg,3.9,550
21618,6013,Wheat Flour (Atta) 5kg,5.23,250
21619,6013,Toor Dal 1kg,2.0,140
21620,6014,Sona Masoori Rice 5kg,9.55,350
21621,6014,Basmati Rice 5kg,3.72,550
21622,6014,Wheat Flour (Atta) 5kg,7.1,250
21623,6014,Toor Dal 1kg,2.87,140
21624,6015,Basmati Rice 5kg,4.13,550
21625,6015,Toor Dal 1kg,3.86,140
21626,6015,Moong Dal 1kg,1.42,130
21627,6015,Rajma (Kidney Beans) 1kg,1.42,160
21628,6016,Basmati Rice 5kg,2.98,550
21629,6016,Moong Dal 1kg,1.21,130
21630,6016,Rajma (Kidney Beans) 1kg,1.49,160
21631,6016,Turmeric Powder 200g,1.17,60
21632,6017,Moong Dal 1kg,1.44,105.49
21633,6017,Turmeric Powder 200g,0.76,60
21634,6017,Biryani Masala 100g,2.61,100
21635,6017,Almonds (Badam) 500g,3.66,450
21636,6018,Moong Dal 1kg,1.01,130
21637,6018,Turmeric Powder 200g,1.4,60
21638,6018,Biryani Masala 100g,2.38,100
21639,6018,Almonds (Badam) 500g,2.88,450
21640,6019,Moong Dal 1kg,1.39,130
21641,6019,Turmeric Powder 200g,2.08,60
21642,6019,Biryani Masala 100g,3.72,100
21643,6019,Cashew Nuts (Kaju) 500g,0.63,550
21644,6020,Moong Dal 1kg,0.61,130
21645,6020,Biryani Masala 100g,2.35,100
21646,6020,Cashew Nuts (Kaju) 500g,0.29,550
21647,6020,Peanuts (Groundnut) 500g,2.54,90
21648,6021,Cashew Nuts (Kaju) 500g,0.52,550
21649,6021,Peanuts (Groundnut) 500g,2.16,90
21650,6021,Sunflower Oil 1L,3.91,180
21651,6021,Groundnut Oil 1L,2.65,220
21652,6022,Cashew Nuts (Kaju) 500g,0.73,550
21653,6022,Sunflower Oil 1L,6.16,208.25
21654,6022,Groundnut Oil 1L,1.76,220
21655,6022,Mustard Oil 1L,0.75,200
21656,6023,Cashew Nuts (Kaju) 500g,0.58,550
21657,6023,Mustard Oil 1L,0.73,238.81
21658,6023,Pure Ghee 1L,2.92,600
21659,6023,Sugar 1kg,4.0,45
21660,6024,Mustard Oil 1L,1.6,200
21661,6024,Pure Ghee 1L,1.68,600
21662,6024,Sugar 1kg,6.42,45
21663,6024,Jaggery (Bella/Gud) 1kg,1.81,70
21664,6025,Mustard Oil 1L,1.65,200
21665,6025,Pure Ghee 1L,2.62,600
21666,6025,Jaggery (Bella/Gud) 1kg,2.31,70
21667,6025,Iodized Salt 1kg,1.27,25
21668,6026,Mustard Oil 1L,1.43,200
21669,6026,Pure Ghee 1L,3.94,600
21670,6026,Iodized Salt 1kg,1.62,25
21671,6027,Iodized Salt 1kg,2.05,25
21672,6028,Iodized Salt 1kg,2.68,25
21673,6029,Sona Masoori Rice 5kg,7.46,350
21674,6029,Basmati Rice 5kg,5.9,550
21675,6029,Wheat Flour (Atta) 5kg,11.76,250
21676,6029,Toor Dal 1kg,7.63,140
21677,6030,Sona Masoori Rice 5kg,6.71,350
21678,6030,Basmati Rice 5kg,3.57,550
21679,6030,Moong Dal 1kg,1.24,130
21680,6030,Rajma (Kidney Beans) 1kg,0.69,160
21681,6031,Basmati Rice 5kg,3.33,550
21682,6031,Moong Dal 1kg,1.07,130
21683,6031,Rajma (Kidney Beans) 1kg,0.49,160
21684,6031,Turmeric Powder 200g,1.91,60
21685,6032,Moong Dal 1kg,1.07,114.87
21686,6032,Rajma (Kidney Beans) 1kg,0.43,160
21687,6032,Turmeric Powder 200g,1.06,60
21688,6032,Biryani Masala 100g,3.66,100
21689,6033,Moong Dal 1kg,1.2,130
21690,6033,Rajma (Kidney Beans) 1kg,0.71,160
21691,6033,Turmeric Powder 200g,1.81,60
21692,6033,Biryani Masala 100g,6.94,100
21693,6034,Moong Dal 1kg,1.24,130
21694,6034,Rajma (Kidney Beans) 1kg,0.77,160
21695,6034,Almonds (Badam) 500g,1.49,450
21696,6034,Cashew Nuts (Kaju) 500g,2.9,550
21697,6035,Moong Dal 1kg,1.33,130
21698,6035,Almonds (Badam) 500g,1.38,450
21699,6035,Peanuts (Groundnut) 500g,2.54,90
21700,6035,Sunflower Oil 1L,10.18,180
21701,6036,Almonds (Badam) 500g,1.35,450
21702,6036,Peanuts (Groundnut) 500g,2.89,90
21703,6036,Groundnut Oil 1L,2.73,220
21704,6036,Mustard Oil 1L,6.68,200
21705,6037,Almonds (Badam) 500g,1.39,450
21706,6037,Groundnut Oil 1L,2.11,220
21707,6037,Pure Ghee 1L,1.95,600
21708,6037,Sugar 1kg,1.29,45
21709,6038,Almonds (Badam) 500g,1.05,450
21710,6038,Pure Ghee 1L,1.76,600
21711,6038,Sugar 1kg,1.29,45
21712,6038,Jaggery (Bella/Gud) 1kg,3.95,70
21713,6039,Pure Ghee 1L,2.81,600
21714,6039,Sugar 1kg,2.78,45
21715,6039,Iodized Salt 1kg,3.2,25
21716,6039,Rock Salt (Sendha Namak) 500g,0.37,40
21717,6040,Pure Ghee 1L,1.99,600
21718,6040,Sugar 1kg,2.31,45
21719,6040,Iodized Salt 1kg,1.75,25
21720,6040,Rock Salt (Sendha Namak) 500g,0.32,40
21721,6041,Pure Ghee 1L,1.24,600
21722,6041,Sugar 1kg,2.74,45
21723,6041,Iodized Salt 1kg,2.27,25
21724,6041,Rock Salt (Sendha Namak) 500g,0.51,40
21725,6042,Sona Masoori Rice 5kg,2.83,350
21726,6042,Basmati Rice 5kg,6.9,550
21727,6042,Wheat Flour (Atta) 5kg,12.66,250
21728,6042,Toor Dal 1kg,3.12,140
21729,6043,Sona Masoori Rice 5kg,2.66,350
21730,6043,Basmati Rice 5kg,5.73,550
21731,6043,Toor Dal 1kg,2.79,140
21732,6043,Moong Dal 1kg,1.14,130
21733,6044,Sona Masoori Rice 5kg,1.73,350
21734,6044,Toor Dal 1kg,2.59,140
21735,6044,Moong Dal 1kg,1.37,130
21736,6044,Rajma (Kidney Beans) 1kg,0.34,160
21737,6045,Sona Masoori Rice 5kg,2.95,350
21738,6045,Moong Dal 1kg,1.45,130
21739,6045,Rajma (Kidney Beans) 1kg,0.66,160
21740,6045,Turmeric Powder 200g,0.48,60
21741,6046,Sona Masoori Rice 5kg,2.43,350
21742,6046,Moong Dal 1kg,1.41,130
21743,6046,Rajma (Kidney Beans) 1kg,0.67,160
21744,6046,Turmeric Powder 200g,0.51,60
21745,6047,Sona Masoori Rice 5kg,3.69,350
21746,6047,Moong Dal 1kg,1.48,130
21747,6047,Rajma (Kidney Beans) 1kg,0.56,160
21748,6047,Turmeric Powder 200g,1.03,60
21749,6048,Moong Dal 1kg,0.83,130
21750,6048,Rajma (Kidney Beans) 1kg,0.37,160
21751,6048,Turmeric Powder 200g,1.18,60
21752,6048,Garam Masala 100g,0.4,80
21753,6049,Rajma (Kidney Beans) 1kg,0.57,160
21754,6049,Turmeric Powder 200g,0.6,60
21755,6049,Garam Masala 100g,0.35,80
21756,6049,Biryani Masala 100g,2.59,100
21757,6050,Turmeric Powder 200g,0.91,60
21758,6050,Garam Masala 100g,0.46,80
21759,6050,Biryani Masala 100g,2.56,100
21760,6050,Almonds (Badam) 500g,1.73,450
21761,6051,Garam Masala 100g,0.38,80
21762,6051,Biryani Masala 100g,1.11,100
21763,6051,Almonds (Badam) 500g,1.58,450
21764,6051,Cashew Nuts (Kaju) 500g,0.53,550
21765,6052,Garam Masala 100g,0.42,80
21766,6052,Biryani Masala 100g,2.25,100
21767,6052,Almonds (Badam) 500g,1.75,450
21768,6052,Cashew Nuts (Kaju) 500g,0.5,550
21769,6053,Garam Masala 100g,0.42,93.5
21770,6053,Biryani Masala 100g,2.17,100
21771,6053,Almonds (Badam) 500g,2.6,450
21772,6053,Cashew Nuts (Kaju) 500g,0.48,447.48
21773,6054,Cashew Nuts (Kaju) 500g,0.42,550
21774,6054,Peanuts (Groundnut) 500g,4.94,90
21775,6054,Sunflower Oil 1L,1.87,180
21776,6054,Groundnut Oil 1L,0.92,220
21777,6055,Cashew Nuts (Kaju) 500g,0.28,550
21778,6055,Sunflower Oil 1L,1.19,180
21779,6055,Groundnut Oil 1L,0.81,220
21780,6055,Mustard Oil 1L,6.59,200
21781,6056,Cashew Nuts (Kaju) 500g,0.44,550
21782,6056,Sunflower Oil 1L,2.13,180
21783,6056,Groundnut Oil 1L,0.95,220
21784,6056,Pure Ghee 1L,6.03,600
21785,6057,Sunflower Oil 1L,1.87,180
21786,6057,Groundnut Oil 1L,1.31,220
21787,6057,Pure Ghee 1L,5.39,600
21788,6057,Sugar 1kg,6.16,45
21789,6058,Sunflower Oil 1L,1.9,180
21790,6058,Groundnut Oil 1L,0.68,220
21791,6058,Sugar 1kg,3.17,53.76
21792,6058,Jaggery (Bella/Gud) 1kg,4.01,70
21793,6059,Sunflower Oil 1L,1.21,180
21794,6059,Iodized Salt 1kg,1.46,25
21795,6059,Rock Salt (Sendha Namak) 500g,0.33,40
21796,6060,Iodized Salt 1kg,0.71,25
21797,6060,Rock Salt (Sendha Namak) 500g,0.36,40
21798,6061,Iodized Salt 1kg,1.33,25
21799,6061,Rock Salt (Sendha Namak) 500g,0.33,40
21800,6062,Iodized Salt 1kg,0.87,25
21801,6063,Iodized Salt 1kg,1.43,25
21802,6064,Iodized Salt 1kg,1.02,25
21803,6065,Sona Masoori Rice 5kg,13.5,350
21804,6065,Basmati Rice 5kg,3.71,550
21805,6065,Wheat Flour (Atta) 5kg,2.66,250
21806,6065,Toor Dal 1kg,1.89,140
21807,6066,Basmati Rice 5kg,2.8,550
21808,6066,Wheat Flour (Atta) 5kg,3.38,250
21809,6066,Toor Dal 1kg,2.27,140
21810,6066,Moong Dal 1kg,3.09,130
21811,6067,Basmati Rice 5kg,4.16,550
21812,6067,Wheat Flour (Atta) 5kg,1.31,250
21813,6067,Toor Dal 1kg,3.65,166.3
21814,6067,Moong Dal 1kg,4.29,130
21815,6068,Basmati Rice 5kg,4.16,456.29
21816,6068,Wheat Flour (Atta) 5kg,2.27,250
21817,6068,Rajma (Kidney Beans) 1kg,3.25,160
21818,6068,Turmeric Powder 200g,1.59,60
21819,6069,Wheat Flour (Atta) 5kg,2.74,298.04
21820,6069,Turmeric Powder 200g,1.52,60
21821,6069,Biryani Masala 100g,4.6,100
21822,6069,Almonds (Badam) 500g,2.24,450
21823,6070,Turmeric Powder 200g,1.64,69.86
21824,6070,Biryani Masala 100g,5.05,100
21825,6070,Almonds (Badam) 500g,4.5,450
21826,6070,Cashew Nuts (Kaju) 500g,1.32,550
21827,6071,Cashew Nuts (Kaju) 500g,1.31,550
21828,6071,Peanuts (Groundnut) 500g,4.56,90
21829,6071,Sunflower Oil 1L,10.8,180
21830,6071,Groundnut Oil 1L,2.32,220
21831,6072,Groundnut Oil 1L,1.19,220
21832,6072,Mustard Oil 1L,3.65,200
21833,6072,Pure Ghee 1L,3.24,600
21834,6072,Sugar 1kg,10.01,45
21835,6073,Groundnut Oil 1L,1.28,220
21836,6073,Mustard Oil 1L,3.21,200
21837,6073,Pure Ghee 1L,1.98,600
21838,6073,Jaggery (Bella/Gud) 1kg,1.1,70
21839,6074,Pure Ghee 1L,3.36,600
21840,6074,Jaggery (Bella/Gud) 1kg,1.18,70
21841,6074,Iodized Salt 1kg,0.99,25
21842,6074,Rock Salt (Sendha Namak) 500g,0.24,40
21843,6075,Pure Ghee 1L,1.29,600
21844,6075,Jaggery (Bella/Gud) 1kg,0.97,70
21845,6075,Iodized Salt 1kg,1.05,25
21846,6075,Rock Salt (Sendha Namak) 500g,0.41,46.53
21847,6076,Pure Ghee 1L,1.4,600
21848,6076,Jaggery (Bella/Gud) 1kg,0.67,70
21849,6076,Iodized Salt 1kg,2.77,25
21850,6076,Rock Salt (Sendha Namak) 500g,0.42,40
21851,6077,Iodized Salt 1kg,2.25,25
21852,6077,Rock Salt (Sendha Namak) 500g,0.37,40
21853,6078,Rock Salt (Sendha Namak) 500g,0.46,40
21854,6079,Sona Masoori Rice 5kg,5.24,350
21855,6079,Basmati Rice 5kg,3.35,550
21856,6079,Wheat Flour (Atta) 5kg,12.34,250
21857,6079,Toor Dal 1kg,4.02,140
21858,6080,Sona Masoori Rice 5kg,6.8,350
21859,6080,Basmati Rice 5kg,2.7,550
21860,6080,Toor Dal 1kg,2.13,140
21861,6080,Moong Dal 1kg,7.04,130
21862,6081,Sona Masoori Rice 5kg,3.64,350
21863,6081,Basmati Rice 5kg,5.05,550
21864,6081,Toor Dal 1kg,2.01,140
21865,6081,Rajma (Kidney Beans) 1kg,3.02,160
21866,6082,Basmati Rice 5kg,3.39,644.96
21867,6082,Turmeric Powder 200g,2.12,60
21868,6082,Garam Masala 100g,0.77,80
21869,6082,Biryani Masala 100g,3.2,100
21870,6083,Turmeric Powder 200g,3.35,60
21871,6083,Garam Masala 100g,0.35,80
21872,6083,Biryani Masala 100g,3.1,100
21873,6083,Almonds (Badam) 500g,1.79,450
21874,6084,Garam Masala 100g,0.73,80
21875,6084,Biryani Masala 100g,4.03,100
21876,6084,Almonds (Badam) 500g,1.46,450
21877,6084,Cashew Nuts (Kaju) 500g,0.49,550
21878,6085,Garam Masala 100g,0.39,80
21879,6085,Almonds (Badam) 500g,1.48,450
21880,6085,Cashew Nuts (Kaju) 500g,0.43,550
21881,6085,Peanuts (Groundnut) 500g,1.11,90
21882,6086,Almonds (Badam) 500g,1.81,450
21883,6086,Cashew Nuts (Kaju) 500g,0.49,550
21884,6086,Peanuts (Groundnut) 500g,1.14,90
21885,6086,Sunflower Oil 1L,2.11,180
21886,6087,Cashew Nuts (Kaju) 500g,0.59,550
21887,6087,Peanuts (Groundnut) 500g,0.59,90
21888,6087,Sunflower Oil 1L,1.61,180
21889,6087,Groundnut Oil 1L,2.63,220
21890,6088,Cashew Nuts (Kaju) 500g,0.64,550
21891,6088,Peanuts (Groundnut) 500g,0.7,90
21892,6088,Sunflower Oil 1L,3.3,180
21893,6088,Groundnut Oil 1L,1.59,220
21894,6089,Peanuts (Groundnut) 500g,1.03,90
21895,6089,Sunflower Oil 1L,3.25,180
21896,6089,Mustard Oil 1L,1.84,200
21897,6089,Pure Ghee 1L,2.5,600
21898,6090,Mustard Oil 1L,1.46,200
21899,6090,Pure Ghee 1L,2.64,600
21900,6090,Sugar 1kg,10.97,45
21901,6090,Jaggery (Bella/Gud) 1kg,0.9,56.55
21902,6091,Mustard Oil 1L,1.58,200
21903,6091,Pure Ghee 1L,1.72,600
21904,6091,Jaggery (Bella/Gud) 1kg,0.71,70
21905,6091,Iodized Salt 1kg,1.76,25
21906,6092,Mustard Oil 1L,1.37,200
21907,6092,Pure Ghee 1L,2.93,600
21908,6092,Jaggery (Bella/Gud) 1kg,0.64,70
21909,6092,Iodized Salt 1kg,1.27,25
21910,6093,Jaggery (Bella/Gud) 1kg,0.57,70
21911,6093,Iodized Salt 1kg,1.16,25
21912,6093,Rock Salt (Sendha Namak) 500g,0.75,40
21913,6094,Jaggery (Bella/Gud) 1kg,0.83,70
21914,6094,Iodized Salt 1kg,0.92,25
21915,6094,Rock Salt (Sendha Namak) 500g,0.48,40
21916,6095,Iodized Salt 1kg,1.62,25
21917,6095,Rock Salt (Sendha Namak) 500g,0.51,40
21918,6096,Rock Salt (Sendha Namak) 500g,0.41,40
21919,6097,Sona Masoori Rice 5kg,6.01,350
21920,6097,Basmati Rice 5kg,4.2,480.75
21921,6097,Wheat Flour (Atta) 5kg,8.31,250
21922,6097,Toor Dal 1kg,4.15,140
21923,6098,Sona Masoori Rice 5kg,3.83,350
21924,6098,Basmati Rice 5kg,1.51,645.96
21925,6098,Wheat Flour (Atta) 5kg,4.39,250
21926,6098,Toor Dal 1kg,3.58,140
21927,6099,Sona Masoori Rice 5kg,6.27,350
21928,6099,Basmati Rice 5kg,1.72,550
21929,6099,Moong Dal 1kg,2.73,130
21930,6099,Rajma (Kidney Beans) 1kg,1.89,160
21931,6100,Basmati Rice 5kg,3.61,550
21932,6100,Moong Dal 1kg,1.49,130
21933,6100,Rajma (Kidney Beans) 1kg,1.53,160
21934,6100,Turmeric Powder 200g,5.26,60
21935,6101,Basmati Rice 5kg,2.8,550
21936,6101,Moong Dal 1kg,1.11,130
21937,6101,Garam Masala 100g,1.45,80
21938,6101,Biryani Masala 100g,2.98,100
21939,6102,Moong Dal 1kg,1.96,130
21940,6102,Garam Masala 100g,1.53,80
21941,6102,Biryani Masala 100g,1.6,100
21942,6102,Almonds (Badam) 500g,3.31,450
21943,6103,Garam Masala 100g,0.94,80
21944,6103,Biryani Masala 100g,1.99,100
21945,6103,Almonds (Badam) 500g,3.58,450
21946,6103,Cashew Nuts (Kaju) 500g,2.84,550
21947,6104,Biryani Masala 100g,1.45,100
21948,6104,Peanuts (Groundnut) 500g,1.47,90
21949,6104,Sunflower Oil 1L,4.84,180
21950,6104,Groundnut Oil 1L,0.86,220
21951,6105,Biryani Masala 100g,1.18,100
21952,6105,Peanuts (Groundnut) 500g,1.14,90
21953,6105,Sunflower Oil 1L,4.5,180
21954,6105,Groundnut Oil 1L,1.0,220
21955,6106,Biryani Masala 100g,2.34,100
21956,6106,Peanuts (Groundnut) 500g,0.89,90
21957,6106,Groundnut Oil 1L,1.16,220
21958,6106,Mustard Oil 1L,1.55,200
21959,6107,Peanuts (Groundnut) 500g,1.49,90
21960,6107,Groundnut Oil 1L,0.82,220
21961,6107,Mustard Oil 1L,2.86,200
21962,6107,Pure Ghee 1L,4.84,600
21963,6108,Groundnut Oil 1L,0.99,220
21964,6108,Mustard Oil 1L,2.3,200
21965,6108,Pure Ghee 1L,6.19,600
21966,6108,Sugar 1kg,10.59,45
21967,6109,Jaggery (Bella/Gud) 1kg,1.17,70
21968,6109,Iodized Salt 1kg,3.28,25
21969,6109,Rock Salt (Sendha Namak) 500g,2.0,40
21970,6110,Jaggery (Bella/Gud) 1kg,0.7,70
21971,6110,Iodized Salt 1kg,2.73,25
21972,6111,Jaggery (Bella/Gud) 1kg,0.98,70
21973,6111,Iodized Salt 1kg,1.92,20.49
21974,6112,Jaggery (Bella/Gud) 1kg,0.96,70
21975,6113,Sona Masoori Rice 5kg,7.69,350
21976,6113,Basmati Rice 5kg,7.04,550
21977,6113,Wheat Flour (Atta) 5kg,1.12,250
21978,6113,Toor Dal 1kg,2.12,140
21979,6114,Sona Masoori Rice 5kg,8.16,350
21980,6114,Basmati Rice 5kg,7.39,550
21981,6114,Wheat Flour (Atta) 5kg,2.8,250
21982,6114,Toor Dal 1kg,3.88,140
21983,6115,Wheat Flour (Atta) 5kg,1.22,250
21984,6115,Toor Dal 1kg,1.34,140
21985,6115,Moong Dal 1kg,1.72,130
21986,6115,Rajma (Kidney Beans) 1kg,0.85,160
21987,6116,Wheat Flour (Atta) 5kg,2.92,250
21988,6116,Moong Dal 1kg,1.23,130
21989,6116,Rajma (Kidney Beans) 1kg,0.77,160
21990,6116,Turmeric Powder 200g,2.39,60
21991,6117,Wheat Flour (Atta) 5kg,2.63,250
21992,6117,Moong Dal 1kg,2.4,130
21993,6117,Rajma (Kidney Beans) 1kg,1.35,160
21994,6117,Turmeric Powder 200g,1.27,60
21995,6118,Wheat Flour (Atta) 5kg,2.17,250
21996,6118,Moong Dal 1kg,0.85,130
21997,6118,Turmeric Powder 200g,0.92,60
21998,6118,Garam Masala 100g,4.35,80
21999,6119,Moong Dal 1kg,0.86,130
22000,6119,Biryani Masala 100g,9.87,100
22001,6119,Almonds (Badam) 500g,1.55,450
22002,6119,Cashew Nuts (Kaju) 500g,1.48,550
22003,6120,Almonds (Badam) 500g,1.35,450
22004,6120,Cashew Nuts (Kaju) 500g,0.83,550
22005,6120,Peanuts (Groundnut) 500g,2.37,90
22006,6120,Sunflower Oil 1L,5.02,180
22007,6121,Almonds (Badam) 500g,0.78,450
22008,6121,Cashew Nuts (Kaju) 500g,0.82,550
22009,6121,Peanuts (Groundnut) 500g,2.56,90
22010,6121,Sunflower Oil 1L,4.32,180
22011,6122,Almonds (Badam) 500g,1.5,450
22012,6122,Groundnut Oil 1L,2.49,220
22013,6122,Mustard Oil 1L,2.4,200
22014,6122,Pure Ghee 1L,1.68,600
22015,6123,Almonds (Badam) 500g,1.28,450
22016,6123,Groundnut Oil 1L,1.89,220
22017,6123,Mustard Oil 1L,2.74,200
22018,6123,Pure Ghee 1L,1.31,600
22019,6124,Almonds (Badam) 500g,0.64,450
22020,6124,Mustard Oil 1L,1.59,200
22021,6124,Pure Ghee 1L,2.54,600
22022,6124,Sugar 1kg,3.33,45
22023,6125,Pure Ghee 1L,2.4,600
22024,6125,Sugar 1kg,1.73,45
22025,6125,Jaggery (Bella/Gud) 1kg,0.72,70
22026,6125,Iodized Salt 1kg,1.53,25
22027,6126,Pure Ghee 1L,1.75,600
22028,6126,Sugar 1kg,3.0,45
22029,6126,Jaggery (Bella/Gud) 1kg,0.83,70
22030,6126,Iodized Salt 1kg,2.06,25
22031,6127,Pure Ghee 1L,1.61,600
22032,6127,Sugar 1kg,1.52,45
22033,6127,Jaggery (Bella/Gud) 1kg,0.58,70
22034,6127,Iodized Salt 1kg,2.42,25
22035,6128,Jaggery (Bella/Gud) 1kg,0.74,60.64
22036,6128,Iodized Salt 1kg,1.65,25
22037,6128,Rock Salt (Sendha Namak) 500g,1.09,40
22038,6129,Jaggery (Bella/Gud) 1kg,0.62,70
22039,6129,Rock Salt (Sendha Namak) 500g,0.52,40
22040,6130,Jaggery (Bella/Gud) 1kg,0.72,70
22041,6130,Rock Salt (Sendha Namak) 500g,1.12,40
22042,6131,Sona Masoori Rice 5kg,14.76,395.05
22043,6131,Basmati Rice 5kg,14.67,550
22044,6131,Wheat Flour (Atta) 5kg,11.87,250
22045,6131,Toor Dal 1kg,3.21,140
22046,6132,Toor Dal 1kg,4.61,140
22047,6132,Moong Dal 1kg,7.41,130
22048,6132,Rajma (Kidney Beans) 1kg,0.48,160
22049,6132,Turmeric Powder 200g,1.36,60
22050,6133,Rajma (Kidney Beans) 1kg,0.49,160
22051,6133,Turmeric Powder 200g,0.72,60
22052,6133,Biryani Masala 100g,4.54,100
22053,6133,Almonds (Badam) 500g,1.12,450
22054,6134,Rajma (Kidney Beans) 1kg,0.9,160
22055,6134,Turmeric Powder 200g,1.16,60
22056,6134,Biryani Masala 100g,5.75,100
22057,6134,Almonds (Badam) 500g,2.66,450
22058,6135,Rajma (Kidney Beans) 1kg,0.78,160
22059,6135,Turmeric Powder 200g,0.76,52.2
22060,6135,Almonds (Badam) 500g,1.31,450
22061,6135,Cashew Nuts (Kaju) 500g,1.47,550
22062,6136,Turmeric Powder 200g,1.25,60
22063,6136,Almonds (Badam) 500g,2.02,450
22064,6136,Cashew Nuts (Kaju) 500g,0.57,550
22065,6136,Peanuts (Groundnut) 500g,1.22,90
22066,6137,Cashew Nuts (Kaju) 500g,0.78,550
22067,6137,Peanuts (Groundnut) 500g,1.34,90
22068,6137,Sunflower Oil 1L,9.49,180
22069,6137,Groundnut Oil 1L,0.87,220
22070,6138,Peanuts (Groundnut) 500g,1.23,90
22071,6138,Groundnut Oil 1L,1.07,220
22072,6138,Mustard Oil 1L,1.17,200
22073,6138,Pure Ghee 1L,9.84,600
22074,6139,Peanuts (Groundnut) 500g,1.39,90
22075,6139,Groundnut Oil 1L,1.36,220
22076,6139,Mustard Oil 1L,2.31,166.33
22077,6139,Sugar 1kg,2.14,45
22078,6140,Groundnut Oil 1L,1.22,220
22079,6140,Mustard Oil 1L,1.22,200
22080,6140,Sugar 1kg,3.02,45
22081,6140,Jaggery (Bella/Gud) 1kg,1.44,70
22082,6141,Mustard Oil 1L,1.01,200
22083,6141,Sugar 1kg,3.92,45
22084,6141,Jaggery (Bella/Gud) 1kg,1.62,70
22085,6141,Iodized Salt 1kg,3.1,25
22086,6142,Mustard Oil 1L,0.82,200
22087,6142,Jaggery (Bella/Gud) 1kg,1.18,70
22088,6142,Iodized Salt 1kg,1.7,25
22089,6143,Iodized Salt 1kg,2.28,21.22
22090,6144,Sona Masoori Rice 5kg,1.9,350
22091,6144,Basmati Rice 5kg,2.55,550
22092,6144,Wheat Flour (Atta) 5kg,12.16,250
22093,6144,Toor Dal 1kg,1.36,140
22094,6145,Sona Masoori Rice 5kg,2.2,350
22095,6145,Basmati Rice 5kg,2.1,550
22096,6145,Toor Dal 1kg,2.1,140
22097,6145,Moong Dal 1kg,7.47,130
22098,6146,Sona Masoori Rice 5kg,3.12,350
22099,6146,Basmati Rice 5kg,3.04,550
22100,6146,Toor Dal 1kg,1.98,140
22101,6146,Rajma (Kidney Beans) 1kg,0.38,160
22102,6147,Sona Masoori Rice 5kg,2.66,350
22103,6147,Basmati Rice 5kg,3.47,550
22104,6147,Toor Dal 1kg,2.07,167.1
22105,6147,Rajma (Kidney Beans) 1kg,0.89,160
22106,6148,Sona Masoori Rice 5kg,2.63,350
22107,6148,Basmati Rice 5kg,2.41,550
22108,6148,Rajma (Kidney Beans) 1kg,0.65,160
22109,6148,Turmeric Powder 200g,1.71,60
22110,6149,Sona Masoori Rice 5kg,1.97,350
22111,6149,Rajma (Kidney Beans) 1kg,0.69,160
22112,6149,Turmeric Powder 200g,1.15,60
22113,6149,Garam Masala 100g,1.43,80
22114,6150,Turmeric Powder 200g,1.66,51.8
22115,6150,Garam Masala 100g,2.02,80
22116,6150,Biryani Masala 100g,5.04,113.31
22117,6150,Almonds (Badam) 500g,1.63,450
22118,6151,Garam Masala 100g,0.76,80
22119,6151,Biryani Masala 100g,3.13,100
22120,6151,Almonds (Badam) 500g,1.78,450
22121,6151,Cashew Nuts (Kaju) 500g,1.24,550
22122,6152,Biryani Masala 100g,2.47,100
22123,6152,Almonds (Badam) 500g,2.02,397.08
22124,6152,Cashew Nuts (Kaju) 500g,0.8,550
22125,6152,Peanuts (Groundnut) 500g,1.89,90
22126,6153,Almonds (Badam) 500g,1.89,450
22127,6153,Cashew Nuts (Kaju) 500g,1.09,550
22128,6153,Peanuts (Groundnut) 500g,1.71,90
22129,6153,Sunflower Oil 1L,2.31,180
22130,6154,Peanuts (Groundnut) 500g,1.41,90
22131,6154,Sunflower Oil 1L,2.18,180
22132,6154,Groundnut Oil 1L,0.8,220
22133,6154,Mustard Oil 1L,0.93,200
22134,6155,Sunflower Oil 1L,1.22,180
22135,6155,Groundnut Oil 1L,0.46,220
22136,6155,Mustard Oil 1L,1.18,200
22137,6155,Pure Ghee 1L,2.3,600
22138,6156,Sunflower Oil 1L,1.83,180
22139,6156,Groundnut Oil 1L,0.92,220
22140,6156,Mustard Oil 1L,1.07,200
22141,6156,Pure Ghee 1L,2.88,600
22142,6157,Sunflower Oil 1L,1.49,180
22143,6157,Groundnut Oil 1L,0.59,220
22144,6157,Mustard Oil 1L,0.86,200
22145,6157,Pure Ghee 1L,2.38,600
22146,6158,Groundnut Oil 1L,0.99,220
22147,6158,Mustard Oil 1L,1.33,200
22148,6158,Pure Ghee 1L,3.89,600
22149,6158,Sugar 1kg,1.0,45
22150,6159,Groundnut Oil 1L,0.85,220
22151,6159,Mustard Oil 1L,0.63,200
22152,6159,Sugar 1kg,2.44,45
22153,6159,Jaggery (Bella/Gud) 1kg,1.87,70
22154,6160,Sugar 1kg,2.19,45
22155,6160,Jaggery (Bella/Gud) 1kg,1.24,70
22156,6160,Iodized Salt 1kg,7.41,25
22157,6161,Sugar 1kg,2.6,45
22158,6161,Jaggery (Bella/Gud) 1kg,0.89,70
22159,6162,Sugar 1kg,1.64,45
22160,6163,Sona Masoori Rice 5kg,2.39,350
22161,6163,Basmati Rice 5kg,3.0,550
22162,6163,Wheat Flour (Atta) 5kg,2.31,250
22163,6163,Toor Dal 1kg,3.83,140
22164,6164,Sona Masoori Rice 5kg,2.28,350
22165,6164,Basmati Rice 5kg,5.88,550
22166,6164,Wheat Flour (Atta) 5kg,2.25,279.69
22167,6164,Toor Dal 1kg,2.27,140
22168,6165,Sona Masoori Rice 5kg,2.3,350
22169,6165,Basmati Rice 5kg,4.06,550
22170,6165,Wheat Flour (Atta) 5kg,2.95,250
22171,6165,Toor Dal 1kg,1.84,140
22172,6166,Sona Masoori Rice 5kg,2.63,350
22173,6166,Wheat Flour (Atta) 5kg,2.68,250
22174,6166,Moong Dal 1kg,1.14,130
22175,6166,Rajma (Kidney Beans) 1kg,0.67,160
22176,6167,Sona Masoori Rice 5kg,2.44,350
22177,6167,Wheat Flour (Atta) 5kg,1.07,250
22178,6167,Moong Dal 1kg,1.52,130
22179,6167,Rajma (Kidney Beans) 1kg,1.09,160
22180,6168,Sona Masoori Rice 5kg,1.59,350
22181,6168,Moong Dal 1kg,0.87,130
22182,6168,Rajma (Kidney Beans) 1kg,0.82,160
22183,6168,Turmeric Powder 200g,3.14,60
22184,6169,Moong Dal 1kg,1.65,143.39
22185,6169,Turmeric Powder 200g,1.99,60
22186,6169,Garam Masala 100g,1.96,80
22187,6169,Biryani Masala 100g,3.7,100
22188,6170,Moong Dal 1kg,1.92,130
22189,6170,Garam Masala 100g,1.19,80
22190,6170,Biryani Masala 100g,2.73,100
22191,6170,Almonds (Badam) 500g,6.55,450
22192,6171,Biryani Masala 100g,4.36,100
22193,6171,Cashew Nuts (Kaju) 500g,0.95,550
22194,6171,Peanuts (Groundnut) 500g,1.19,90
22195,6171,Sunflower Oil 1L,1.79,180
22196,6172,Cashew Nuts (Kaju) 500g,0.92,550
22197,6172,Peanuts (Groundnut) 500g,2.25,90
22198,6172,Sunflower Oil 1L,1.83,180
22199,6172,Groundnut Oil 1L,1.1,220
22200,6173,Cashew Nuts (Kaju) 500g,0.87,550
22201,6173,Peanuts (Groundnut) 500g,1.32,90
22202,6173,Sunflower Oil 1L,1.81,180
22203,6173,Groundnut Oil 1L,0.9,220
22204,6174,Sunflower Oil 1L,2.23,180
22205,6174,Groundnut Oil 1L,0.71,177.18
22206,6174,Mustard Oil 1L,6.26,200
22207,6174,Pure Ghee 1L,9.87,600
22208,6175,Sunflower Oil 1L,2.73,180
22209,6175,Groundnut Oil 1L,1.08,220
22210,6175,Sugar 1kg,1.71,45
22211,6175,Jaggery (Bella/Gud) 1kg,0.81,70
22212,6176,Groundnut Oil 1L,0.78,220
22213,6176,Sugar 1kg,2.46,45
22214,6176,Jaggery (Bella/Gud) 1kg,1.18,70
22215,6176,Iodized Salt 1kg,2.39,25
22216,6177,Sugar 1kg,2.98,45
22217,6177,Jaggery (Bella/Gud) 1kg,1.12,70
22218,6177,Iodized Salt 1kg,2.3,25
22219,6177,Rock Salt (Sendha Namak) 500g,0.26,40
22220,6178,Sugar 1kg,2.01,45
22221,6178,Jaggery (Bella/Gud) 1kg,0.69,70
22222,6178,Iodized Salt 1kg,1.66,25
22223,6178,Rock Salt (Sendha Namak) 500g,0.38,40
22224,6179,Iodized Salt 1kg,1.47,25
22225,6179,Rock Salt (Sendha Namak) 500g,0.38,40
22226,6180,Rock Salt (Sendha Namak) 500g,0.42,40
22227,6181,Sona Masoori Rice 5kg,3.21,350
22228,6181,Basmati Rice 5kg,1.98,550
22229,6181,Wheat Flour (Atta) 5kg,2.17,250
22230,6181,Toor Dal 1kg,4.1,140
22231,6182,Sona Masoori Rice 5kg,3.24,350
22232,6182,Basmati Rice 5kg,2.3,550
22233,6182,Wheat Flour (Atta) 5kg,1.76,250
22234,6182,Toor Dal 1kg,3.86,140
22235,6183,Sona Masoori Rice 5kg,2.23,350
22236,6183,Basmati Rice 5kg,2.45,550
22237,6183,Wheat Flour (Atta) 5kg,2.91,250
22238,6183,Moong Dal 1kg,1.9,130
22239,6184,Sona Masoori Rice 5kg,2.81,350
22240,6184,Basmati Rice 5kg,1.48,550
22241,6184,Wheat Flour (Atta) 5kg,1.51,250
22242,6184,Moong Dal 1kg,1.12,130
22243,6185,Sona Masoori Rice 5kg,2.02,350
22244,6185,Basmati Rice 5kg,2.4,550
22245,6185,Wheat Flour (Atta) 5kg,1.6,250
22246,6185,Moong Dal 1kg,1.7,130
22247,6186,Sona Masoori Rice 5kg,1.35,350
22248,6186,Basmati Rice 5kg,3.42,550
22249,6186,Wheat Flour (Atta) 5kg,2.2,250
22250,6186,Moong Dal 1kg,0.72,130
22251,6187,Moong Dal 1kg,1.57,130
22252,6187,Rajma (Kidney Beans) 1kg,0.44,160
22253,6187,Turmeric Powder 200g,0.7,60
22254,6187,Garam Masala 100g,0.59,80
22255,6188,Rajma (Kidney Beans) 1kg,0.42,160
22256,6188,Turmeric Powder 200g,0.97,60
22257,6188,Garam Masala 100g,0.76,88.19
22258,6188,Biryani Masala 100g,4.6,100
22259,6189,Rajma (Kidney Beans) 1kg,0.54,160
22260,6189,Turmeric Powder 200g,0.94,60
22261,6189,Biryani Masala 100g,2.81,100
22262,6189,Almonds (Badam) 500g,1.58,450
22263,6190,Rajma (Kidney Beans) 1kg,0.92,160
22264,6190,Turmeric Powder 200g,0.91,60
22265,6190,Biryani Masala 100g,3.94,100
22266,6190,Almonds (Badam) 500g,1.58,450
22267,6191,Rajma (Kidney Beans) 1kg,0.55,160
22268,6191,Turmeric Powder 200g,0.98,60
22269,6191,Almonds (Badam) 500g,0.94,450
22270,6191,Cashew Nuts (Kaju) 500g,1.75,550
22271,6192,Turmeric Powder 200g,0.43,60
22272,6192,Almonds (Badam) 500g,1.62,450
22273,6192,Cashew Nuts (Kaju) 500g,1.36,550
22274,6192,Peanuts (Groundnut) 500g,1.77,90
22275,6193,Almonds (Badam) 500g,1.48,450
22276,6193,Peanuts (Groundnut) 500g,2.11,90
22277,6193,Sunflower Oil 1L,1.7,180
22278,6193,Groundnut Oil 1L,0.93,220
22279,6194,Peanuts (Groundnut) 500g,1.45,90
22280,6194,Sunflower Oil 1L,4.18,180
22281,6194,Groundnut Oil 1L,0.45,220
22282,6194,Mustard Oil 1L,2.35,200
22283,6195,Sunflower Oil 1L,3.14,180
22284,6195,Groundnut Oil 1L,0.84,177.7
22285,6195,Mustard Oil 1L,1.59,200
22286,6195,Pure Ghee 1L,1.87,600
22287,6196,Groundnut Oil 1L,1.05,220
22288,6196,Mustard Oil 1L,2.78,200
22289,6196,Pure Ghee 1L,2.3,600
22290,6196,Sugar 1kg,2.31,45
22291,6197,Groundnut Oil 1L,0.46,220
22292,6197,Pure Ghee 1L,1.09,600
22293,6197,Sugar 1kg,1.46,45
22294,6197,Jaggery (Bella/Gud) 1kg,0.75,70
22295,6198,Groundnut Oil 1L,1.05,220
22296,6198,Pure Ghee 1L,2.23,600
22297,6198,Sugar 1kg,2.54,45
22298,6198,Jaggery (Bella/Gud) 1kg,0.72,70
22299,6199,Pure Ghee 1L,2.6,600
22300,6199,Sugar 1kg,1.32,45
22301,6199,Jaggery (Bella/Gud) 1kg,0.65,70
22302,6199,Iodized Salt 1kg,4.22,25
22303,6200,Sugar 1kg,2.74,45
22304,6200,Jaggery (Bella/Gud) 1kg,0.86,70
22305,6200,Iodized Salt 1kg,3.31,25
22306,6201,Jaggery (Bella/Gud) 1kg,0.78,70
22307,6202,Sona Masoori Rice 5kg,4.53,350
22308,6202,Basmati Rice 5kg,4.45,550
22309,6202,Wheat Flour (Atta) 5kg,2.58,250
22310,6202,Toor Dal 1kg,1.48,140
22311,6203,Sona Masoori Rice 5kg,3.02,350
22312,6203,Basmati Rice 5kg,4.55,550
22313,6203,Wheat Flour (Atta) 5kg,4.61,250
22314,6203,Toor Dal 1kg,0.87,140
22315,6204,Sona Masoori Rice 5kg,4.62,350
22316,6204,Basmati Rice 5kg,4.24,550
22317,6204,Wheat Flour (Atta) 5kg,4.21,250
22318,6204,Toor Dal 1kg,1.34,140
22319,6205,Sona Masoori Rice 5kg,2.07,350
22320,6205,Toor Dal 1kg,0.78,140
22321,6205,Moong Dal 1kg,7.01,130
22322,6205,Rajma (Kidney Beans) 1kg,0.38,160
22323,6206,Sona Masoori Rice 5kg,1.73,350
22324,6206,Toor Dal 1kg,1.86,140
22325,6206,Rajma (Kidney Beans) 1kg,0.55,160
22326,6206,Turmeric Powder 200g,5.49,60
22327,6207,Toor Dal 1kg,1.63,140
22328,6207,Rajma (Kidney Beans) 1kg,0.36,160
22329,6207,Garam Masala 100g,4.18,80
22330,6207,Biryani Masala 100g,2.06,100
22331,6208,Rajma (Kidney Beans) 1kg,0.5,160
22332,6208,Biryani Masala 100g,1.9,100
22333,6208,Almonds (Badam) 500g,0.9,450
22334,6208,Cashew Nuts (Kaju) 500g,0.44,550
22335,6209,Rajma (Kidney Beans) 1kg,0.56,160
22336,6209,Biryani Masala 100g,1.51,100
22337,6209,Almonds (Badam) 500g,1.5,450
22338,6209,Cashew Nuts (Kaju) 500g,0.5,550
22339,6210,Rajma (Kidney Beans) 1kg,0.35,160
22340,6210,Biryani Masala 100g,1.5,100
22341,6210,Almonds (Badam) 500g,1.45,450
22342,6210,Cashew Nuts (Kaju) 500g,0.77,550
22343,6211,Biryani Masala 100g,1.49,100
22344,6211,Almonds (Badam) 500g,1.4,450
22345,6211,Cashew Nuts (Kaju) 500g,0.6,550
22346,6211,Peanuts (Groundnut) 500g,1.25,90
22347,6212,Biryani Masala 100g,2.14,100
22348,6212,Almonds (Badam) 500g,1.79,450
22349,6212,Cashew Nuts (Kaju) 500g,0.67,550
22350,6212,Peanuts (Groundnut) 500g,1.63,90
22351,6213,Peanuts (Groundnut) 500g,1.15,90
22352,6213,Sunflower Oil 1L,2.86,180
22353,6213,Groundnut Oil 1L,0.7,220
22354,6213,Mustard Oil 1L,4.28,161.73
22355,6214,Peanuts (Groundnut) 500g,1.08,90
22356,6214,Sunflower Oil 1L,2.38,180
22357,6214,Groundnut Oil 1L,1.29,220
22358,6214,Mustard Oil 1L,1.92,200
22359,6215,Sunflower Oil 1L,3.85,180
22360,6215,Groundnut Oil 1L,1.29,220
22361,6215,Pure Ghee 1L,11.38,600
22362,6215,Sugar 1kg,1.92,53.65
22363,6216,Groundnut Oil 1L,0.79,220
22364,6216,Sugar 1kg,2.11,45
22365,6216,Jaggery (Bella/Gud) 1kg,0.7,70
22366,6216,Iodized Salt 1kg,7.85,25
22367,6217,Sugar 1kg,1.58,45
22368,6217,Jaggery (Bella/Gud) 1kg,0.57,70
22369,6217,Rock Salt (Sendha Namak) 500g,0.6,40
22370,6218,Sugar 1kg,2.49,45
22371,6218,Jaggery (Bella/Gud) 1kg,1.02,70
22372,6218,Rock Salt (Sendha Namak) 500g,0.6,40
22373,6219,Sugar 1kg,2.59,45
22374,6219,Jaggery (Bella/Gud) 1kg,0.85,70
22375,6219,Rock Salt (Sendha Namak) 500g,0.72,40
22376,6220,Jaggery (Bella/Gud) 1kg,0.83,70
22377,6220,Rock Salt (Sendha Namak) 500g,0.46,40
22378,6221,Sona Masoori Rice 5kg,5.12,350
22379,6221,Basmati Rice 5kg,2.99,550
22380,6221,Wheat Flour (Atta) 5kg,0.95,250
22381,6221,Toor Dal 1kg,4.04,140
22382,6222,Sona Masoori Rice 5kg,10.07,350
22383,6222,Basmati Rice 5kg,3.72,550
22384,6222,Wheat Flour (Atta) 5kg,1.76,250
22385,6222,Toor Dal 1kg,4.13,140
22386,6223,Basmati Rice 5kg,1.89,550
22387,6223,Wheat Flour (Atta) 5kg,2.67,250
22388,6223,Moong Dal 1kg,1.76,130
22389,6223,Rajma (Kidney Beans) 1kg,0.51,160
22390,6224,Basmati Rice 5kg,2.01,550
22391,6224,Wheat Flour (Atta) 5kg,1.23,250
22392,6224,Moong Dal 1kg,2.13,130
22393,6224,Rajma (Kidney Beans) 1kg,1.08,160
22394,6225,Basmati Rice 5kg,3.46,550
22395,6225,Wheat Flour (Atta) 5kg,2.39,250
22396,6225,Moong Dal 1kg,1.53,130
22397,6225,Rajma (Kidney Beans) 1kg,0.51,160
22398,6226,Wheat Flour (Atta) 5kg,2.7,250
22399,6226,Moong Dal 1kg,2.19,130
22400,6226,Rajma (Kidney Beans) 1kg,1.02,160
22401,6226,Turmeric Powder 200g,5.0,60
22402,6227,Garam Masala 100g,0.39,80
22403,6227,Biryani Masala 100g,6.27,100
22404,6227,Almonds (Badam) 500g,1.4,450
22405,6227,Cashew Nuts (Kaju) 500g,3.12,550
22406,6228,Garam Masala 100g,0.41,80
22407,6228,Biryani Masala 100g,3.91,100
22408,6228,Almonds (Badam) 500g,1.3,450
22409,6228,Peanuts (Groundnut) 500g,1.81,90
22410,6229,Garam Masala 100g,0.28,80
22411,6229,Almonds (Badam) 500g,0.82,450
22412,6229,Peanuts (Groundnut) 500g,1.32,90
22413,6229,Sunflower Oil 1L,10.73,180
22414,6230,Garam Masala 100g,0.46,80
22415,6230,Almonds (Badam) 500g,0.95,450
22416,6230,Peanuts (Groundnut) 500g,1.14,90
22417,6230,Groundnut Oil 1L,0.61,220
22418,6231,Garam Masala 100g,0.35,80
22419,6231,Almonds (Badam) 500g,1.19,450
22420,6231,Peanuts (Groundnut) 500g,0.95,90
22421,6231,Groundnut Oil 1L,0.42,220
22422,6232,Almonds (Badam) 500g,0.91,450
22423,6232,Groundnut Oil 1L,1.12,220
22424,6232,Mustard Oil 1L,2.77,200
22425,6232,Pure Ghee 1L,1.34,600
22426,6233,Groundnut Oil 1L,1.11,220
22427,6233,Mustard Oil 1L,1.28,200
22428,6233,Pure Ghee 1L,2.71,600
22429,6233,Sugar 1kg,7.79,45
22430,6234,Groundnut Oil 1L,1.04,220
22431,6234,Mustard Oil 1L,2.05,200
22432,6234,Pure Ghee 1L,2.57,600
22433,6234,Sugar 1kg,3.15,45
22434,6235,Pure Ghee 1L,1.7,600
22435,6235,Jaggery (Bella/Gud) 1kg,4.2,70
22436,6235,Iodized Salt 1kg,3.13,25
22437,6235,Rock Salt (Sendha Namak) 500g,0.51,40
22438,6236,Pure Ghee 1L,1.22,600
22439,6236,Iodized Salt 1kg,2.29,25
22440,6236,Rock Salt (Sendha Namak) 500g,0.3,40
22441,6237,Iodized Salt 1kg,2.08,25
22442,6237,Rock Salt (Sendha Namak) 500g,0.47,40
22443,6238,Rock Salt (Sendha Namak) 500g,0.54,40
22444,6239,Sona Masoori Rice 5kg,4.89,350
22445,6239,Basmati Rice 5kg,14.86,550
22446,6239,Wheat Flour (Atta) 5kg,3.82,250
22447,6239,Toor Dal 1kg,2.41,140
22448,6240,Sona Masoori Rice 5kg,2.83,350
22449,6240,Wheat Flour (Atta) 5kg,3.08,250
22450,6240,Toor Dal 1kg,2.71,140
22451,6240,Moong Dal 1kg,3.69,130
22452,6241,Sona Masoori Rice 5kg,3.45,350
22453,6241,Wheat Flour (Atta) 5kg,4.44,250
22454,6241,Toor Dal 1kg,2.35,140
22455,6241,Moong Dal 1kg,3.93,130
22456,6242,Sona Masoori Rice 5kg,2.7,350
22457,6242,Rajma (Kidney Beans) 1kg,2.67,160
22458,6242,Turmeric Powder 200g,1.22,60
22459,6242,Garam Masala 100g,0.72,80
22460,6243,Turmeric Powder 200g,1.4,60
22461,6243,Garam Masala 100g,1.39,80
22462,6243,Biryani Masala 100g,4.56,100
22463,6243,Almonds (Badam) 500g,3.26,450
22464,6244,Turmeric Powder 200g,1.54,60
22465,6244,Garam Masala 100g,1.12,80
22466,6244,Biryani Masala 100g,6.63,117.16
22467,6244,Almonds (Badam) 500g,2.24,450
22468,6245,Turmeric Powder 200g,1.17,60
22469,6245,Garam Masala 100g,1.53,80
22470,6245,Almonds (Badam) 500g,1.68,450
22471,6245,Cashew Nuts (Kaju) 500g,0.44,550
22472,6246,Cashew Nuts (Kaju) 500g,0.49,550
22473,6246,Peanuts (Groundnut) 500g,1.36,90
22474,6246,Sunflower Oil 1L,1.54,180
22475,6246,Groundnut Oil 1L,1.82,220
22476,6247,Cashew Nuts (Kaju) 500g,0.91,550
22477,6247,Peanuts (Groundnut) 500g,1.39,90
22478,6247,Sunflower Oil 1L,1.68,180
22479,6247,Groundnut Oil 1L,2.66,220
22480,6248,Cashew Nuts (Kaju) 500g,1.04,550
22481,6248,Peanuts (Groundnut) 500g,1.7,90
22482,6248,Sunflower Oil 1L,2.06,180
22483,6248,Mustard Oil 1L,4.39,200
22484,6249,Peanuts (Groundnut) 500g,0.89,75.68
22485,6249,Sunflower Oil 1L,1.86,211.93
22486,6249,Mustard Oil 1L,1.92,200
22487,6249,Pure Ghee 1L,1.93,600
22488,6250,Sunflower Oil 1L,1.33,180
22489,6250,Pure Ghee 1L,1.44,600
22490,6250,Sugar 1kg,1.74,45
22491,6250,Jaggery (Bella/Gud) 1kg,3.72,70
22492,6251,Sunflower Oil 1L,1.92,180
22493,6251,Pure Ghee 1L,1.71,600
22494,6251,Sugar 1kg,1.18,45
22495,6251,Iodized Salt 1kg,0.96,25
22496,6252,Pure Ghee 1L,1.51,600
22497,6252,Sugar 1kg,1.46,45
22498,6252,Iodized Salt 1kg,1.52,25
22499,6252,Rock Salt (Sendha Namak) 500g,0.25,40
22500,6253,Pure Ghee 1L,1.9,600
22501,6253,Sugar 1kg,1.27,45
22502,6253,Iodized Salt 1kg,1.07,25
22503,6253,Rock Salt (Sendha Namak) 500g,0.4,40
22504,6254,Pure Ghee 1L,2.55,600
22505,6254,Sugar 1kg,1.8,45
22506,6254,Iodized Salt 1kg,1.4,25
22507,6254,Rock Salt (Sendha Namak) 500g,0.27,40
22508,6255,Sugar 1kg,2.06,45
22509,6255,Iodized Salt 1kg,1.51,25
22510,6255,Rock Salt (Sendha Namak) 500g,0.41,40
22511,6256,Iodized Salt 1kg,1.06,25
22512,6256,Rock Salt (Sendha Namak) 500g,0.29,40
22513,6257,Sona Masoori Rice 5kg,15.45,350
22514,6257,Basmati Rice 5kg,1.65,550
22515,6257,Wheat Flour (Atta) 5kg,2.77,250
22516,6257,Toor Dal 1kg,0.95,140
22517,6258,Basmati Rice 5kg,3.0,550
22518,6258,Wheat Flour (Atta) 5kg,3.21,250
22519,6258,Toor Dal 1kg,0.97,140
22520,6258,Moong Dal 1kg,1.31,130
22521,6259,Basmati Rice 5kg,2.6,550
22522,6259,Wheat Flour (Atta) 5kg,3.39,250
22523,6259,Toor Dal 1kg,1.92,140
22524,6259,Moong Dal 1kg,3.21,130
22525,6260,Basmati Rice 5kg,2.72,550
22526,6260,Wheat Flour (Atta) 5kg,3.69,250
22527,6260,Toor Dal 1kg,0.8,140
22528,6260,Moong Dal 1kg,1.57,130
22529,6261,Basmati Rice 5kg,2.33,550
22530,6261,Toor Dal 1kg,1.55,140
22531,6261,Moong Dal 1kg,1.21,130
22532,6261,Rajma (Kidney Beans) 1kg,0.41,160
22533,6262,Basmati Rice 5kg,2.53,550
22534,6262,Toor Dal 1kg,1.92,140
22535,6262,Rajma (Kidney Beans) 1kg,0.32,160
22536,6262,Turmeric Powder 200g,5.25,60
22537,6263,Rajma (Kidney Beans) 1kg,0.56,160
22538,6263,Garam Masala 100g,1.2,80
22539,6263,Biryani Masala 100g,5.79,100
22540,6263,Almonds (Badam) 500g,7.06,450
22541,6264,Rajma (Kidney Beans) 1kg,0.68,160
22542,6264,Biryani Masala 100g,5.31,100
22543,6264,Cashew Nuts (Kaju) 500g,3.13,550
22544,6264,Peanuts (Groundnut) 500g,5.48,90
22545,6265,Rajma (Kidney Beans) 1kg,0.73,160
22546,6265,Sunflower Oil 1L,2.74,180
22547,6265,Groundnut Oil 1L,0.99,220
22548,6265,Mustard Oil 1L,0.8,200
22549,6266,Rajma (Kidney Beans) 1kg,0.71,160
22550,6266,Sunflower Oil 1L,6.42,180
22551,6266,Groundnut Oil 1L,0.86,220
22552,6266,Mustard Oil 1L,1.73,200
22553,6267,Groundnut Oil 1L,1.08,220
22554,6267,Mustard Oil 1L,1.67,200
22555,6267,Pure Ghee 1L,7.15,600
22556,6267,Sugar 1kg,1.67,45
22557,6268,Groundnut Oil 1L,1.0,220
22558,6268,Mustard Oil 1L,1.17,200
22559,6268,Pure Ghee 1L,3.02,600
22560,6268,Sugar 1kg,4.42,52.81
22561,6269,Groundnut Oil 1L,0.79,220
22562,6269,Mustard Oil 1L,1.04,200
22563,6269,Sugar 1kg,3.03,45
22564,6269,Jaggery (Bella/Gud) 1kg,1.11,70
22565,6270,Jaggery (Bella/Gud) 1kg,0.79,70
22566,6270,Iodized Salt 1kg,7.6,25
22567,6270,Rock Salt (Sendha Namak) 500g,2.24,40
22568,6271,Jaggery (Bella/Gud) 1kg,2.02,70
22569,6272,Sona Masoori Rice 5kg,14.03,350
22570,6272,Basmati Rice 5kg,2.93,550
22571,6272,Wheat Flour (Atta) 5kg,4.41,250
22572,6272,Toor Dal 1kg,1.55,140
22573,6273,Basmati Rice 5kg,2.02,550
22574,6273,Wheat Flour (Atta) 5kg,2.1,286.08
22575,6273,Toor Dal 1kg,1.52,140
22576,6273,Moong Dal 1kg,6.49,130
22577,6274,Basmati Rice 5kg,3.82,550
22578,6274,Wheat Flour (Atta) 5kg,4.45,250
22579,6274,Toor Dal 1kg,1.56,140
22580,6274,Rajma (Kidney Beans) 1kg,0.58,160
22581,6275,Basmati Rice 5kg,2.22,550
22582,6275,Toor Dal 1kg,0.73,140
22583,6275,Rajma (Kidney Beans) 1kg,0.62,160
22584,6275,Turmeric Powder 200g,1.41,60
22585,6276,Basmati Rice 5kg,2.67,550
22586,6276,Toor Dal 1kg,1.05,140
22587,6276,Rajma (Kidney Beans) 1kg,0.6,160
22588,6276,Turmeric Powder 200g,0.92,60
22589,6277,Toor Dal 1kg,1.05,140
22590,6277,Rajma (Kidney Beans) 1kg,0.39,160
22591,6277,Turmeric Powder 200g,1.72,60
22592,6277,Garam Masala 100g,1.26,80
22593,6278,Rajma (Kidney Beans) 1kg,0.55,160
22594,6278,Turmeric Powder 200g,1.02,60
22595,6278,Biryani Masala 100g,11.13,100
22596,6278,Almonds (Badam) 500g,1.1,450
22597,6279,Almonds (Badam) 500g,2.19,512.87
22598,6279,Cashew Nuts (Kaju) 500g,1.96,550
22599,6279,Peanuts (Groundnut) 500g,0.8,76.85
22600,6279,Sunflower Oil 1L,1.72,180
22601,6280,Almonds (Badam) 500g,1.41,450
22602,6280,Cashew Nuts (Kaju) 500g,1.16,550
22603,6280,Peanuts (Groundnut) 500g,1.21,104.41
22604,6280,Sunflower Oil 1L,2.4,180
22605,6281,Almonds (Badam) 500g,1.73,450
22606,6281,Peanuts (Groundnut) 500g,1.18,99.4
22607,6281,Sunflower Oil 1L,1.91,180
22608,6281,Groundnut Oil 1L,1.18,220
22609,6282,Peanuts (Groundnut) 500g,0.75,90
22610,6282,Sunflower Oil 1L,2.38,180
22611,6282,Groundnut Oil 1L,1.18,220
22612,6282,Mustard Oil 1L,2.56,200
22613,6283,Peanuts (Groundnut) 500g,0.87,72.22
22614,6283,Sunflower Oil 1L,0.99,180
22615,6283,Groundnut Oil 1L,1.13,220
22616,6283,Mustard Oil 1L,4.21,200
22617,6284,Peanuts (Groundnut) 500g,0.65,90
22618,6284,Groundnut Oil 1L,0.57,220
22619,6284,Pure Ghee 1L,2.36,600
22620,6284,Sugar 1kg,1.66,45
22621,6285,Groundnut Oil 1L,0.61,220
22622,6285,Pure Ghee 1L,2.88,600
22623,6285,Sugar 1kg,2.46,52.84
22624,6285,Jaggery (Bella/Gud) 1kg,0.82,70
22625,6286,Pure Ghee 1L,2.16,600
22626,6286,Sugar 1kg,3.38,45
22627,6286,Jaggery (Bella/Gud) 1kg,0.61,70
22628,6286,Iodized Salt 1kg,5.01,25
22629,6287,Pure Ghee 1L,2.34,600
22630,6287,Sugar 1kg,1.6,45
22631,6287,Jaggery (Bella/Gud) 1kg,0.41,70
22632,6287,Iodized Salt 1kg,2.22,25
22633,6288,Jaggery (Bella/Gud) 1kg,0.96,70
22634,6288,Rock Salt (Sendha Namak) 500g,0.67,40
22635,6289,Jaggery (Bella/Gud) 1kg,0.88,70
22636,6289,Rock Salt (Sendha Namak) 500g,0.75,40
22637,6290,Sona Masoori Rice 5kg,3.38,350
22638,6290,Basmati Rice 5kg,4.09,550
22639,6290,Wheat Flour (Atta) 5kg,3.25,250
22640,6290,Toor Dal 1kg,0.84,140
22641,6291,Sona Masoori Rice 5kg,3.15,350
22642,6291,Basmati Rice 5kg,5.2,550
22643,6291,Wheat Flour (Atta) 5kg,3.19,250
22644,6291,Toor Dal 1kg,2.18,140
22645,6292,Sona Masoori Rice 5kg,3.69,350
22646,6292,Basmati Rice 5kg,3.25,550
22647,6292,Wheat Flour (Atta) 5kg,2.02,250
22648,6292,Toor Dal 1kg,1.19,140
22649,6293,Sona Masoori Rice 5kg,1.67,350
22650,6293,Wheat Flour (Atta) 5kg,3.38,250
22651,6293,Toor Dal 1kg,1.39,140
22652,6293,Moong Dal 1kg,1.43,130
22653,6294,Sona Masoori Rice 5kg,3.26,350
22654,6294,Toor Dal 1kg,1.92,140
22655,6294,Moong Dal 1kg,1.45,130
22656,6294,Rajma (Kidney Beans) 1kg,2.59,160
22657,6295,Toor Dal 1kg,0.88,140
22658,6295,Moong Dal 1kg,1.56,130
22659,6295,Turmeric Powder 200g,0.88,60
22660,6295,Biryani Masala 100g,1.9,100
22661,6296,Moong Dal 1kg,1.81,130
22662,6296,Turmeric Powder 200g,1.41,60
22663,6296,Biryani Masala 100g,3.4,100
22664,6296,Almonds (Badam) 500g,1.49,450
22665,6297,Moong Dal 1kg,1.34,130
22666,6297,Turmeric Powder 200g,1.02,60
22667,6297,Biryani Masala 100g,2.4,100
22668,6297,Almonds (Badam) 500g,1.07,450
22669,6298,Turmeric Powder 200g,1.2,60
22670,6298,Biryani Masala 100g,2.19,100
22671,6298,Almonds (Badam) 500g,0.62,450
22672,6298,Cashew Nuts (Kaju) 500g,0.29,550
22673,6299,Almonds (Badam) 500g,1.79,450
22674,6299,Cashew Nuts (Kaju) 500g,0.71,550
22675,6299,Peanuts (Groundnut) 500g,2.36,90
22676,6299,Sunflower Oil 1L,3.11,180
22677,6300,Almonds (Badam) 500g,1.66,450
22678,6300,Cashew Nuts (Kaju) 500g,0.49,550
22679,6300,Peanuts (Groundnut) 500g,1.35,90
22680,6300,Sunflower Oil 1L,1.77,180
22681,6301,Cashew Nuts (Kaju) 500g,0.58,550
22682,6301,Peanuts (Groundnut) 500g,1.68,90
22683,6301,Sunflower Oil 1L,2.19,180
22684,6301,Groundnut Oil 1L,1.13,220
22685,6302,Cashew Nuts (Kaju) 500g,0.32,550
22686,6302,Sunflower Oil 1L,1.8,180
22687,6302,Groundnut Oil 1L,1.25,220
22688,6302,Mustard Oil 1L,1.19,200
22689,6303,Cashew Nuts (Kaju) 500g,0.51,550
22690,6303,Sunflower Oil 1L,2.02,180
22691,6303,Groundnut Oil 1L,1.59,220
22692,6303,Mustard Oil 1L,1.11,200
22693,6304,Mustard Oil 1L,1.09,200
22694,6304,Pure Ghee 1L,1.29,600
22695,6304,Sugar 1kg,9.83,45
22696,6304,Jaggery (Bella/Gud) 1kg,0.83,70
22697,6305,Mustard Oil 1L,1.43,200
22698,6305,Pure Ghee 1L,3.28,600
22699,6305,Jaggery (Bella/Gud) 1kg,1.09,61.08
22700,6305,Iodized Salt 1kg,4.61,25
22701,6306,Mustard Oil 1L,0.66,200
22702,6306,Pure Ghee 1L,3.27,600
22703,6306,Jaggery (Bella/Gud) 1kg,1.74,70
22704,6306,Iodized Salt 1kg,2.93,25
22705,6307,Mustard Oil 1L,0.55,200
22706,6307,Pure Ghee 1L,2.34,600
22707,6307,Rock Salt (Sendha Namak) 500g,0.99,40
22708,6308,Rock Salt (Sendha Namak) 500g,2.19,40
22709,6309,Sona Masoori Rice 5kg,2.77,350
22710,6309,Basmati Rice 5kg,4.63,550
22711,6309,Wheat Flour (Atta) 5kg,3.71,250
22712,6309,Toor Dal 1kg,7.84,140
22713,6310,Sona Masoori Rice 5kg,2.4,350
22714,6310,Basmati Rice 5kg,3.08,550
22715,6310,Wheat Flour (Atta) 5kg,3.74,250
22716,6310,Moong Dal 1kg,2.0,130
22717,6311,Sona Masoori Rice 5kg,1.2,350
22718,6311,Basmati Rice 5kg,6.32,550
22719,6311,Wheat Flour (Atta) 5kg,3.54,250
22720,6311,Moong Dal 1kg,1.76,130
22721,6312,Sona Masoori Rice 5kg,2.82,350
22722,6312,Wheat Flour (Atta) 5kg,1.86,250
22723,6312,Moong Dal 1kg,2.03,130
22724,6312,Rajma (Kidney Beans) 1kg,0.26,160
22725,6313,Sona Masoori Rice 5kg,3.32,350
22726,6313,Moong Dal 1kg,1.06,130
22727,6313,Rajma (Kidney Beans) 1kg,0.51,160
22728,6313,Turmeric Powder 200g,2.61,60
22729,6314,Sona Masoori Rice 5kg,2.94,350
22730,6314,Rajma (Kidney Beans) 1kg,0.31,160
22731,6314,Turmeric Powder 200g,1.47,60
22732,6314,Garam Masala 100g,0.76,80
22733,6315,Rajma (Kidney Beans) 1kg,0.55,160
22734,6315,Turmeric Powder 200g,1.18,60
22735,6315,Garam Masala 100g,0.82,80
22736,6315,Biryani Masala 100g,3.47,100
22737,6316,Rajma (Kidney Beans) 1kg,0.51,160
22738,6316,Garam Masala 100g,1.14,80
22739,6316,Biryani Masala 100g,6.04,100
22740,6316,Almonds (Badam) 500g,2.12,450
22741,6317,Rajma (Kidney Beans) 1kg,0.44,160
22742,6317,Almonds (Badam) 500g,0.81,450
22743,6317,Cashew Nuts (Kaju) 500g,3.16,550
22744,6317,Peanuts (Groundnut) 500g,1.41,90
22745,6318,Almonds (Badam) 500g,1.76,450
22746,6318,Peanuts (Groundnut) 500g,1.15,90
22747,6318,Sunflower Oil 1L,2.96,180
22748,6318,Groundnut Oil 1L,0.89,220
22749,6319,Almonds (Badam) 500g,1.45,450
22750,6319,Peanuts (Groundnut) 500g,1.21,90
22751,6319,Sunflower Oil 1L,2.74,180
22752,6319,Groundnut Oil 1L,0.77,220
22753,6320,Almonds (Badam) 500g,0.98,450
22754,6320,Peanuts (Groundnut) 500g,0.92,90
22755,6320,Sunflower Oil 1L,1.3,180
22756,6320,Groundnut Oil 1L,0.4,220
22757,6321,Sunflower Oil 1L,2.05,180
22758,6321,Groundnut Oil 1L,0.79,220
22759,6321,Mustard Oil 1L,1.4,200
22760,6321,Pure Ghee 1L,2.91,600
22761,6322,Sunflower Oil 1L,1.65,180
22762,6322,Groundnut Oil 1L,0.89,220
22763,6322,Mustard Oil 1L,1.17,200
22764,6322,Pure Ghee 1L,2.72,600
22765,6323,Groundnut Oil 1L,0.29,220
22766,6323,Mustard Oil 1L,0.72,200
22767,6323,Pure Ghee 1L,1.81,600
22768,6323,Sugar 1kg,1.44,45
22769,6324,Mustard Oil 1L,1.66,200
22770,6324,Pure Ghee 1L,2.51,600
22771,6324,Sugar 1kg,2.45,45
22772,6324,Jaggery (Bella/Gud) 1kg,1.3,70
22773,6325,Mustard Oil 1L,0.82,200
22774,6325,Sugar 1kg,1.6,45
22775,6325,Jaggery (Bella/Gud) 1kg,0.58,57.63
22776,6325,Iodized Salt 1kg,6.72,25
22777,6326,Sugar 1kg,1.71,45
22778,6326,Jaggery (Bella/Gud) 1kg,0.72,70
22779,6326,Rock Salt (Sendha Namak) 500g,1.03,40
22780,6327,Sugar 1kg,0.93,45
22781,6327,Jaggery (Bella/Gud) 1kg,1.51,70
22782,6327,Rock Salt (Sendha Namak) 500g,1.44,40
22783,6328,Sugar 1kg,1.6,45
22784,6329,Sona Masoori Rice 5kg,1.33,419.86
22785,6329,Basmati Rice 5kg,3.77,550
22786,6329,Wheat Flour (Atta) 5kg,1.35,250
22787,6329,Toor Dal 1kg,7.38,140
22788,6330,Sona Masoori Rice 5kg,2.02,350
22789,6330,Basmati Rice 5kg,3.57,550
22790,6330,Wheat Flour (Atta) 5kg,1.28,250
22791,6330,Moong Dal 1kg,0.89,130
22792,6331,Sona Masoori Rice 5kg,2.72,350
22793,6331,Basmati Rice 5kg,5.59,550
22794,6331,Wheat Flour (Atta) 5kg,2.75,250
22795,6331,Moong Dal 1kg,1.49,130
22796,6332,Sona Masoori Rice 5kg,3.64,350
22797,6332,Wheat Flour (Atta) 5kg,2.32,250
22798,6332,Moong Dal 1kg,0.89,130
22799,6332,Rajma (Kidney Beans) 1kg,2.62,160
22800,6333,Sona Masoori Rice 5kg,1.35,350
22801,6333,Wheat Flour (Atta) 5kg,2.17,250
22802,6333,Moong Dal 1kg,1.06,130
22803,6333,Rajma (Kidney Beans) 1kg,3.84,160
22804,6334,Sona Masoori Rice 5kg,3.39,350
22805,6334,Wheat Flour (Atta) 5kg,2.52,250
22806,6334,Moong Dal 1kg,1.27,130
22807,6334,Rajma (Kidney Beans) 1kg,3.62,160
22808,6335,Moong Dal 1kg,1.3,130
22809,6335,Turmeric Powder 200g,1.69,60
22810,6335,Garam Masala 100g,1.22,80
22811,6335,Biryani Masala 100g,3.12,100
22812,6336,Turmeric Powder 200g,0.95,60
22813,6336,Almonds (Badam) 500g,0.65,450
22814,6336,Cashew Nuts (Kaju) 500g,0.42,550
22815,6336,Peanuts (Groundnut) 500g,0.69,90
22816,6337,Turmeric Powder 200g,1.53,60
22817,6337,Almonds (Badam) 500g,1.37,450
22818,6337,Cashew Nuts (Kaju) 500g,0.51,550
22819,6337,Peanuts (Groundnut) 500g,0.68,90
22820,6338,Turmeric Powder 200g,0.6,60
22821,6338,Cashew Nuts (Kaju) 500g,0.8,550
22822,6338,Peanuts (Groundnut) 500g,1.41,90
22823,6338,Sunflower Oil 1L,6.58,180
22824,6339,Turmeric Powder 200g,0.72,60
22825,6339,Cashew Nuts (Kaju) 500g,1.0,550
22826,6339,Peanuts (Groundnut) 500g,1.07,90
22827,6339,Sunflower Oil 1L,4.35,180
22828,6340,Peanuts (Groundnut) 500g,0.56,78.92
22829,6340,Groundnut Oil 1L,1.23,220
22830,6340,Mustard Oil 1L,1.03,200
22831,6340,Pure Ghee 1L,1.27,600
22832,6341,Peanuts (Groundnut) 500g,0.58,90
22833,6341,Groundnut Oil 1L,1.74,220
22834,6341,Mustard Oil 1L,1.41,200
22835,6341,Pure Ghee 1L,0.66,600
22836,6342,Groundnut Oil 1L,1.67,220
22837,6342,Mustard Oil 1L,1.7,200
22838,6342,Pure Ghee 1L,0.45,600
22839,6342,Sugar 1kg,4.46,45
22840,6343,Mustard Oil 1L,1.79,200
22841,6343,Pure Ghee 1L,0.65,600
22842,6343,Sugar 1kg,5.84,45
22843,6343,Jaggery (Bella/Gud) 1kg,1.43,70
22844,6344,Jaggery (Bella/Gud) 1kg,2.69,70
22845,6344,Iodized Salt 1kg,7.2,25
22846,6344,Rock Salt (Sendha Namak) 500g,1.07,40
22847,6345,Jaggery (Bella/Gud) 1kg,2.38,70
22848,6345,Rock Salt (Sendha Namak) 500g,0.93,40
22849,6346,Jaggery (Bella/Gud) 1kg,2.29,70
22850,6346,Rock Salt (Sendha Namak) 500g,0.95,40
22851,6347,Jaggery (Bella/Gud) 1kg,2.26,70
22852,6348,Sona Masoori Rice 5kg,9.31,350
22853,6348,Basmati Rice 5kg,14.0,550
22854,6348,Wheat Flour (Atta) 5kg,2.8,250
22855,6348,Toor Dal 1kg,2.84,140
22856,6349,Sona Masoori Rice 5kg,5.35,350
22857,6349,Wheat Flour (Atta) 5kg,2.5,250
22858,6349,Toor Dal 1kg,2.14,140
22859,6349,Moong Dal 1kg,6.88,130
22860,6350,Wheat Flour (Atta) 5kg,3.0,250
22861,6350,Toor Dal 1kg,3.47,140
22862,6350,Rajma (Kidney Beans) 1kg,2.97,160
22863,6350,Turmeric Powder 200g,2.18,60
22864,6351,Wheat Flour (Atta) 5kg,1.15,250
22865,6351,Rajma (Kidney Beans) 1kg,1.67,160
22866,6351,Turmeric Powder 200g,0.75,50.12
22867,6351,Garam Masala 100g,0.43,71.09
22868,6352,Wheat Flour (Atta) 5kg,2.67,250
22869,6352,Rajma (Kidney Beans) 1kg,1.83,160
22870,6352,Turmeric Powder 200g,1.36,60
22871,6352,Garam Masala 100g,0.52,80
22872,6353,Rajma (Kidney Beans) 1kg,1.98,160
22873,6353,Turmeric Powder 200g,0.78,60
22874,6353,Garam Masala 100g,0.47,80
22875,6353,Biryani Masala 100g,0.57,100
22876,6354,Garam Masala 100g,0.47,80
22877,6354,Biryani Masala 100g,1.2,100
22878,6354,Almonds (Badam) 500g,0.76,450
22879,6354,Cashew Nuts (Kaju) 500g,1.11,550
22880,6355,Garam Masala 100g,0.44,80
22881,6355,Biryani Masala 100g,1.17,100
22882,6355,Almonds (Badam) 500g,1.08,450
22883,6355,Cashew Nuts (Kaju) 500g,0.79,466.12
22884,6356,Cashew Nuts (Kaju) 500g,1.23,550
22885,6356,Peanuts (Groundnut) 500g,2.13,90
22886,6356,Sunflower Oil 1L,1.18,180
22887,6356,Groundnut Oil 1L,0.88,220
22888,6357,Peanuts (Groundnut) 500g,2.82,90
22889,6357,Sunflower Oil 1L,3.04,180
22890,6357,Groundnut Oil 1L,1.24,220
22891,6357,Mustard Oil 1L,2.93,200
22892,6358,Sunflower Oil 1L,1.57,180
22893,6358,Groundnut Oil 1L,0.97,220
22894,6358,Mustard Oil 1L,3.81,200
22895,6358,Pure Ghee 1L,0.39,600
22896,6359,Sunflower Oil 1L,2.66,180
22897,6359,Groundnut Oil 1L,0.87,220
22898,6359,Pure Ghee 1L,0.55,600
22899,6359,Sugar 1kg,2.56,45
22900,6360,Sunflower Oil 1L,1.41,151.93
22901,6360,Groundnut Oil 1L,0.49,220
22902,6360,Pure Ghee 1L,0.63,600
22903,6360,Sugar 1kg,1.99,45
22904,6361,Pure Ghee 1L,0.42,600
22905,6361,Sugar 1kg,2.19,45
22906,6361,Jaggery (Bella/Gud) 1kg,5.94,70
22907,6361,Iodized Salt 1kg,3.64,25
22908,6362,Pure Ghee 1L,0.68,600
22909,6362,Sugar 1kg,1.88,45
22910,6362,Jaggery (Bella/Gud) 1kg,5.0,70
22911,6362,Iodized Salt 1kg,3.04,25
22912,6363,Pure Ghee 1L,0.53,600
22913,6363,Sugar 1kg,1.26,45
22914,6363,Rock Salt (Sendha Namak) 500g,0.28,32.43
22915,6364,Rock Salt (Sendha Namak) 500g,0.52,40
22916,6365,Rock Salt (Sendha Namak) 500g,0.59,40
22917,6366,Rock Salt (Sendha Namak) 500g,0.27,40
22918,6367,Rock Salt (Sendha Namak) 500g,0.35,40
22919,6368,Rock Salt (Sendha Namak) 500g,0.6,40
22920,6369,Sona Masoori Rice 5kg,14.96,350
22921,6369,Basmati Rice 5kg,2.69,550
22922,6369,Wheat Flour (Atta) 5kg,12.94,250
22923,6369,Toor Dal 1kg,1.55,140
22924,6370,Basmati Rice 5kg,3.75,550
22925,6370,Toor Dal 1kg,1.2,140
22926,6370,Moong Dal 1kg,1.1,130
22927,6370,Rajma (Kidney Beans) 1kg,4.87,160
22928,6371,Basmati Rice 5kg,3.53,550
22929,6371,Toor Dal 1kg,1.99,140
22930,6371,Moong Dal 1kg,1.55,130
22931,6371,Rajma (Kidney Beans) 1kg,5.33,160
22932,6372,Basmati Rice 5kg,2.91,550
22933,6372,Toor Dal 1kg,1.94,140
22934,6372,Moong Dal 1kg,0.76,130
22935,6372,Turmeric Powder 200g,1.41,60
22936,6373,Basmati Rice 5kg,1.27,605.56
22937,6373,Toor Dal 1kg,1.06,140
22938,6373,Moong Dal 1kg,1.62,130
22939,6373,Turmeric Powder 200g,0.87,60
22940,6374,Moong Dal 1kg,0.72,130
22941,6374,Turmeric Powder 200g,1.6,60
22942,6374,Garam Masala 100g,0.49,80
22943,6374,Biryani Masala 100g,2.88,100
22944,6375,Moong Dal 1kg,1.29,130
22945,6375,Turmeric Powder 200g,0.74,60
22946,6375,Garam Masala 100g,0.61,80
22947,6375,Almonds (Badam) 500g,0.4,450
22948,6376,Turmeric Powder 200g,0.67,60
22949,6376,Garam Masala 100g,0.82,80
22950,6376,Almonds (Badam) 500g,0.28,450
22951,6376,Cashew Nuts (Kaju) 500g,0.43,550
22952,6377,Garam Masala 100g,0.91,80
22953,6377,Almonds (Badam) 500g,0.46,450
22954,6377,Cashew Nuts (Kaju) 500g,0.43,550
22955,6377,Peanuts (Groundnut) 500g,0.98,90
22956,6378,Almonds (Badam) 500g,0.38,450
22957,6378,Cashew Nuts (Kaju) 500g,0.49,550
22958,6378,Peanuts (Groundnut) 500g,0.51,90
22959,6378,Sunflower Oil 1L,1.35,180
22960,6379,Almonds (Badam) 500g,0.55,450
22961,6379,Cashew Nuts (Kaju) 500g,0.82,550
22962,6379,Peanuts (Groundnut) 500g,0.6,90
22963,6379,Sunflower Oil 1L,2.27,180
22964,6380,Cashew Nuts (Kaju) 500g,0.54,550
22965,6380,Peanuts (Groundnut) 500g,0.77,90
22966,6380,Sunflower Oil 1L,1.95,180
22967,6380,Groundnut Oil 1L,1.99,220
22968,6381,Peanuts (Groundnut) 500g,0.92,90
22969,6381,Sunflower Oil 1L,1.42,180
22970,6381,Groundnut Oil 1L,2.63,220
22971,6381,Mustard Oil 1L,0.85,200
22972,6382,Peanuts (Groundnut) 500g,0.87,90
22973,6382,Sunflower Oil 1L,2.04,180
22974,6382,Mustard Oil 1L,1.37,200
22975,6382,Pure Ghee 1L,1.07,600
22976,6383,Mustard Oil 1L,1.33,200
22977,6383,Pure Ghee 1L,0.64,600
22978,6383,Sugar 1kg,4.7,45
22979,6383,Jaggery (Bella/Gud) 1kg,5.0,70
22980,6384,Mustard Oil 1L,1.65,200
22981,6384,Pure Ghee 1L,1.2,600
22982,6384,Sugar 1kg,4.67,45
22983,6384,Jaggery (Bella/Gud) 1kg,6.05,70
22984,6385,Mustard Oil 1L,1.03,200
22985,6385,Iodized Salt 1kg,3.57,25
22986,6385,Rock Salt (Sendha Namak) 500g,0.59,40
22987,6386,Iodized Salt 1kg,3.51,25
22988,6386,Rock Salt (Sendha Namak) 500g,0.47,40
22989,6387,Rock Salt (Sendha Namak) 500g,0.4,40
22990,6388,Rock Salt (Sendha Namak) 500g,0.33,40
22991,6389,Rock Salt (Sendha Namak) 500g,0.44,40
22992,6390,Rock Salt (Sendha Namak) 500g,0.26,40
22993,6391,Sona Masoori Rice 5kg,13.55,350
22994,6391,Basmati Rice 5kg,3.65,550
22995,6391,Wheat Flour (Atta) 5kg,2.21,250
22996,6391,Toor Dal 1kg,2.12,140
22997,6392,Basmati Rice 5kg,3.49,550
22998,6392,Wheat Flour (Atta) 5kg,1.0,250
22999,6392,Toor Dal 1kg,1.44,140
23000,6392,Moong Dal 1kg,2.05,130
23001,6393,Basmati Rice 5kg,4.42,550
23002,6393,Wheat Flour (Atta) 5kg,2.33,250
23003,6393,Toor Dal 1kg,1.89,160.37
23004,6393,Moong Dal 1kg,2.45,130
23005,6394,Basmati Rice 5kg,3.51,550
23006,6394,Wheat Flour (Atta) 5kg,1.72,250
23007,6394,Toor Dal 1kg,2.21,140
23008,6394,Moong Dal 1kg,1.0,143.07
23009,6395,Wheat Flour (Atta) 5kg,2.28,250
23010,6395,Moong Dal 1kg,1.76,130
23011,6395,Rajma (Kidney Beans) 1kg,1.59,160
23012,6395,Turmeric Powder 200g,2.9,60
23013,6396,Wheat Flour (Atta) 5kg,2.2,250
23014,6396,Rajma (Kidney Beans) 1kg,1.3,160
23015,6396,Turmeric Powder 200g,2.1,60
23016,6396,Garam Masala 100g,0.23,80
23017,6397,Rajma (Kidney Beans) 1kg,0.98,160
23018,6397,Garam Masala 100g,0.3,80
23019,6397,Biryani Masala 100g,1.04,100
23020,6397,Almonds (Badam) 500g,0.35,450
23021,6398,Rajma (Kidney Beans) 1kg,2.07,160
23022,6398,Garam Masala 100g,0.55,80
23023,6398,Biryani Masala 100g,0.59,100
23024,6398,Almonds (Badam) 500g,0.7,450
23025,6399,Rajma (Kidney Beans) 1kg,1.71,177.07
23026,6399,Garam Masala 100g,0.33,80
23027,6399,Biryani Masala 100g,1.16,100
23028,6399,Almonds (Badam) 500g,0.44,450
23029,6400,Rajma (Kidney Beans) 1kg,2.35,160
23030,6400,Almonds (Badam) 500g,0.48,450
23031,6400,Cashew Nuts (Kaju) 500g,0.78,550
23032,6400,Peanuts (Groundnut) 500g,5.04,90
23033,6401,Cashew Nuts (Kaju) 500g,0.98,550
23034,6401,Sunflower Oil 1L,1.53,180
23035,6401,Groundnut Oil 1L,3.03,220
23036,6401,Mustard Oil 1L,1.75,200
23037,6402,Cashew Nuts (Kaju) 500g,1.32,550
23038,6402,Sunflower Oil 1L,1.22,180
23039,6402,Groundnut Oil 1L,1.15,220
23040,6402,Mustard Oil 1L,2.36,200
23041,6403,Sunflower Oil 1L,1.81,180
23042,6403,Mustard Oil 1L,1.3,200
23043,6403,Pure Ghee 1L,0.6,600
23044,6403,Sugar 1kg,4.18,45
23045,6404,Sunflower Oil 1L,2.26,180
23046,6404,Mustard Oil 1L,1.52,200
23047,6404,Pure Ghee 1L,0.64,600
23048,6404,Sugar 1kg,3.91,45
23049,6405,Sunflower Oil 1L,2.99,180
23050,6405,Pure Ghee 1L,0.97,600
23051,6405,Sugar 1kg,2.73,45
23052,6405,Jaggery (Bella/Gud) 1kg,2.48,79.9
23053,6406,Pure Ghee 1L,0.96,600
23054,6406,Jaggery (Bella/Gud) 1kg,1.38,70
23055,6406,Iodized Salt 1kg,4.36,25
23056,6406,Rock Salt (Sendha Namak) 500g,0.61,40
23057,6407,Jaggery (Bella/Gud) 1kg,1.32,70
23058,6407,Iodized Salt 1kg,3.28,25
23059,6407,Rock Salt (Sendha Namak) 500g,0.89,40
23060,6408,Jaggery (Bella/Gud) 1kg,2.66,70
23061,6408,Rock Salt (Sendha Namak) 500g,1.32,40
23062,6409,Jaggery (Bella/Gud) 1kg,1.26,70
23063,6410,Jaggery (Bella/Gud) 1kg,2.57,70
23064,6411,Sona Masoori Rice 5kg,2.66,350
23065,6411,Basmati Rice 5kg,2.69,637.12
23066,6411,Wheat Flour (Atta) 5kg,6.78,250
23067,6411,Toor Dal 1kg,2.65,140
23068,6412,Sona Masoori Rice 5kg,2.58,350
23069,6412,Basmati Rice 5kg,1.26,448.15
23070,6412,Wheat Flour (Atta) 5kg,4.48,250
23071,6412,Toor Dal 1kg,2.78,140
23072,6413,Sona Masoori Rice 5kg,3.19,350
23073,6413,Basmati Rice 5kg,2.93,550
23074,6413,Toor Dal 1kg,2.4,140
23075,6413,Moong Dal 1kg,2.97,130
23076,6414,Sona Masoori Rice 5kg,3.43,350
23077,6414,Basmati Rice 5kg,1.98,550
23078,6414,Moong Dal 1kg,1.57,130
23079,6414,Rajma (Kidney Beans) 1kg,1.94,160
23080,6415,Sona Masoori Rice 5kg,2.65,350
23081,6415,Basmati Rice 5kg,3.11,550
23082,6415,Moong Dal 1kg,2.07,130
23083,6415,Rajma (Kidney Beans) 1kg,2.11,160
23084,6416,Sona Masoori Rice 5kg,1.62,350
23085,6416,Basmati Rice 5kg,2.56,550
23086,6416,Rajma (Kidney Beans) 1kg,3.76,160
23087,6416,Turmeric Powder 200g,0.67,60
23088,6417,Rajma (Kidney Beans) 1kg,1.94,160
23089,6417,Turmeric Powder 200g,0.97,60
23090,6417,Garam Masala 100g,0.29,80
23091,6417,Biryani Masala 100g,0.87,100
23092,6418,Turmeric Powder 200g,1.03,60
23093,6418,Garam Masala 100g,0.25,80
23094,6418,Biryani Masala 100g,0.67,100
23095,6418,Almonds (Badam) 500g,0.45,450
23096,6419,Turmeric Powder 200g,0.61,60
23097,6419,Garam Masala 100g,0.28,80
23098,6419,Biryani Masala 100g,0.4,100
23099,6419,Almonds (Badam) 500g,0.5,450
23100,6420,Turmeric Powder 200g,0.76,60
23101,6420,Garam Masala 100g,0.21,80
23102,6420,Biryani Masala 100g,0.83,100
23103,6420,Almonds (Badam) 500g,0.71,450
23104,6421,Turmeric Powder 200g,0.77,60
23105,6421,Garam Masala 100g,0.16,80
23106,6421,Almonds (Badam) 500g,0.48,450
23107,6421,Cashew Nuts (Kaju) 500g,3.12,550
23108,6422,Garam Masala 100g,0.24,80
23109,6422,Peanuts (Groundnut) 500g,1.96,90
23110,6422,Sunflower Oil 1L,1.1,180
23111,6422,Groundnut Oil 1L,0.64,220
23112,6423,Peanuts (Groundnut) 500g,2.18,90
23113,6423,Sunflower Oil 1L,1.98,180
23114,6423,Groundnut Oil 1L,0.66,220
23115,6423,Mustard Oil 1L,1.51,200
23116,6424,Peanuts (Groundnut) 500g,1.11,90
23117,6424,Sunflower Oil 1L,1.45,180
23118,6424,Groundnut Oil 1L,0.81,220
23119,6424,Mustard Oil 1L,2.64,200
23120,6425,Sunflower Oil 1L,2.27,180
23121,6425,Groundnut Oil 1L,0.88,220
23122,6425,Mustard Oil 1L,1.6,200
23123,6425,Pure Ghee 1L,3.14,600
23124,6426,Sunflower Oil 1L,2.1,180
23125,6426,Groundnut Oil 1L,0.54,220
23126,6426,Mustard Oil 1L,1.19,200
23127,6426,Sugar 1kg,3.27,45
23128,6427,Sunflower Oil 1L,1.02,180
23129,6427,Groundnut Oil 1L,0.44,220
23130,6427,Sugar 1kg,1.58,45
23131,6427,Jaggery (Bella/Gud) 1kg,5.01,70
23132,6428,Sugar 1kg,3.11,45
23133,6428,Jaggery (Bella/Gud) 1kg,4.11,70
23134,6428,Iodized Salt 1kg,1.18,25
23135,6429,Sugar 1kg,2.42,45
23136,6429,Jaggery (Bella/Gud) 1kg,2.32,70
23137,6429,Iodized Salt 1kg,2.78,25
23138,6430,Iodized Salt 1kg,2.36,25
23139,6431,Iodized Salt 1kg,1.13,25
23140,6432,Sona Masoori Rice 5kg,5.28,350
23141,6432,Basmati Rice 5kg,5.7,550
23142,6432,Wheat Flour (Atta) 5kg,2.96,250
23143,6432,Toor Dal 1kg,2.07,140
23144,6433,Sona Masoori Rice 5kg,3.69,350
23145,6433,Basmati Rice 5kg,3.55,550
23146,6433,Wheat Flour (Atta) 5kg,1.88,250
23147,6433,Toor Dal 1kg,2.25,140
23148,6434,Sona Masoori Rice 5kg,4.81,350
23149,6434,Basmati Rice 5kg,2.63,550
23150,6434,Wheat Flour (Atta) 5kg,1.22,250
23151,6434,Toor Dal 1kg,2.46,140
23152,6435,Basmati Rice 5kg,2.04,550
23153,6435,Wheat Flour (Atta) 5kg,1.01,250
23154,6435,Toor Dal 1kg,0.88,140
23155,6435,Moong Dal 1kg,1.96,130
23156,6436,Wheat Flour (Atta) 5kg,1.62,250
23157,6436,Moong Dal 1kg,1.12,130
23158,6436,Rajma (Kidney Beans) 1kg,2.64,160
23159,6436,Turmeric Powder 200g,4.62,60
23160,6437,Wheat Flour (Atta) 5kg,2.94,250
23161,6437,Moong Dal 1kg,2.46,130
23162,6437,Rajma (Kidney Beans) 1kg,2.08,160
23163,6437,Garam Masala 100g,0.29,80
23164,6438,Moong Dal 1kg,1.72,130
23165,6438,Rajma (Kidney Beans) 1kg,4.58,160
23166,6438,Garam Masala 100g,0.51,80
23167,6438,Biryani Masala 100g,1.21,100
23168,6439,Garam Masala 100g,0.68,80
23169,6439,Biryani Masala 100g,1.75,100
23170,6439,Almonds (Badam) 500g,2.18,450
23171,6439,Cashew Nuts (Kaju) 500g,3.11,550
23172,6440,Garam Masala 100g,0.29,80
23173,6440,Peanuts (Groundnut) 500g,0.9,90
23174,6440,Sunflower Oil 1L,9.28,180
23175,6440,Groundnut Oil 1L,1.06,220
23176,6441,Garam Masala 100g,0.67,80
23177,6441,Peanuts (Groundnut) 500g,0.9,107.4
23178,6441,Groundnut Oil 1L,1.78,220
23179,6441,Mustard Oil 1L,1.54,200
23180,6442,Garam Masala 100g,0.81,80
23181,6442,Peanuts (Groundnut) 500g,0.97,90
23182,6442,Groundnut Oil 1L,1.73,220
23183,6442,Mustard Oil 1L,0.81,200
23184,6443,Peanuts (Groundnut) 500g,1.24,90
23185,6443,Mustard Oil 1L,1.48,200
23186,6443,Pure Ghee 1L,1.13,600
23187,6443,Sugar 1kg,3.39,45
23188,6444,Peanuts (Groundnut) 500g,1.34,90
23189,6444,Mustard Oil 1L,1.57,230.2
23190,6444,Pure Ghee 1L,1.23,600
23191,6444,Sugar 1kg,3.52,45
23192,6445,Mustard Oil 1L,0.61,200
23193,6445,Pure Ghee 1L,0.52,600
23194,6445,Sugar 1kg,3.6,45
23195,6445,Jaggery (Bella/Gud) 1kg,13.03,70
23196,6446,Iodized Salt 1kg,1.28,25
23197,6447,Iodized Salt 1kg,1.29,25
23198,6448,Iodized Salt 1kg,1.89,25
23199,6449,Iodized Salt 1kg,2.89,25
23200,6450,Sona Masoori Rice 5kg,3.72,350
23201,6450,Basmati Rice 5kg,4.05,550
23202,6450,Wheat Flour (Atta) 5kg,3.48,250
23203,6450,Toor Dal 1kg,2.64,140
23204,6451,Sona Masoori Rice 5kg,3.95,350
23205,6451,Basmati Rice 5kg,1.66,550
23206,6451,Wheat Flour (Atta) 5kg,3.55,250
23207,6451,Toor Dal 1kg,2.45,140
23208,6452,Sona Masoori Rice 5kg,4.05,350
23209,6452,Basmati Rice 5kg,4.05,550
23210,6452,Wheat Flour (Atta) 5kg,3.82,250
23211,6452,Toor Dal 1kg,2.24,140
23212,6453,Sona Masoori Rice 5kg,2.43,350
23213,6453,Basmati Rice 5kg,2.42,550
23214,6453,Moong Dal 1kg,2.03,130
23215,6453,Rajma (Kidney Beans) 1kg,4.4,160
23216,6454,Basmati Rice 5kg,2.7,550
23217,6454,Moong Dal 1kg,3.15,130
23218,6454,Rajma (Kidney Beans) 1kg,3.26,160
23219,6454,Turmeric Powder 200g,4.99,60
23220,6455,Moong Dal 1kg,2.36,130
23221,6455,Biryani Masala 100g,0.81,100
23222,6455,Almonds (Badam) 500g,0.62,450
23223,6455,Cashew Nuts (Kaju) 500g,1.84,550
23224,6456,Biryani Masala 100g,1.09,100
23225,6456,Almonds (Badam) 500g,0.71,450
23226,6456,Cashew Nuts (Kaju) 500g,1.31,550
23227,6456,Peanuts (Groundnut) 500g,1.84,80.69
23228,6457,Biryani Masala 100g,1.34,100
23229,6457,Almonds (Badam) 500g,0.53,450
23230,6457,Peanuts (Groundnut) 500g,1.09,90
23231,6457,Sunflower Oil 1L,2.38,180
23232,6458,Peanuts (Groundnut) 500g,1.95,90
23233,6458,Sunflower Oil 1L,1.41,180
23234,6458,Groundnut Oil 1L,0.85,220
23235,6458,Mustard Oil 1L,0.75,200
23236,6459,Sunflower Oil 1L,2.13,180
23237,6459,Groundnut Oil 1L,0.79,220
23238,6459,Mustard Oil 1L,0.76,200
23239,6459,Pure Ghee 1L,0.76,600
23240,6460,Sunflower Oil 1L,2.74,180
23241,6460,Groundnut Oil 1L,0.77,220
23242,6460,Mustard Oil 1L,0.66,200
23243,6460,Pure Ghee 1L,0.43,600
23244,6461,Sunflower Oil 1L,2.08,180
23245,6461,Groundnut Oil 1L,1.06,262.99
23246,6461,Mustard Oil 1L,1.11,200
23247,6461,Pure Ghee 1L,0.71,600
23248,6462,Groundnut Oil 1L,0.67,220
23249,6462,Mustard Oil 1L,1.59,200
23250,6462,Pure Ghee 1L,0.6,600
23251,6462,Sugar 1kg,9.15,45
23252,6463,Mustard Oil 1L,0.92,200
23253,6463,Pure Ghee 1L,0.68,600
23254,6463,Jaggery (Bella/Gud) 1kg,4.22,70
23255,6463,Iodized Salt 1kg,4.16,25
23256,6464,Jaggery (Bella/Gud) 1kg,5.7,70
23257,6464,Iodized Salt 1kg,1.88,25
23258,6465,Jaggery (Bella/Gud) 1kg,2.85,70
23259,6465,Iodized Salt 1kg,1.53,25
23260,6466,Sona Masoori Rice 5kg,5.27,350
23261,6466,Basmati Rice 5kg,13.18,550
23262,6466,Wheat Flour (Atta) 5kg,4.52,250
23263,6466,Toor Dal 1kg,1.98,140
23264,6467,Sona Masoori Rice 5kg,6.54,350
23265,6467,Wheat Flour (Atta) 5kg,5.01,250
23266,6467,Toor Dal 1kg,3.5,140
23267,6467,Moong Dal 1kg,4.2,130
23268,6468,Sona Masoori Rice 5kg,4.28,350
23269,6468,Wheat Flour (Atta) 5kg,3.45,250
23270,6468,Toor Dal 1kg,2.29,140
23271,6468,Moong Dal 1kg,2.42,130
23272,6469,Rajma (Kidney Beans) 1kg,1.44,160
23273,6469,Turmeric Powder 200g,4.69,60
23274,6469,Garam Masala 100g,0.66,80
23275,6469,Biryani Masala 100g,1.84,113.31
23276,6470,Rajma (Kidney Beans) 1kg,1.79,160
23277,6470,Garam Masala 100g,0.64,80
23278,6470,Biryani Masala 100g,1.04,100
23279,6470,Almonds (Badam) 500g,0.49,450
23280,6471,Rajma (Kidney Beans) 1kg,1.68,186.48
23281,6471,Garam Masala 100g,0.45,80
23282,6471,Almonds (Badam) 500g,0.88,450
23283,6471,Cashew Nuts (Kaju) 500g,3.09,488.08
23284,6472,Rajma (Kidney Beans) 1kg,1.36,160
23285,6472,Almonds (Badam) 500g,0.68,450
23286,6472,Peanuts (Groundnut) 500g,1.41,90
23287,6472,Sunflower Oil 1L,10.63,147.09
23288,6473,Rajma (Kidney Beans) 1kg,0.84,160
23289,6473,Peanuts (Groundnut) 500g,0.58,90
23290,6473,Groundnut Oil 1L,1.5,220
23291,6473,Mustard Oil 1L,1.63,200
23292,6474,Rajma (Kidney Beans) 1kg,1.06,160
23293,6474,Peanuts (Groundnut) 500g,0.76,90
23294,6474,Groundnut Oil 1L,2.93,220
23295,6474,Mustard Oil 1L,3.14,200
23296,6475,Peanuts (Groundnut) 500g,1.01,90
23297,6475,Mustard Oil 1L,1.68,200
23298,6475,Pure Ghee 1L,0.73,600
23299,6475,Sugar 1kg,10.93,45
23300,6476,Peanuts (Groundnut) 500g,0.86,90
23301,6476,Pure Ghee 1L,0.82,600
23302,6476,Jaggery (Bella/Gud) 1kg,2.6,70
23303,6476,Iodized Salt 1kg,6.6,20.95
23304,6477,Pure Ghee 1L,0.45,600
23305,6477,Jaggery (Bella/Gud) 1kg,3.48,70
23306,6477,Rock Salt (Sendha Namak) 500g,1.17,40
23307,6478,Pure Ghee 1L,0.4,600
23308,6478,Jaggery (Bella/Gud) 1kg,2.67,70
23309,6478,Rock Salt (Sendha Namak) 500g,1.96,40
23310,6479,Pure Ghee 1L,0.42,600
23311,6479,Jaggery (Bella/Gud) 1kg,2.75,70
23312,6480,Sona Masoori Rice 5kg,14.75,350
23313,6480,Basmati Rice 5kg,4.43,550
23314,6480,Wheat Flour (Atta) 5kg,3.51,250
23315,6480,Toor Dal 1kg,3.04,140
23316,6481,Basmati Rice 5kg,4.08,550
23317,6481,Wheat Flour (Atta) 5kg,3.65,250
23318,6481,Toor Dal 1kg,2.31,140
23319,6481,Moong Dal 1kg,1.92,130
23320,6482,Basmati Rice 5kg,5.47,550
23321,6482,Wheat Flour (Atta) 5kg,2.76,250
23322,6482,Toor Dal 1kg,1.88,140
23323,6482,Moong Dal 1kg,1.5,130
23324,6483,Wheat Flour (Atta) 5kg,3.13,250
23325,6483,Moong Dal 1kg,0.92,130
23326,6483,Rajma (Kidney Beans) 1kg,1.04,160
23327,6483,Turmeric Powder 200g,1.29,60
23328,6484,Moong Dal 1kg,2.32,130
23329,6484,Rajma (Kidney Beans) 1kg,1.88,160
23330,6484,Turmeric Powder 200g,0.68,60
23331,6484,Garam Masala 100g,0.63,80
23332,6485,Rajma (Kidney Beans) 1kg,1.1,160
23333,6485,Turmeric Powder 200g,1.37,60
23334,6485,Garam Masala 100g,0.55,80
23335,6485,Biryani Masala 100g,0.48,100
23336,6486,Rajma (Kidney Beans) 1kg,1.79,160
23337,6486,Turmeric Powder 200g,1.27,60
23338,6486,Garam Masala 100g,0.55,80
23339,6486,Biryani Masala 100g,1.13,100
23340,6487,Rajma (Kidney Beans) 1kg,1.47,160
23341,6487,Garam Masala 100g,0.41,80
23342,6487,Biryani Masala 100g,0.73,100
23343,6487,Almonds (Badam) 500g,1.88,450
23344,6488,Rajma (Kidney Beans) 1kg,2.11,160
23345,6488,Garam Masala 100g,0.73,80
23346,6488,Biryani Masala 100g,0.89,100
23347,6488,Cashew Nuts (Kaju) 500g,1.5,550
23348,6489,Garam Masala 100g,0.37,80
23349,6489,Cashew Nuts (Kaju) 500g,1.36,550
23350,6489,Peanuts (Groundnut) 500g,0.77,90
23351,6489,Sunflower Oil 1L,3.79,180
23352,6490,Peanuts (Groundnut) 500g,0.58,90
23353,6490,Sunflower Oil 1L,3.67,180
23354,6490,Groundnut Oil 1L,0.91,220
23355,6490,Mustard Oil 1L,1.34,200
23356,6491,Peanuts (Groundnut) 500g,1.0,90
23357,6491,Sunflower Oil 1L,3.47,180
23358,6491,Groundnut Oil 1L,0.34,220
23359,6491,Mustard Oil 1L,1.34,200
23360,6492,Peanuts (Groundnut) 500g,1.11,90
23361,6492,Groundnut Oil 1L,0.34,220
23362,6492,Mustard Oil 1L,1.2,200
23363,6492,Pure Ghee 1L,1.06,600
23364,6493,Peanuts (Groundnut) 500g,1.19,90
23365,6493,Groundnut Oil 1L,0.76,220
23366,6493,Mustard Oil 1L,1.73,200
23367,6493,Pure Ghee 1L,0.92,600
23368,6494,Peanuts (Groundnut) 500g,0.68,90
23369,6494,Groundnut Oil 1L,0.97,220
23370,6494,Mustard Oil 1L,1.37,200
23371,6494,Pure Ghee 1L,1.0,600
23372,6495,Groundnut Oil 1L,0.75,220
23373,6495,Sugar 1kg,4.31,45
23374,6495,Jaggery (Bella/Gud) 1kg,1.65,70
23375,6495,Iodized Salt 1kg,1.61,25
23376,6496,Sugar 1kg,4.1,45
23377,6496,Jaggery (Bella/Gud) 1kg,2.52,70
23378,6496,Iodized Salt 1kg,1.15,25
23379,6496,Rock Salt (Sendha Namak) 500g,1.25,40
23380,6497,Sugar 1kg,2.29,45
23381,6497,Jaggery (Bella/Gud) 1kg,2.2,70
23382,6497,Iodized Salt 1kg,2.14,25
23383,6498,Jaggery (Bella/Gud) 1kg,1.14,70
23384,6498,Iodized Salt 1kg,2.52,25
23385,6499,Jaggery (Bella/Gud) 1kg,2.18,70
23386,6500,Jaggery (Bella/Gud) 1kg,2.33,70
23387,6501,Sona Masoori Rice 5kg,7.34,350
23388,6501,Basmati Rice 5kg,4.78,550
23389,6501,Wheat Flour (Atta) 5kg,4.5,250
23390,6501,Toor Dal 1kg,2.96,140
23391,6502,Sona Masoori Rice 5kg,3.82,350
23392,6502,Basmati Rice 5kg,3.14,550
23393,6502,Wheat Flour (Atta) 5kg,6.95,250
23394,6502,Toor Dal 1kg,1.91,122.46
23395,6503,Sona Masoori Rice 5kg,5.24,350
23396,6503,Basmati Rice 5kg,2.49,550
23397,6503,Toor Dal 1kg,3.87,140
23398,6503,Moong Dal 1kg,2.4,130
23399,6504,Basmati Rice 5kg,3.74,550
23400,6504,Moong Dal 1kg,1.76,130
23401,6504,Rajma (Kidney Beans) 1kg,3.7,160
23402,6504,Turmeric Powder 200g,0.79,60
23403,6505,Moong Dal 1kg,1.26,130
23404,6505,Rajma (Kidney Beans) 1kg,2.54,160
23405,6505,Turmeric Powder 200g,0.85,60
23406,6505,Garam Masala 100g,0.8,89.69
23407,6506,Moong Dal 1kg,2.19,130
23408,6506,Rajma (Kidney Beans) 1kg,2.11,160
23409,6506,Turmeric Powder 200g,0.9,60
23410,6506,Garam Masala 100g,0.95,80
23411,6507,Turmeric Powder 200g,0.8,60
23412,6507,Garam Masala 100g,0.43,80
23413,6507,Biryani Masala 100g,0.53,100
23414,6507,Almonds (Badam) 500g,0.42,450
23415,6508,Turmeric Powder 200g,0.53,60
23416,6508,Garam Masala 100g,0.92,64.96
23417,6508,Biryani Masala 100g,0.78,100
23418,6508,Almonds (Badam) 500g,0.38,450
23419,6509,Turmeric Powder 200g,0.73,60
23420,6509,Biryani Masala 100g,0.59,100
23421,6509,Almonds (Badam) 500g,0.39,450
23422,6509,Cashew Nuts (Kaju) 500g,1.97,550
23423,6510,Biryani Masala 100g,0.53,100
23424,6510,Almonds (Badam) 500g,0.26,450
23425,6510,Cashew Nuts (Kaju) 500g,0.92,550
23426,6510,Peanuts (Groundnut) 500g,2.29,90
23427,6511,Biryani Masala 100g,0.67,100
23428,6511,Almonds (Badam) 500g,0.4,450
23429,6511,Peanuts (Groundnut) 500g,2.57,90
23430,6511,Sunflower Oil 1L,2.86,180
23431,6512,Sunflower Oil 1L,1.09,180
23432,6512,Groundnut Oil 1L,1.38,220
23433,6512,Mustard Oil 1L,1.22,200
23434,6512,Pure Ghee 1L,0.89,533.19
23435,6513,Sunflower Oil 1L,1.19,180
23436,6513,Groundnut Oil 1L,1.58,220
23437,6513,Mustard Oil 1L,1.19,200
23438,6513,Pure Ghee 1L,1.03,600
23439,6514,Sunflower Oil 1L,2.39,180
23440,6514,Groundnut Oil 1L,1.43,220
23441,6514,Mustard Oil 1L,1.18,200
23442,6514,Pure Ghee 1L,0.94,600
23443,6515,Sunflower Oil 1L,2.04,180
23444,6515,Mustard Oil 1L,0.51,200
23445,6515,Sugar 1kg,2.71,45
23446,6515,Jaggery (Bella/Gud) 1kg,3.85,70
23447,6516,Mustard Oil 1L,0.86,200
23448,6516,Sugar 1kg,1.65,45
23449,6516,Jaggery (Bella/Gud) 1kg,1.54,83.56
23450,6516,Iodized Salt 1kg,3.79,25
23451,6517,Mustard Oil 1L,1.19,200
23452,6517,Sugar 1kg,2.1,45
23453,6517,Jaggery (Bella/Gud) 1kg,3.14,70
23454,6517,Iodized Salt 1kg,3.83,25
23455,6518,Sugar 1kg,3.67,45
23456,6518,Jaggery (Bella/Gud) 1kg,3.24,70
23457,6518,Rock Salt (Sendha Namak) 500g,0.82,40
23458,6519,Rock Salt (Sendha Namak) 500g,0.5,40
23459,6520,Sona Masoori Rice 5kg,4.97,350
23460,6520,Basmati Rice 5kg,4.23,550
23461,6520,Wheat Flour (Atta) 5kg,1.64,250
23462,6520,Toor Dal 1kg,1.67,140
23463,6521,Sona Masoori Rice 5kg,5.04,350
23464,6521,Basmati Rice 5kg,3.44,550
23465,6521,Wheat Flour (Atta) 5kg,2.53,250
23466,6521,Toor Dal 1kg,3.3,140
23467,6522,Sona Masoori Rice 5kg,2.13,350
23468,6522,Basmati Rice 5kg,2.61,550
23469,6522,Wheat Flour (Atta) 5kg,2.5,250
23470,6522,Toor Dal 1kg,2.79,140
23471,6523,Sona Masoori Rice 5kg,2.8,350
23472,6523,Basmati Rice 5kg,4.8,550
23473,6523,Wheat Flour (Atta) 5kg,1.19,250
23474,6523,Moong Dal 1kg,4.98,130
23475,6524,Wheat Flour (Atta) 5kg,1.39,250
23476,6524,Moong Dal 1kg,2.1,130
23477,6524,Rajma (Kidney Beans) 1kg,3.03,160
23478,6524,Turmeric Powder 200g,2.29,60
23479,6525,Wheat Flour (Atta) 5kg,1.67,250
23480,6525,Rajma (Kidney Beans) 1kg,2.97,160
23481,6525,Turmeric Powder 200g,1.13,60
23482,6525,Biryani Masala 100g,0.6,100
23483,6526,Rajma (Kidney Beans) 1kg,3.39,160
23484,6526,Turmeric Powder 200g,1.81,60
23485,6526,Biryani Masala 100g,0.44,100
23486,6526,Almonds (Badam) 500g,0.36,450
23487,6527,Biryani Masala 100g,0.64,100
23488,6527,Almonds (Badam) 500g,0.38,450
23489,6527,Cashew Nuts (Kaju) 500g,1.0,550
23490,6527,Peanuts (Groundnut) 500g,0.53,90
23491,6528,Biryani Masala 100g,0.43,100
23492,6528,Almonds (Badam) 500g,0.74,450
23493,6528,Cashew Nuts (Kaju) 500g,0.9,550
23494,6528,Peanuts (Groundnut) 500g,0.61,90
23495,6529,Biryani Masala 100g,0.27,100
23496,6529,Almonds (Badam) 500g,0.33,450
23497,6529,Cashew Nuts (Kaju) 500g,0.67,550
23498,6529,Peanuts (Groundnut) 500g,1.08,90
23499,6530,Biryani Masala 100g,0.63,100
23500,6530,Almonds (Badam) 500g,0.3,450
23501,6530,Cashew Nuts (Kaju) 500g,0.45,550
23502,6530,Peanuts (Groundnut) 500g,1.22,90
23503,6531,Peanuts (Groundnut) 500g,1.1,90
23504,6531,Sunflower Oil 1L,4.04,180
23505,6531,Groundnut Oil 1L,0.8,220
23506,6531,Mustard Oil 1L,6.59,200
23507,6532,Sunflower Oil 1L,1.67,180
23508,6532,Groundnut Oil 1L,1.15,220
23509,6532,Pure Ghee 1L,0.99,600
23510,6532,Sugar 1kg,3.6,45
23511,6533,Sunflower Oil 1L,3.11,180
23512,6533,Groundnut Oil 1L,1.04,220
23513,6533,Pure Ghee 1L,1.17,600
23514,6533,Sugar 1kg,7.11,45
23515,6534,Sunflower Oil 1L,1.78,180
23516,6534,Groundnut Oil 1L,1.05,220
23517,6534,Pure Ghee 1L,0.66,600
23518,6534,Jaggery (Bella/Gud) 1kg,12.73,82.68
23519,6535,Iodized Salt 1kg,2.11,25
23520,6536,Iodized Salt 1kg,1.37,25
23521,6537,Iodized Salt 1kg,1.9,25
23522,6538,Iodized Salt 1kg,1.15,28.83
23523,6539,Iodized Salt 1kg,1.07,25
23524,6540,Sona Masoori Rice 5kg,3.87,350
23525,6540,Basmati Rice 5kg,3.34,550
23526,6540,Wheat Flour (Atta) 5kg,2.59,250
23527,6540,Toor Dal 1kg,2.05,140
23528,6541,Sona Masoori Rice 5kg,2.88,350
23529,6541,Basmati Rice 5kg,4.44,550
23530,6541,Wheat Flour (Atta) 5kg,1.52,276.34
23531,6541,Toor Dal 1kg,2.0,140
23532,6542,Sona Masoori Rice 5kg,1.66,350
23533,6542,Basmati Rice 5kg,2.04,550
23534,6542,Wheat Flour (Atta) 5kg,1.86,250
23535,6542,Toor Dal 1kg,2.01,140
23536,6543,Sona Masoori Rice 5kg,4.36,350
23537,6543,Basmati Rice 5kg,5.31,550
23538,6543,Wheat Flour (Atta) 5kg,3.49,250
23539,6543,Toor Dal 1kg,1.47,140
23540,6544,Sona Masoori Rice 5kg,2.97,350
23541,6544,Wheat Flour (Atta) 5kg,3.12,250
23542,6544,Moong Dal 1kg,6.32,130
23543,6544,Rajma (Kidney Beans) 1kg,7.89,160
23544,6545,Turmeric Powder 200g,5.3,60
23545,6545,Garam Masala 100g,1.38,80
23546,6545,Biryani Masala 100g,0.74,100
23547,6545,Almonds (Badam) 500g,2.01,450
23548,6546,Garam Masala 100g,0.88,80
23549,6546,Biryani Masala 100g,0.59,100
23550,6546,Cashew Nuts (Kaju) 500g,1.72,550
23551,6546,Peanuts (Groundnut) 500g,1.65,90
23552,6547,Garam Masala 100g,0.97,80
23553,6547,Biryani Masala 100g,0.42,100
23554,6547,Cashew Nuts (Kaju) 500g,1.43,550
23555,6547,Peanuts (Groundnut) 500g,1.96,90
23556,6548,Garam Masala 100g,1.21,80
23557,6548,Biryani Masala 100g,0.43,85.63
23558,6548,Peanuts (Groundnut) 500g,1.54,90
23559,6548,Sunflower Oil 1L,9.18,180
23560,6549,Biryani Masala 100g,0.58,100
23561,6549,Groundnut Oil 1L,2.66,220
23562,6549,Mustard Oil 1L,0.74,200
23563,6549,Pure Ghee 1L,0.46,600
23564,6550,Groundnut Oil 1L,1.83,220
23565,6550,Mustard Oil 1L,0.84,200
23566,6550,Pure Ghee 1L,0.56,600
23567,6550,Sugar 1kg,3.95,45
23568,6551,Mustard Oil 1L,0.8,200
23569,6551,Pure Ghee 1L,0.64,600
23570,6551,Sugar 1kg,5.49,45
23571,6551,Jaggery (Bella/Gud) 1kg,2.31,70
23572,6552,Mustard Oil 1L,1.23,200
23573,6552,Pure Ghee 1L,0.61,600
23574,6552,Jaggery (Bella/Gud) 1kg,2.89,70
23575,6552,Iodized Salt 1kg,1.09,25
23576,6553,Mustard Oil 1L,1.64,200
23577,6553,Pure Ghee 1L,0.48,600
23578,6553,Jaggery (Bella/Gud) 1kg,4.07,70
23579,6553,Iodized Salt 1kg,0.84,25
23580,6554,Mustard Oil 1L,1.15,200
23581,6554,Jaggery (Bella/Gud) 1kg,3.84,70
23582,6554,Iodized Salt 1kg,1.66,25
23583,6555,Iodized Salt 1kg,1.09,25
23584,6556,Iodized Salt 1kg,0.93,25
23585,6557,Iodized Salt 1kg,1.71,25
23586,6558,Sona Masoori Rice 5kg,15.21,350
23587,6558,Basmati Rice 5kg,6.08,550
23588,6558,Wheat Flour (Atta) 5kg,1.32,250
23589,6558,Toor Dal 1kg,3.02,140
23590,6559,Basmati Rice 5kg,2.76,550
23591,6559,Wheat Flour (Atta) 5kg,1.2,250
23592,6559,Toor Dal 1kg,5.14,140
23593,6559,Moong Dal 1kg,0.72,130
23594,6560,Basmati Rice 5kg,3.98,550
23595,6560,Wheat Flour (Atta) 5kg,2.72,250
23596,6560,Moong Dal 1kg,1.41,130
23597,6560,Rajma (Kidney Beans) 1kg,3.25,160
23598,6561,Wheat Flour (Atta) 5kg,2.99,250
23599,6561,Moong Dal 1kg,1.11,130
23600,6561,Rajma (Kidney Beans) 1kg,4.23,160
23601,6561,Turmeric Powder 200g,1.02,60
23602,6562,Wheat Flour (Atta) 5kg,2.98,250
23603,6562,Moong Dal 1kg,1.61,130
23604,6562,Rajma (Kidney Beans) 1kg,1.98,160
23605,6562,Turmeric Powder 200g,0.44,60
23606,6563,Moong Dal 1kg,1.22,130
23607,6563,Turmeric Powder 200g,1.04,60
23608,6563,Garam Masala 100g,1.59,80
23609,6563,Biryani Masala 100g,0.67,100
23610,6564,Moong Dal 1kg,0.59,130
23611,6564,Turmeric Powder 200g,0.93,60
23612,6564,Garam Masala 100g,1.03,80
23613,6564,Biryani Masala 100g,0.66,100
23614,6565,Turmeric Powder 200g,0.73,60
23615,6565,Biryani Masala 100g,0.81,100
23616,6565,Almonds (Badam) 500g,1.83,450
23617,6565,Cashew Nuts (Kaju) 500g,1.2,550
23618,6566,Turmeric Powder 200g,1.2,60
23619,6566,Biryani Masala 100g,0.93,100
23620,6566,Cashew Nuts (Kaju) 500g,1.81,550
23621,6566,Peanuts (Groundnut) 500g,4.7,90
23622,6567,Sunflower Oil 1L,1.28,180
23623,6567,Groundnut Oil 1L,1.56,220
23624,6567,Mustard Oil 1L,1.92,200
23625,6567,Pure Ghee 1L,3.05,600
23626,6568,Sunflower Oil 1L,1.57,180
23627,6568,Groundnut Oil 1L,2.64,220
23628,6568,Mustard Oil 1L,1.81,200
23629,6568,Sugar 1kg,3.01,45
23630,6569,Sunflower Oil 1L,1.16,180
23631,6569,Mustard Oil 1L,0.81,221.58
23632,6569,Sugar 1kg,1.45,45
23633,6569,Jaggery (Bella/Gud) 1kg,13.14,70
23634,6570,Sunflower Oil 1L,1.16,180
23635,6570,Mustard Oil 1L,1.62,200
23636,6570,Sugar 1kg,1.27,45
23637,6570,Iodized Salt 1kg,7.57,25
23638,6571,Sunflower Oil 1L,2.51,180
23639,6571,Sugar 1kg,1.11,45
23640,6571,Rock Salt (Sendha Namak) 500g,0.35,40
23641,6572,Sunflower Oil 1L,1.56,180
23642,6572,Sugar 1kg,3.1,45
23643,6572,Rock Salt (Sendha Namak) 500g,0.17,40
23644,6573,Rock Salt (Sendha Namak) 500g,0.36,40
23645,6574,Sona Masoori Rice 5kg,4.36,350
23646,6574,Basmati Rice 5kg,5.56,550
23647,6574,Wheat Flour (Atta) 5kg,1.5,250
23648,6574,Toor Dal 1kg,1.58,140
23649,6575,Sona Masoori Rice 5kg,3.88,350
23650,6575,Basmati Rice 5kg,9.22,658.01
23651,6575,Wheat Flour (Atta) 5kg,1.75,250
23652,6575,Toor Dal 1kg,1.57,140
23653,6576,Sona Masoori Rice 5kg,3.46,350
23654,6576,Wheat Flour (Atta) 5kg,1.99,250
23655,6576,Toor Dal 1kg,1.76,140
23656,6576,Moong Dal 1kg,6.43,130
23657,6577,Sona Masoori Rice 5kg,4.31,350
23658,6577,Wheat Flour (Atta) 5kg,2.92,250
23659,6577,Toor Dal 1kg,1.66,140
23660,6577,Rajma (Kidney Beans) 1kg,2.95,160
23661,6578,Wheat Flour (Atta) 5kg,1.36,250
23662,6578,Toor Dal 1kg,1.41,140
23663,6578,Rajma (Kidney Beans) 1kg,2.26,160
23664,6578,Turmeric Powder 200g,0.59,60
23665,6579,Wheat Flour (Atta) 5kg,1.42,250
23666,6579,Rajma (Kidney Beans) 1kg,1.52,160
23667,6579,Turmeric Powder 200g,0.86,60
23668,6579,Biryani Masala 100g,3.06,100
23669,6580,Rajma (Kidney Beans) 1kg,1.3,160
23670,6580,Turmeric Powder 200g,0.76,60
23671,6580,Almonds (Badam) 500g,0.68,450
23672,6580,Cashew Nuts (Kaju) 500g,1.38,655.39
23673,6581,Rajma (Kidney Beans) 1kg,1.7,160
23674,6581,Turmeric Powder 200g,0.7,60
23675,6581,Almonds (Badam) 500g,0.48,450
23676,6581,Cashew Nuts (Kaju) 500g,1.61,550
23677,6582,Turmeric Powder 200g,1.23,60
23678,6582,Almonds (Badam) 500g,0.78,450
23679,6582,Peanuts (Groundnut) 500g,5.41,90
23680,6582,Sunflower Oil 1L,3.16,180
23681,6583,Turmeric Powder 200g,0.72,60
23682,6583,Sunflower Oil 1L,3.47,180
23683,6583,Groundnut Oil 1L,0.45,220
23684,6583,Mustard Oil 1L,6.25,200
23685,6584,Sunflower Oil 1L,2.63,180
23686,6584,Groundnut Oil 1L,0.91,220
23687,6584,Pure Ghee 1L,0.32,600
23688,6584,Sugar 1kg,6.23,50.47
23689,6585,Groundnut Oil 1L,0.81,220
23690,6585,Pure Ghee 1L,0.34,600
23691,6585,Sugar 1kg,3.28,36.78
23692,6585,Jaggery (Bella/Gud) 1kg,4.09,70
23693,6586,Groundnut Oil 1L,0.94,220
23694,6586,Pure Ghee 1L,0.74,600
23695,6586,Jaggery (Bella/Gud) 1kg,1.44,70
23696,6586,Iodized Salt 1kg,2.31,25
23697,6587,Groundnut Oil 1L,0.83,220
23698,6587,Pure Ghee 1L,0.54,600
23699,6587,Jaggery (Bella/Gud) 1kg,1.99,70
23700,6587,Iodized Salt 1kg,0.97,25
23701,6588,Groundnut Oil 1L,0.68,220
23702,6588,Pure Ghee 1L,0.68,600
23703,6588,Jaggery (Bella/Gud) 1kg,3.97,70
23704,6588,Iodized Salt 1kg,2.42,25
23705,6589,Pure Ghee 1L,0.51,600
23706,6589,Iodized Salt 1kg,1.06,25
23707,6589,Rock Salt (Sendha Namak) 500g,0.64,40
23708,6590,Rock Salt (Sendha Namak) 500g,0.88,40
23709,6591,Sona Masoori Rice 5kg,3.55,350
23710,6591,Basmati Rice 5kg,14.83,550
23711,6591,Wheat Flour (Atta) 5kg,2.01,250
23712,6591,Toor Dal 1kg,3.16,156.11
23713,6592,Sona Masoori Rice 5kg,2.04,350
23714,6592,Wheat Flour (Atta) 5kg,2.62,250
23715,6592,Toor Dal 1kg,3.7,140
23716,6592,Moong Dal 1kg,4.03,130
23717,6593,Sona Masoori Rice 5kg,1.96,350
23718,6593,Wheat Flour (Atta) 5kg,3.07,250
23719,6593,Toor Dal 1kg,1.9,140
23720,6593,Moong Dal 1kg,3.49,130
23721,6594,Sona Masoori Rice 5kg,4.14,350
23722,6594,Wheat Flour (Atta) 5kg,3.55,250
23723,6594,Rajma (Kidney Beans) 1kg,1.32,160
23724,6594,Turmeric Powder 200g,1.33,60
23725,6595,Sona Masoori Rice 5kg,2.4,350
23726,6595,Rajma (Kidney Beans) 1kg,1.59,160
23727,6595,Turmeric Powder 200g,2.2,69.19
23728,6595,Biryani Masala 100g,0.57,100
23729,6596,Rajma (Kidney Beans) 1kg,2.15,160
23730,6596,Turmeric Powder 200g,1.69,60
23731,6596,Biryani Masala 100g,0.47,100
23732,6596,Almonds (Badam) 500g,0.86,450
23733,6597,Rajma (Kidney Beans) 1kg,1.23,160
23734,6597,Biryani Masala 100g,0.65,100
23735,6597,Almonds (Badam) 500g,0.63,450
23736,6597,Cashew Nuts (Kaju) 500g,1.94,550
23737,6598,Rajma (Kidney Beans) 1kg,1.56,160
23738,6598,Biryani Masala 100g,0.64,100
23739,6598,Almonds (Badam) 500g,0.32,450
23740,6598,Cashew Nuts (Kaju) 500g,0.93,550
23741,6599,Rajma (Kidney Beans) 1kg,1.79,160
23742,6599,Biryani Masala 100g,0.35,100
23743,6599,Peanuts (Groundnut) 500g,0.85,90
23744,6599,Sunflower Oil 1L,5.87,180
23745,6600,Biryani Masala 100g,0.28,100
23746,6600,Peanuts (Groundnut) 500g,1.11,90
23747,6600,Sunflower Oil 1L,4.81,180
23748,6600,Groundnut Oil 1L,1.47,220
23749,6601,Peanuts (Groundnut) 500g,1.0,90
23750,6601,Groundnut Oil 1L,0.83,220
23751,6601,Mustard Oil 1L,1.79,200
23752,6601,Pure Ghee 1L,0.35,600
23753,6602,Peanuts (Groundnut) 500g,0.84,90
23754,6602,Groundnut Oil 1L,1.7,220
23755,6602,Mustard Oil 1L,1.63,200
23756,6602,Pure Ghee 1L,0.83,600
23757,6603,Peanuts (Groundnut) 500g,0.93,90
23758,6603,Mustard Oil 1L,1.26,200
23759,6603,Pure Ghee 1L,0.75,600
23760,6603,Sugar 1kg,1.49,45
23761,6604,Peanuts (Groundnut) 500g,0.62,90
23762,6604,Mustard Oil 1L,1.29,200
23763,6604,Pure Ghee 1L,0.8,600
23764,6604,Sugar 1kg,2.21,45
23765,6605,Pure Ghee 1L,0.41,600
23766,6605,Sugar 1kg,3.04,45
23767,6605,Jaggery (Bella/Gud) 1kg,2.64,70
23768,6605,Iodized Salt 1kg,1.53,25
23769,6606,Sugar 1kg,2.57,45
23770,6606,Jaggery (Bella/Gud) 1kg,2.74,60.64
23771,6606,Iodized Salt 1kg,0.66,25
23772,6606,Rock Salt (Sendha Namak) 500g,0.55,40
23773,6607,Jaggery (Bella/Gud) 1kg,1.97,70
23774,6607,Iodized Salt 1kg,1.37,25
23775,6607,Rock Salt (Sendha Namak) 500g,0.23,40
23776,6608,Jaggery (Bella/Gud) 1kg,1.14,70
23777,6608,Iodized Salt 1kg,1.4,25
23778,6608,Rock Salt (Sendha Namak) 500g,0.49,40
23779,6609,Jaggery (Bella/Gud) 1kg,1.28,70
23780,6609,Iodized Salt 1kg,0.9,25
23781,6609,Rock Salt (Sendha Namak) 500g,0.35,40
23782,6610,Jaggery (Bella/Gud) 1kg,1.5,70
23783,6610,Iodized Salt 1kg,1.68,25
23784,6611,Sona Masoori Rice 5kg,14.25,350
23785,6611,Basmati Rice 5kg,15.08,550
23786,6611,Wheat Flour (Atta) 5kg,5.11,250
23787,6611,Toor Dal 1kg,1.44,140
23788,6612,Wheat Flour (Atta) 5kg,7.44,250
23789,6612,Toor Dal 1kg,1.04,140
23790,6612,Moong Dal 1kg,7.58,130
23791,6612,Rajma (Kidney Beans) 1kg,1.77,160
23792,6613,Toor Dal 1kg,1.45,140
23793,6613,Rajma (Kidney Beans) 1kg,1.97,160
23794,6613,Turmeric Powder 200g,1.93,60
23795,6613,Biryani Masala 100g,2.96,100
23796,6614,Toor Dal 1kg,1.0,140
23797,6614,Rajma (Kidney Beans) 1kg,1.73,160
23798,6614,Turmeric Powder 200g,1.32,60
23799,6614,Almonds (Badam) 500g,0.3,450
23800,6615,Toor Dal 1kg,0.91,140
23801,6615,Rajma (Kidney Beans) 1kg,1.45,160
23802,6615,Turmeric Powder 200g,0.79,60
23803,6615,Almonds (Badam) 500g,0.53,450
23804,6616,Toor Dal 1kg,1.37,140
23805,6616,Rajma (Kidney Beans) 1kg,0.73,160
23806,6616,Turmeric Powder 200g,1.33,60
23807,6616,Almonds (Badam) 500g,0.45,450
23808,6617,Rajma (Kidney Beans) 1kg,2.01,160
23809,6617,Almonds (Badam) 500g,0.22,450
23810,6617,Cashew Nuts (Kaju) 500g,0.44,442.93
23811,6617,Peanuts (Groundnut) 500g,1.33,90
23812,6618,Almonds (Badam) 500g,0.39,395.07
23813,6618,Cashew Nuts (Kaju) 500g,0.97,550
23814,6618,Peanuts (Groundnut) 500g,0.86,90
23815,6618,Sunflower Oil 1L,2.48,180
23816,6619,Almonds (Badam) 500g,0.26,450
23817,6619,Cashew Nuts (Kaju) 500g,0.65,550
23818,6619,Peanuts (Groundnut) 500g,1.2,90
23819,6619,Sunflower Oil 1L,1.86,180
23820,6620,Cashew Nuts (Kaju) 500g,0.84,550
23821,6620,Peanuts (Groundnut) 500g,1.05,90
23822,6620,Sunflower Oil 1L,2.79,180
23823,6620,Groundnut Oil 1L,0.69,220
23824,6621,Peanuts (Groundnut) 500g,0.62,90
23825,6621,Sunflower Oil 1L,1.52,180
23826,6621,Groundnut Oil 1L,1.17,220
23827,6621,Mustard Oil 1L,0.87,200
23828,6622,Sunflower Oil 1L,1.24,180
23829,6622,Groundnut Oil 1L,1.1,259.24
23830,6622,Mustard Oil 1L,1.38,200
23831,6622,Pure Ghee 1L,0.61,600
23832,6623,Groundnut Oil 1L,1.45,220
23833,6623,Mustard Oil 1L,1.56,200
23834,6623,Pure Ghee 1L,1.03,600
23835,6623,Sugar 1kg,2.53,45
23836,6624,Mustard Oil 1L,0.85,200
23837,6624,Pure Ghee 1L,1.21,600
23838,6624,Sugar 1kg,3.11,45
23839,6624,Jaggery (Bella/Gud) 1kg,1.57,70
23840,6625,Mustard Oil 1L,1.47,200
23841,6625,Sugar 1kg,4.87,45
23842,6625,Jaggery (Bella/Gud) 1kg,2.71,70
23843,6625,Iodized Salt 1kg,1.72,25
23844,6626,Jaggery (Bella/Gud) 1kg,3.42,70
23845,6626,Iodized Salt 1kg,2.4,25
23846,6626,Rock Salt (Sendha Namak) 500g,1.64,40
23847,6627,Jaggery (Bella/Gud) 1kg,1.64,70
23848,6627,Iodized Salt 1kg,1.53,25
23849,6628,Jaggery (Bella/Gud) 1kg,1.99,70
23850,6628,Iodized Salt 1kg,1.97,25
23851,6629,Sona Masoori Rice 5kg,15.11,350
23852,6629,Basmati Rice 5kg,13.25,550
23853,6629,Wheat Flour (Atta) 5kg,2.13,250
23854,6629,Toor Dal 1kg,2.03,163.15
23855,6630,Wheat Flour (Atta) 5kg,1.85,250
23856,6630,Toor Dal 1kg,0.72,140
23857,6630,Moong Dal 1kg,6.39,130
23858,6630,Rajma (Kidney Beans) 1kg,1.78,160
23859,6631,Wheat Flour (Atta) 5kg,1.65,250
23860,6631,Toor Dal 1kg,1.78,140
23861,6631,Rajma (Kidney Beans) 1kg,2.21,160
23862,6631,Turmeric Powder 200g,5.47,60
23863,6632,Wheat Flour (Atta) 5kg,3.8,250
23864,6632,Toor Dal 1kg,1.09,140
23865,6632,Rajma (Kidney Beans) 1kg,2.49,160
23866,6632,Garam Masala 100g,1.88,70.16
23867,6633,Wheat Flour (Atta) 5kg,1.65,250
23868,6633,Toor Dal 1kg,1.75,140
23869,6633,Rajma (Kidney Beans) 1kg,1.08,160
23870,6633,Garam Masala 100g,1.11,80
23871,6634,Wheat Flour (Atta) 5kg,1.96,250
23872,6634,Rajma (Kidney Beans) 1kg,2.73,160
23873,6634,Garam Masala 100g,1.31,80
23874,6634,Biryani Masala 100g,0.87,100
23875,6635,Biryani Masala 100g,0.45,100
23876,6635,Almonds (Badam) 500g,1.35,450
23877,6635,Cashew Nuts (Kaju) 500g,0.32,550
23878,6635,Peanuts (Groundnut) 500g,0.9,90
23879,6636,Biryani Masala 100g,0.56,100
23880,6636,Almonds (Badam) 500g,0.68,450
23881,6636,Cashew Nuts (Kaju) 500g,0.34,550
23882,6636,Peanuts (Groundnut) 500g,2.14,90
23883,6637,Biryani Masala 100g,1.0,100
23884,6637,Cashew Nuts (Kaju) 500g,0.72,550
23885,6637,Peanuts (Groundnut) 500g,1.09,90
23886,6637,Sunflower Oil 1L,2.2,160.28
23887,6638,Cashew Nuts (Kaju) 500g,0.38,550
23888,6638,Peanuts (Groundnut) 500g,0.8,90
23889,6638,Sunflower Oil 1L,2.96,180
23890,6638,Groundnut Oil 1L,4.42,220
23891,6639,Cashew Nuts (Kaju) 500g,0.43,550
23892,6639,Sunflower Oil 1L,2.63,180
23893,6639,Mustard Oil 1L,2.88,200
23894,6639,Pure Ghee 1L,1.32,600
23895,6640,Cashew Nuts (Kaju) 500g,0.6,550
23896,6640,Sunflower Oil 1L,3.0,154.39
23897,6640,Mustard Oil 1L,4.04,200
23898,6640,Pure Ghee 1L,0.75,600
23899,6641,Pure Ghee 1L,0.66,600
23900,6641,Sugar 1kg,1.95,45
23901,6641,Jaggery (Bella/Gud) 1kg,3.59,70
23902,6641,Iodized Salt 1kg,1.21,25
23903,6642,Sugar 1kg,1.84,45
23904,6642,Jaggery (Bella/Gud) 1kg,3.73,70
23905,6642,Iodized Salt 1kg,1.52,25
23906,6642,Rock Salt (Sendha Namak) 500g,0.55,40
23907,6643,Sugar 1kg,1.71,45
23908,6643,Jaggery (Bella/Gud) 1kg,2.61,70
23909,6643,Iodized Salt 1kg,1.94,25
23910,6643,Rock Salt (Sendha Namak) 500g,0.56,40
23911,6644,Sugar 1kg,1.08,45
23912,6644,Jaggery (Bella/Gud) 1kg,3.07,70
23913,6644,Iodized Salt 1kg,1.05,25
23914,6644,Rock Salt (Sendha Namak) 500g,0.47,40
23915,6645,Sugar 1kg,1.63,45
23916,6645,Iodized Salt 1kg,1.85,25
23917,6646,Sugar 1kg,1.3,45
23918,6647,Sona Masoori Rice 5kg,5.93,350
23919,6647,Basmati Rice 5kg,14.96,550
23920,6647,Wheat Flour (Atta) 5kg,2.45,250
23921,6647,Toor Dal 1kg,8.38,140
23922,6648,Sona Masoori Rice 5kg,8.06,350
23923,6648,Wheat Flour (Atta) 5kg,2.09,250
23924,6648,Moong Dal 1kg,1.6,130
23925,6648,Rajma (Kidney Beans) 1kg,5.82,160
23926,6649,Wheat Flour (Atta) 5kg,1.83,250
23927,6649,Moong Dal 1kg,1.97,130
23928,6649,Rajma (Kidney Beans) 1kg,3.51,160
23929,6649,Turmeric Powder 200g,1.09,60
23930,6650,Wheat Flour (Atta) 5kg,1.72,250
23931,6650,Moong Dal 1kg,2.24,130
23932,6650,Turmeric Powder 200g,0.59,60
23933,6650,Garam Masala 100g,0.42,80
23934,6651,Wheat Flour (Atta) 5kg,1.8,250
23935,6651,Moong Dal 1kg,1.31,130
23936,6651,Turmeric Powder 200g,0.78,60
23937,6651,Garam Masala 100g,0.42,80
23938,6652,Wheat Flour (Atta) 5kg,1.05,250
23939,6652,Turmeric Powder 200g,0.63,60
23940,6652,Garam Masala 100g,0.43,80
23941,6652,Biryani Masala 100g,1.16,100
23942,6653,Turmeric Powder 200g,1.0,60
23943,6653,Garam Masala 100g,0.32,80
23944,6653,Biryani Masala 100g,0.43,100
23945,6653,Almonds (Badam) 500g,0.58,450
23946,6654,Turmeric Powder 200g,0.66,60
23947,6654,Garam Masala 100g,0.35,80
23948,6654,Biryani Masala 100g,1.0,100
23949,6654,Almonds (Badam) 500g,0.47,450
23950,6655,Garam Masala 100g,0.19,80
23951,6655,Biryani Masala 100g,0.68,100
23952,6655,Almonds (Badam) 500g,0.71,450
23953,6655,Cashew Nuts (Kaju) 500g,2.75,550
23954,6656,Almonds (Badam) 500g,0.37,450
23955,6656,Peanuts (Groundnut) 500g,2.46,90
23956,6656,Sunflower Oil 1L,2.71,180
23957,6656,Groundnut Oil 1L,2.43,220
23958,6657,Peanuts (Groundnut) 500g,1.4,90
23959,6657,Sunflower Oil 1L,2.54,180
23960,6657,Groundnut Oil 1L,1.58,220
23961,6657,Mustard Oil 1L,2.25,200
23962,6658,Peanuts (Groundnut) 500g,1.13,90
23963,6658,Sunflower Oil 1L,3.26,180
23964,6658,Mustard Oil 1L,2.04,200
23965,6658,Pure Ghee 1L,0.65,600
23966,6659,Sunflower Oil 1L,2.35,180
23967,6659,Mustard Oil 1L,1.77,200
23968,6659,Pure Ghee 1L,0.6,600
23969,6659,Sugar 1kg,9.98,45
23970,6660,Pure Ghee 1L,0.64,600
23971,6660,Jaggery (Bella/Gud) 1kg,12.96,70
23972,6660,Iodized Salt 1kg,1.49,25
23973,6660,Rock Salt (Sendha Namak) 500g,0.45,40
23974,6661,Pure Ghee 1L,0.45,600
23975,6661,Iodized Salt 1kg,1.78,25
23976,6661,Rock Salt (Sendha Namak) 500g,0.36,40
23977,6662,Pure Ghee 1L,0.41,600
23978,6662,Iodized Salt 1kg,0.68,25
23979,6662,Rock Salt (Sendha Namak) 500g,0.62,40
23980,6663,Pure Ghee 1L,0.44,600
23981,6663,Iodized Salt 1kg,1.84,25
23982,6663,Rock Salt (Sendha Namak) 500g,0.61,40
23983,6664,Iodized Salt 1kg,0.82,25
23984,6664,Rock Salt (Sendha Namak) 500g,0.61,40
23985,6665,Rock Salt (Sendha Namak) 500g,0.22,40
23986,6666,Sona Masoori Rice 5kg,4.18,350
23987,6666,Basmati Rice 5kg,12.59,550
23988,6666,Wheat Flour (Atta) 5kg,2.47,250
23989,6666,Toor Dal 1kg,4.01,140
23990,6667,Sona Masoori Rice 5kg,2.72,350
23991,6667,Wheat Flour (Atta) 5kg,3.44,250
23992,6667,Toor Dal 1kg,4.17,140
23993,6667,Moong Dal 1kg,0.97,130
23994,6668,Sona Masoori Rice 5kg,2.93,350
23995,6668,Wheat Flour (Atta) 5kg,1.51,250
23996,6668,Moong Dal 1kg,1.4,130
23997,6668,Rajma (Kidney Beans) 1kg,1.85,160
23998,6669,Sona Masoori Rice 5kg,2.21,350
23999,6669,Wheat Flour (Atta) 5kg,3.35,250
24000,6669,Moong Dal 1kg,1.13,112.89
24001,6669,Rajma (Kidney Beans) 1kg,2.32,160
24002,6670,Sona Masoori Rice 5kg,1.77,350
24003,6670,Wheat Flour (Atta) 5kg,1.46,250
24004,6670,Moong Dal 1kg,1.11,130
24005,6670,Rajma (Kidney Beans) 1kg,2.09,160
24006,6671,Moong Dal 1kg,1.29,130
24007,6671,Rajma (Kidney Beans) 1kg,1.76,160
24008,6671,Turmeric Powder 200g,0.62,60
24009,6671,Garam Masala 100g,1.22,80
24010,6672,Moong Dal 1kg,0.87,130
24011,6672,Rajma (Kidney Beans) 1kg,0.89,160
24012,6672,Turmeric Powder 200g,0.69,60
24013,6672,Biryani Masala 100g,3.24,100
24014,6673,Turmeric Powder 200g,1.12,60
24015,6673,Almonds (Badam) 500g,0.46,530.05
24016,6673,Cashew Nuts (Kaju) 500g,1.6,550
24017,6673,Peanuts (Groundnut) 500g,1.12,90
24018,6674,Turmeric Powder 200g,0.95,60
24019,6674,Almonds (Badam) 500g,0.42,450
24020,6674,Cashew Nuts (Kaju) 500g,1.34,640.96
24021,6674,Peanuts (Groundnut) 500g,1.15,90
24022,6675,Turmeric Powder 200g,0.38,60
24023,6675,Almonds (Badam) 500g,0.64,450
24024,6675,Peanuts (Groundnut) 500g,1.11,90
24025,6675,Sunflower Oil 1L,2.35,208.4
24026,6676,Turmeric Powder 200g,0.79,60
24027,6676,Almonds (Badam) 500g,0.59,450
24028,6676,Peanuts (Groundnut) 500g,1.28,90
24029,6676,Sunflower Oil 1L,3.93,180
24030,6677,Sunflower Oil 1L,2.9,180
24031,6677,Groundnut Oil 1L,2.18,190.14
24032,6677,Mustard Oil 1L,4.33,200
24033,6677,Pure Ghee 1L,0.67,600
24034,6678,Groundnut Oil 1L,2.14,220
24035,6678,Mustard Oil 1L,2.2,200
24036,6678,Pure Ghee 1L,1.04,600
24037,6678,Sugar 1kg,2.9,45
24038,6679,Pure Ghee 1L,0.58,600
24039,6679,Sugar 1kg,1.94,45
24040,6679,Jaggery (Bella/Gud) 1kg,1.47,70
24041,6679,Iodized Salt 1kg,0.9,25
24042,6680,Pure Ghee 1L,0.79,600
24043,6680,Sugar 1kg,1.85,45
24044,6680,Jaggery (Bella/Gud) 1kg,2.39,70
24045,6680,Iodized Salt 1kg,1.4,25
24046,6681,Sugar 1kg,3.32,45
24047,6681,Jaggery (Bella/Gud) 1kg,3.52,70
24048,6681,Iodized Salt 1kg,1.62,25
24049,6681,Rock Salt (Sendha Namak) 500g,0.3,40
24050,6682,Jaggery (Bella/Gud) 1kg,2.87,70
24051,6682,Iodized Salt 1kg,1.49,25
24052,6682,Rock Salt (Sendha Namak) 500g,0.48,40
24053,6683,Jaggery (Bella/Gud) 1kg,2.32,70
24054,6683,Iodized Salt 1kg,1.1,25
24055,6683,Rock Salt (Sendha Namak) 500g,0.43,40
24056,6684,Iodized Salt 1kg,0.63,25
24057,6685,Sona Masoori Rice 5kg,2.45,350
24058,6685,Basmati Rice 5kg,7.31,550
24059,6685,Wheat Flour (Atta) 5kg,4.55,250
24060,6685,Toor Dal 1kg,4.27,140
24061,6686,Sona Masoori Rice 5kg,3.46,350
24062,6686,Basmati Rice 5kg,5.99,550
24063,6686,Wheat Flour (Atta) 5kg,3.64,250
24064,6686,Toor Dal 1kg,3.45,140
24065,6687,Sona Masoori Rice 5kg,3.0,350
24066,6687,Wheat Flour (Atta) 5kg,3.82,250
24067,6687,Moong Dal 1kg,3.75,130
24068,6687,Rajma (Kidney Beans) 1kg,1.4,160
24069,6688,Sona Masoori Rice 5kg,1.61,350
24070,6688,Moong Dal 1kg,3.67,130
24071,6688,Rajma (Kidney Beans) 1kg,1.48,160
24072,6688,Turmeric Powder 200g,3.52,60
24073,6689,Sona Masoori Rice 5kg,2.04,350
24074,6689,Rajma (Kidney Beans) 1kg,1.25,160
24075,6689,Turmeric Powder 200g,1.35,60
24076,6689,Garam Masala 100g,0.23,80
24077,6690,Sona Masoori Rice 5kg,2.71,350
24078,6690,Rajma (Kidney Beans) 1kg,2.2,160
24079,6690,Garam Masala 100g,0.56,80
24080,6690,Biryani Masala 100g,0.53,100
24081,6691,Rajma (Kidney Beans) 1kg,1.55,160
24082,6691,Garam Masala 100g,0.51,80
24083,6691,Biryani Masala 100g,0.72,100
24084,6691,Almonds (Badam) 500g,0.21,450
24085,6692,Biryani Masala 100g,0.53,100
24086,6692,Almonds (Badam) 500g,0.3,450
24087,6692,Cashew Nuts (Kaju) 500g,0.58,550
24088,6692,Peanuts (Groundnut) 500g,0.94,90
24089,6693,Biryani Masala 100g,0.7,100
24090,6693,Almonds (Badam) 500g,0.47,450
24091,6693,Cashew Nuts (Kaju) 500g,0.87,550
24092,6693,Peanuts (Groundnut) 500g,0.71,90
24093,6694,Biryani Masala 100g,0.75,100
24094,6694,Almonds (Badam) 500g,0.26,450
24095,6694,Cashew Nuts (Kaju) 500g,0.96,550
24096,6694,Peanuts (Groundnut) 500g,0.74,90
24097,6695,Almonds (Badam) 500g,0.46,450
24098,6695,Cashew Nuts (Kaju) 500g,0.5,550
24099,6695,Peanuts (Groundnut) 500g,1.12,90
24100,6695,Sunflower Oil 1L,2.28,180
24101,6696,Almonds (Badam) 500g,0.5,450
24102,6696,Peanuts (Groundnut) 500g,0.97,90
24103,6696,Sunflower Oil 1L,5.23,180
24104,6696,Groundnut Oil 1L,1.38,220
24105,6697,Peanuts (Groundnut) 500g,0.64,90
24106,6697,Sunflower Oil 1L,2.34,180
24107,6697,Groundnut Oil 1L,1.65,220
24108,6697,Mustard Oil 1L,3.31,237.97
24109,6698,Groundnut Oil 1L,0.72,220
24110,6698,Mustard Oil 1L,3.45,200
24111,6698,Pure Ghee 1L,0.59,600
24112,6698,Sugar 1kg,1.02,45
24113,6699,Groundnut Oil 1L,0.88,220
24114,6699,Pure Ghee 1L,0.72,600
24115,6699,Sugar 1kg,1.87,45
24116,6699,Jaggery (Bella/Gud) 1kg,5.03,59.85
24117,6700,Pure Ghee 1L,1.02,600
24118,6700,Sugar 1kg,1.12,45
24119,6700,Jaggery (Bella/Gud) 1kg,2.57,70
24120,6700,Iodized Salt 1kg,1.48,25
24121,6701,Pure Ghee 1L,0.46,600
24122,6701,Sugar 1kg,1.69,45
24123,6701,Jaggery (Bella/Gud) 1kg,4.14,80.29
24124,6701,Iodized Salt 1kg,2.09,25
24125,6702,Sugar 1kg,1.72,45
24126,6702,Iodized Salt 1kg,1.22,25
24127,6702,Rock Salt (Sendha Namak) 500g,0.21,40
24128,6703,Sugar 1kg,2.51,45
24129,6703,Iodized Salt 1kg,2.06,25
24130,6703,Rock Salt (Sendha Namak) 500g,0.11,40
24131,6704,Rock Salt (Sendha Namak) 500g,0.19,40
24132,6705,Rock Salt (Sendha Namak) 500g,0.23,40
24133,6706,Rock Salt (Sendha Namak) 500g,0.22,40
24134,6707,Rock Salt (Sendha Namak) 500g,0.09,40
24135,6708,Sona Masoori Rice 5kg,6.12,307.95
24136,6708,Basmati Rice 5kg,2.17,550
24137,6708,Wheat Flour (Atta) 5kg,3.55,250
24138,6708,Toor Dal 1kg,0.85,140
24139,6709,Sona Masoori Rice 5kg,7.71,350
24140,6709,Basmati Rice 5kg,3.86,550
24141,6709,Wheat Flour (Atta) 5kg,3.36,250
24142,6709,Toor Dal 1kg,1.39,140
24143,6710,Basmati Rice 5kg,2.8,550
24144,6710,Wheat Flour (Atta) 5kg,2.0,250
24145,6710,Toor Dal 1kg,1.19,140
24146,6710,Moong Dal 1kg,1.57,130
24147,6711,Basmati Rice 5kg,3.68,550
24148,6711,Wheat Flour (Atta) 5kg,3.68,250
24149,6711,Toor Dal 1kg,0.89,140
24150,6711,Moong Dal 1kg,3.25,130
24151,6712,Toor Dal 1kg,1.36,140
24152,6712,Moong Dal 1kg,2.53,130
24153,6712,Rajma (Kidney Beans) 1kg,2.57,160
24154,6712,Turmeric Powder 200g,1.12,60
24155,6713,Toor Dal 1kg,1.6,140
24156,6713,Rajma (Kidney Beans) 1kg,3.71,160
24157,6713,Turmeric Powder 200g,0.83,60
24158,6713,Garam Masala 100g,0.57,80
24159,6714,Rajma (Kidney Beans) 1kg,1.64,160
24160,6714,Turmeric Powder 200g,0.47,60
24161,6714,Garam Masala 100g,0.8,80
24162,6714,Biryani Masala 100g,1.09,100
24163,6715,Turmeric Powder 200g,1.21,60
24164,6715,Garam Masala 100g,0.88,80
24165,6715,Biryani Masala 100g,0.86,100
24166,6715,Almonds (Badam) 500g,0.4,450
24167,6716,Turmeric Powder 200g,1.19,60
24168,6716,Garam Masala 100g,0.33,80
24169,6716,Biryani Masala 100g,0.88,100
24170,6716,Almonds (Badam) 500g,0.34,450
24171,6717,Turmeric Powder 200g,0.67,60
24172,6717,Garam Masala 100g,0.6,80
24173,6717,Biryani Masala 100g,0.45,100
24174,6717,Almonds (Badam) 500g,0.39,450
24175,6718,Garam Masala 100g,0.92,80
24176,6718,Almonds (Badam) 500g,0.19,450
24177,6718,Cashew Nuts (Kaju) 500g,0.76,550
24178,6718,Peanuts (Groundnut) 500g,3.16,90
24179,6719,Almonds (Badam) 500g,0.24,450
24180,6719,Cashew Nuts (Kaju) 500g,0.46,550
24181,6719,Peanuts (Groundnut) 500g,2.3,90
24182,6719,Sunflower Oil 1L,1.39,180
24183,6720,Almonds (Badam) 500g,0.43,450
24184,6720,Cashew Nuts (Kaju) 500g,0.78,550
24185,6720,Sunflower Oil 1L,1.75,180
24186,6720,Groundnut Oil 1L,1.44,220
24187,6721,Cashew Nuts (Kaju) 500g,0.68,550
24188,6721,Sunflower Oil 1L,2.4,180
24189,6721,Groundnut Oil 1L,0.74,220
24190,6721,Mustard Oil 1L,0.67,200
24191,6722,Cashew Nuts (Kaju) 500g,0.43,550
24192,6722,Sunflower Oil 1L,1.25,180
24193,6722,Groundnut Oil 1L,1.66,220
24194,6722,Mustard Oil 1L,1.47,200
24195,6723,Sunflower Oil 1L,2.36,180
24196,6723,Mustard Oil 1L,1.46,200
24197,6723,Pure Ghee 1L,0.55,600
24198,6723,Sugar 1kg,2.76,38.37
24199,6724,Sunflower Oil 1L,1.66,180
24200,6724,Mustard Oil 1L,0.63,170.96
24201,6724,Pure Ghee 1L,0.65,600
24202,6724,Sugar 1kg,2.35,39.31
24203,6725,Mustard Oil 1L,1.25,200
24204,6725,Pure Ghee 1L,0.6,600
24205,6725,Sugar 1kg,3.68,45
24206,6725,Jaggery (Bella/Gud) 1kg,2.03,70
24207,6726,Mustard Oil 1L,1.0,200
24208,6726,Pure Ghee 1L,0.56,600
24209,6726,Sugar 1kg,1.87,45
24210,6726,Jaggery (Bella/Gud) 1kg,1.52,70
24211,6727,Pure Ghee 1L,0.57,600
24212,6727,Jaggery (Bella/Gud) 1kg,1.81,70
24213,6727,Iodized Salt 1kg,1.8,25
24214,6727,Rock Salt (Sendha Namak) 500g,1.6,40
24215,6728,Jaggery (Bella/Gud) 1kg,2.67,70
24216,6728,Iodized Salt 1kg,1.02,25
24217,6728,Rock Salt (Sendha Namak) 500g,1.01,40
24218,6729,Jaggery (Bella/Gud) 1kg,1.59,70
24219,6729,Iodized Salt 1kg,0.94,25
24220,6730,Jaggery (Bella/Gud) 1kg,1.39,70
24221,6730,Iodized Salt 1kg,1.02,25
24222,6731,Iodized Salt 1kg,2.04,25
24223,6732,Sona Masoori Rice 5kg,15.13,350
24224,6732,Basmati Rice 5kg,2.16,550
24225,6732,Wheat Flour (Atta) 5kg,12.18,250
24226,6732,Toor Dal 1kg,1.35,140
24227,6733,Basmati Rice 5kg,3.27,550
24228,6733,Toor Dal 1kg,1.43,140
24229,6733,Moong Dal 1kg,2.24,130
24230,6733,Rajma (Kidney Beans) 1kg,2.29,160
24231,6734,Basmati Rice 5kg,4.99,550
24232,6734,Toor Dal 1kg,1.34,140
24233,6734,Moong Dal 1kg,0.75,130
24234,6734,Rajma (Kidney Beans) 1kg,1.79,188.45
24235,6735,Basmati Rice 5kg,4.49,550
24236,6735,Toor Dal 1kg,1.01,140
24237,6735,Moong Dal 1kg,1.54,130
24238,6735,Rajma (Kidney Beans) 1kg,2.51,160
24239,6736,Toor Dal 1kg,1.43,140
24240,6736,Moong Dal 1kg,1.92,130
24241,6736,Rajma (Kidney Beans) 1kg,1.28,160
24242,6736,Turmeric Powder 200g,5.38,60
24243,6737,Toor Dal 1kg,1.25,140
24244,6737,Moong Dal 1kg,0.81,130
24245,6737,Garam Masala 100g,0.93,80
24246,6737,Biryani Masala 100g,0.91,100
24247,6738,Garam Masala 100g,0.68,80
24248,6738,Biryani Masala 100g,1.17,100
24249,6738,Almonds (Badam) 500g,0.48,450
24250,6738,Cashew Nuts (Kaju) 500g,0.4,550
24251,6739,Biryani Masala 100g,0.77,100
24252,6739,Almonds (Badam) 500g,0.28,450
24253,6739,Cashew Nuts (Kaju) 500g,0.32,550
24254,6739,Peanuts (Groundnut) 500g,5.18,90
24255,6740,Almonds (Badam) 500g,0.49,450
24256,6740,Cashew Nuts (Kaju) 500g,0.75,550
24257,6740,Sunflower Oil 1L,2.94,180
24258,6740,Groundnut Oil 1L,2.78,220
24259,6741,Almonds (Badam) 500g,0.39,450
24260,6741,Cashew Nuts (Kaju) 500g,0.74,550
24261,6741,Sunflower Oil 1L,7.09,180
24262,6741,Groundnut Oil 1L,1.55,220
24263,6742,Almonds (Badam) 500g,0.19,450
24264,6742,Cashew Nuts (Kaju) 500g,0.54,550
24265,6742,Mustard Oil 1L,1.31,200
24266,6742,Pure Ghee 1L,2.73,600
24267,6743,Cashew Nuts (Kaju) 500g,0.43,550
24268,6743,Mustard Oil 1L,1.23,200
24269,6743,Sugar 1kg,1.02,45
24270,6743,Jaggery (Bella/Gud) 1kg,11.94,70
24271,6744,Mustard Oil 1L,0.77,200
24272,6744,Sugar 1kg,1.74,45
24273,6744,Iodized Salt 1kg,7.76,25
24274,6744,Rock Salt (Sendha Namak) 500g,2.8,40
24275,6745,Mustard Oil 1L,1.13,200
24276,6745,Sugar 1kg,1.87,45
24277,6746,Mustard Oil 1L,0.71,200
24278,6746,Sugar 1kg,1.09,49.93
24279,6747,Mustard Oil 1L,1.6,200
24280,6747,Sugar 1kg,2.01,45
24281,6748,Sugar 1kg,1.93,45
24282,6749,Sona Masoori Rice 5kg,7.39,350
24283,6749,Basmati Rice 5kg,2.13,550
24284,6749,Wheat Flour (Atta) 5kg,6.4,250
24285,6749,Toor Dal 1kg,3.87,140
24286,6750,Sona Masoori Rice 5kg,7.83,350
24287,6750,Basmati Rice 5kg,2.04,550
24288,6750,Wheat Flour (Atta) 5kg,5.17,216.93
24289,6750,Toor Dal 1kg,4.12,140
24290,6751,Basmati Rice 5kg,2.14,550
24291,6751,Moong Dal 1kg,1.66,130
24292,6751,Rajma (Kidney Beans) 1kg,3.09,160
24293,6751,Turmeric Powder 200g,2.09,60
24294,6752,Basmati Rice 5kg,3.19,550
24295,6752,Moong Dal 1kg,3.36,130
24296,6752,Rajma (Kidney Beans) 1kg,3.49,160
24297,6752,Turmeric Powder 200g,0.92,60
24298,6753,Basmati Rice 5kg,1.25,550
24299,6753,Moong Dal 1kg,1.96,130
24300,6753,Rajma (Kidney Beans) 1kg,2.09,160
24301,6753,Turmeric Powder 200g,1.5,60
24302,6754,Basmati Rice 5kg,2.95,550
24303,6754,Biryani Masala 100g,0.91,100
24304,6754,Almonds (Badam) 500g,0.46,450
24305,6754,Cashew Nuts (Kaju) 500g,0.93,478.52
24306,6755,Biryani Masala 100g,0.83,100
24307,6755,Almonds (Badam) 500g,0.63,450
24308,6755,Cashew Nuts (Kaju) 500g,1.04,550
24309,6755,Peanuts (Groundnut) 500g,1.77,90
24310,6756,Biryani Masala 100g,0.65,100
24311,6756,Almonds (Badam) 500g,0.53,450
24312,6756,Cashew Nuts (Kaju) 500g,0.96,550
24313,6756,Peanuts (Groundnut) 500g,1.31,90
24314,6757,Biryani Masala 100g,0.53,100
24315,6757,Almonds (Badam) 500g,0.42,450
24316,6757,Peanuts (Groundnut) 500g,0.72,90
24317,6757,Sunflower Oil 1L,9.52,180
24318,6758,Peanuts (Groundnut) 500g,0.95,90
24319,6758,Groundnut Oil 1L,0.85,197.84
24320,6758,Mustard Oil 1L,2.55,200
24321,6758,Pure Ghee 1L,1.33,600
24322,6759,Peanuts (Groundnut) 500g,0.69,90
24323,6759,Groundnut Oil 1L,0.47,220
24324,6759,Mustard Oil 1L,1.77,200
24325,6759,Pure Ghee 1L,1.03,600
24326,6760,Groundnut Oil 1L,0.46,220
24327,6760,Mustard Oil 1L,1.86,200
24328,6760,Pure Ghee 1L,0.71,600
24329,6760,Sugar 1kg,2.31,36.9
24330,6761,Groundnut Oil 1L,0.59,220
24331,6761,Sugar 1kg,2.24,45
24332,6761,Jaggery (Bella/Gud) 1kg,2.43,70
24333,6761,Iodized Salt 1kg,6.72,25
24334,6762,Groundnut Oil 1L,1.06,220
24335,6762,Sugar 1kg,1.34,45
24336,6762,Jaggery (Bella/Gud) 1kg,1.09,70
24337,6762,Rock Salt (Sendha Namak) 500g,0.94,40
24338,6763,Groundnut Oil 1L,1.17,220
24339,6763,Sugar 1kg,1.43,45
24340,6763,Jaggery (Bella/Gud) 1kg,1.87,70
24341,6763,Rock Salt (Sendha Namak) 500g,1.09,40
24342,6764,Sugar 1kg,2.04,45
24343,6764,Jaggery (Bella/Gud) 1kg,2.35,70
24344,6765,Jaggery (Bella/Gud) 1kg,2.05,70
24345,6766,Jaggery (Bella/Gud) 1kg,3.02,70
24346,6767,Sona Masoori Rice 5kg,2.89,350
24347,6767,Basmati Rice 5kg,4.57,550
24348,6767,Wheat Flour (Atta) 5kg,2.32,250
24349,6767,Toor Dal 1kg,8.25,140
24350,6768,Sona Masoori Rice 5kg,2.53,350
24351,6768,Basmati Rice 5kg,8.51,550
24352,6768,Wheat Flour (Atta) 5kg,3.82,250
24353,6768,Moong Dal 1kg,0.78,130
24354,6769,Sona Masoori Rice 5kg,3.01,350
24355,6769,Wheat Flour (Atta) 5kg,1.48,250
24356,6769,Moong Dal 1kg,0.86,130
24357,6769,Rajma (Kidney Beans) 1kg,1.03,160
24358,6770,Sona Masoori Rice 5kg,3.96,350
24359,6770,Wheat Flour (Atta) 5kg,2.44,250
24360,6770,Moong Dal 1kg,0.88,130
24361,6770,Rajma (Kidney Beans) 1kg,1.69,160
24362,6771,Sona Masoori Rice 5kg,1.89,387.88
24363,6771,Wheat Flour (Atta) 5kg,2.72,250
24364,6771,Moong Dal 1kg,1.7,130
24365,6771,Rajma (Kidney Beans) 1kg,1.24,160
24366,6772,Moong Dal 1kg,0.98,130
24367,6772,Rajma (Kidney Beans) 1kg,0.79,160
24368,6772,Turmeric Powder 200g,0.89,60
24369,6772,Garam Masala 100g,3.57,80
24370,6773,Moong Dal 1kg,1.72,130
24371,6773,Rajma (Kidney Beans) 1kg,1.15,160
24372,6773,Turmeric Powder 200g,0.92,60
24373,6773,Biryani Masala 100g,1.11,100
24374,6774,Rajma (Kidney Beans) 1kg,2.0,160
24375,6774,Turmeric Powder 200g,0.67,60
24376,6774,Biryani Masala 100g,2.12,100
24377,6774,Almonds (Badam) 500g,0.94,450
24378,6775,Turmeric Powder 200g,0.86,60
24379,6775,Almonds (Badam) 500g,0.7,450
24380,6775,Cashew Nuts (Kaju) 500g,1.04,550
24381,6775,Peanuts (Groundnut) 500g,1.05,90
24382,6776,Turmeric Powder 200g,0.74,60
24383,6776,Almonds (Badam) 500g,0.41,450
24384,6776,Cashew Nuts (Kaju) 500g,0.99,550
24385,6776,Peanuts (Groundnut) 500g,0.78,90
24386,6777,Turmeric Powder 200g,0.68,60
24387,6777,Cashew Nuts (Kaju) 500g,0.92,550
24388,6777,Peanuts (Groundnut) 500g,0.62,90
24389,6777,Sunflower Oil 1L,2.02,180
24390,6778,Peanuts (Groundnut) 500g,1.18,90
24391,6778,Sunflower Oil 1L,2.76,180
24392,6778,Groundnut Oil 1L,0.63,220
24393,6778,Mustard Oil 1L,1.19,200
24394,6779,Peanuts (Groundnut) 500g,1.07,90
24395,6779,Sunflower Oil 1L,4.37,180
24396,6779,Groundnut Oil 1L,0.82,220
24397,6779,Mustard Oil 1L,1.08,200
24398,6780,Groundnut Oil 1L,0.96,220
24399,6780,Mustard Oil 1L,0.64,200
24400,6780,Pure Ghee 1L,0.41,600
24401,6780,Sugar 1kg,5.05,45
24402,6781,Groundnut Oil 1L,0.76,220
24403,6781,Mustard Oil 1L,1.64,200
24404,6781,Pure Ghee 1L,0.4,600
24405,6781,Sugar 1kg,5.52,45
24406,6782,Groundnut Oil 1L,1.12,220
24407,6782,Mustard Oil 1L,1.33,235.59
24408,6782,Pure Ghee 1L,0.53,600
24409,6782,Jaggery (Bella/Gud) 1kg,12.46,70
24410,6783,Pure Ghee 1L,0.42,691.7
24411,6783,Iodized Salt 1kg,1.15,25
24412,6783,Rock Salt (Sendha Namak) 500g,0.62,40
24413,6784,Pure Ghee 1L,0.58,600
24414,6784,Iodized Salt 1kg,1.19,25
24415,6784,Rock Salt (Sendha Namak) 500g,0.81,40
24416,6785,Pure Ghee 1L,0.55,600
24417,6785,Iodized Salt 1kg,1.5,25
24418,6785,Rock Salt (Sendha Namak) 500g,0.6,40
24419,6786,Iodized Salt 1kg,1.56,25
24420,6786,Rock Salt (Sendha Namak) 500g,0.44,40
24421,6787,Iodized Salt 1kg,1.55,25
24422,6787,Rock Salt (Sendha Namak) 500g,0.5,40
24423,6788,Sona Masoori Rice 5kg,7.39,350
24424,6788,Basmati Rice 5kg,12.72,550
24425,6788,Wheat Flour (Atta) 5kg,1.46,250
24426,6788,Toor Dal 1kg,2.87,140
24427,6789,Sona Masoori Rice 5kg,6.87,350
24428,6789,Wheat Flour (Atta) 5kg,1.24,250
24429,6789,Toor Dal 1kg,2.64,140
24430,6789,Moong Dal 1kg,1.7,130
24431,6790,Wheat Flour (Atta) 5kg,1.95,250
24432,6790,Toor Dal 1kg,2.55,140
24433,6790,Moong Dal 1kg,1.29,130
24434,6790,Rajma (Kidney Beans) 1kg,0.9,160
24435,6791,Wheat Flour (Atta) 5kg,1.63,250
24436,6791,Moong Dal 1kg,0.75,109.55
24437,6791,Rajma (Kidney Beans) 1kg,1.45,160
24438,6791,Turmeric Powder 200g,1.98,60
24439,6792,Wheat Flour (Atta) 5kg,2.23,250
24440,6792,Moong Dal 1kg,1.64,130
24441,6792,Rajma (Kidney Beans) 1kg,0.98,160
24442,6792,Turmeric Powder 200g,1.52,60
24443,6793,Wheat Flour (Atta) 5kg,2.96,250
24444,6793,Moong Dal 1kg,0.92,130
24445,6793,Rajma (Kidney Beans) 1kg,1.19,160
24446,6793,Turmeric Powder 200g,1.49,60
24447,6794,Rajma (Kidney Beans) 1kg,1.3,160
24448,6794,Garam Masala 100g,1.63,80
24449,6794,Biryani Masala 100g,0.77,100
24450,6794,Almonds (Badam) 500g,1.13,450
24451,6795,Rajma (Kidney Beans) 1kg,1.93,160
24452,6795,Garam Masala 100g,1.53,80
24453,6795,Biryani Masala 100g,0.56,100
24454,6795,Almonds (Badam) 500g,1.05,450
24455,6796,Garam Masala 100g,0.75,80
24456,6796,Biryani Masala 100g,0.34,100
24457,6796,Cashew Nuts (Kaju) 500g,2.9,550
24458,6796,Peanuts (Groundnut) 500g,1.91,90
24459,6797,Garam Masala 100g,0.65,80
24460,6797,Biryani Masala 100g,0.44,100
24461,6797,Peanuts (Groundnut) 500g,0.92,90
24462,6797,Sunflower Oil 1L,9.09,180
24463,6798,Biryani Masala 100g,0.68,100
24464,6798,Peanuts (Groundnut) 500g,0.95,90
24465,6798,Groundnut Oil 1L,0.79,220
24466,6798,Mustard Oil 1L,1.46,200
24467,6799,Peanuts (Groundnut) 500g,1.37,90
24468,6799,Groundnut Oil 1L,1.78,220
24469,6799,Mustard Oil 1L,1.21,200
24470,6799,Pure Ghee 1L,0.54,600
24471,6800,Groundnut Oil 1L,1.6,220
24472,6800,Mustard Oil 1L,1.42,200
24473,6800,Pure Ghee 1L,1.07,600
24474,6800,Sugar 1kg,5.1,45
24475,6801,Mustard Oil 1L,0.7,200
24476,6801,Pure Ghee 1L,0.99,600
24477,6801,Sugar 1kg,5.88,45
24478,6801,Jaggery (Bella/Gud) 1kg,1.77,70
24479,6802,Mustard Oil 1L,0.66,200
24480,6802,Pure Ghee 1L,0.63,600
24481,6802,Jaggery (Bella/Gud) 1kg,1.34,70
24482,6802,Iodized Salt 1kg,1.11,25
24483,6803,Mustard Oil 1L,0.85,200
24484,6803,Jaggery (Bella/Gud) 1kg,3.39,70
24485,6803,Iodized Salt 1kg,1.9,25
24486,6803,Rock Salt (Sendha Namak) 500g,0.62,40
24487,6804,Jaggery (Bella/Gud) 1kg,3.54,70
24488,6804,Iodized Salt 1kg,1.47,25
24489,6804,Rock Salt (Sendha Namak) 500g,0.6,40
24490,6805,Jaggery (Bella/Gud) 1kg,1.67,70
24491,6805,Iodized Salt 1kg,1.43,25
24492,6805,Rock Salt (Sendha Namak) 500g,0.73,40
24493,6806,Iodized Salt 1kg,1.45,25
24494,6806,Rock Salt (Sendha Namak) 500g,0.61,40
24495,6807,Rock Salt (Sendha Namak) 500g,0.41,40
24496,6808,Sona Masoori Rice 5kg,2.93,350
24497,6808,Basmati Rice 5kg,2.91,486.67
24498,6808,Wheat Flour (Atta) 5kg,2.12,250
24499,6808,Toor Dal 1kg,1.37,140
24500,6809,Sona Masoori Rice 5kg,5.09,350
24501,6809,Basmati Rice 5kg,2.27,550
24502,6809,Wheat Flour (Atta) 5kg,1.76,250
24503,6809,Toor Dal 1kg,3.63,140
24504,6810,Sona Masoori Rice 5kg,4.65,350
24505,6810,Basmati Rice 5kg,2.63,550
24506,6810,Wheat Flour (Atta) 5kg,2.44,250
24507,6810,Toor Dal 1kg,3.35,140
24508,6811,Sona Masoori Rice 5kg,3.83,350
24509,6811,Basmati Rice 5kg,1.27,462.83
24510,6811,Wheat Flour (Atta) 5kg,2.14,250
24511,6811,Moong Dal 1kg,1.3,130
24512,6812,Basmati Rice 5kg,2.49,550
24513,6812,Wheat Flour (Atta) 5kg,2.38,250
24514,6812,Moong Dal 1kg,2.56,130
24515,6812,Rajma (Kidney Beans) 1kg,9.78,160
24516,6813,Basmati Rice 5kg,1.69,550
24517,6813,Moong Dal 1kg,2.57,130
24518,6813,Turmeric Powder 200g,4.83,60
24519,6813,Biryani Masala 100g,0.9,100
24520,6814,Moong Dal 1kg,1.11,154.98
24521,6814,Biryani Masala 100g,0.5,115.98
24522,6814,Almonds (Badam) 500g,0.87,450
24523,6814,Cashew Nuts (Kaju) 500g,2.77,550
24524,6815,Biryani Masala 100g,0.42,110.55
24525,6815,Almonds (Badam) 500g,1.19,450
24526,6815,Peanuts (Groundnut) 500g,1.2,90
24527,6815,Sunflower Oil 1L,2.47,180
24528,6816,Biryani Masala 100g,0.71,119.64
24529,6816,Peanuts (Groundnut) 500g,0.85,90
24530,6816,Sunflower Oil 1L,2.39,180
24531,6816,Groundnut Oil 1L,0.77,220
24532,6817,Biryani Masala 100g,0.4,100
24533,6817,Peanuts (Groundnut) 500g,1.98,90
24534,6817,Sunflower Oil 1L,1.31,180
24535,6817,Groundnut Oil 1L,1.28,220
24536,6818,Peanuts (Groundnut) 500g,0.92,90
24537,6818,Sunflower Oil 1L,2.72,180
24538,6818,Groundnut Oil 1L,1.33,220
24539,6818,Mustard Oil 1L,1.75,200
24540,6819,Sunflower Oil 1L,1.18,180
24541,6819,Groundnut Oil 1L,1.05,220
24542,6819,Mustard Oil 1L,1.45,200
24543,6819,Pure Ghee 1L,0.64,600
24544,6820,Mustard Oil 1L,1.1,200
24545,6820,Pure Ghee 1L,0.95,600
24546,6820,Sugar 1kg,0.99,45
24547,6820,Jaggery (Bella/Gud) 1kg,1.5,70
24548,6821,Mustard Oil 1L,1.7,200
24549,6821,Pure Ghee 1L,0.93,600
24550,6821,Sugar 1kg,2.19,45
24551,6821,Jaggery (Bella/Gud) 1kg,2.5,70
24552,6822,Pure Ghee 1L,0.39,600
24553,6822,Sugar 1kg,1.75,45
24554,6822,Jaggery (Bella/Gud) 1kg,3.56,70
24555,6822,Iodized Salt 1kg,1.24,25
24556,6823,Sugar 1kg,1.5,45
24557,6823,Jaggery (Bella/Gud) 1kg,2.11,70
24558,6823,Iodized Salt 1kg,1.86,25
24559,6823,Rock Salt (Sendha Namak) 500g,0.27,40
24560,6824,Sugar 1kg,2.79,45
24561,6824,Jaggery (Bella/Gud) 1kg,1.26,70
24562,6824,Iodized Salt 1kg,2.17,25
24563,6824,Rock Salt (Sendha Namak) 500g,0.2,40
24564,6825,Iodized Salt 1kg,1.26,25
24565,6825,Rock Salt (Sendha Namak) 500g,0.18,40
24566,6826,Rock Salt (Sendha Namak) 500g,0.44,40
24567,6827,Rock Salt (Sendha Namak) 500g,0.37,40
24568,6828,Rock Salt (Sendha Namak) 500g,0.22,40
24569,6829,Sona Masoori Rice 5kg,7.97,350
24570,6829,Basmati Rice 5kg,3.2,550
24571,6829,Wheat Flour (Atta) 5kg,3.7,250
24572,6829,Toor Dal 1kg,8.46,140
24573,6830,Sona Masoori Rice 5kg,3.35,350
24574,6830,Basmati Rice 5kg,3.32,550
24575,6830,Wheat Flour (Atta) 5kg,7.21,250
24576,6830,Moong Dal 1kg,1.52,130
24577,6831,Sona Masoori Rice 5kg,3.8,350
24578,6831,Basmati Rice 5kg,2.2,550
24579,6831,Moong Dal 1kg,1.13,130
24580,6831,Rajma (Kidney Beans) 1kg,7.72,160
24581,6832,Basmati Rice 5kg,1.77,550
24582,6832,Moong Dal 1kg,1.92,130
24583,6832,Turmeric Powder 200g,4.59,60
24584,6832,Garam Masala 100g,0.59,80
24585,6833,Basmati Rice 5kg,1.54,550
24586,6833,Moong Dal 1kg,1.98,130
24587,6833,Garam Masala 100g,0.86,80
24588,6833,Biryani Masala 100g,0.62,100
24589,6834,Basmati Rice 5kg,3.28,550
24590,6834,Moong Dal 1kg,1.13,130
24591,6834,Garam Masala 100g,1.22,80
24592,6834,Biryani Masala 100g,0.44,100
24593,6835,Biryani Masala 100g,0.68,100
24594,6835,Almonds (Badam) 500g,1.02,450
24595,6835,Cashew Nuts (Kaju) 500g,0.5,550
24596,6835,Peanuts (Groundnut) 500g,0.95,90
24597,6836,Biryani Masala 100g,0.68,100
24598,6836,Almonds (Badam) 500g,0.96,450
24599,6836,Cashew Nuts (Kaju) 500g,0.33,550
24600,6836,Peanuts (Groundnut) 500g,0.48,90
24601,6837,Biryani Masala 100g,0.4,100
24602,6837,Cashew Nuts (Kaju) 500g,0.48,550
24603,6837,Peanuts (Groundnut) 500g,0.9,90
24604,6837,Sunflower Oil 1L,2.17,180
24605,6838,Cashew Nuts (Kaju) 500g,0.36,550
24606,6838,Peanuts (Groundnut) 500g,0.57,90
24607,6838,Sunflower Oil 1L,1.83,180
24608,6838,Groundnut Oil 1L,4.18,220
24609,6839,Cashew Nuts (Kaju) 500g,0.59,550
24610,6839,Peanuts (Groundnut) 500g,0.96,90
24611,6839,Sunflower Oil 1L,2.76,180
24612,6839,Mustard Oil 1L,2.22,200
24613,6840,Cashew Nuts (Kaju) 500g,0.78,550
24614,6840,Peanuts (Groundnut) 500g,0.88,90
24615,6840,Sunflower Oil 1L,3.15,180
24616,6840,Mustard Oil 1L,1.83,200
24617,6841,Mustard Oil 1L,2.07,200
24618,6841,Pure Ghee 1L,0.47,600
24619,6841,Sugar 1kg,1.55,45
24620,6841,Jaggery (Bella/Gud) 1kg,2.29,70
24621,6842,Pure Ghee 1L,1.12,600
24622,6842,Sugar 1kg,2.18,45
24623,6842,Jaggery (Bella/Gud) 1kg,2.94,70
24624,6842,Iodized Salt 1kg,1.62,25
24625,6843,Pure Ghee 1L,0.7,600
24626,6843,Sugar 1kg,3.85,45
24627,6843,Jaggery (Bella/Gud) 1kg,3.51,70
24628,6843,Iodized Salt 1kg,0.64,25
24629,6844,Pure Ghee 1L,0.68,600
24630,6844,Sugar 1kg,1.46,45
24631,6844,Jaggery (Bella/Gud) 1kg,4.03,70
24632,6844,Iodized Salt 1kg,1.07,25
24633,6845,Iodized Salt 1kg,1.1,25
24634,6845,Rock Salt (Sendha Namak) 500g,0.36,33.5
24635,6846,Iodized Salt 1kg,1.52,25
24636,6846,Rock Salt (Sendha Namak) 500g,0.62,40
24637,6847,Iodized Salt 1kg,1.49,25
24638,6847,Rock Salt (Sendha Namak) 500g,0.7,40
24639,6848,Rock Salt (Sendha Namak) 500g,0.67,40
24640,6849,Sona Masoori Rice 5kg,3.45,350
24641,6849,Basmati Rice 5kg,2.58,550
24642,6849,Wheat Flour (Atta) 5kg,2.95,250
24643,6849,Toor Dal 1kg,0.98,140
24644,6850,Sona Masoori Rice 5kg,4.0,350
24645,6850,Basmati Rice 5kg,3.67,550
24646,6850,Wheat Flour (Atta) 5kg,4.0,250
24647,6850,Toor Dal 1kg,2.0,140
24648,6851,Sona Masoori Rice 5kg,4.61,350
24649,6851,Basmati Rice 5kg,2.21,550
24650,6851,Wheat Flour (Atta) 5kg,5.68,250
24651,6851,Toor Dal 1kg,0.73,140
24652,6852,Sona Masoori Rice 5kg,1.84,350
24653,6852,Basmati Rice 5kg,1.86,550
24654,6852,Toor Dal 1kg,1.95,140
24655,6852,Moong Dal 1kg,0.74,130
24656,6853,Basmati Rice 5kg,2.16,550
24657,6853,Toor Dal 1kg,1.37,140
24658,6853,Moong Dal 1kg,1.04,130
24659,6853,Rajma (Kidney Beans) 1kg,0.95,160
24660,6854,Basmati Rice 5kg,2.62,550
24661,6854,Toor Dal 1kg,1.05,140
24662,6854,Moong Dal 1kg,1.23,130
24663,6854,Rajma (Kidney Beans) 1kg,0.86,160
24664,6855,Moong Dal 1kg,1.39,130
24665,6855,Rajma (Kidney Beans) 1kg,2.48,160
24666,6855,Turmeric Powder 200g,1.2,60
24667,6855,Garam Masala 100g,1.02,80
24668,6856,Moong Dal 1kg,1.41,130
24669,6856,Rajma (Kidney Beans) 1kg,2.29,160
24670,6856,Turmeric Powder 200g,1.03,60
24671,6856,Garam Masala 100g,1.65,80
24672,6857,Moong Dal 1kg,1.61,130
24673,6857,Rajma (Kidney Beans) 1kg,1.1,178.55
24674,6857,Turmeric Powder 200g,0.57,60
24675,6857,Biryani Masala 100g,0.84,100
24676,6858,Rajma (Kidney Beans) 1kg,2.02,160
24677,6858,Turmeric Powder 200g,0.66,60
24678,6858,Biryani Masala 100g,0.64,100
24679,6858,Almonds (Badam) 500g,0.23,450
24680,6859,Turmeric Powder 200g,0.57,60
24681,6859,Biryani Masala 100g,0.88,100
24682,6859,Almonds (Badam) 500g,0.35,450
24683,6859,Cashew Nuts (Kaju) 500g,0.41,550
24684,6860,Turmeric Powder 200g,1.31,60
24685,6860,Biryani Masala 100g,0.47,118.53
24686,6860,Almonds (Badam) 500g,0.4,450
24687,6860,Cashew Nuts (Kaju) 500g,0.58,550
24688,6861,Almonds (Badam) 500g,0.45,450
24689,6861,Cashew Nuts (Kaju) 500g,0.4,550
24690,6861,Peanuts (Groundnut) 500g,4.94,90
24691,6861,Sunflower Oil 1L,1.39,180
24692,6862,Almonds (Badam) 500g,0.33,450
24693,6862,Cashew Nuts (Kaju) 500g,0.33,550
24694,6862,Sunflower Oil 1L,2.14,180
24695,6862,Groundnut Oil 1L,0.91,220
24696,6863,Almonds (Badam) 500g,0.23,450
24697,6863,Cashew Nuts (Kaju) 500g,0.56,550
24698,6863,Sunflower Oil 1L,2.8,180
24699,6863,Groundnut Oil 1L,1.44,220
24700,6864,Cashew Nuts (Kaju) 500g,0.41,550
24701,6864,Sunflower Oil 1L,2.92,180
24702,6864,Groundnut Oil 1L,1.6,220
24703,6864,Mustard Oil 1L,2.19,200
24704,6865,Mustard Oil 1L,1.24,200
24705,6865,Pure Ghee 1L,0.51,600
24706,6865,Sugar 1kg,4.04,45
24707,6865,Jaggery (Bella/Gud) 1kg,3.03,70
24708,6866,Mustard Oil 1L,1.41,200
24709,6866,Pure Ghee 1L,0.32,600
24710,6866,Sugar 1kg,6.33,45
24711,6866,Jaggery (Bella/Gud) 1kg,4.14,70
24712,6867,Mustard Oil 1L,1.28,200
24713,6867,Pure Ghee 1L,0.73,600
24714,6867,Jaggery (Bella/Gud) 1kg,2.96,70
24715,6867,Iodized Salt 1kg,1.26,25
24716,6868,Pure Ghee 1L,0.65,600
24717,6868,Jaggery (Bella/Gud) 1kg,2.71,70
24718,6868,Iodized Salt 1kg,0.99,25
24719,6868,Rock Salt (Sendha Namak) 500g,0.62,40
24720,6869,Pure Ghee 1L,0.39,600
24721,6869,Iodized Salt 1kg,1.06,25
24722,6869,Rock Salt (Sendha Namak) 500g,0.65,40
24723,6870,Pure Ghee 1L,0.62,600
24724,6870,Iodized Salt 1kg,0.58,25
24725,6870,Rock Salt (Sendha Namak) 500g,0.61,40
24726,6871,Iodized Salt 1kg,1.44,25
24727,6871,Rock Salt (Sendha Namak) 500g,0.32,40
24728,6872,Iodized Salt 1kg,1.26,25
24729,6872,Rock Salt (Sendha Namak) 500g,0.27,40
24730,6873,Rock Salt (Sendha Namak) 500g,0.25,40
24731,6874,Sona Masoori Rice 5kg,4.01,350
24732,6874,Basmati Rice 5kg,7.24,550
24733,6874,Wheat Flour (Atta) 5kg,2.06,250
24734,6874,Toor Dal 1kg,2.54,140
24735,6875,Sona Masoori Rice 5kg,1.6,350
24736,6875,Basmati Rice 5kg,6.07,550
24737,6875,Wheat Flour (Atta) 5kg,2.77,250
24738,6875,Toor Dal 1kg,1.1,140
24739,6876,Sona Masoori Rice 5kg,2.01,350
24740,6876,Wheat Flour (Atta) 5kg,2.36,250
24741,6876,Toor Dal 1kg,1.12,140
24742,6876,Moong Dal 1kg,6.36,130
24743,6877,Sona Masoori Rice 5kg,4.04,350
24744,6877,Wheat Flour (Atta) 5kg,4.0,250
24745,6877,Toor Dal 1kg,1.0,140
24746,6877,Rajma (Kidney Beans) 1kg,4.1,160
24747,6878,Sona Masoori Rice 5kg,2.95,350
24748,6878,Wheat Flour (Atta) 5kg,1.95,250
24749,6878,Toor Dal 1kg,1.05,140
24750,6878,Rajma (Kidney Beans) 1kg,5.04,160
24751,6879,Toor Dal 1kg,1.57,140
24752,6879,Turmeric Powder 200g,0.9,60
24753,6879,Garam Masala 100g,2.11,80
24754,6879,Biryani Masala 100g,0.66,89.4
24755,6880,Turmeric Powder 200g,1.13,60
24756,6880,Biryani Masala 100g,0.42,100
24757,6880,Almonds (Badam) 500g,0.56,450
24758,6880,Cashew Nuts (Kaju) 500g,1.44,550
24759,6881,Turmeric Powder 200g,0.86,60
24760,6881,Biryani Masala 100g,0.48,100
24761,6881,Almonds (Badam) 500g,0.51,450
24762,6881,Cashew Nuts (Kaju) 500g,1.66,550
24763,6882,Turmeric Powder 200g,1.71,60
24764,6882,Biryani Masala 100g,0.36,100
24765,6882,Almonds (Badam) 500g,0.82,450
24766,6882,Peanuts (Groundnut) 500g,5.32,90
24767,6883,Biryani Masala 100g,0.49,100
24768,6883,Sunflower Oil 1L,2.42,180
24769,6883,Groundnut Oil 1L,1.1,220
24770,6883,Mustard Oil 1L,2.21,200
24771,6884,Biryani Masala 100g,0.67,100
24772,6884,Sunflower Oil 1L,4.19,180
24773,6884,Groundnut Oil 1L,0.6,220
24774,6884,Mustard Oil 1L,4.14,200
24775,6885,Sunflower Oil 1L,2.97,180
24776,6885,Groundnut Oil 1L,0.45,188.56
24777,6885,Pure Ghee 1L,0.64,600
24778,6885,Sugar 1kg,2.46,45
24779,6886,Groundnut Oil 1L,1.07,220
24780,6886,Pure Ghee 1L,0.4,600
24781,6886,Sugar 1kg,1.37,45
24782,6886,Jaggery (Bella/Gud) 1kg,1.55,70
24783,6887,Groundnut Oil 1L,1.1,220
24784,6887,Pure Ghee 1L,0.3,600
24785,6887,Sugar 1kg,2.22,45
24786,6887,Jaggery (Bella/Gud) 1kg,1.76,70
24787,6888,Pure Ghee 1L,0.71,661.11
24788,6888,Sugar 1kg,2.85,45
24789,6888,Jaggery (Bella/Gud) 1kg,2.82,70
24790,6888,Iodized Salt 1kg,6.97,25
24791,6889,Pure Ghee 1L,0.78,527.23
24792,6889,Sugar 1kg,1.89,45
24793,6889,Jaggery (Bella/Gud) 1kg,1.75,70
24794,6889,Rock Salt (Sendha Namak) 500g,2.51,40
24795,6890,Jaggery (Bella/Gud) 1kg,2.02,70
24796,6891,Jaggery (Bella/Gud) 1kg,1.65,70
24797,6892,Sona Masoori Rice 5kg,2.07,350
24798,6892,Basmati Rice 5kg,3.64,550
24799,6892,Wheat Flour (Atta) 5kg,3.99,250
24800,6892,Toor Dal 1kg,1.84,140
24801,6893,Sona Masoori Rice 5kg,3.87,350
24802,6893,Basmati Rice 5kg,4.13,550
24803,6893,Wheat Flour (Atta) 5kg,9.03,250
24804,6893,Toor Dal 1kg,2.87,140
24805,6894,Sona Masoori Rice 5kg,3.53,350
24806,6894,Basmati Rice 5kg,2.25,550
24807,6894,Toor Dal 1kg,2.73,140
24808,6894,Moong Dal 1kg,7.51,130
24809,6895,Sona Masoori Rice 5kg,3.57,350
24810,6895,Basmati Rice 5kg,3.41,550
24811,6895,Rajma (Kidney Beans) 1kg,1.62,160
24812,6895,Turmeric Powder 200g,1.36,60
24813,6896,Sona Masoori Rice 5kg,2.15,350
24814,6896,Rajma (Kidney Beans) 1kg,4.45,160
24815,6896,Turmeric Powder 200g,2.8,60
24816,6896,Garam Masala 100g,0.65,80
24817,6897,Rajma (Kidney Beans) 1kg,2.31,160
24818,6897,Turmeric Powder 200g,1.23,60
24819,6897,Garam Masala 100g,0.36,80
24820,6897,Biryani Masala 100g,1.69,100
24821,6898,Garam Masala 100g,0.27,80
24822,6898,Biryani Masala 100g,1.22,100
24823,6898,Almonds (Badam) 500g,1.05,450
24824,6898,Cashew Nuts (Kaju) 500g,1.52,550
24825,6899,Garam Masala 100g,0.32,80
24826,6899,Almonds (Badam) 500g,0.89,450
24827,6899,Cashew Nuts (Kaju) 500g,1.2,550
24828,6899,Peanuts (Groundnut) 500g,1.01,90
24829,6900,Garam Masala 100g,0.32,80
24830,6900,Peanuts (Groundnut) 500g,0.83,90
24831,6900,Sunflower Oil 1L,4.57,180
24832,6900,Groundnut Oil 1L,1.28,220
24833,6901,Peanuts (Groundnut) 500g,0.72,90
24834,6901,Sunflower Oil 1L,5.84,180
24835,6901,Groundnut Oil 1L,0.54,220
24836,6901,Mustard Oil 1L,6.95,200
24837,6902,Peanuts (Groundnut) 500g,1.29,90
24838,6902,Groundnut Oil 1L,0.93,220
24839,6902,Pure Ghee 1L,0.25,600
24840,6902,Sugar 1kg,2.68,45
24841,6903,Peanuts (Groundnut) 500g,1.1,90
24842,6903,Groundnut Oil 1L,1.24,220
24843,6903,Pure Ghee 1L,0.52,600
24844,6903,Sugar 1kg,4.68,45
24845,6904,Pure Ghee 1L,0.55,600
24846,6904,Sugar 1kg,3.58,45
24847,6904,Jaggery (Bella/Gud) 1kg,13.02,70
24848,6904,Iodized Salt 1kg,6.6,25
24849,6905,Pure Ghee 1L,0.47,600
24850,6905,Rock Salt (Sendha Namak) 500g,1.56,40
24851,6906,Pure Ghee 1L,0.49,600
24852,6906,Rock Salt (Sendha Namak) 500g,1.11,40
24853,6907,Pure Ghee 1L,0.43,600
24854,6908,Sona Masoori Rice 5kg,5.53,350
24855,6908,Basmati Rice 5kg,3.73,550
24856,6908,Wheat Flour (Atta) 5kg,7.64,250
24857,6908,Toor Dal 1kg,2.74,140
24858,6909,Sona Masoori Rice 5kg,3.4,350
24859,6909,Basmati Rice 5kg,2.75,550
24860,6909,Wheat Flour (Atta) 5kg,4.3,250
24861,6909,Toor Dal 1kg,1.91,140
24862,6910,Sona Masoori Rice 5kg,4.11,350
24863,6910,Basmati Rice 5kg,4.03,550
24864,6910,Toor Dal 1kg,3.85,140
24865,6910,Moong Dal 1kg,1.2,130
24866,6911,Sona Masoori Rice 5kg,3.19,350
24867,6911,Basmati Rice 5kg,2.28,550
24868,6911,Moong Dal 1kg,1.6,130
24869,6911,Rajma (Kidney Beans) 1kg,1.45,160
24870,6912,Basmati Rice 5kg,1.65,550
24871,6912,Moong Dal 1kg,0.7,130
24872,6912,Rajma (Kidney Beans) 1kg,1.17,160
24873,6912,Turmeric Powder 200g,0.75,60
24874,6913,Moong Dal 1kg,0.86,130
24875,6913,Rajma (Kidney Beans) 1kg,1.51,160
24876,6913,Turmeric Powder 200g,1.7,60
24877,6913,Garam Masala 100g,0.72,80
24878,6914,Moong Dal 1kg,1.24,130
24879,6914,Rajma (Kidney Beans) 1kg,2.3,160
24880,6914,Turmeric Powder 200g,1.73,60
24881,6914,Garam Masala 100g,0.81,80
24882,6915,Moong Dal 1kg,1.31,130
24883,6915,Rajma (Kidney Beans) 1kg,1.43,160
24884,6915,Turmeric Powder 200g,1.15,60
24885,6915,Garam Masala 100g,0.4,80
24886,6916,Rajma (Kidney Beans) 1kg,0.91,160
24887,6916,Garam Masala 100g,0.75,80
24888,6916,Biryani Masala 100g,1.7,100
24889,6916,Almonds (Badam) 500g,2.09,450
24890,6917,Garam Masala 100g,0.69,80
24891,6917,Biryani Masala 100g,1.36,100
24892,6917,Cashew Nuts (Kaju) 500g,0.95,550
24893,6917,Peanuts (Groundnut) 500g,1.96,90
24894,6918,Cashew Nuts (Kaju) 500g,1.08,614.64
24895,6918,Peanuts (Groundnut) 500g,2.72,90
24896,6918,Sunflower Oil 1L,3.15,180
24897,6918,Groundnut Oil 1L,0.85,220
24898,6919,Cashew Nuts (Kaju) 500g,1.24,550
24899,6919,Sunflower Oil 1L,2.95,180
24900,6919,Groundnut Oil 1L,0.85,220
24901,6919,Mustard Oil 1L,1.04,200
24902,6920,Sunflower Oil 1L,3.29,180
24903,6920,Groundnut Oil 1L,0.5,220
24904,6920,Mustard Oil 1L,0.82,200
24905,6920,Pure Ghee 1L,2.0,600
24906,6921,Groundnut Oil 1L,0.49,220
24907,6921,Mustard Oil 1L,1.24,200
24908,6921,Pure Ghee 1L,0.83,600
24909,6921,Sugar 1kg,10.41,45
24910,6922,Groundnut Oil 1L,0.72,181.4
24911,6922,Mustard Oil 1L,1.25,200
24912,6922,Jaggery (Bella/Gud) 1kg,3.46,70
24913,6922,Iodized Salt 1kg,3.12,25
24914,6923,Groundnut Oil 1L,0.72,220
24915,6923,Mustard Oil 1L,0.89,231.74
24916,6923,Jaggery (Bella/Gud) 1kg,5.41,70
24917,6923,Iodized Salt 1kg,2.67,25
24918,6924,Mustard Oil 1L,0.75,200
24919,6924,Jaggery (Bella/Gud) 1kg,2.49,70
24920,6924,Iodized Salt 1kg,1.82,25
24921,6924,Rock Salt (Sendha Namak) 500g,0.95,40
24922,6925,Rock Salt (Sendha Namak) 500g,0.5,40
24923,6926,Rock Salt (Sendha Namak) 500g,1.0,40
1857,513,Rajma (Kidney Beans) 1kg,2.76,160
7871,2191,Biryani Masala 100g,0.57,100
1754,483,Mustard Oil 1L,1.92,200
10547,2926,Sona Masoori Rice 5kg,2.75,350
7266,2019,Garam Masala 100g,1.33,80
22372,6218,Rock Salt (Sendha Namak) 500g,0.6,40
23389,6501,Wheat Flour (Atta) 5kg,4.5,250
3637,1006,Mustard Oil 1L,1.06,200
13713,3801,Turmeric Powder 200g,0.71,60
12566,3482,Garam Masala 100g,0.29,80
20422,5678,Moong Dal 1kg,1.5,130
20999,5839,Garam Masala 100g,0.63,80
12047,3340,Pure Ghee 1L,1.31,600
3542,981,Turmeric Powder 200g,0.54,68.12
23309,6478,Rock Salt (Sendha Namak) 500g,1.96,40
7213,2004,Rajma (Kidney Beans) 1kg,0.34,160
337,94,Toor Dal 1kg,4.2,140
1312,360,Garam Masala 100g,0.52,80
24263,6742,Almonds (Badam) 500g,0.19,450
17171,4765,Sona Masoori Rice 5kg,2.48,350
11719,3248,Mustard Oil 1L,1.43,200
18897,5252,Cashew Nuts (Kaju) 500g,0.56,550
19280,5358,Rock Salt (Sendha Namak) 500g,0.52,40
11839,3279,Jaggery (Bella/Gud) 1kg,1.07,70
15667,4346,Iodized Salt 1kg,3.76,25
18448,5123,Groundnut Oil 1L,0.91,220
10249,2845,Garam Masala 100g,0.62,80
3744,1038,Moong Dal 1kg,0.8,130
16136,4477,Pure Ghee 1L,0.3,600
18133,5033,Rajma (Kidney Beans) 1kg,1.15,160
19394,5388,Groundnut Oil 1L,1.5,220
1092,300,Sona Masoori Rice 5kg,2.04,350
224,61,Almonds (Badam) 500g,1.0,512.21
14343,3979,Toor Dal 1kg,1.1,140
4088,1135,Rajma (Kidney Beans) 1kg,0.88,160
12756,3536,Sona Masoori Rice 5kg,2.53,350
7237,2010,Sugar 1kg,2.82,45
14741,4090,Pure Ghee 1L,0.4,600
11450,3171,Turmeric Powder 200g,5.16,60
289,80,Garam Masala 100g,0.56,80
12758,3536,Toor Dal 1kg,1.27,140
24714,6867,Jaggery (Bella/Gud) 1kg,2.96,70
9038,2512,Rajma (Kidney Beans) 1kg,0.47,160
12131,3364,Toor Dal 1kg,5.83,140
20090,5584,Mustard Oil 1L,0.93,200
7791,2169,Toor Dal 1kg,2.14,140
13623,3776,Toor Dal 1kg,1.58,140
9816,2725,Sona Masoori Rice 5kg,2.1,350
3098,855,Rock Salt (Sendha Namak) 500g,0.42,40
10066,2795,Jaggery (Bella/Gud) 1kg,0.32,70
12191,3380,Basmati Rice 5kg,2.42,550
9781,2714,Peanuts (Groundnut) 500g,0.76,90
1929,533,Moong Dal 1kg,1.45,149.87
2335,642,Turmeric Powder 200g,1.11,60
13611,3772,Iodized Salt 1kg,1.73,25
21922,6097,Toor Dal 1kg,4.15,140
8702,2419,Rajma (Kidney Beans) 1kg,1.04,160
14814,4111,Peanuts (Groundnut) 500g,0.97,90
16492,4576,Jaggery (Bella/Gud) 1kg,0.55,70
14905,4135,Sugar 1kg,0.92,45
16789,4659,Almonds (Badam) 500g,0.5,450
15400,4275,Iodized Salt 1kg,1.42,25
8861,2463,Mustard Oil 1L,2.22,200
22188,6170,Moong Dal 1kg,1.92,130
16920,4695,Turmeric Powder 200g,0.48,60
24064,6686,Toor Dal 1kg,3.45,140
5495,1530,Biryani Masala 100g,0.7,100
13693,3796,Sona Masoori Rice 5kg,3.03,350
14080,3903,Moong Dal 1kg,0.71,130
6478,1799,Rock Salt (Sendha Namak) 500g,0.27,40
10520,2918,Pure Ghee 1L,1.11,600
2721,749,Cashew Nuts (Kaju) 500g,0.56,550
22038,6129,Jaggery (Bella/Gud) 1kg,0.62,70
10059,2793,Sugar 1kg,2.22,45
23068,6412,Sona Masoori Rice 5kg,2.58,350
15685,4352,Wheat Flour (Atta) 5kg,1.45,250
2677,736,Jaggery (Bella/Gud) 1kg,0.4,58.17
6813,1891,Almonds (Badam) 500g,0.36,450
13190,3658,Almonds (Badam) 500g,0.21,450
12198,3382,Sona Masoori Rice 5kg,2.29,350
21683,6031,Rajma (Kidney Beans) 1kg,0.49,160
17192,4770,Sunflower Oil 1L,1.7,180
11718,3247,Iodized Salt 1kg,4.92,25
16180,4491,Moong Dal 1kg,1.28,130
15899,4411,Moong Dal 1kg,0.97,130
13370,3708,Turmeric Powder 200g,0.88,60
4548,1261,Cashew Nuts (Kaju) 500g,0.47,550
20359,5659,Cashew Nuts (Kaju) 500g,0.8,550
1418,388,Iodized Salt 1kg,4.05,25
18238,5063,Rock Salt (Sendha Namak) 500g,0.28,40
21983,6115,Wheat Flour (Atta) 5kg,1.22,250
14263,3957,Basmati Rice 5kg,3.3,550
11628,3221,Cashew Nuts (Kaju) 500g,0.43,550
2183,601,Toor Dal 1kg,1.57,140
16483,4574,Mustard Oil 1L,1.55,200
10450,2900,Mustard Oil 1L,1.2,200
15393,4271,Rock Salt (Sendha Namak) 500g,0.97,40
16485,4574,Sugar 1kg,9.8,45
14398,3995,Sona Masoori Rice 5kg,1.94,350
16225,4505,Toor Dal 1kg,1.39,140
22142,6157,Sunflower Oil 1L,1.49,180
14894,4132,Groundnut Oil 1L,2.53,220
11985,3321,Pure Ghee 1L,0.42,600
24389,6777,Sunflower Oil 1L,2.02,180
15347,4260,Moong Dal 1kg,0.86,130
7501,2083,Jaggery (Bella/Gud) 1kg,2.75,70
17141,4756,Sunflower Oil 1L,2.75,180
19283,5360,Basmati Rice 5kg,4.38,550
24778,6885,Sugar 1kg,2.46,45
7153,1987,Garam Masala 100g,0.31,80
1629,446,Iodized Salt 1kg,2.69,25
8966,2492,Rajma (Kidney Beans) 1kg,0.86,160
22665,6297,Moong Dal 1kg,1.34,130
3397,941,Sona Masoori Rice 5kg,1.62,306.93
1450,397,Rajma (Kidney Beans) 1kg,0.83,160
8956,2490,Sona Masoori Rice 5kg,16.43,350
5645,1573,Biryani Masala 100g,1.9,100
7982,2221,Toor Dal 1kg,7.79,167.3
8934,2483,Sugar 1kg,1.77,45
7691,2138,Pure Ghee 1L,0.63,600
11390,3154,Garam Masala 100g,0.66,80
24232,6734,Toor Dal 1kg,1.34,140
7760,2159,Sunflower Oil 1L,1.28,180
21003,5840,Garam Masala 100g,0.55,80
18744,5208,Rajma (Kidney Beans) 1kg,0.58,160
16415,4556,Mustard Oil 1L,2.25,200
23907,6643,Sugar 1kg,1.71,45
15191,4215,Sugar 1kg,1.64,45
12714,3521,Groundnut Oil 1L,1.12,220
6139,1706,Sona Masoori Rice 5kg,9.63,350
13719,3802,Peanuts (Groundnut) 500g,3.15,77.61
1377,378,Basmati Rice 5kg,2.27,550
29,8,Turmeric Powder 200g,0.9,60
11979,3319,Jaggery (Bella/Gud) 1kg,2.49,70
15280,4241,Biryani Masala 100g,0.79,100
12538,3475,Sugar 1kg,1.45,45
24198,6723,Sugar 1kg,2.76,45
18801,5226,Wheat Flour (Atta) 5kg,3.26,250
14358,3982,Cashew Nuts (Kaju) 500g,2.65,550
23664,6578,Turmeric Powder 200g,0.59,60
8873,2466,Iodized Salt 1kg,1.74,25
19707,5477,Cashew Nuts (Kaju) 500g,0.74,550
20476,5695,Toor Dal 1kg,2.37,140
9897,2749,Basmati Rice 5kg,1.74,550
6162,1711,Almonds (Badam) 500g,0.36,450
6551,1820,Sona Masoori Rice 5kg,3.23,401.44
5885,1637,Rajma (Kidney Beans) 1kg,0.29,160
8059,2241,Wheat Flour (Atta) 5kg,3.89,250
11486,3180,Groundnut Oil 1L,1.25,220
13714,3801,Almonds (Badam) 500g,0.38,450
3379,935,Sugar 1kg,1.08,45
21829,6071,Sunflower Oil 1L,10.8,180
24863,6910,Basmati Rice 5kg,4.03,550
9719,2697,Sunflower Oil 1L,5.48,180
1746,481,Cashew Nuts (Kaju) 500g,0.6,550
5327,1482,Basmati Rice 5kg,7.27,550
24735,6875,Sona Masoori Rice 5kg,1.6,350
9799,2719,Groundnut Oil 1L,1.03,220
3177,879,Basmati Rice 5kg,1.78,550
8721,2424,Biryani Masala 100g,0.48,100
20088,5583,Sugar 1kg,10.61,45
18538,5150,Sunflower Oil 1L,1.97,180
13769,3816,Garam Masala 100g,1.25,80
24515,6812,Rajma (Kidney Beans) 1kg,9.78,160
15200,4220,Basmati Rice 5kg,3.35,550
5329,1482,Toor Dal 1kg,2.37,140
13733,3806,Cashew Nuts (Kaju) 500g,0.29,550
11433,3166,Rock Salt (Sendha Namak) 500g,0.4,40
9569,2657,Sunflower Oil 1L,2.24,180
16521,4586,Toor Dal 1kg,2.29,140
1532,419,Cashew Nuts (Kaju) 500g,0.4,550
23467,6522,Sona Masoori Rice 5kg,2.13,350
6952,1929,Sugar 1kg,1.97,45
6699,1861,Rock Salt (Sendha Namak) 500g,0.16,45.84
3453,956,Basmati Rice 5kg,3.24,550
7199,2000,Turmeric Powder 200g,4.82,60
353,98,Garam Masala 100g,0.67,80
14996,4163,Turmeric Powder 200g,1.62,60
6153,1709,Rajma (Kidney Beans) 1kg,0.56,160
19889,5525,Rock Salt (Sendha Namak) 500g,0.47,40
10481,2909,Basmati Rice 5kg,1.67,550
21780,6055,Mustard Oil 1L,6.59,200
12859,3563,Groundnut Oil 1L,0.73,220
24492,6805,Rock Salt (Sendha Namak) 500g,0.73,40
17989,4993,Garam Masala 100g,0.64,66.04
23171,6439,Cashew Nuts (Kaju) 500g,3.11,550
5607,1561,Jaggery (Bella/Gud) 1kg,1.03,70
24356,6769,Moong Dal 1kg,0.86,130
14873,4127,Turmeric Powder 200g,0.77,60
20154,5602,Iodized Salt 1kg,1.92,25
14884,4130,Garam Masala 100g,0.45,80
23160,6437,Wheat Flour (Atta) 5kg,2.94,250
18614,5172,Sunflower Oil 1L,3.79,180
19231,5346,Rajma (Kidney Beans) 1kg,0.4,137.77
22559,6268,Pure Ghee 1L,3.02,600
7396,2056,Biryani Masala 100g,1.12,100
12643,3502,Sunflower Oil 1L,2.25,180
14278,3961,Moong Dal 1kg,1.46,130
13165,3652,Basmati Rice 5kg,3.41,550
20161,5604,Wheat Flour (Atta) 5kg,2.64,250
19579,5439,Almonds (Badam) 500g,1.49,450
13336,3696,Sugar 1kg,9.79,45
451,125,Sunflower Oil 1L,0.92,180
519,144,Cashew Nuts (Kaju) 500g,0.54,550
13117,3638,Biryani Masala 100g,1.17,100
5437,1512,Almonds (Badam) 500g,1.27,450
4241,1178,Almonds (Badam) 500g,0.26,450
7576,2107,Wheat Flour (Atta) 5kg,4.65,250
20743,5769,Sona Masoori Rice 5kg,5.52,350
4636,1286,Pure Ghee 1L,2.73,600
18244,5066,Wheat Flour (Atta) 5kg,1.34,250
18106,5025,Jaggery (Bella/Gud) 1kg,0.5,70
1622,445,Pure Ghee 1L,0.91,600
9806,2721,Pure Ghee 1L,0.27,600
13829,3833,Toor Dal 1kg,1.3,140
24301,6753,Turmeric Powder 200g,1.5,60
19050,5297,Groundnut Oil 1L,2.55,220
17761,4928,Rock Salt (Sendha Namak) 500g,1.08,40
3778,1047,Mustard Oil 1L,1.27,200
6598,1831,Mustard Oil 1L,1.9,200
8007,2228,Rajma (Kidney Beans) 1kg,0.6,160
17823,4944,Iodized Salt 1kg,1.52,25
374,104,Almonds (Badam) 500g,0.29,450
12318,3417,Sona Masoori Rice 5kg,3.37,350
3567,987,Mustard Oil 1L,1.11,200
4219,1173,Basmati Rice 5kg,2.81,613.89
6727,1869,Turmeric Powder 200g,1.21,60
11118,3083,Sunflower Oil 1L,1.38,180
22660,6295,Biryani Masala 100g,1.9,100
3116,861,Moong Dal 1kg,1.28,130
14992,4162,Basmati Rice 5kg,3.93,550
20144,5599,Sugar 1kg,3.51,45
18381,5103,Groundnut Oil 1L,2.31,220
4431,1230,Basmati Rice 5kg,9.69,550
16004,4440,Rock Salt (Sendha Namak) 500g,0.23,40
3477,962,Almonds (Badam) 500g,0.28,450
24026,6676,Turmeric Powder 200g,0.79,60
21892,6088,Sunflower Oil 1L,3.3,180
6185,1717,Pure Ghee 1L,0.74,600
8037,2235,Mustard Oil 1L,1.58,200
13986,3875,Groundnut Oil 1L,1.23,220
10996,3051,Almonds (Badam) 500g,0.46,450
15029,4171,Sugar 1kg,2.14,45
23072,6413,Sona Masoori Rice 5kg,3.19,350
840,231,Biryani Masala 100g,0.67,100
3895,1079,Peanuts (Groundnut) 500g,2.03,90
3131,865,Turmeric Powder 200g,1.35,60
2849,785,Basmati Rice 5kg,1.73,550
19728,5483,Peanuts (Groundnut) 500g,0.55,90
4418,1225,Iodized Salt 1kg,2.02,25
677,187,Mustard Oil 1L,0.81,200
8464,2354,Wheat Flour (Atta) 5kg,5.46,250
17217,4778,Sona Masoori Rice 5kg,3.25,350
213,59,Moong Dal 1kg,1.04,130
11059,3068,Peanuts (Groundnut) 500g,1.49,90
667,184,Cashew Nuts (Kaju) 500g,0.3,550
9888,2746,Rock Salt (Sendha Namak) 500g,0.33,40
23463,6521,Sona Masoori Rice 5kg,5.04,350
2310,635,Jaggery (Bella/Gud) 1kg,0.76,70
1093,300,Basmati Rice 5kg,2.62,491.41
8066,2243,Basmati Rice 5kg,4.01,550
18751,5210,Biryani Masala 100g,3.89,100
7040,1955,Wheat Flour (Atta) 5kg,5.32,250
14801,4108,Garam Masala 100g,0.26,80
18851,5238,Iodized Salt 1kg,3.65,25
24296,6752,Rajma (Kidney Beans) 1kg,3.49,160
14953,4148,Peanuts (Groundnut) 500g,1.61,90
2619,720,Sunflower Oil 1L,1.91,180
23300,6476,Peanuts (Groundnut) 500g,0.86,90
22384,6222,Wheat Flour (Atta) 5kg,1.76,250
6890,1912,Sugar 1kg,4.01,45
4169,1158,Turmeric Powder 200g,1.44,60
7825,2177,Jaggery (Bella/Gud) 1kg,0.93,70
3531,978,Toor Dal 1kg,1.19,140
21714,6039,Sugar 1kg,2.78,45
15121,4197,Wheat Flour (Atta) 5kg,3.68,250
15333,4256,Moong Dal 1kg,0.63,130
6242,1734,Turmeric Powder 200g,0.57,60
16149,4483,Basmati Rice 5kg,3.14,550
3437,951,Pure Ghee 1L,0.85,600
15098,4189,Sunflower Oil 1L,3.59,180
8602,2390,Rock Salt (Sendha Namak) 500g,0.39,40
13467,3733,Groundnut Oil 1L,1.43,220
24664,6855,Moong Dal 1kg,1.39,130
11125,3085,Sunflower Oil 1L,2.72,147.25
18127,5031,Moong Dal 1kg,0.83,130
13799,3824,Peanuts (Groundnut) 500g,1.05,90
10967,3042,Mustard Oil 1L,1.27,200
5545,1543,Pure Ghee 1L,0.76,600
17703,4913,Iodized Salt 1kg,1.57,25
8008,2228,Garam Masala 100g,0.23,80
22736,6315,Biryani Masala 100g,3.47,100
14506,4024,Almonds (Badam) 500g,0.22,450
12255,3398,Basmati Rice 5kg,2.4,550
12940,3586,Sugar 1kg,3.06,45
21834,6072,Sugar 1kg,10.01,45
1133,310,Groundnut Oil 1L,1.82,220
20039,5571,Wheat Flour (Atta) 5kg,3.3,250
3614,1000,Peanuts (Groundnut) 500g,1.54,90
15378,4268,Cashew Nuts (Kaju) 500g,0.34,550
15563,4319,Almonds (Badam) 500g,0.41,450
10042,2789,Biryani Masala 100g,0.75,100
9385,2608,Rajma (Kidney Beans) 1kg,0.49,160
4557,1263,Groundnut Oil 1L,0.53,220
11487,3181,Sunflower Oil 1L,1.6,180
4972,1383,Rock Salt (Sendha Namak) 500g,0.32,40
20445,5683,Pure Ghee 1L,1.14,600
7164,1989,Mustard Oil 1L,1.98,200
21692,6033,Biryani Masala 100g,6.94,100
11741,3254,Turmeric Powder 200g,0.6,60
13381,3710,Cashew Nuts (Kaju) 500g,2.7,550
788,217,Groundnut Oil 1L,1.09,220
4756,1320,Almonds (Badam) 500g,0.49,450
17007,4719,Cashew Nuts (Kaju) 500g,0.59,550
13455,3730,Cashew Nuts (Kaju) 500g,1.06,550
10483,2909,Toor Dal 1kg,1.97,140
17734,4921,Sunflower Oil 1L,5.75,180
12310,3412,Iodized Salt 1kg,1.55,25
15416,4280,Wheat Flour (Atta) 5kg,2.3,250
7551,2097,Mustard Oil 1L,1.38,200
16292,4523,Sugar 1kg,1.8,45
1088,299,Sona Masoori Rice 5kg,2.68,350
15641,4340,Biryani Masala 100g,0.61,100
8865,2464,Pure Ghee 1L,1.18,600
20120,5593,Biryani Masala 100g,4.41,100
12982,3599,Peanuts (Groundnut) 500g,1.46,90
2667,734,Garam Masala 100g,0.63,80
10813,2998,Pure Ghee 1L,1.25,600
19128,5318,Mustard Oil 1L,1.86,200
20385,5666,Mustard Oil 1L,0.81,200
1955,540,Garam Masala 100g,0.86,80
4514,1252,Toor Dal 1kg,1.36,140
24345,6766,Jaggery (Bella/Gud) 1kg,3.02,70
3863,1071,Basmati Rice 5kg,1.32,550
19412,5395,Sona Masoori Rice 5kg,3.48,350
11852,3284,Toor Dal 1kg,2.42,140
7209,2003,Rajma (Kidney Beans) 1kg,0.4,160
22030,6126,Iodized Salt 1kg,2.06,25
929,256,Sona Masoori Rice 5kg,3.13,350
14924,4141,Wheat Flour (Atta) 5kg,1.77,250
19006,5283,Rock Salt (Sendha Namak) 500g,0.42,40
16876,4683,Mustard Oil 1L,1.83,200
23383,6498,Jaggery (Bella/Gud) 1kg,1.14,70
22158,6161,Jaggery (Bella/Gud) 1kg,0.89,70
12224,3388,Groundnut Oil 1L,0.82,220
15702,4356,Almonds (Badam) 500g,1.32,450
22601,6280,Almonds (Badam) 500g,1.41,450
5922,1648,Sona Masoori Rice 5kg,5.51,350
18012,4999,Groundnut Oil 1L,0.74,220
12819,3553,Basmati Rice 5kg,4.55,550
4155,1154,Toor Dal 1kg,6.09,140
216,59,Garam Masala 100g,0.94,80
23995,6668,Wheat Flour (Atta) 5kg,1.51,250
16101,4468,Turmeric Powder 200g,4.73,60
9922,2755,Cashew Nuts (Kaju) 500g,0.24,550
1042,285,Peanuts (Groundnut) 500g,2.05,90
5603,1560,Jaggery (Bella/Gud) 1kg,0.76,70
2320,638,Wheat Flour (Atta) 5kg,1.59,205.77
6719,1867,Toor Dal 1kg,1.63,140
20409,5674,Moong Dal 1kg,1.83,130
6634,1842,Wheat Flour (Atta) 5kg,2.21,250
5038,1401,Mustard Oil 1L,1.15,200
7970,2218,Mustard Oil 1L,1.16,200
9917,2754,Turmeric Powder 200g,0.68,60
9244,2570,Sona Masoori Rice 5kg,4.71,350
12274,3403,Turmeric Powder 200g,1.0,60
958,263,Garam Masala 100g,0.45,80
6784,1884,Basmati Rice 5kg,2.0,550
19930,5537,Almonds (Badam) 500g,3.28,450
2331,641,Sona Masoori Rice 5kg,2.89,350
11039,3063,Wheat Flour (Atta) 5kg,1.94,250
24155,6713,Toor Dal 1kg,1.6,140
7352,2043,Pure Ghee 1L,0.46,600
19802,5503,Pure Ghee 1L,4.61,600
17985,4992,Rajma (Kidney Beans) 1kg,0.44,160
6124,1701,Sugar 1kg,2.73,45
17078,4738,Sugar 1kg,1.69,45
3827,1060,Almonds (Badam) 500g,0.64,450
15304,4247,Groundnut Oil 1L,0.63,220
7450,2070,Rajma (Kidney Beans) 1kg,0.51,160
5831,1622,Cashew Nuts (Kaju) 500g,0.69,550
23949,6654,Almonds (Badam) 500g,0.47,450
7158,1988,Sunflower Oil 1L,2.27,180
14008,3881,Iodized Salt 1kg,1.49,25
24130,6703,Rock Salt (Sendha Namak) 500g,0.11,40
6638,1843,Wheat Flour (Atta) 5kg,1.56,250
10202,2831,Pure Ghee 1L,0.63,600
22379,6221,Basmati Rice 5kg,2.99,550
19174,5330,Cashew Nuts (Kaju) 500g,0.34,550
9243,2569,Toor Dal 1kg,3.88,140
21944,6103,Biryani Masala 100g,1.99,100
13776,3818,Biryani Masala 100g,0.83,100
20667,5749,Sona Masoori Rice 5kg,1.62,350
1648,455,Basmati Rice 5kg,4.01,550
22423,6232,Groundnut Oil 1L,1.12,220
12856,3562,Groundnut Oil 1L,1.0,220
24852,6906,Rock Salt (Sendha Namak) 500g,1.11,40
13215,3664,Sugar 1kg,1.72,45
11866,3288,Toor Dal 1kg,1.57,140
7448,2070,Basmati Rice 5kg,3.92,550
21339,5933,Rock Salt (Sendha Namak) 500g,0.78,40
19359,5379,Turmeric Powder 200g,0.9,60
5695,1586,Moong Dal 1kg,0.96,130
6288,1748,Basmati Rice 5kg,2.11,465.05
8545,2376,Wheat Flour (Atta) 5kg,3.35,250
9240,2569,Sona Masoori Rice 5kg,1.91,350
9461,2628,Rajma (Kidney Beans) 1kg,0.73,160
17365,4817,Moong Dal 1kg,1.45,130
8558,2379,Biryani Masala 100g,0.43,85.74
9429,2619,Jaggery (Bella/Gud) 1kg,1.18,70
19067,5302,Jaggery (Bella/Gud) 1kg,0.93,70
7484,2079,Peanuts (Groundnut) 500g,0.73,90
8876,2467,Iodized Salt 1kg,2.47,25
17484,4849,Sugar 1kg,1.1,45
5670,1579,Rock Salt (Sendha Namak) 500g,0.47,40
16673,4627,Sunflower Oil 1L,2.07,180
13034,3614,Biryani Masala 100g,0.5,100
438,122,Cashew Nuts (Kaju) 500g,1.2,550
13089,3631,Basmati Rice 5kg,1.86,550
15844,4395,Garam Masala 100g,0.67,80
14203,3940,Basmati Rice 5kg,4.26,550
6657,1848,Garam Masala 100g,1.08,80
21503,5980,Almonds (Badam) 500g,1.53,450
7480,2078,Cashew Nuts (Kaju) 500g,0.56,550
24118,6700,Sugar 1kg,1.12,45
8948,2487,Sugar 1kg,1.59,45
20512,5704,Groundnut Oil 1L,0.59,185.15
20748,5770,Basmati Rice 5kg,3.39,550
21266,5912,Rock Salt (Sendha Namak) 500g,0.53,40
10160,2821,Basmati Rice 5kg,2.44,550
17889,4963,Pure Ghee 1L,0.89,600
18980,5276,Sunflower Oil 1L,2.39,180
20985,5835,Garam Masala 100g,0.55,80
11,3,Moong Dal 1kg,5.03,130
15649,4342,Biryani Masala 100g,0.52,100
5897,1640,Sunflower Oil 1L,2.68,180
20658,5744,Sugar 1kg,3.87,45
8617,2395,Wheat Flour (Atta) 5kg,1.46,283.07
23367,6493,Pure Ghee 1L,0.92,600
7489,2080,Mustard Oil 1L,2.32,200
234,64,Groundnut Oil 1L,1.94,220
18468,5129,Rajma (Kidney Beans) 1kg,0.57,160
8783,2442,Cashew Nuts (Kaju) 500g,2.21,550
13349,3702,Toor Dal 1kg,1.84,140
11857,3286,Basmati Rice 5kg,3.71,550
6790,1885,Rajma (Kidney Beans) 1kg,0.61,160
9835,2729,Biryani Masala 100g,0.8,100
5406,1505,Sona Masoori Rice 5kg,6.42,290.36
2391,659,Basmati Rice 5kg,1.49,482.81
9387,2609,Toor Dal 1kg,1.94,140
15512,4306,Groundnut Oil 1L,1.21,220
15592,4326,Pure Ghee 1L,0.92,600
24234,6734,Rajma (Kidney Beans) 1kg,1.79,160
21304,5924,Cashew Nuts (Kaju) 500g,1.28,550
1856,512,Garam Masala 100g,0.62,80
23491,6528,Biryani Masala 100g,0.43,100
16200,4496,Sunflower Oil 1L,1.9,180
17220,4778,Toor Dal 1kg,2.44,140
6339,1761,Jaggery (Bella/Gud) 1kg,0.59,70
13924,3858,Peanuts (Groundnut) 500g,1.18,90
15462,4292,Jaggery (Bella/Gud) 1kg,0.68,83.8
3247,899,Sona Masoori Rice 5kg,7.92,350
17572,4874,Jaggery (Bella/Gud) 1kg,0.47,70
20776,5777,Peanuts (Groundnut) 500g,1.53,90
9704,2694,Moong Dal 1kg,1.63,130
3013,829,Sugar 1kg,2.54,45
22357,6214,Groundnut Oil 1L,1.29,220
15545,4315,Sona Masoori Rice 5kg,4.3,350
21973,6111,Iodized Salt 1kg,1.92,25
24803,6893,Wheat Flour (Atta) 5kg,9.03,250
3615,1001,Biryani Masala 100g,0.84,100
17771,4931,Moong Dal 1kg,3.12,130
24431,6790,Wheat Flour (Atta) 5kg,1.95,250
6821,1893,Sunflower Oil 1L,3.04,180
23734,6597,Biryani Masala 100g,0.65,100
23488,6527,Almonds (Badam) 500g,0.38,450
11997,3328,Sona Masoori Rice 5kg,3.69,350
11746,3255,Garam Masala 100g,0.34,80
23005,6394,Basmati Rice 5kg,3.51,550
12671,3510,Iodized Salt 1kg,1.93,25
4942,1376,Turmeric Powder 200g,0.88,60
14713,4083,Garam Masala 100g,0.84,80
5659,1576,Mustard Oil 1L,5.54,200
23325,6483,Moong Dal 1kg,0.92,130
20281,5637,Cashew Nuts (Kaju) 500g,0.6,550
13780,3819,Almonds (Badam) 500g,0.77,450
4246,1180,Turmeric Powder 200g,1.27,60
5726,1594,Pure Ghee 1L,0.85,667.67
2946,811,Peanuts (Groundnut) 500g,1.22,90
20984,5835,Turmeric Powder 200g,4.83,60
9755,2708,Basmati Rice 5kg,3.57,550
12304,3410,Jaggery (Bella/Gud) 1kg,1.06,70
17514,4859,Wheat Flour (Atta) 5kg,2.15,250
4398,1220,Sunflower Oil 1L,2.77,180
10458,2902,Sugar 1kg,1.9,45
7157,1988,Peanuts (Groundnut) 500g,1.41,90
22963,6379,Sunflower Oil 1L,2.27,180
235,64,Mustard Oil 1L,0.66,200
